<?xml version="1.0" encoding="UTF-8" standalone="no" ?>
<COLLADA xmlns="http://www.collada.org/2005/11/COLLADASchema" version="1.4.1">
  <asset>
    <contributor>
      <author>Assimp</author>
      <authoring_tool>Assimp Exporter</authoring_tool>
    </contributor>
    <created>2025-07-10T00:50:52</created>
    <modified>2025-07-10T00:50:52</modified>
    <unit name="meter" meter="1" />
    <up_axis>Y_UP</up_axis>
  </asset>
  <library_images>
  </library_images>
  <library_effects>
    <effect id="DefaultMaterial-fx" name="DefaultMaterial">
      <profile_COMMON>
        <technique sid="standard">
          <phong>
            <ambient>
              <color sid="ambient">0.0500000007   0.0500000007   0.0500000007   1</color>
            </ambient>
            <diffuse>
              <color sid="diffuse">1   1   1   1</color>
            </diffuse>
            <specular>
              <color sid="specular">1   1   1   1</color>
            </specular>
          </phong>
        </technique>
      </profile_COMMON>
    </effect>
  </library_effects>
  <library_materials>
    <material id="DefaultMaterial" name="DefaultMaterial">
      <instance_effect url="#DefaultMaterial-fx"/>
    </material>
  </library_materials>
  <library_geometries>
    <geometry id="mesh_0" name="" >
      <mesh>
        <source id="mesh_0-positions" name="mesh_0-positions">
          <float_array id="mesh_0-positions-array" count="18453"> 0.0200000014 -0.105352394 0.021380445 0.0200000014 -0.0956263095 0.0134570906 0.0200000014 -0.0918322727 0.0163150243 0.0200000014 0.0871599615 -0.0101747038 0.0200000014 0.0889743268 -0.0125209875 0.0200000014 0.107407719 0.00445330702 0.0200000014 0.0865828916 -0.0142754046 0.0200000014 0.0782459155 -0.00320767565 0.0200000014 0.0823466107 -0.00378475012 0.0200000014 0.0677654594 0.0156347621 0.0200000014 0.0196958892 -0.0593154468 0.0200000014 0.00648434227 -0.0621627122 0.0200000014 0.0156347621 -0.0677654594 0.0200000014 0.0608185865 -0.0337298587 0.0200000014 0.0579588264 -0.023388546 0.0200000014 0.0515759401 -0.0353011712 0.0200000014 0.0427814163 -0.0455631502 0.0200000014 0.0376043841 -0.0499215424 0.0200000014 0.0319864787 -0.0536946505 0.0200000014 0.0264920741 0.0566075966 0.0200000014 0.0380416624 0.049589131 0.0200000014 0.0337298587 0.0608185865 0.0200000014 0.0478124656 0.040251933 0.0200000014 0.0553476103 0.0290325955 0.0200000014 0.0602947623 0.0164557286 0.0200000014 0.00320767565 0.0782459155 0.0200000014 -0.0156347621 0.0677654594 0.0200000014 0.00475826161 0.0744060576 0.0200000014 -0.0131673031 0.0610972345 0.0200000014 0.0080210343 0.0718559548 0.0200000014 0.000274642371 0.0624993965 0.0200000014 0.0121217333 0.0712788776 0.0200000014 0.0137037421 0.0609791577 0.0200000014 0.01596158 0.07282947 0.0200000014 0.0185116883 0.0760922432 0.0200000014 0.0190887619 0.0801929384 0.0200000014 -0.0550903231 0.0295178946 0.0200000014 -0.047456868 0.0406705737 0.0200000014 -0.0608185865 0.0337298587 0.0200000014 -0.0376043841 0.0499215424 0.0200000014 -0.0259935576 0.0568382367 0.0200000014 -0.0801929384 0.0190887619 0.0200000014 -0.0760922432 0.0185116883 0.0200000014 -0.07282947 0.01596158 0.0200000014 -0.0601478219 0.016984988 0.0200000014 -0.0712788776 0.0121217333 0.0200000014 -0.0623928681 0.00365788839 0.0200000014 -0.0718559548 0.0080210343 0.0200000014 -0.0617204942 -0.0098402556 0.0200000014 -0.0337298587 -0.0608185865 0.0200000014 -0.0324571319 -0.0534114614 0.0200000014 -0.04318019 -0.0451854095 0.0200000014 -0.0744060576 0.00475826161 0.0200000014 -0.0677654594 -0.0156347621 0.0200000014 -0.0581621379 -0.0228782762 0.0200000014 -0.0518841892 -0.0348465368 0.0200000014 -0.00378475012 -0.0823466107 0.0200000014 0.0341601856 -0.10192807 0.0200000014 0.0173674095 -0.106087811 0.0200000014 -0.00633485802 -0.0856093764 0.0200000014 -0.0101747038 -0.0871599615 0.0200000014 0.000124826154 -0.107499927 0.0200000014 -0.0125209875 -0.0889743268 0.0200000014 -0.0142754046 -0.0865828916 0.0200000014 -0.0163150243 -0.0918322727 0.0200000014 -0.0175381768 -0.0840327889 0.0200000014 -0.0375238955 -0.0636765212 0.0200000014 -0.0190887619 -0.0801929384 0.0200000014 -0.0185116883 -0.0760922432 0.0200000014 -0.01596158 -0.07282947 0.0200000014 -0.0202164166 -0.0591400601 0.0200000014 -0.0121217333 -0.0712788776 0.0200000014 -0.00703040324 -0.0621033311 0.0200000014 -0.0080210343 -0.0718559548 0.0200000014 -0.00475826161 -0.0744060576 0.0200000014 -0.00320767565 -0.0782459155 0.0200000014 -0.0865828916 0.0142754046 0.0200000014 -0.0840327889 0.0175381768 0.0200000014 -0.0636765212 0.0375238955 0.0200000014 -0.0782459155 0.00320767565 0.0200000014 -0.0823466107 0.00378475012 0.0200000014 -0.0715595037 -0.0184926968 0.0200000014 -0.0856093764 0.00633485802 0.0200000014 -0.0927683711 0.00966305286 0.0200000014 -0.0871599615 0.0101747038 0.0200000014 -0.0889743268 0.0125209875 0.0200000014 0.0420215502 0.0989466533 0.0200000014 0.0256052203 0.104406044 0.0200000014 0.0142754046 0.0865828916 0.0200000014 0.0125209875 0.0889743268 0.0200000014 0.00966305286 0.0927683711 0.0200000014 0.0101747038 0.0871599615 0.0200000014 0.00633485802 0.0856093764 0.0200000014 0.0971743613 -0.0459716469 0.0200000014 0.0840327889 -0.0175381768 0.0200000014 0.0801929384 -0.0190887619 0.0200000014 0.0744060576 -0.00475826161 0.0200000014 0.0718559548 -0.0080210343 0.0200000014 0.0624226071 0.0031094111 0.0200000014 0.0712788776 -0.0121217333 0.0200000014 0.0616316311 -0.0103823012 0.0200000014 0.07282947 -0.01596158 0.0200000014 0.0760922432 -0.0185116883 0.0200000014 0.0885416195 -0.0609641895 0.0200000014 0.100469917 0.0382367112 0.0200000014 0.105302453 0.0216250513 0.0200000014 0.0856093764 -0.00633485802 0.0200000014 0.0471600965 -0.055959031 0.0200000014 0.0433202498 -0.057509616 0.0200000014 0.0407701395 -0.0607723892 0.0200000014 0.040193066 -0.0648730919 0.0200000014 0.0512607954 -0.0565361045 0.0200000014 0.0545235723 -0.0590862148 0.0200000014 0.0560741536 -0.062926054 0.0200000014 0.0776156783 -0.0743777901 0.0200000014 0.0554970838 -0.0670267567 0.0200000014 0.0646795407 -0.0858650506 0.0200000014 0.0529469736 -0.0702895299 0.0200000014 0.0500682332 -0.0951284468 0.0200000014 0.0491071269 -0.0718401223 0.0200000014 0.0450064242 -0.0712630451 0.0200000014 0.0417436585 -0.0687129349 0.0200000014 -0.0339233838 -0.102007128 0.0200000014 -0.0171209909 -0.106127858 0.0200000014 -0.0498471856 -0.0952444673 0.0200000014 -0.064479962 -0.0860150233 0.0200000014 -0.057509616 -0.0433202498 0.0200000014 -0.055959031 -0.0471600965 0.0200000014 -0.0565361045 -0.0512607954 0.0200000014 -0.0590862148 -0.0545235723 0.0200000014 -0.062926054 -0.0560741536 0.0200000014 -0.0774427429 -0.0745578408 0.0200000014 -0.0670267567 -0.0554970838 0.0200000014 -0.0883997977 -0.061169643 0.0200000014 -0.0702895299 -0.0529469736 0.0200000014 -0.0970673487 -0.0461971946 0.0200000014 -0.0718401223 -0.0491071269 0.0200000014 -0.103220902 -0.0300282538 0.0200000014 -0.0712630451 -0.0450064242 0.0200000014 -0.0687129349 -0.0417436585 0.0200000014 -0.0648730919 -0.040193066 0.0200000014 -0.0607723892 -0.0407701395 0.0200000014 -0.106701091 -0.0130815981 0.0200000014 -0.107417777 0.00420386298 0.0200000014 -0.0471600965 0.055959031 0.0200000014 -0.0512607954 0.0565361045 0.0200000014 -0.0545235723 0.0590862148 0.0200000014 -0.0560741536 0.062926054 0.0200000014 -0.0931600779 0.0536418632 0.0200000014 -0.0433202498 0.057509616 0.0200000014 -0.0184926968 0.0715595037 0.0200000014 -0.0407701395 0.0607723892 0.0200000014 -0.083348915 0.0678911433 0.0200000014 -0.100558437 0.0380032845 0.0200000014 -0.0713790655 0.0803820789 0.0200000014 -0.0554970838 0.0670267567 0.0200000014 -0.0646795407 0.0858650506 0.0200000014 -0.0529469736 0.0702895299 0.0200000014 -0.057560537 0.0907911509 0.0200000014 -0.0491071269 0.0718401223 0.0200000014 -0.0422512181 0.0988487974 0.0200000014 -0.0450064242 0.0712630451 0.0200000014 -0.0258476119 0.104346305 0.0200000014 -0.0417436585 0.0687129349 0.0200000014 -0.040193066 0.0648730919 0.0200000014 0.00378475012 0.0823466107 0.0200000014 -0.00877456646 0.107141294 0.0200000014 0.00852573197 0.107161373 0.0200000014 0.0175381768 0.0840327889 0.0200000014 0.0573495366 0.0909245834 0.0200000014 0.0565361045 0.0512607954 0.0200000014 0.0648730919 0.040193066 0.0200000014 0.0607723892 0.0407701395 0.0200000014 0.057509616 0.0433202498 0.0200000014 0.055959031 0.0471600965 0.0200000014 0.0590862148 0.0545235723 0.0200000014 0.062926054 0.0560741536 0.0200000014 0.071192205 0.0805476308 0.0200000014 0.0670267567 0.0554970838 0.0200000014 0.0831910297 0.0680845156 0.0200000014 0.0702895299 0.0529469736 0.0200000014 0.0930352509 0.0538580641 0.0200000014 0.0718401223 0.0491071269 0.0200000014 0.0712630451 0.0450064242 0.0200000014 0.0687129349 0.0417436585 0.0200000014 0.103290364 -0.0297884643 0.0200000014 0.106731176 -0.0128337722 0.00250000018 -0.058899153 0.0929025859 0.00250000018 -0.0661837161 0.0878619105 0.0175000001 -0.0661837161 0.0878619105 0.0175000001 -0.0661837161 0.0878619105 0.00250000018 -0.0661837161 0.0878619105 0.0175000001 -0.0730390474 0.0822514296 0.00250000018 -0.0730390474 0.0822514296 0.0175000001 -0.0730390474 0.0822514296 0.00250000018 -0.0730390474 0.0822514296 0.00250000018 -0.0852872729 0.0694700032 0.0175000001 -0.0852872729 0.0694700032 0.0175000001 -0.0852872729 0.0694700032 0.00250000018 -0.0852872729 0.0694700032 0.00250000018 -0.095326595 0.0548893437 0.0175000001 -0.095326595 0.0548893437 0.0175000001 -0.095326595 0.0548893437 0.00250000018 -0.095326595 0.0548893437 0.00250000018 -0.102897003 0.0388870798 0.0175000001 -0.102897003 0.0388870798 0.0175000001 -0.102897003 0.0388870798 0.00250000018 -0.102897003 0.0388870798 0.00250000018 -0.107802451 0.0218776632 0.0175000001 -0.107802451 0.0218776632 0.0175000001 -0.107802451 0.0218776632 0.00250000018 -0.107802451 0.0218776632 0.00250000018 -0.109915853 0.00430162763 0.0175000001 -0.109915853 0.00430162763 0.0175000001 -0.109915853 0.00430162763 0.00250000018 -0.109915853 0.00430162763 0.00250000018 -0.109182514 -0.0133858239 0.0175000001 -0.109182514 -0.0133858239 0.0175000001 -0.109182514 -0.0133858239 0.00250000018 -0.109182514 -0.0133858239 0.00250000018 -0.105621383 -0.0307265874 0.0175000001 -0.105621383 -0.0307265874 0.0175000001 -0.105621383 -0.0307265874 0.00250000018 -0.105621383 -0.0307265874 0.00250000018 -0.0993247256 -0.047271546 0.0175000001 -0.0993247256 -0.047271546 0.0175000001 -0.0993247256 -0.047271546 0.00250000018 -0.0993247256 -0.047271546 0.00250000018 -0.0904556066 -0.0625921935 0.0175000001 -0.0904556066 -0.0625921935 0.0175000001 -0.0904556066 -0.0625921935 0.00250000018 -0.0904556066 -0.0625921935 0.00250000018 -0.0792437345 -0.0762917399 0.0175000001 -0.0792437345 -0.0762917399 0.0175000001 -0.0792437345 -0.0762917399 0.00250000018 -0.0792437345 -0.0762917399 0.00250000018 -0.0659794956 -0.0880153775 0.0175000001 -0.0659794956 -0.0880153775 0.0175000001 -0.0659794956 -0.0880153775 0.00250000018 -0.0659794956 -0.0880153775 0.00250000018 -0.0510064177 -0.0974594504 0.0175000001 -0.0510064177 -0.0974594504 0.0175000001 -0.0510064177 -0.0974594504 0.00250000018 -0.0510064177 -0.0974594504 0.00250000018 -0.0347122997 -0.104379386 0.0175000001 -0.0347122997 -0.104379386 0.0175000001 -0.0347122997 -0.104379386 0.00250000018 -0.0347122997 -0.104379386 0.00250000018 -0.0175191611 -0.108595945 0.0175000001 -0.0175191611 -0.108595945 0.0175000001 -0.0175191611 -0.108595945 0.00250000018 -0.0175191611 -0.108595945 0.00250000018 0.000127724823 -0.109999925 0.0175000001 0.000127724823 -0.109999925 0.0175000001 0.000127724823 -0.109999925 0.00250000018 0.000127724823 -0.109999925 0.00250000018 0.0177712999 -0.108554967 0.0175000001 0.0177712999 -0.108554967 0.0175000001 0.0177712999 -0.108554967 0.00250000018 0.0177712999 -0.108554967 0.00250000018 0.0349546112 -0.104298487 0.0175000001 0.0349546112 -0.104298487 0.0175000001 0.0349546112 -0.104298487 0.00250000018 0.0349546112 -0.104298487 0.00250000018 0.0512326136 -0.0973407477 0.0175000001 0.0512326136 -0.0973407477 0.0175000001 0.0512326136 -0.0973407477 0.00250000018 0.0512326136 -0.0973407477 0.00250000018 0.0661837161 -0.0878619105 0.0175000001 0.0661837161 -0.0878619105 0.0175000001 0.0661837161 -0.0878619105 0.00250000018 0.0661837161 -0.0878619105 0.00250000018 0.0794206932 -0.0761075169 0.0175000001 0.0794206932 -0.0761075169 0.0175000001 0.0794206932 -0.0761075169 0.00250000018 0.0794206932 -0.0761075169 0.00250000018 0.0906007141 -0.0623819642 0.0175000001 0.0906007141 -0.0623819642 0.0175000001 0.0906007141 -0.0623819642 0.00250000018 0.0906007141 -0.0623819642 0.00250000018 0.0994342417 -0.0470407531 0.0175000001 0.0994342417 -0.0470407531 0.0175000001 0.0994342417 -0.0470407531 0.00250000018 0.0994342417 -0.0470407531 0.00250000018 0.105692454 -0.0304812118 0.0175000001 0.105692454 -0.0304812118 0.0175000001 0.105692454 -0.0304812118 0.00250000018 0.105692454 -0.0304812118 0.00250000018 0.1092133 -0.0131322257 0.0175000001 0.1092133 -0.0131322257 0.0175000001 0.1092133 -0.0131322257 0.00250000018 0.1092133 -0.0131322257 0.00250000018 0.109905571 0.00455687381 0.0175000001 0.109905571 0.00455687381 0.0175000001 0.109905571 0.00455687381 0.00250000018 0.109905571 0.00455687381 0.00250000018 0.107751347 0.0221279599 0.0175000001 0.107751347 0.0221279599 0.0175000001 0.107751347 0.0221279599 0.00250000018 0.107751347 0.0221279599 0.00250000018 0.102806427 0.039125938 0.0175000001 0.102806427 0.039125938 0.0175000001 0.102806427 0.039125938 0.00250000018 0.102806427 0.039125938 0.00250000018 0.0951988623 0.0551105738 0.0175000001 0.0951988623 0.0551105738 0.0175000001 0.0951988623 0.0551105738 0.00250000018 0.0951988623 0.0551105738 0.00250000018 0.0851257071 0.0696678832 0.0175000001 0.0851257071 0.0696678832 0.0175000001 0.0851257071 0.0696678832 0.00250000018 0.0851257071 0.0696678832 0.00250000018 0.0728478357 0.082420826 0.0175000001 0.0728478357 0.082420826 0.0175000001 0.0728478357 0.082420826 0.00250000018 0.0728478357 0.082420826 0.00250000018 0.0586832501 0.0930391178 0.0175000001 0.0586832501 0.0930391178 0.0175000001 0.0586832501 0.0930391178 0.00250000018 0.0586832501 0.0930391178 0.00250000018 0.0429987945 0.101247735 0.0175000001 0.0429987945 0.101247735 0.0175000001 0.0429987945 0.101247735 0.00250000018 0.0429987945 0.101247735 0.00250000018 0.0262006894 0.106834091 0.0175000001 0.0262006894 0.106834091 0.0175000001 0.0262006894 0.106834091 0.00250000018 0.0262006894 0.106834091 0.00250000018 0.00872400682 0.10965351 0.0175000001 0.00872400682 0.10965351 0.0175000001 0.00872400682 0.10965351 0.00250000018 0.00872400682 0.10965351 0.00250000018 -0.00897862669 0.109632947 0.0175000001 -0.00897862669 0.109632947 0.0175000001 -0.00897862669 0.109632947 0.00250000018 -0.00897862669 0.109632947 0.00250000018 -0.0264487192 0.106772959 0.0175000001 -0.0264487192 0.106772959 0.0175000001 -0.0264487192 0.106772959 0.00250000018 -0.0264487192 0.106772959 0.00250000018 -0.0432338044 0.1011476 0.0175000001 -0.0432338044 0.1011476 0.0175000001 -0.0432338044 0.1011476 0.00250000018 -0.0432338044 0.1011476 0.00250000018 -0.058899153 0.0929025859 0.0175000001 -0.058899153 0.0929025859 0.0175000001 -0.058899153 0.0929025859 0 -0.0161646083 -0.0920319557 0 -0.0125702554 -0.0893244445 6.9388939e-17 -0.00986273866 -0.0929187909 6.9388939e-17 0.00987048261 0.0896413922 6.9388939e-17 0.0125702554 0.0893244445 6.9388939e-17 0.0152526479 0.0888839811 0 0.0779416859 -0.000726252969 6.9388939e-17 0.0729018897 -0.00276139937 6.9388939e-17 0.0593322888 0.0118291844 6.9388939e-17 0.0708326027 -0.0174657553 6.9388939e-17 0.0751149952 -0.0208127759 0 0.0609690025 -0.0339295454 0 0.0679651499 0.01578518 6.9388939e-17 0.0833238587 -0.00148366275 0 0.0687974617 -0.0124259563 6.9388939e-17 0.0599096939 -0.00843084138 0 0.0695548654 -0.00704379007 0 0.0604769439 -0.00167007314 0 0.0602836683 0.00511169946 0 0.100469917 0.0382367112 6.9388939e-17 0.105302453 0.0216250513 0 0.107407719 0.00445330702 0 0.0876062438 -0.00483068218 6.9388939e-17 0.0896413922 -0.00987048261 0 0.0893244445 -0.0125702554 6.9388939e-17 0.0888839811 -0.0152526479 6.9388939e-17 0.0920319557 -0.0161646083 0 0.0855369568 -0.0195350386 0 0.0636765212 -0.0375238955 6.9388939e-17 0.0804971606 -0.0215701852 6.9388939e-17 -0.000726252969 -0.0779416859 6.9388939e-17 -0.00276139937 -0.0729018897 6.9388939e-17 0.0118291844 -0.0593322888 6.9388939e-17 0.01578518 -0.0679651499 0 -0.00148366275 -0.0833238587 0 0.00511169946 -0.0602836683 6.9388939e-17 -0.00167007314 -0.0604769439 6.9388939e-17 -0.00704379007 -0.0695548654 6.9388939e-17 -0.00843084138 -0.0599096939 0 -0.0150855854 -0.0585890338 0 -0.0124259563 -0.0687974617 0 -0.0215506256 -0.0565315932 0 -0.0174657553 -0.0708326027 0 -0.0277446434 -0.0537632257 0 -0.0339295454 -0.0609690025 6.9388939e-17 -0.0335897654 -0.0503187627 6.9388939e-17 -0.0208127759 -0.0751149952 6.9388939e-17 -0.0215701852 -0.0804971606 0 -0.0375238955 -0.0636765212 0 -0.0195350386 -0.0855369568 0 -0.0152526479 -0.0888839811 6.9388939e-17 -0.00987048261 -0.0896413922 0 -0.0888839811 0.0152526479 0 -0.103084803 0.030492207 6.9388939e-17 -0.0855369568 0.0195350386 0 -0.100558437 0.0380032845 0 -0.0804971606 0.0215701852 0 -0.0729018897 0.00276139937 6.9388939e-17 -0.0695548654 0.00704379007 0 -0.0604769439 0.00167007314 0 -0.0931600779 0.0536418632 6.9388939e-17 -0.0609690025 0.0339295454 0 -0.0751149952 0.0208127759 0 -0.0708326027 0.0174657553 6.9388939e-17 -0.0893244445 0.0125702554 0 -0.0896413922 0.00987048261 0 -0.0929187909 0.00986273866 0 -0.0876062438 0.00483068218 0 -0.0715595037 -0.0184926968 0 -0.0833238587 0.00148366275 0 -0.0679651499 -0.01578518 6.9388939e-17 -0.0779416859 0.000726252969 0 -0.0593322888 -0.0118291844 0 -0.0602836683 -0.00511169946 0 -0.0377116427 0.065177314 0 -0.0397467948 0.0702171102 0 -0.0258476119 0.104346305 0 -0.0440291837 0.0735641345 0 -0.0522380397 0.0542350151 6.9388939e-17 -0.0468558744 0.0534776077 6.9388939e-17 -0.0418160707 0.0555127524 0 -0.01578518 0.0679651499 6.9388939e-17 -0.0384690538 0.0597951412 0 -0.0565204322 0.0575820394 0 -0.0585555732 0.0626218393 0 -0.083348915 0.0678911433 6.9388939e-17 -0.0577981696 0.0680040047 6.9388939e-17 -0.0713790655 0.0803820789 6.9388939e-17 -0.054451149 0.0722863972 6.9388939e-17 -0.0646795407 0.0858650506 0 -0.0494113527 0.0743215457 6.9388939e-17 -0.057560537 0.0907911509 0 -0.0422512181 0.0988487974 6.9388939e-17 -0.107417777 0.00420386298 6.9388939e-17 -0.105352394 0.021380445 0 -0.106701091 -0.0130815981 0 -0.103220902 -0.0300282538 0 -0.0542350151 -0.0522380397 6.9388939e-17 -0.0534776077 -0.0468558744 0 -0.0555127524 -0.0418160707 6.9388939e-17 -0.0597951412 -0.0384690538 0 -0.065177314 -0.0377116427 0 -0.0702171102 -0.0397467948 0 -0.0735641345 -0.0440291837 0 -0.0970673487 -0.0461971946 6.9388939e-17 -0.0743215457 -0.0494113527 6.9388939e-17 -0.0883997977 -0.061169643 0 -0.0722863972 -0.054451149 0 -0.0774427429 -0.0745578408 6.9388939e-17 -0.0680040047 -0.0577981696 6.9388939e-17 -0.064479962 -0.0860150233 0 -0.0626218393 -0.0585555732 0 -0.0575820394 -0.0565204322 0 0.000124826154 -0.107499927 0 -0.0171209909 -0.106127858 6.9388939e-17 -0.0134570906 -0.0956263095 6.9388939e-17 -0.0339233838 -0.102007128 0 0.0341601856 -0.10192807 0 0.0173674095 -0.106087811 6.9388939e-17 0.0184926968 -0.0715595037 6.9388939e-17 -0.00483068218 -0.0876062438 0 0.0585555732 -0.0626218393 6.9388939e-17 0.0565204322 -0.0575820394 6.9388939e-17 0.0522380397 -0.0542350151 0 0.0468558744 -0.0534776077 0 0.0418160707 -0.0555127524 0 0.0384690538 -0.0597951412 6.9388939e-17 0.0377116427 -0.065177314 6.9388939e-17 0.0397467948 -0.0702171102 6.9388939e-17 0.0440291837 -0.0735641345 0 0.0500682332 -0.0951284468 6.9388939e-17 0.0494113527 -0.0743215457 0 0.0646795407 -0.0858650506 0 0.054451149 -0.0722863972 0 0.0776156783 -0.0743777901 0 0.0577981696 -0.0680040047 0 0.0885416195 -0.0609641895 6.9388939e-17 0.0971743613 -0.0459716469 0 0.107495897 0.000939175428 0 0.106731176 -0.0128337722 0 0.103290364 -0.0297884643 0 0.0573495366 0.0909245834 6.9388939e-17 0.0575820394 0.0565204322 6.9388939e-17 0.0339295454 0.0609690025 6.9388939e-17 0.0542350151 0.0522380397 0 0.0534776077 0.0468558744 0 0.0555127524 0.0418160707 6.9388939e-17 0.0597951412 0.0384690538 6.9388939e-17 0.065177314 0.0377116427 6.9388939e-17 0.0702171102 0.0397467948 6.9388939e-17 0.0735641345 0.0440291837 6.9388939e-17 0.0930352509 0.0538580641 0 0.0743215457 0.0494113527 6.9388939e-17 0.0831910297 0.0680845156 6.9388939e-17 0.0722863972 0.054451149 6.9388939e-17 0.071192205 0.0805476308 0 0.0680040047 0.0577981696 6.9388939e-17 0.0626218393 0.0585555732 0 0.0215701852 0.0804971606 6.9388939e-17 0.0195350386 0.0855369568 0 0.0420215502 0.0989466533 6.9388939e-17 0.0256052203 0.104406044 6.9388939e-17 0.00148366275 0.0833238587 0 -0.00877456646 0.107141294 6.9388939e-17 0.00852573197 0.107161373 0 0.00483068218 0.0876062438 0 0.000726252969 0.0779416859 6.9388939e-17 0.0208127759 0.0751149952 0 0.0174657553 0.0708326027 0 0.00276139937 0.0729018897 0 -0.0118291844 0.0593322888 6.9388939e-17 0.0124259563 0.0687974617 0 0.00843084138 0.0599096939 0 0.00704379007 0.0695548654 0 0.00167007314 0.0604769439 6.9388939e-17 -0.00511169946 0.0602836683 6.9388939e-17 -0.0183979142 0.0576347709 0 -0.0247352794 0.0552124605 0 -0.0307615828 0.052095823 6.9388939e-17 -0.0364010446 0.0483240522 0 -0.0415827371 0.0439445749 0 -0.0462415069 0.0390124731 0 -0.0503187627 0.0335897654 0 -0.0537632257 0.0277446434 6.9388939e-17 -0.0565315932 0.0215506256 0 -0.0687974617 0.0124259563 0 -0.0585890338 0.0150855854 0 -0.0599096939 0.00843084138 6.9388939e-17 0.0576347709 0.0183979142 0 0.0552124605 0.0247352794 6.9388939e-17 0.0390124731 0.0462415069 0 0.0335897654 0.0503187627 6.9388939e-17 0.0277446434 0.0537632257 0 0.0215506256 0.0565315932 0 0.0150855854 0.0585890338 0 0.052095823 0.0307615828 0 0.0483240522 0.0364010446 0 0.0439445749 0.0415827371 0 0.0462415069 -0.0390124731 0 0.0503187627 -0.0335897654 6.9388939e-17 0.0537632257 -0.0277446434 0 0.0565315932 -0.0215506256 6.9388939e-17 0.0585890338 -0.0150855854 0 0.0183979142 -0.0576347709 0 0.0247352794 -0.0552124605 6.9388939e-17 0.0307615828 -0.052095823 0 0.0364010446 -0.0483240522 6.9388939e-17 0.0415827371 -0.0439445749 0 -0.0576347709 -0.0183979142 0 -0.0552124605 -0.0247352794 0 -0.052095823 -0.0307615828 0 -0.0483240522 -0.0364010446 6.9388939e-17 -0.0439445749 -0.0415827371 0 -0.0390124731 -0.0462415069 0 -0.0498471856 -0.0952444673 0.027999999 0.0427814163 -0.0455631502 0.027999999 0.0376043841 -0.0499215424 0.0200000014 0.0376043841 -0.0499215424 0.0200000014 0.0376043841 -0.0499215424 0.027999999 0.0376043841 -0.0499215424 0.0200000014 0.0319864787 -0.0536946505 0.027999999 0.0319864787 -0.0536946505 0.0200000014 0.0319864787 -0.0536946505 0.027999999 0.0319864787 -0.0536946505 0.027999999 0.0196958892 -0.0593154468 0.0200000014 0.0196958892 -0.0593154468 0.0200000014 0.0196958892 -0.0593154468 0.027999999 0.0196958892 -0.0593154468 0.027999999 0.00648434227 -0.0621627122 0.0200000014 0.00648434227 -0.0621627122 0.0200000014 0.00648434227 -0.0621627122 0.027999999 0.00648434227 -0.0621627122 0.027999999 -0.00703040324 -0.0621033311 0.0200000014 -0.00703040324 -0.0621033311 0.0200000014 -0.00703040324 -0.0621033311 0.027999999 -0.00703040324 -0.0621033311 0.027999999 -0.0202164166 -0.0591400601 0.0200000014 -0.0202164166 -0.0591400601 0.0200000014 -0.0202164166 -0.0591400601 0.027999999 -0.0202164166 -0.0591400601 0.027999999 -0.0324571319 -0.0534114614 0.0200000014 -0.0324571319 -0.0534114614 0.0200000014 -0.0324571319 -0.0534114614 0.027999999 -0.0324571319 -0.0534114614 0.027999999 -0.04318019 -0.0451854095 0.0200000014 -0.04318019 -0.0451854095 0.0200000014 -0.04318019 -0.0451854095 0.027999999 -0.04318019 -0.0451854095 0.027999999 -0.0518841892 -0.0348465368 0.0200000014 -0.0518841892 -0.0348465368 0.0200000014 -0.0518841892 -0.0348465368 0.027999999 -0.0518841892 -0.0348465368 0.027999999 -0.0581621379 -0.0228782762 0.0200000014 -0.0581621379 -0.0228782762 0.0200000014 -0.0581621379 -0.0228782762 0.027999999 -0.0581621379 -0.0228782762 0.027999999 -0.0617204942 -0.0098402556 0.0200000014 -0.0617204942 -0.0098402556 0.0200000014 -0.0617204942 -0.0098402556 0.027999999 -0.0617204942 -0.0098402556 0.027999999 -0.0623928681 0.00365788839 0.0200000014 -0.0623928681 0.00365788839 0.0200000014 -0.0623928681 0.00365788839 0.027999999 -0.0623928681 0.00365788839 0.027999999 -0.0601478219 0.016984988 0.0200000014 -0.0601478219 0.016984988 0.0200000014 -0.0601478219 0.016984988 0.027999999 -0.0601478219 0.016984988 0.027999999 -0.0550903231 0.0295178946 0.0200000014 -0.0550903231 0.0295178946 0.0200000014 -0.0550903231 0.0295178946 0.027999999 -0.0550903231 0.0295178946 0.027999999 -0.047456868 0.0406705737 0.0200000014 -0.047456868 0.0406705737 0.0200000014 -0.047456868 0.0406705737 0.027999999 -0.047456868 0.0406705737 0.027999999 -0.0376043841 0.0499215424 0.0200000014 -0.0376043841 0.0499215424 0.0200000014 -0.0376043841 0.0499215424 0.027999999 -0.0376043841 0.0499215424 0.027999999 -0.0259935576 0.0568382367 0.0200000014 -0.0259935576 0.0568382367 0.0200000014 -0.0259935576 0.0568382367 0.027999999 -0.0259935576 0.0568382367 0.027999999 -0.0131673031 0.0610972345 0.0200000014 -0.0131673031 0.0610972345 0.0200000014 -0.0131673031 0.0610972345 0.027999999 -0.0131673031 0.0610972345 0.027999999 0.000274642371 0.0624993965 0.0200000014 0.000274642371 0.0624993965 0.0200000014 0.000274642371 0.0624993965 0.027999999 0.000274642371 0.0624993965 0.027999999 0.0137037421 0.0609791577 0.0200000014 0.0137037421 0.0609791577 0.0200000014 0.0137037421 0.0609791577 0.027999999 0.0137037421 0.0609791577 0.027999999 0.0264920741 0.0566075966 0.0200000014 0.0264920741 0.0566075966 0.0200000014 0.0264920741 0.0566075966 0.027999999 0.0264920741 0.0566075966 0.027999999 0.0380416624 0.049589131 0.0200000014 0.0380416624 0.049589131 0.0200000014 0.0380416624 0.049589131 0.027999999 0.0380416624 0.049589131 0.027999999 0.0478124656 0.040251933 0.0200000014 0.0478124656 0.040251933 0.0200000014 0.0478124656 0.040251933 0.027999999 0.0478124656 0.040251933 0.027999999 0.0553476103 0.0290325955 0.0200000014 0.0553476103 0.0290325955 0.0200000014 0.0553476103 0.0290325955 0.027999999 0.0553476103 0.0290325955 0.027999999 0.0602947623 0.0164557286 0.0200000014 0.0602947623 0.0164557286 0.0200000014 0.0602947623 0.0164557286 0.027999999 0.0602947623 0.0164557286 0.027999999 0.0624226071 0.0031094111 0.0200000014 0.0624226071 0.0031094111 0.0200000014 0.0624226071 0.0031094111 0.027999999 0.0624226071 0.0031094111 0.027999999 0.0616316311 -0.0103823012 0.0200000014 0.0616316311 -0.0103823012 0.0200000014 0.0616316311 -0.0103823012 0.027999999 0.0616316311 -0.0103823012 0.027999999 0.0579588264 -0.023388546 0.0200000014 0.0579588264 -0.023388546 0.0200000014 0.0579588264 -0.023388546 0.027999999 0.0579588264 -0.023388546 0.027999999 0.0515759401 -0.0353011712 0.0200000014 0.0515759401 -0.0353011712 0.0200000014 0.0515759401 -0.0353011712 0.027999999 0.0515759401 -0.0353011712 0.027999999 0.0427814163 -0.0455631502 0.0200000014 0.0427814163 -0.0455631502 0.0200000014 0.0427814163 -0.0455631502 0.0304999985 -0.0362423472 0.0379834436 0.0304999985 -0.0455585942 0.0390437506 0.0304999985 -0.0440250151 0.0286015347 0.0304999985 -0.0528867133 0.0283371769 0.0304999985 -0.0494342856 0.0176777095 0.0304999985 -0.0577419065 0.01630559 0.0304999985 -0.0521785393 0.00580087351 0.0304999985 -0.0598971508 0.00351157365 0.0304999985 -0.0521098301 -0.00638868846 0.0304999985 -0.0592516735 -0.00944664329 0.0304999985 -0.049231872 -0.0182338357 0.0304999985 -0.0558356531 -0.0219631456 0.0304999985 -0.0436998121 -0.0290959906 0.0304999985 -0.0498088226 -0.0334526747 0.0304999985 -0.0358118787 -0.038389571 0.0304999985 -0.0414529815 -0.0433779918 0.0304999985 -0.0259933211 -0.0456135683 0.0304999985 -0.0311588477 -0.0512750074 0.0304999985 -0.0147734564 -0.0503785163 0.0304999985 -0.0194077604 -0.0567744598 0.0304999985 -0.00275714765 -0.0524275526 0.0304999985 -0.00674918713 -0.0596191958 0.0304999985 0.00940779783 -0.0516502 0.0304999985 0.0062249694 -0.0596762076 0.0304999985 0.0210655648 -0.0480883755 0.0304999985 0.0189080518 -0.056942828 0.0304999985 0.0315876827 -0.0419340953 0.0304999985 0.0307070184 -0.0515468605 0.0304999985 0.0361002088 -0.0479246825 0.0304999985 0.0410701558 -0.0437406264 0.0304999985 0.0404069014 -0.0335191339 0.0304999985 0.0495129004 -0.0338891223 0.0304999985 0.0470477715 -0.0232971534 0.0304999985 0.0556404814 -0.0224530045 0.0304999985 0.0511522889 -0.0118192108 0.0304999985 0.0591663644 -0.00996700954 0.0304999985 0.0524991676 0.000295908249 0.0304999985 0.0599257052 0.00298503507 0.0304999985 0.0510158055 0.0123950709 0.0304999985 0.0578829795 0.0157974996 0.0304999985 0.046782162 0.0238260143 0.0304999985 0.0531337075 0.0278712921 0.0304999985 0.0400264896 0.0339724906 0.0304999985 0.0458999686 0.0386418551 0.0304999985 0.0311129745 0.0422875024 0.0304999985 0.0365199968 0.047605563 0.0304999985 0.0205221511 0.0483227856 0.0304999985 0.0254323892 0.0543432981 0.0304999985 0.0088249743 0.0517529696 0.0304999985 0.0131555917 0.0585399903 0.0304999985 -0.00334796146 0.0523931384 0.0304999985 0.000263655907 0.0599994212 0.0304999985 -0.0153404055 0.0502087846 0.0304999985 -0.0126406094 0.0586533472 0.0304999985 -0.0265058465 0.0453176573 0.0304999985 -0.0249538161 0.0545647033 0.0304999985 -0.0361002088 0.0479246825 0.0200000014 -0.01596158 -0.07282947 0.00250000018 -0.01596158 -0.07282947 0.0200000014 -0.0121217333 -0.0712788776 0.00250000018 -0.0121217333 -0.0712788776 0.0200000014 -0.0121217333 -0.0712788776 0.00250000018 -0.0121217333 -0.0712788776 0.0200000014 -0.0080210343 -0.0718559548 0.00250000018 -0.0080210343 -0.0718559548 0.0200000014 -0.0080210343 -0.0718559548 0.00250000018 -0.0080210343 -0.0718559548 0.0200000014 -0.00475826161 -0.0744060576 0.00250000018 -0.00475826161 -0.0744060576 0.0200000014 -0.00475826161 -0.0744060576 0.00250000018 -0.00475826161 -0.0744060576 0.0200000014 -0.00320767565 -0.0782459155 0.00250000018 -0.00320767565 -0.0782459155 0.0200000014 -0.00320767565 -0.0782459155 0.00250000018 -0.00320767565 -0.0782459155 0.0200000014 -0.00378475012 -0.0823466107 0.00250000018 -0.00378475012 -0.0823466107 0.0200000014 -0.00378475012 -0.0823466107 0.00250000018 -0.00378475012 -0.0823466107 0.0200000014 -0.00633485802 -0.0856093764 0.00250000018 -0.00633485802 -0.0856093764 0.0200000014 -0.00633485802 -0.0856093764 0.00250000018 -0.00633485802 -0.0856093764 0.0200000014 -0.0101747038 -0.0871599615 0.00250000018 -0.0101747038 -0.0871599615 0.0200000014 -0.0101747038 -0.0871599615 0.00250000018 -0.0101747038 -0.0871599615 0.0200000014 -0.0142754046 -0.0865828916 0.00250000018 -0.0142754046 -0.0865828916 0.0200000014 -0.0142754046 -0.0865828916 0.00250000018 -0.0142754046 -0.0865828916 0.0200000014 -0.0175381768 -0.0840327889 0.00250000018 -0.0175381768 -0.0840327889 0.0200000014 -0.0175381768 -0.0840327889 0.00250000018 -0.0175381768 -0.0840327889 0.0200000014 -0.0190887619 -0.0801929384 0.00250000018 -0.0190887619 -0.0801929384 0.0200000014 -0.0190887619 -0.0801929384 0.00250000018 -0.0190887619 -0.0801929384 0.0200000014 -0.0185116883 -0.0760922432 0.00250000018 -0.0185116883 -0.0760922432 0.0200000014 -0.0185116883 -0.0760922432 0.00250000018 -0.0185116883 -0.0760922432 0.0200000014 -0.01596158 -0.07282947 0.00250000018 -0.01596158 -0.07282947 0.0200000014 -0.0687129349 -0.0417436585 0.00250000018 -0.0687129349 -0.0417436585 0.0200000014 -0.0648730919 -0.040193066 0.00250000018 -0.0648730919 -0.040193066 0.0200000014 -0.0648730919 -0.040193066 0.00250000018 -0.0648730919 -0.040193066 0.0200000014 -0.0607723892 -0.0407701395 0.00250000018 -0.0607723892 -0.0407701395 0.0200000014 -0.0607723892 -0.0407701395 0.00250000018 -0.0607723892 -0.0407701395 0.0200000014 -0.057509616 -0.0433202498 0.00250000018 -0.057509616 -0.0433202498 0.0200000014 -0.057509616 -0.0433202498 0.00250000018 -0.057509616 -0.0433202498 0.0200000014 -0.055959031 -0.0471600965 0.00250000018 -0.055959031 -0.0471600965 0.0200000014 -0.055959031 -0.0471600965 0.00250000018 -0.055959031 -0.0471600965 0.0200000014 -0.0565361045 -0.0512607954 0.00250000018 -0.0565361045 -0.0512607954 0.0200000014 -0.0565361045 -0.0512607954 0.00250000018 -0.0565361045 -0.0512607954 0.0200000014 -0.0590862148 -0.0545235723 0.00250000018 -0.0590862148 -0.0545235723 0.0200000014 -0.0590862148 -0.0545235723 0.00250000018 -0.0590862148 -0.0545235723 0.0200000014 -0.062926054 -0.0560741536 0.00250000018 -0.062926054 -0.0560741536 0.0200000014 -0.062926054 -0.0560741536 0.00250000018 -0.062926054 -0.0560741536 0.0200000014 -0.0670267567 -0.0554970838 0.00250000018 -0.0670267567 -0.0554970838 0.0200000014 -0.0670267567 -0.0554970838 0.00250000018 -0.0670267567 -0.0554970838 0.0200000014 -0.0702895299 -0.0529469736 0.00250000018 -0.0702895299 -0.0529469736 0.0200000014 -0.0702895299 -0.0529469736 0.00250000018 -0.0702895299 -0.0529469736 0.0200000014 -0.0718401223 -0.0491071269 0.00250000018 -0.0718401223 -0.0491071269 0.0200000014 -0.0718401223 -0.0491071269 0.00250000018 -0.0718401223 -0.0491071269 0.0200000014 -0.0712630451 -0.0450064242 0.00250000018 -0.0712630451 -0.0450064242 0.0200000014 -0.0712630451 -0.0450064242 0.00250000018 -0.0712630451 -0.0450064242 0.0200000014 -0.0687129349 -0.0417436585 0.00250000018 -0.0687129349 -0.0417436585 0.0200000014 -0.0840327889 0.0175381768 0.00250000018 -0.0840327889 0.0175381768 0.0200000014 -0.0801929384 0.0190887619 0.00250000018 -0.0801929384 0.0190887619 0.0200000014 -0.0801929384 0.0190887619 0.00250000018 -0.0801929384 0.0190887619 0.0200000014 -0.0760922432 0.0185116883 0.00250000018 -0.0760922432 0.0185116883 0.0200000014 -0.0760922432 0.0185116883 0.00250000018 -0.0760922432 0.0185116883 0.0200000014 -0.07282947 0.01596158 0.00250000018 -0.07282947 0.01596158 0.0200000014 -0.07282947 0.01596158 0.00250000018 -0.07282947 0.01596158 0.0200000014 -0.0712788776 0.0121217333 0.00250000018 -0.0712788776 0.0121217333 0.0200000014 -0.0712788776 0.0121217333 0.00250000018 -0.0712788776 0.0121217333 0.0200000014 -0.0718559548 0.0080210343 0.00250000018 -0.0718559548 0.0080210343 0.0200000014 -0.0718559548 0.0080210343 0.00250000018 -0.0718559548 0.0080210343 0.0200000014 -0.0744060576 0.00475826161 0.00250000018 -0.0744060576 0.00475826161 0.0200000014 -0.0744060576 0.00475826161 0.00250000018 -0.0744060576 0.00475826161 0.0200000014 -0.0782459155 0.00320767565 0.00250000018 -0.0782459155 0.00320767565 0.0200000014 -0.0782459155 0.00320767565 0.00250000018 -0.0782459155 0.00320767565 0.0200000014 -0.0823466107 0.00378475012 0.00250000018 -0.0823466107 0.00378475012 0.0200000014 -0.0823466107 0.00378475012 0.00250000018 -0.0823466107 0.00378475012 0.0200000014 -0.0856093764 0.00633485802 0.00250000018 -0.0856093764 0.00633485802 0.0200000014 -0.0856093764 0.00633485802 0.00250000018 -0.0856093764 0.00633485802 0.0200000014 -0.0871599615 0.0101747038 0.00250000018 -0.0871599615 0.0101747038 0.0200000014 -0.0871599615 0.0101747038 0.00250000018 -0.0871599615 0.0101747038 0.0200000014 -0.0865828916 0.0142754046 0.00250000018 -0.0865828916 0.0142754046 0.0200000014 -0.0865828916 0.0142754046 0.00250000018 -0.0865828916 0.0142754046 0.0200000014 -0.0840327889 0.0175381768 0.00250000018 -0.0840327889 0.0175381768 0.0200000014 -0.0529469736 0.0702895299 0.00250000018 -0.0529469736 0.0702895299 0.0200000014 -0.0491071269 0.0718401223 0.00250000018 -0.0491071269 0.0718401223 0.0200000014 -0.0491071269 0.0718401223 0.00250000018 -0.0491071269 0.0718401223 0.0200000014 -0.0450064242 0.0712630451 0.00250000018 -0.0450064242 0.0712630451 0.0200000014 -0.0450064242 0.0712630451 0.00250000018 -0.0450064242 0.0712630451 0.0200000014 -0.0417436585 0.0687129349 0.00250000018 -0.0417436585 0.0687129349 0.0200000014 -0.0417436585 0.0687129349 0.00250000018 -0.0417436585 0.0687129349 0.0200000014 -0.040193066 0.0648730919 0.00250000018 -0.040193066 0.0648730919 0.0200000014 -0.040193066 0.0648730919 0.00250000018 -0.040193066 0.0648730919 0.0200000014 -0.0407701395 0.0607723892 0.00250000018 -0.0407701395 0.0607723892 0.0200000014 -0.0407701395 0.0607723892 0.00250000018 -0.0407701395 0.0607723892 0.0200000014 -0.0433202498 0.057509616 0.00250000018 -0.0433202498 0.057509616 0.0200000014 -0.0433202498 0.057509616 0.00250000018 -0.0433202498 0.057509616 0.0200000014 -0.0471600965 0.055959031 0.00250000018 -0.0471600965 0.055959031 0.0200000014 -0.0471600965 0.055959031 0.00250000018 -0.0471600965 0.055959031 0.0200000014 -0.0512607954 0.0565361045 0.00250000018 -0.0512607954 0.0565361045 0.0200000014 -0.0512607954 0.0565361045 0.00250000018 -0.0512607954 0.0565361045 0.0200000014 -0.0545235723 0.0590862148 0.00250000018 -0.0545235723 0.0590862148 0.0200000014 -0.0545235723 0.0590862148 0.00250000018 -0.0545235723 0.0590862148 0.0200000014 -0.0560741536 0.062926054 0.00250000018 -0.0560741536 0.062926054 0.0200000014 -0.0560741536 0.062926054 0.00250000018 -0.0560741536 0.062926054 0.0200000014 -0.0554970838 0.0670267567 0.00250000018 -0.0554970838 0.0670267567 0.0200000014 -0.0554970838 0.0670267567 0.00250000018 -0.0554970838 0.0670267567 0.0200000014 -0.0529469736 0.0702895299 0.00250000018 -0.0529469736 0.0702895299 0.0200000014 0.00633485802 0.0856093764 0.00250000018 0.00633485802 0.0856093764 0.0200000014 0.0101747038 0.0871599615 0.00250000018 0.0101747038 0.0871599615 0.0200000014 0.0101747038 0.0871599615 0.00250000018 0.0101747038 0.0871599615 0.0200000014 0.0142754046 0.0865828916 0.00250000018 0.0142754046 0.0865828916 0.0200000014 0.0142754046 0.0865828916 0.00250000018 0.0142754046 0.0865828916 0.0200000014 0.0175381768 0.0840327889 0.00250000018 0.0175381768 0.0840327889 0.0200000014 0.0175381768 0.0840327889 0.00250000018 0.0175381768 0.0840327889 0.0200000014 0.0190887619 0.0801929384 0.00250000018 0.0190887619 0.0801929384 0.0200000014 0.0190887619 0.0801929384 0.00250000018 0.0190887619 0.0801929384 0.0200000014 0.0185116883 0.0760922432 0.00250000018 0.0185116883 0.0760922432 0.0200000014 0.0185116883 0.0760922432 0.00250000018 0.0185116883 0.0760922432 0.0200000014 0.01596158 0.07282947 0.00250000018 0.01596158 0.07282947 0.0200000014 0.01596158 0.07282947 0.00250000018 0.01596158 0.07282947 0.0200000014 0.0121217333 0.0712788776 0.00250000018 0.0121217333 0.0712788776 0.0200000014 0.0121217333 0.0712788776 0.00250000018 0.0121217333 0.0712788776 0.0200000014 0.0080210343 0.0718559548 0.00250000018 0.0080210343 0.0718559548 0.0200000014 0.0080210343 0.0718559548 0.00250000018 0.0080210343 0.0718559548 0.0200000014 0.00475826161 0.0744060576 0.00250000018 0.00475826161 0.0744060576 0.0200000014 0.00475826161 0.0744060576 0.00250000018 0.00475826161 0.0744060576 0.0200000014 0.00320767565 0.0782459155 0.00250000018 0.00320767565 0.0782459155 0.0200000014 0.00320767565 0.0782459155 0.00250000018 0.00320767565 0.0782459155 0.0200000014 0.00378475012 0.0823466107 0.00250000018 0.00378475012 0.0823466107 0.0200000014 0.00378475012 0.0823466107 0.00250000018 0.00378475012 0.0823466107 0.0200000014 0.00633485802 0.0856093764 0.00250000018 0.00633485802 0.0856093764 0.0200000014 0.0590862148 0.0545235723 0.00250000018 0.0590862148 0.0545235723 0.0200000014 0.062926054 0.0560741536 0.00250000018 0.062926054 0.0560741536 0.0200000014 0.062926054 0.0560741536 0.00250000018 0.062926054 0.0560741536 0.0200000014 0.0670267567 0.0554970838 0.00250000018 0.0670267567 0.0554970838 0.0200000014 0.0670267567 0.0554970838 0.00250000018 0.0670267567 0.0554970838 0.0200000014 0.0702895299 0.0529469736 0.00250000018 0.0702895299 0.0529469736 0.0200000014 0.0702895299 0.0529469736 0.00250000018 0.0702895299 0.0529469736 0.0200000014 0.0718401223 0.0491071269 0.00250000018 0.0718401223 0.0491071269 0.0200000014 0.0718401223 0.0491071269 0.00250000018 0.0718401223 0.0491071269 0.0200000014 0.0712630451 0.0450064242 0.00250000018 0.0712630451 0.0450064242 0.0200000014 0.0712630451 0.0450064242 0.00250000018 0.0712630451 0.0450064242 0.0200000014 0.0687129349 0.0417436585 0.00250000018 0.0687129349 0.0417436585 0.0200000014 0.0687129349 0.0417436585 0.00250000018 0.0687129349 0.0417436585 0.0200000014 0.0648730919 0.040193066 0.00250000018 0.0648730919 0.040193066 0.0200000014 0.0648730919 0.040193066 0.00250000018 0.0648730919 0.040193066 0.0200000014 0.0607723892 0.0407701395 0.00250000018 0.0607723892 0.0407701395 0.0200000014 0.0607723892 0.0407701395 0.00250000018 0.0607723892 0.0407701395 0.0200000014 0.057509616 0.0433202498 0.00250000018 0.057509616 0.0433202498 0.0200000014 0.057509616 0.0433202498 0.00250000018 0.057509616 0.0433202498 0.0200000014 0.055959031 0.0471600965 0.00250000018 0.055959031 0.0471600965 0.0200000014 0.055959031 0.0471600965 0.00250000018 0.055959031 0.0471600965 0.0200000014 0.0565361045 0.0512607954 0.00250000018 0.0565361045 0.0512607954 0.0200000014 0.0565361045 0.0512607954 0.00250000018 0.0565361045 0.0512607954 0.0200000014 0.0590862148 0.0545235723 0.00250000018 0.0590862148 0.0545235723 0.0200000014 0.0744060576 -0.00475826161 0.00250000018 0.0744060576 -0.00475826161 0.0200000014 0.0782459155 -0.00320767565 0.00250000018 0.0782459155 -0.00320767565 0.0200000014 0.0782459155 -0.00320767565 0.00250000018 0.0782459155 -0.00320767565 0.0200000014 0.0823466107 -0.00378475012 0.00250000018 0.0823466107 -0.00378475012 0.0200000014 0.0823466107 -0.00378475012 0.00250000018 0.0823466107 -0.00378475012 0.0200000014 0.0856093764 -0.00633485802 0.00250000018 0.0856093764 -0.00633485802 0.0200000014 0.0856093764 -0.00633485802 0.00250000018 0.0856093764 -0.00633485802 0.0200000014 0.0871599615 -0.0101747038 0.00250000018 0.0871599615 -0.0101747038 0.0200000014 0.0871599615 -0.0101747038 0.00250000018 0.0871599615 -0.0101747038 0.0200000014 0.0865828916 -0.0142754046 0.00250000018 0.0865828916 -0.0142754046 0.0200000014 0.0865828916 -0.0142754046 0.00250000018 0.0865828916 -0.0142754046 0.0200000014 0.0840327889 -0.0175381768 0.00250000018 0.0840327889 -0.0175381768 0.0200000014 0.0840327889 -0.0175381768 0.00250000018 0.0840327889 -0.0175381768 0.0200000014 0.0801929384 -0.0190887619 0.00250000018 0.0801929384 -0.0190887619 0.0200000014 0.0801929384 -0.0190887619 0.00250000018 0.0801929384 -0.0190887619 0.0200000014 0.0760922432 -0.0185116883 0.00250000018 0.0760922432 -0.0185116883 0.0200000014 0.0760922432 -0.0185116883 0.00250000018 0.0760922432 -0.0185116883 0.0200000014 0.07282947 -0.01596158 0.00250000018 0.07282947 -0.01596158 0.0200000014 0.07282947 -0.01596158 0.00250000018 0.07282947 -0.01596158 0.0200000014 0.0712788776 -0.0121217333 0.00250000018 0.0712788776 -0.0121217333 0.0200000014 0.0712788776 -0.0121217333 0.00250000018 0.0712788776 -0.0121217333 0.0200000014 0.0718559548 -0.0080210343 0.00250000018 0.0718559548 -0.0080210343 0.0200000014 0.0718559548 -0.0080210343 0.00250000018 0.0718559548 -0.0080210343 0.0200000014 0.0744060576 -0.00475826161 0.00250000018 0.0744060576 -0.00475826161 0.0200000014 0.0433202498 -0.057509616 0.00250000018 0.0433202498 -0.057509616 0.0200000014 0.0471600965 -0.055959031 0.00250000018 0.0471600965 -0.055959031 0.0200000014 0.0471600965 -0.055959031 0.00250000018 0.0471600965 -0.055959031 0.0200000014 0.0512607954 -0.0565361045 0.00250000018 0.0512607954 -0.0565361045 0.0200000014 0.0512607954 -0.0565361045 0.00250000018 0.0512607954 -0.0565361045 0.0200000014 0.0545235723 -0.0590862148 0.00250000018 0.0545235723 -0.0590862148 0.0200000014 0.0545235723 -0.0590862148 0.00250000018 0.0545235723 -0.0590862148 0.0200000014 0.0560741536 -0.062926054 0.00250000018 0.0560741536 -0.062926054 0.0200000014 0.0560741536 -0.062926054 0.00250000018 0.0560741536 -0.062926054 0.0200000014 0.0554970838 -0.0670267567 0.00250000018 0.0554970838 -0.0670267567 0.0200000014 0.0554970838 -0.0670267567 0.00250000018 0.0554970838 -0.0670267567 0.0200000014 0.0529469736 -0.0702895299 0.00250000018 0.0529469736 -0.0702895299 0.0200000014 0.0529469736 -0.0702895299 0.00250000018 0.0529469736 -0.0702895299 0.0200000014 0.0491071269 -0.0718401223 0.00250000018 0.0491071269 -0.0718401223 0.0200000014 0.0491071269 -0.0718401223 0.00250000018 0.0491071269 -0.0718401223 0.0200000014 0.0450064242 -0.0712630451 0.00250000018 0.0450064242 -0.0712630451 0.0200000014 0.0450064242 -0.0712630451 0.00250000018 0.0450064242 -0.0712630451 0.0200000014 0.0417436585 -0.0687129349 0.00250000018 0.0417436585 -0.0687129349 0.0200000014 0.0417436585 -0.0687129349 0.00250000018 0.0417436585 -0.0687129349 0.0200000014 0.040193066 -0.0648730919 0.00250000018 0.040193066 -0.0648730919 0.0200000014 0.040193066 -0.0648730919 0.00250000018 0.040193066 -0.0648730919 0.0200000014 0.0407701395 -0.0607723892 0.00250000018 0.0407701395 -0.0607723892 0.0200000014 0.0407701395 -0.0607723892 0.00250000018 0.0407701395 -0.0607723892 0.0200000014 0.0433202498 -0.057509616 0.00250000018 0.0433202498 -0.057509616 0.027999999 -0.0252436642 0.0431596786 0.0100000007 -0.0300835054 0.0399372317 0.0100000007 -0.0200624429 0.0457984544 0.027999999 -0.0252436642 0.0431596786 0.0100000007 -0.0200624429 0.0457984544 0.027999999 -0.0196517278 0.0459761843 0.027999999 -0.0196517278 0.0459761843 0.0100000007 -0.0200624429 0.0457984544 0.0100000007 -0.0196517278 0.0459761843 0.027999999 -0.0196517278 0.0459761843 0.0100000007 -0.0196517278 0.0459761843 0.027999999 -0.0146099124 0.0478178933 0.027999999 -0.0146099124 0.0478178933 0.0100000007 -0.0196517278 0.0459761843 0.0100000007 -0.00895980466 0.0491906665 0.027999999 -0.0146099124 0.0478178933 0.0100000007 -0.00895980466 0.0491906665 0.027999999 -0.00807786547 0.0493431687 0.027999999 -0.00807786547 0.0493431687 0.0100000007 -0.00895980466 0.0491906665 0.0100000007 -0.00807786547 0.0493431687 0.027999999 -0.00807786547 0.0493431687 0.0100000007 -0.00807786547 0.0493431687 0.027999999 -0.00318853557 0.0498982295 0.027999999 -0.00318853557 0.0498982295 0.0100000007 -0.00807786547 0.0493431687 0.0100000007 0.00262585608 0.0499310009 0.027999999 -0.00318853557 0.0498982295 0.0100000007 0.00262585608 0.0499310009 0.027999999 0.00396545697 0.0498425029 0.027999999 0.00396545697 0.0498425029 0.0100000007 0.00262585608 0.0499310009 0.0100000007 0.00396545697 0.0498425029 0.027999999 0.00396545697 0.0498425029 0.0100000007 0.00396545697 0.0498425029 0.027999999 0.00840473548 0.0492885411 0.027999999 0.00840473548 0.0492885411 0.0100000007 0.00396545697 0.0498425029 0.0100000007 0.0140699558 0.0479795411 0.027999999 0.00840473548 0.0492885411 0.0100000007 0.0140699558 0.0479795411 0.027999999 0.015778318 0.047445178 0.027999999 0.015778318 0.047445178 0.0100000007 0.0140699558 0.0479795411 0.0100000007 0.015778318 0.047445178 0.027999999 0.015778318 0.047445178 0.0100000007 0.015778318 0.047445178 0.027999999 0.0195449051 0.0460216962 0.027999999 0.0195449051 0.0460216962 0.0100000007 0.015778318 0.047445178 0.0100000007 0.0247555412 0.0434414893 0.027999999 0.0195449051 0.0460216962 0.0100000007 0.0247555412 0.0434414893 0.027999999 0.0266741998 0.042290505 0.027999999 0.0266741998 0.042290505 0.0100000007 0.0247555412 0.0434414893 0.0100000007 0.0266741998 0.042290505 0.027999999 0.0266741998 0.042290505 0.0100000007 0.0266741998 0.042290505 0.027999999 0.0296314042 0.0402738117 0.027999999 0.0296314042 0.0402738117 0.0100000007 0.0266741998 0.042290505 0.0100000007 0.0341065526 0.0365614966 0.027999999 0.0296314042 0.0402738117 0.0100000007 0.0341065526 0.0365614966 0.027999999 0.0360198766 0.0346780643 0.027999999 0.0360198766 0.0346780643 0.0100000007 0.0341065526 0.0365614966 0.0100000007 0.0360198766 0.0346780643 0.027999999 0.0360198766 0.0346780643 0.0100000007 0.0360198766 0.0346780643 0.027999999 0.0381204635 0.0323547535 0.027999999 0.0381204635 0.0323547535 0.0100000007 0.0360198766 0.0346780643 0.0100000007 0.041618865 0.0277104639 0.027999999 0.0381204635 0.0323547535 0.0100000007 0.041618865 0.0277104639 0.027999999 0.0432722121 0.0250502601 0.027999999 0.0432722121 0.0250502601 0.0100000007 0.041618865 0.0277104639 0.0100000007 0.0432722121 0.0250502601 0.027999999 0.0432722121 0.0250502601 0.0100000007 0.0432722121 0.0250502601 0.027999999 0.0445544422 0.0226914436 0.027999999 0.0445544422 0.0226914436 0.0100000007 0.0432722121 0.0250502601 0.0100000007 0.0468874946 0.0173655562 0.027999999 0.0445544422 0.0226914436 0.0100000007 0.0468874946 0.0173655562 0.027999999 0.0480097197 0.0139666274 0.027999999 0.0480097197 0.0139666274 0.0100000007 0.0468874946 0.0173655562 0.0100000007 0.0480097197 0.0139666274 0.027999999 0.0480097197 0.0139666274 0.0100000007 0.0480097197 0.0139666274 0.027999999 0.0485864803 0.0118048303 0.027999999 0.0485864803 0.0118048303 0.0100000007 0.0480097197 0.0139666274 0.0100000007 0.0496284105 0.00608446496 0.027999999 0.0485864803 0.0118048303 0.0100000007 0.0496284105 0.00608446496 0.027999999 0.049957078 0.00207130541 0.027999999 0.049957078 0.00207130541 0.0100000007 0.0496284105 0.00608446496 0.0100000007 0.049957078 0.00207130541 0.027999999 0.049957078 0.00207130541 0.0100000007 0.049957078 0.00207130541 0.027999999 0.0499992035 0.000281816057 0.027999999 0.0499992035 0.000281816057 0.0100000007 0.049957078 0.00207130541 0.0100000007 0.0496938452 -0.00552464277 0.027999999 0.0499992035 0.000281816057 0.0100000007 0.0496938452 -0.00552464277 0.027999999 0.0490011126 -0.0099443933 0.027999999 0.0490011126 -0.0099443933 0.0100000007 0.0496938452 -0.00552464277 0.0100000007 0.0490011126 -0.0099443933 0.027999999 0.0490011126 -0.0099443933 0.0100000007 0.0490011126 -0.0099443933 0.027999999 0.0487164631 -0.0112563893 0.027999999 0.0487164631 -0.0112563893 0.0100000007 0.0490011126 -0.0099443933 0.0100000007 0.0470802709 -0.0168359149 0.027999999 0.0487164631 -0.0112563893 0.0100000007 0.0470802709 -0.0168359149 0.027999999 0.0451973826 -0.0213821623 0.027999999 0.0451973826 -0.0213821623 0.0100000007 0.0470802709 -0.0168359149 0.0100000007 0.0451973826 -0.0213821623 0.027999999 0.0451973826 -0.0213821623 0.0100000007 0.0451973826 -0.0213821623 0.027999999 0.0448074006 -0.022187762 0.027999999 0.0448074006 -0.022187762 0.0100000007 0.0451973826 -0.0213821623 0.0100000007 0.0419285893 -0.0272395611 0.027999999 0.0448074006 -0.022187762 0.0100000007 0.0419285893 -0.0272395611 0.027999999 0.0387669392 -0.0315772742 0.027999999 0.0387669392 -0.0315772742 0.0100000007 0.0419285893 -0.0272395611 0.0100000007 0.0387669392 -0.0315772742 0.027999999 0.0387669392 -0.0315772742 0.0100000007 0.0387669392 -0.0315772742 0.027999999 0.0384827629 -0.0319229886 0.027999999 0.0384827629 -0.0319229886 0.0100000007 0.0387669392 -0.0315772742 0.0100000007 0.0345165245 -0.0361747108 0.027999999 0.0384827629 -0.0319229886 0.0100000007 0.0345165245 -0.0361747108 0.027999999 0.0300835054 -0.0399372317 0.027999999 -0.0252436642 0.0431596786 0.027999999 -0.0300835054 0.0399372317 0.0100000007 -0.0300835054 0.0399372317 0.0100000007 -0.0300835054 0.0399372317 0.027999999 -0.0300835054 0.0399372317 0.027999999 -0.0345165245 0.0361747108 0.0100000007 -0.0300835054 0.0399372317 0.027999999 -0.0345165245 0.0361747108 0.0100000007 -0.0384827629 0.0319229886 0.0100000007 -0.0384827629 0.0319229886 0.027999999 -0.0345165245 0.0361747108 0.027999999 -0.0387669392 0.0315772742 0.0100000007 -0.0384827629 0.0319229886 0.027999999 -0.0387669392 0.0315772742 0.0100000007 -0.0387669392 0.0315772742 0.0100000007 -0.0387669392 0.0315772742 0.027999999 -0.0387669392 0.0315772742 0.027999999 -0.0419285893 0.0272395611 0.0100000007 -0.0387669392 0.0315772742 0.027999999 -0.0419285893 0.0272395611 0.0100000007 -0.0448074006 0.022187762 0.0100000007 -0.0448074006 0.022187762 0.027999999 -0.0419285893 0.0272395611 0.027999999 -0.0451973826 0.0213821623 0.0100000007 -0.0448074006 0.022187762 0.027999999 -0.0451973826 0.0213821623 0.0100000007 -0.0451973826 0.0213821623 0.0100000007 -0.0451973826 0.0213821623 0.027999999 -0.0451973826 0.0213821623 0.027999999 -0.0470802709 0.0168359149 0.0100000007 -0.0451973826 0.0213821623 0.027999999 -0.0470802709 0.0168359149 0.0100000007 -0.0487164631 0.0112563893 0.0100000007 -0.0487164631 0.0112563893 0.027999999 -0.0470802709 0.0168359149 0.027999999 -0.0490011126 0.0099443933 0.0100000007 -0.0487164631 0.0112563893 0.027999999 -0.0490011126 0.0099443933 0.0100000007 -0.0490011126 0.0099443933 0.0100000007 -0.0490011126 0.0099443933 0.027999999 -0.0490011126 0.0099443933 0.027999999 -0.0496938452 0.00552464277 0.0100000007 -0.0490011126 0.0099443933 0.027999999 -0.0496938452 0.00552464277 0.0100000007 -0.0499992035 -0.000281816057 0.0100000007 -0.0499992035 -0.000281816057 0.027999999 -0.0496938452 0.00552464277 0.027999999 -0.049957078 -0.00207130541 0.0100000007 -0.0499992035 -0.000281816057 0.027999999 -0.049957078 -0.00207130541 0.0100000007 -0.049957078 -0.00207130541 0.0100000007 -0.049957078 -0.00207130541 0.027999999 -0.049957078 -0.00207130541 0.027999999 -0.0496284105 -0.00608446496 0.0100000007 -0.049957078 -0.00207130541 0.027999999 -0.0496284105 -0.00608446496 0.0100000007 -0.0485864803 -0.0118048303 0.0100000007 -0.0485864803 -0.0118048303 0.027999999 -0.0496284105 -0.00608446496 0.027999999 -0.0480097197 -0.0139666274 0.0100000007 -0.0485864803 -0.0118048303 0.027999999 -0.0480097197 -0.0139666274 0.0100000007 -0.0480097197 -0.0139666274 0.0100000007 -0.0480097197 -0.0139666274 0.027999999 -0.0480097197 -0.0139666274 0.027999999 -0.0468874946 -0.0173655562 0.0100000007 -0.0480097197 -0.0139666274 0.027999999 -0.0468874946 -0.0173655562 0.0100000007 -0.0445544422 -0.0226914436 0.0100000007 -0.0445544422 -0.0226914436 0.027999999 -0.0468874946 -0.0173655562 0.027999999 -0.0432722121 -0.0250502601 0.0100000007 -0.0445544422 -0.0226914436 0.027999999 -0.0432722121 -0.0250502601 0.0100000007 -0.0432722121 -0.0250502601 0.0100000007 -0.0432722121 -0.0250502601 0.027999999 -0.0432722121 -0.0250502601 0.027999999 -0.041618865 -0.0277104639 0.0100000007 -0.0432722121 -0.0250502601 0.027999999 -0.041618865 -0.0277104639 0.0100000007 -0.0381204635 -0.0323547535 0.0100000007 -0.0381204635 -0.0323547535 0.027999999 -0.041618865 -0.0277104639 0.027999999 -0.0360198766 -0.0346780643 0.0100000007 -0.0381204635 -0.0323547535 0.027999999 -0.0360198766 -0.0346780643 0.0100000007 -0.0360198766 -0.0346780643 0.0100000007 -0.0360198766 -0.0346780643 0.027999999 -0.0360198766 -0.0346780643 0.027999999 -0.0341065526 -0.0365614966 0.0100000007 -0.0360198766 -0.0346780643 0.027999999 -0.0341065526 -0.0365614966 0.0100000007 -0.0296314042 -0.0402738117 0.0100000007 -0.0296314042 -0.0402738117 0.027999999 -0.0341065526 -0.0365614966 0.027999999 -0.0266741998 -0.042290505 0.0100000007 -0.0296314042 -0.0402738117 0.027999999 -0.0266741998 -0.042290505 0.0100000007 -0.0266741998 -0.042290505 0.0100000007 -0.0266741998 -0.042290505 0.027999999 -0.0266741998 -0.042290505 0.027999999 -0.0247555412 -0.0434414893 0.0100000007 -0.0266741998 -0.042290505 0.027999999 -0.0247555412 -0.0434414893 0.0100000007 -0.0195449051 -0.0460216962 0.0100000007 -0.0195449051 -0.0460216962 0.027999999 -0.0247555412 -0.0434414893 0.027999999 -0.015778318 -0.047445178 0.0100000007 -0.0195449051 -0.0460216962 0.027999999 -0.015778318 -0.047445178 0.0100000007 -0.015778318 -0.047445178 0.0100000007 -0.015778318 -0.047445178 0.027999999 -0.015778318 -0.047445178 0.027999999 -0.0140699558 -0.0479795411 0.0100000007 -0.015778318 -0.047445178 0.027999999 -0.0140699558 -0.0479795411 0.0100000007 -0.00840473548 -0.0492885411 0.0100000007 -0.00840473548 -0.0492885411 0.027999999 -0.0140699558 -0.0479795411 0.027999999 -0.00396545697 -0.0498425029 0.0100000007 -0.00840473548 -0.0492885411 0.027999999 -0.00396545697 -0.0498425029 0.0100000007 -0.00396545697 -0.0498425029 0.0100000007 -0.00396545697 -0.0498425029 0.027999999 -0.00396545697 -0.0498425029 0.027999999 -0.00262585608 -0.0499310009 0.0100000007 -0.00396545697 -0.0498425029 0.027999999 -0.00262585608 -0.0499310009 0.0100000007 0.00318853557 -0.0498982295 0.0100000007 0.00318853557 -0.0498982295 0.027999999 -0.00262585608 -0.0499310009 0.027999999 0.00807786547 -0.0493431687 0.0100000007 0.00318853557 -0.0498982295 0.027999999 0.00807786547 -0.0493431687 0.0100000007 0.00807786547 -0.0493431687 0.0100000007 0.00807786547 -0.0493431687 0.027999999 0.00807786547 -0.0493431687 0.027999999 0.00895980466 -0.0491906665 0.0100000007 0.00807786547 -0.0493431687 0.027999999 0.00895980466 -0.0491906665 0.0100000007 0.0146099124 -0.0478178933 0.0100000007 0.0146099124 -0.0478178933 0.027999999 0.00895980466 -0.0491906665 0.027999999 0.0196517278 -0.0459761843 0.0100000007 0.0146099124 -0.0478178933 0.027999999 0.0196517278 -0.0459761843 0.0100000007 0.0196517278 -0.0459761843 0.0100000007 0.0196517278 -0.0459761843 0.027999999 0.0196517278 -0.0459761843 0.027999999 0.0200624429 -0.0457984544 0.0100000007 0.0196517278 -0.0459761843 0.027999999 0.0200624429 -0.0457984544 0.0100000007 0.0252436642 -0.0431596786 0.0100000007 0.0252436642 -0.0431596786 0.027999999 0.0200624429 -0.0457984544 0.027999999 0.0300835054 -0.0399372317 0.0100000007 0.0252436642 -0.0431596786 0.027999999 0.0300835054 -0.0399372317 0.0100000007 0.0300835054 -0.0399372317 0.0100000007 0.0300835054 -0.0399372317 0.027999999 0.0300835054 -0.0399372317 0.0100000007 0.0345165245 -0.0361747108 0.0075000003 0.0315876827 -0.0419340953 0.0075000003 0.0348968655 -0.0463271886 0.0075000003 0.0265058465 -0.0453176573 0.0075000003 0.0237131603 -0.0529309548 0.0075000003 0.0153404055 -0.0502087846 0.0075000003 0.0113403751 -0.0568805411 0.0075000003 0.00334796146 -0.0523931384 0.0075000003 -0.00160106039 -0.0579778999 0.0075000003 -0.0088249743 -0.0517529696 0.0075000003 -0.0144622158 -0.0561679974 0.0075000003 -0.0205221511 -0.0483227856 0.0075000003 -0.0265981723 -0.0515416078 0.0075000003 -0.0311129745 -0.0422875024 0.0075000003 -0.0374003872 -0.0443306975 0.0075000003 -0.0400264896 -0.0339724906 0.0075000003 -0.0463271886 -0.0348968655 0.0075000003 -0.046782162 -0.0238260143 0.0075000003 -0.0529309548 -0.0237131603 0.0075000003 -0.0510158055 -0.0123950709 0.0075000003 -0.0568805411 -0.0113403751 0.0075000003 -0.0524991676 -0.000295908249 0.0075000003 -0.0579778999 0.00160106039 0.0075000003 -0.0511522889 0.0118192108 0.0075000003 -0.0561679974 0.0144622158 0.0075000003 -0.0470477715 0.0232971534 0.0075000003 -0.0515416078 0.0265981723 0.0075000003 -0.0404069014 0.0335191339 0.0075000003 -0.0443306975 0.0374003872 0.0075000003 -0.0315876827 0.0419340953 0.0075000003 -0.0348968655 0.0463271886 0.0075000003 -0.0210655648 0.0480883755 0.0075000003 -0.0237131603 0.0529309548 0.0075000003 -0.00940779783 0.0516502 0.0075000003 -0.0113403751 0.0568805411 0.0075000003 0.00275714765 0.0524275526 0.0075000003 0.00160106039 0.0579778999 0.0075000003 0.0147734564 0.0503785163 0.0075000003 0.0144622158 0.0561679974 0.0075000003 0.0259933211 0.0456135683 0.0075000003 0.0265981723 0.0515416078 0.0075000003 0.0358118787 0.038389571 0.0075000003 0.0374003872 0.0443306975 0.0075000003 0.0436998121 0.0290959906 0.0075000003 0.0463271886 0.0348968655 0.0075000003 0.049231872 0.0182338357 0.0075000003 0.0529309548 0.0237131603 0.0075000003 0.0521098301 0.00638868846 0.0075000003 0.0568805411 0.0113403751 0.0075000003 0.0521785393 -0.00580087351 0.0075000003 0.0579778999 -0.00160106039 0.0075000003 0.0494342856 -0.0176777095 0.0075000003 0.0561679974 -0.0144622158 0.0075000003 0.0440250151 -0.0286015347 0.0075000003 0.0515416078 -0.0265981723 0.0075000003 0.0362423472 -0.0379834436 0.0075000003 0.0443306975 -0.0374003872 0.0075000003 -0.0237131603 0.0529309548 0.00250000018 -0.0237131603 0.0529309548 0.00250000018 -0.01763767 0.0552531667 0.0075000003 -0.0237131603 0.0529309548 0.00250000018 -0.01763767 0.0552531667 0.0075000003 -0.0113403751 0.0568805411 0.00250000018 -0.01763767 0.0552531667 0.00250000018 -0.0113403751 0.0568805411 0.0075000003 -0.0113403751 0.0568805411 0.0075000003 -0.0113403751 0.0568805411 0.00250000018 -0.0113403751 0.0568805411 0.00250000018 -0.00490047131 0.0577926077 0.0075000003 -0.0113403751 0.0568805411 0.00250000018 -0.00490047131 0.0577926077 0.0075000003 0.00160106039 0.0579778999 0.0075000003 0.00160106039 0.0579778999 0.00250000018 -0.00490047131 0.0577926077 0.00250000018 0.00160106039 0.0579778999 0.0075000003 0.00160106039 0.0579778999 0.00250000018 0.00160106039 0.0579778999 0.0075000003 0.0144622158 0.0561679974 0.00250000018 0.00160106039 0.0579778999 0.00250000018 0.00808245875 0.057434082 0.0075000003 0.0144622158 0.0561679974 0.0075000003 0.0144622158 0.0561679974 0.00250000018 0.00808245875 0.057434082 0.00250000018 0.0144622158 0.0561679974 0.0075000003 0.0144622158 0.0561679974 0.00250000018 0.0144622158 0.0561679974 0.0075000003 0.0265981723 0.0515416078 0.0075000003 0.0265981723 0.0515416078 0.00250000018 0.0144622158 0.0561679974 0.00250000018 0.0206601024 0.0541955754 0.00250000018 0.0206601024 0.0541955754 0.00250000018 0.0265981723 0.0515416078 0.0075000003 0.0265981723 0.0515416078 0.0075000003 0.0265981723 0.0515416078 0.00250000018 0.0265981723 0.0515416078 0.00250000018 0.0322017558 0.0482394733 0.0075000003 0.0265981723 0.0515416078 0.00250000018 0.0322017558 0.0482394733 0.0075000003 0.0374003872 0.0443306975 0.00250000018 0.0322017558 0.0482394733 0.00250000018 0.0374003872 0.0443306975 0.0075000003 0.0374003872 0.0443306975 0.0075000003 0.0374003872 0.0443306975 0.00250000018 0.0374003872 0.0443306975 0.00250000018 0.0421286821 0.0398644432 0.0075000003 0.0374003872 0.0443306975 0.00250000018 0.0421286821 0.0398644432 0.0075000003 0.0463271886 0.0348968655 0.00250000018 0.0421286821 0.0398644432 0.00250000018 0.0463271886 0.0348968655 0.0075000003 0.0463271886 0.0348968655 0.0075000003 0.0463271886 0.0348968655 0.00250000018 0.0463271886 0.0348968655 0.00250000018 0.0499431044 0.0294904429 0.0075000003 0.0463271886 0.0348968655 0.00250000018 0.0499431044 0.0294904429 0.0075000003 0.0529309548 0.0237131603 0.00250000018 0.0499431044 0.0294904429 0.00250000018 0.0529309548 0.0237131603 0.0075000003 0.0529309548 0.0237131603 0.0075000003 0.0529309548 0.0237131603 0.00250000018 0.0529309548 0.0237131603 0.00250000018 0.0552531667 0.01763767 0.0075000003 0.0529309548 0.0237131603 0.00250000018 0.0552531667 0.01763767 0.0075000003 0.0568805411 0.0113403751 0.00250000018 0.0552531667 0.01763767 0.00250000018 0.0568805411 0.0113403751 0.0075000003 0.0568805411 0.0113403751 0.0075000003 0.0568805411 0.0113403751 0.00250000018 0.0568805411 0.0113403751 0.00250000018 0.0577926077 0.00490047131 0.0075000003 0.0568805411 0.0113403751 0.00250000018 0.0577926077 0.00490047131 0.0075000003 0.0579778999 -0.00160106039 0.00250000018 0.0577926077 0.00490047131 0.00250000018 0.0579778999 -0.00160106039 0.0075000003 0.0579778999 -0.00160106039 0.0075000003 0.0579778999 -0.00160106039 0.00250000018 0.0579778999 -0.00160106039 0.00250000018 0.057434082 -0.00808245875 0.0075000003 0.0579778999 -0.00160106039 0.00250000018 0.057434082 -0.00808245875 0.0075000003 0.0561679974 -0.0144622158 0.00250000018 0.057434082 -0.00808245875 0.00250000018 0.0561679974 -0.0144622158 0.0075000003 0.0561679974 -0.0144622158 0.0075000003 0.0561679974 -0.0144622158 0.00250000018 0.0561679974 -0.0144622158 0.00250000018 0.0541955754 -0.0206601024 0.0075000003 0.0561679974 -0.0144622158 0.00250000018 0.0541955754 -0.0206601024 0.0075000003 0.0515416078 -0.0265981723 0.0075000003 0.0515416078 -0.0265981723 0.00250000018 0.0541955754 -0.0206601024 0.00250000018 0.0515416078 -0.0265981723 0.0075000003 0.0515416078 -0.0265981723 0.00250000018 0.0515416078 -0.0265981723 0.0075000003 0.0443306975 -0.0374003872 0.0075000003 0.0443306975 -0.0374003872 0.00250000018 0.0515416078 -0.0265981723 0.00250000018 0.0482394733 -0.0322017558 0.00250000018 0.0482394733 -0.0322017558 0.00250000018 0.0443306975 -0.0374003872 0.0075000003 0.0443306975 -0.0374003872 0.0075000003 0.0443306975 -0.0374003872 0.00250000018 0.0443306975 -0.0374003872 0.00250000018 0.0398644432 -0.0421286821 0.0075000003 0.0443306975 -0.0374003872 0.00250000018 0.0398644432 -0.0421286821 0.0075000003 0.0348968655 -0.0463271886 0.00250000018 0.0398644432 -0.0421286821 0.00250000018 0.0348968655 -0.0463271886 0.0075000003 0.0348968655 -0.0463271886 0.0075000003 0.0348968655 -0.0463271886 0.00250000018 0.0348968655 -0.0463271886 0.00250000018 0.0294904429 -0.0499431044 0.0075000003 0.0348968655 -0.0463271886 0.00250000018 0.0294904429 -0.0499431044 0.0075000003 0.0237131603 -0.0529309548 0.00250000018 0.0294904429 -0.0499431044 0.00250000018 0.0237131603 -0.0529309548 0.0075000003 0.0237131603 -0.0529309548 0.0075000003 0.0237131603 -0.0529309548 0.00250000018 0.0237131603 -0.0529309548 0.00250000018 0.01763767 -0.0552531667 0.0075000003 0.0237131603 -0.0529309548 0.00250000018 0.01763767 -0.0552531667 0.0075000003 0.0113403751 -0.0568805411 0.00250000018 0.01763767 -0.0552531667 0.00250000018 0.0113403751 -0.0568805411 0.0075000003 0.0113403751 -0.0568805411 0.0075000003 0.0113403751 -0.0568805411 0.00250000018 0.0113403751 -0.0568805411 0.00250000018 0.00490047131 -0.0577926077 0.0075000003 0.0113403751 -0.0568805411 0.00250000018 0.00490047131 -0.0577926077 0.0075000003 -0.00160106039 -0.0579778999 0.0075000003 -0.00160106039 -0.0579778999 0.00250000018 0.00490047131 -0.0577926077 0.00250000018 -0.00160106039 -0.0579778999 0.0075000003 -0.00160106039 -0.0579778999 0.00250000018 -0.00160106039 -0.0579778999 0.0075000003 -0.0144622158 -0.0561679974 0.0075000003 -0.0144622158 -0.0561679974 0.00250000018 -0.00160106039 -0.0579778999 0.00250000018 -0.00808245875 -0.057434082 0.00250000018 -0.00808245875 -0.057434082 0.00250000018 -0.0144622158 -0.0561679974 0.0075000003 -0.0144622158 -0.0561679974 0.0075000003 -0.0144622158 -0.0561679974 0.00250000018 -0.0144622158 -0.0561679974 0.00250000018 -0.0206601024 -0.0541955754 0.0075000003 -0.0144622158 -0.0561679974 0.00250000018 -0.0206601024 -0.0541955754 0.0075000003 -0.0265981723 -0.0515416078 0.00250000018 -0.0206601024 -0.0541955754 0.00250000018 -0.0265981723 -0.0515416078 0.0075000003 -0.0265981723 -0.0515416078 0.0075000003 -0.0265981723 -0.0515416078 0.00250000018 -0.0265981723 -0.0515416078 0.00250000018 -0.0322017558 -0.0482394733 0.0075000003 -0.0265981723 -0.0515416078 0.00250000018 -0.0322017558 -0.0482394733 0.0075000003 -0.0374003872 -0.0443306975 0.00250000018 -0.0322017558 -0.0482394733 0.00250000018 -0.0374003872 -0.0443306975 0.0075000003 -0.0374003872 -0.0443306975 0.0075000003 -0.0374003872 -0.0443306975 0.00250000018 -0.0374003872 -0.0443306975 0.00250000018 -0.0421286821 -0.0398644432 0.0075000003 -0.0374003872 -0.0443306975 0.00250000018 -0.0421286821 -0.0398644432 0.0075000003 -0.0463271886 -0.0348968655 0.00250000018 -0.0421286821 -0.0398644432 0.00250000018 -0.0463271886 -0.0348968655 0.0075000003 -0.0463271886 -0.0348968655 0.0075000003 -0.0463271886 -0.0348968655 0.00250000018 -0.0463271886 -0.0348968655 0.00250000018 -0.0499431044 -0.0294904429 0.0075000003 -0.0463271886 -0.0348968655 0.00250000018 -0.0499431044 -0.0294904429 0.0075000003 -0.0529309548 -0.0237131603 0.00250000018 -0.0499431044 -0.0294904429 0.00250000018 -0.0529309548 -0.0237131603 0.0075000003 -0.0529309548 -0.0237131603 0.0075000003 -0.0529309548 -0.0237131603 0.00250000018 -0.0529309548 -0.0237131603 0.00250000018 -0.0552531667 -0.01763767 0.0075000003 -0.0529309548 -0.0237131603 0.00250000018 -0.0552531667 -0.01763767 0.0075000003 -0.0568805411 -0.0113403751 0.00250000018 -0.0552531667 -0.01763767 0.00250000018 -0.0568805411 -0.0113403751 0.0075000003 -0.0568805411 -0.0113403751 0.0075000003 -0.0568805411 -0.0113403751 0.00250000018 -0.0568805411 -0.0113403751 0.00250000018 -0.0577926077 -0.00490047131 0.0075000003 -0.0568805411 -0.0113403751 0.00250000018 -0.0577926077 -0.00490047131 0.0075000003 -0.0579778999 0.00160106039 0.00250000018 -0.0577926077 -0.00490047131 0.00250000018 -0.0579778999 0.00160106039 0.0075000003 -0.0579778999 0.00160106039 0.0075000003 -0.0579778999 0.00160106039 0.00250000018 -0.0579778999 0.00160106039 0.00250000018 -0.057434082 0.00808245875 0.0075000003 -0.0579778999 0.00160106039 0.00250000018 -0.057434082 0.00808245875 0.0075000003 -0.0561679974 0.0144622158 0.00250000018 -0.057434082 0.00808245875 0.00250000018 -0.0561679974 0.0144622158 0.0075000003 -0.0561679974 0.0144622158 0.0075000003 -0.0561679974 0.0144622158 0.00250000018 -0.0561679974 0.0144622158 0.00250000018 -0.0541955754 0.0206601024 0.0075000003 -0.0561679974 0.0144622158 0.00250000018 -0.0541955754 0.0206601024 0.0075000003 -0.0515416078 0.0265981723 0.0075000003 -0.0515416078 0.0265981723 0.00250000018 -0.0541955754 0.0206601024 0.00250000018 -0.0515416078 0.0265981723 0.0075000003 -0.0515416078 0.0265981723 0.00250000018 -0.0515416078 0.0265981723 0.0075000003 -0.0443306975 0.0374003872 0.0075000003 -0.0443306975 0.0374003872 0.00250000018 -0.0515416078 0.0265981723 0.00250000018 -0.0482394733 0.0322017558 0.00250000018 -0.0482394733 0.0322017558 0.00250000018 -0.0443306975 0.0374003872 0.0075000003 -0.0443306975 0.0374003872 0.0075000003 -0.0443306975 0.0374003872 0.00250000018 -0.0443306975 0.0374003872 0.00250000018 -0.0398644432 0.0421286821 0.0075000003 -0.0443306975 0.0374003872 0.00250000018 -0.0398644432 0.0421286821 0.0075000003 -0.0348968655 0.0463271886 0.0075000003 -0.0348968655 0.0463271886 0.00250000018 -0.0398644432 0.0421286821 0.00250000018 -0.0348968655 0.0463271886 0.0075000003 -0.0348968655 0.0463271886 0.00250000018 -0.0348968655 0.0463271886 0.0075000003 -0.0237131603 0.0529309548 0.0075000003 -0.0237131603 0.0529309548 0.00250000018 -0.0348968655 0.0463271886 0.00250000018 -0.0294904429 0.0499431044 0.0075000003 -0.0237131603 0.0529309548 0.00250000018 -0.0294904429 0.0499431044 0.00250000018 -0.0237131603 0.0529309548 0.00250000018 0.062926054 0.0560741536 6.9388939e-17 0.0626218393 0.0585555732 0.00250000018 0.0670267567 0.0554970838 0 0.0680040047 0.0577981696 0.00250000018 0.0670267567 0.0554970838 0 0.0680040047 0.0577981696 0.00250000018 0.0702895299 0.0529469736 6.9388939e-17 0.0722863972 0.054451149 0.00250000018 0.0702895299 0.0529469736 6.9388939e-17 0.0722863972 0.054451149 0.00250000018 0.0718401223 0.0491071269 0 0.0743215457 0.0494113527 0.00250000018 0.0718401223 0.0491071269 0 0.0743215457 0.0494113527 0.00250000018 0.0712630451 0.0450064242 6.9388939e-17 0.0735641345 0.0440291837 0.00250000018 0.0712630451 0.0450064242 6.9388939e-17 0.0735641345 0.0440291837 0.00250000018 0.0687129349 0.0417436585 6.9388939e-17 0.0702171102 0.0397467948 0.00250000018 0.0687129349 0.0417436585 6.9388939e-17 0.0702171102 0.0397467948 0.00250000018 0.0648730919 0.040193066 6.9388939e-17 0.065177314 0.0377116427 0.00250000018 0.0648730919 0.040193066 6.9388939e-17 0.065177314 0.0377116427 0.00250000018 0.0607723892 0.0407701395 6.9388939e-17 0.0597951412 0.0384690538 0.00250000018 0.0607723892 0.0407701395 6.9388939e-17 0.0597951412 0.0384690538 0.00250000018 0.057509616 0.0433202498 0 0.0555127524 0.0418160707 0.00250000018 0.057509616 0.0433202498 0 0.0555127524 0.0418160707 0.00250000018 0.055959031 0.0471600965 0 0.0534776077 0.0468558744 0.00250000018 0.055959031 0.0471600965 0 0.0534776077 0.0468558744 0.00250000018 0.0565361045 0.0512607954 6.9388939e-17 0.0542350151 0.0522380397 0.00250000018 0.0565361045 0.0512607954 6.9388939e-17 0.0542350151 0.0522380397 0.00250000018 0.0590862148 0.0545235723 6.9388939e-17 0.0575820394 0.0565204322 0.00250000018 0.0590862148 0.0545235723 6.9388939e-17 0.0575820394 0.0565204322 0.00250000018 0.062926054 0.0560741536 6.9388939e-17 0.0626218393 0.0585555732 0.00250000018 -0.0648730919 -0.040193066 0 -0.065177314 -0.0377116427 0.00250000018 -0.0607723892 -0.0407701395 6.9388939e-17 -0.0597951412 -0.0384690538 0.00250000018 -0.0607723892 -0.0407701395 6.9388939e-17 -0.0597951412 -0.0384690538 0.00250000018 -0.057509616 -0.0433202498 0 -0.0555127524 -0.0418160707 0.00250000018 -0.057509616 -0.0433202498 0 -0.0555127524 -0.0418160707 0.00250000018 -0.055959031 -0.0471600965 6.9388939e-17 -0.0534776077 -0.0468558744 0.00250000018 -0.055959031 -0.0471600965 6.9388939e-17 -0.0534776077 -0.0468558744 0.00250000018 -0.0565361045 -0.0512607954 0 -0.0542350151 -0.0522380397 0.00250000018 -0.0565361045 -0.0512607954 0 -0.0542350151 -0.0522380397 0.00250000018 -0.0590862148 -0.0545235723 0 -0.0575820394 -0.0565204322 0.00250000018 -0.0590862148 -0.0545235723 0 -0.0575820394 -0.0565204322 0.00250000018 -0.062926054 -0.0560741536 0 -0.0626218393 -0.0585555732 0.00250000018 -0.062926054 -0.0560741536 0 -0.0626218393 -0.0585555732 0.00250000018 -0.0670267567 -0.0554970838 6.9388939e-17 -0.0680040047 -0.0577981696 0.00250000018 -0.0670267567 -0.0554970838 6.9388939e-17 -0.0680040047 -0.0577981696 0.00250000018 -0.0702895299 -0.0529469736 0 -0.0722863972 -0.054451149 0.00250000018 -0.0702895299 -0.0529469736 0 -0.0722863972 -0.054451149 0.00250000018 -0.0718401223 -0.0491071269 6.9388939e-17 -0.0743215457 -0.0494113527 0.00250000018 -0.0718401223 -0.0491071269 6.9388939e-17 -0.0743215457 -0.0494113527 0.00250000018 -0.0712630451 -0.0450064242 0 -0.0735641345 -0.0440291837 0.00250000018 -0.0712630451 -0.0450064242 0 -0.0735641345 -0.0440291837 0.00250000018 -0.0687129349 -0.0417436585 0 -0.0702171102 -0.0397467948 0.00250000018 -0.0687129349 -0.0417436585 0 -0.0702171102 -0.0397467948 0.00250000018 -0.0648730919 -0.040193066 0 -0.065177314 -0.0377116427 0.00250000018 -0.0491071269 0.0718401223 0 -0.0494113527 0.0743215457 0.00250000018 -0.0450064242 0.0712630451 0 -0.0440291837 0.0735641345 0.00250000018 -0.0450064242 0.0712630451 0 -0.0440291837 0.0735641345 0.00250000018 -0.0417436585 0.0687129349 0 -0.0397467948 0.0702171102 0.00250000018 -0.0417436585 0.0687129349 0 -0.0397467948 0.0702171102 0.00250000018 -0.040193066 0.0648730919 0 -0.0377116427 0.065177314 0.00250000018 -0.040193066 0.0648730919 0 -0.0377116427 0.065177314 0.00250000018 -0.0407701395 0.0607723892 6.9388939e-17 -0.0384690538 0.0597951412 0.00250000018 -0.0407701395 0.0607723892 6.9388939e-17 -0.0384690538 0.0597951412 0.00250000018 -0.0433202498 0.057509616 6.9388939e-17 -0.0418160707 0.0555127524 0.00250000018 -0.0433202498 0.057509616 6.9388939e-17 -0.0418160707 0.0555127524 0.00250000018 -0.0471600965 0.055959031 6.9388939e-17 -0.0468558744 0.0534776077 0.00250000018 -0.0471600965 0.055959031 6.9388939e-17 -0.0468558744 0.0534776077 0.00250000018 -0.0512607954 0.0565361045 0 -0.0522380397 0.0542350151 0.00250000018 -0.0512607954 0.0565361045 0 -0.0522380397 0.0542350151 0.00250000018 -0.0545235723 0.0590862148 0 -0.0565204322 0.0575820394 0.00250000018 -0.0545235723 0.0590862148 0 -0.0565204322 0.0575820394 0.00250000018 -0.0560741536 0.062926054 0 -0.0585555732 0.0626218393 0.00250000018 -0.0560741536 0.062926054 0 -0.0585555732 0.0626218393 0.00250000018 -0.0554970838 0.0670267567 6.9388939e-17 -0.0577981696 0.0680040047 0.00250000018 -0.0554970838 0.0670267567 6.9388939e-17 -0.0577981696 0.0680040047 0.00250000018 -0.0529469736 0.0702895299 6.9388939e-17 -0.054451149 0.0722863972 0.00250000018 -0.0529469736 0.0702895299 6.9388939e-17 -0.054451149 0.0722863972 0.00250000018 -0.0491071269 0.0718401223 0 -0.0494113527 0.0743215457 0.0304999985 0.00940779783 -0.0516502 0.0304999985 0.0210655648 -0.0480883755 0.027999999 0.0196517278 -0.0459761843 0.027999999 0.0196517278 -0.0459761843 0.027999999 0.00895980466 -0.0491906665 0.0304999985 0.00940779783 -0.0516502 0.0304999985 0.00940779783 -0.0516502 0.027999999 0.00895980466 -0.0491906665 0.027999999 0.00807786547 -0.0493431687 0.0304999985 0.00940779783 -0.0516502 0.027999999 0.00807786547 -0.0493431687 0.0304999985 -0.00275714765 -0.0524275526 0.027999999 0.00807786547 -0.0493431687 0.027999999 -0.00262585608 -0.0499310009 0.0304999985 -0.00275714765 -0.0524275526 0.0304999985 -0.00275714765 -0.0524275526 0.027999999 -0.00262585608 -0.0499310009 0.027999999 -0.00396545697 -0.0498425029 0.0304999985 -0.00275714765 -0.0524275526 0.027999999 -0.00396545697 -0.0498425029 0.0304999985 -0.0147734564 -0.0503785163 0.027999999 -0.00396545697 -0.0498425029 0.027999999 -0.0140699558 -0.0479795411 0.0304999985 -0.0147734564 -0.0503785163 0.0304999985 -0.0147734564 -0.0503785163 0.027999999 -0.0140699558 -0.0479795411 0.027999999 -0.015778318 -0.047445178 0.0304999985 -0.0147734564 -0.0503785163 0.027999999 -0.015778318 -0.047445178 0.0304999985 -0.0259933211 -0.0456135683 0.027999999 -0.015778318 -0.047445178 0.027999999 -0.0247555412 -0.0434414893 0.0304999985 -0.0259933211 -0.0456135683 0.0304999985 -0.0259933211 -0.0456135683 0.027999999 -0.0247555412 -0.0434414893 0.027999999 -0.0266741998 -0.042290505 0.0304999985 -0.0259933211 -0.0456135683 0.027999999 -0.0266741998 -0.042290505 0.0304999985 -0.0358118787 -0.038389571 0.027999999 -0.0266741998 -0.042290505 0.027999999 -0.0341065526 -0.0365614966 0.0304999985 -0.0358118787 -0.038389571 0.0304999985 -0.0358118787 -0.038389571 0.027999999 -0.0341065526 -0.0365614966 0.027999999 -0.0360198766 -0.0346780643 0.0304999985 -0.0358118787 -0.038389571 0.027999999 -0.0360198766 -0.0346780643 0.0304999985 -0.0436998121 -0.0290959906 0.027999999 -0.0360198766 -0.0346780643 0.027999999 -0.041618865 -0.0277104639 0.0304999985 -0.0436998121 -0.0290959906 0.0304999985 -0.0436998121 -0.0290959906 0.027999999 -0.041618865 -0.0277104639 0.027999999 -0.0432722121 -0.0250502601 0.0304999985 -0.0436998121 -0.0290959906 0.027999999 -0.0432722121 -0.0250502601 0.0304999985 -0.049231872 -0.0182338357 0.027999999 -0.0432722121 -0.0250502601 0.027999999 -0.0468874946 -0.0173655562 0.0304999985 -0.049231872 -0.0182338357 0.0304999985 -0.049231872 -0.0182338357 0.027999999 -0.0468874946 -0.0173655562 0.027999999 -0.0480097197 -0.0139666274 0.0304999985 -0.049231872 -0.0182338357 0.027999999 -0.0480097197 -0.0139666274 0.0304999985 -0.0521098301 -0.00638868846 0.027999999 -0.0480097197 -0.0139666274 0.027999999 -0.0496284105 -0.00608446496 0.0304999985 -0.0521098301 -0.00638868846 0.0304999985 -0.0521098301 -0.00638868846 0.027999999 -0.0496284105 -0.00608446496 0.027999999 -0.049957078 -0.00207130541 0.0304999985 -0.0521098301 -0.00638868846 0.027999999 -0.049957078 -0.00207130541 0.0304999985 -0.0521785393 0.00580087351 0.027999999 -0.049957078 -0.00207130541 0.027999999 -0.0496938452 0.00552464277 0.0304999985 -0.0521785393 0.00580087351 0.0304999985 -0.0521785393 0.00580087351 0.027999999 -0.0496938452 0.00552464277 0.027999999 -0.0490011126 0.0099443933 0.0304999985 -0.0521785393 0.00580087351 0.027999999 -0.0490011126 0.0099443933 0.0304999985 -0.0494342856 0.0176777095 0.027999999 -0.0490011126 0.0099443933 0.027999999 -0.0470802709 0.0168359149 0.0304999985 -0.0494342856 0.0176777095 0.0304999985 -0.0494342856 0.0176777095 0.027999999 -0.0470802709 0.0168359149 0.027999999 -0.0451973826 0.0213821623 0.0304999985 -0.0494342856 0.0176777095 0.027999999 -0.0451973826 0.0213821623 0.0304999985 -0.0440250151 0.0286015347 0.027999999 -0.0451973826 0.0213821623 0.027999999 -0.0419285893 0.0272395611 0.0304999985 -0.0440250151 0.0286015347 0.0304999985 -0.0440250151 0.0286015347 0.027999999 -0.0419285893 0.0272395611 0.027999999 -0.0387669392 0.0315772742 0.0304999985 -0.0440250151 0.0286015347 0.027999999 -0.0387669392 0.0315772742 0.0304999985 -0.0362423472 0.0379834436 0.027999999 -0.0387669392 0.0315772742 0.027999999 -0.0345165245 0.0361747108 0.0304999985 -0.0362423472 0.0379834436 0.0304999985 -0.0362423472 0.0379834436 0.027999999 -0.0345165245 0.0361747108 0.027999999 -0.0300835054 0.0399372317 0.0304999985 -0.0362423472 0.0379834436 0.027999999 -0.0300835054 0.0399372317 0.0304999985 -0.0265058465 0.0453176573 0.0304999985 -0.0265058465 0.0453176573 0.027999999 -0.0300835054 0.0399372317 0.027999999 -0.0252436642 0.0431596786 0.0304999985 -0.0265058465 0.0453176573 0.027999999 -0.0252436642 0.0431596786 0.0304999985 -0.0153404055 0.0502087846 0.027999999 -0.0252436642 0.0431596786 0.027999999 -0.0196517278 0.0459761843 0.0304999985 -0.0153404055 0.0502087846 0.0304999985 -0.0153404055 0.0502087846 0.027999999 -0.0196517278 0.0459761843 0.027999999 -0.0146099124 0.0478178933 0.0304999985 -0.0153404055 0.0502087846 0.027999999 -0.0146099124 0.0478178933 0.0304999985 -0.00334796146 0.0523931384 0.027999999 -0.0146099124 0.0478178933 0.027999999 -0.00807786547 0.0493431687 0.0304999985 -0.00334796146 0.0523931384 0.0304999985 -0.00334796146 0.0523931384 0.027999999 -0.00807786547 0.0493431687 0.027999999 -0.00318853557 0.0498982295 0.0304999985 -0.00334796146 0.0523931384 0.027999999 -0.00318853557 0.0498982295 0.0304999985 0.0088249743 0.0517529696 0.027999999 -0.00318853557 0.0498982295 0.027999999 0.00396545697 0.0498425029 0.0304999985 0.0088249743 0.0517529696 0.0304999985 0.0088249743 0.0517529696 0.027999999 0.00396545697 0.0498425029 0.027999999 0.00840473548 0.0492885411 0.0304999985 0.0088249743 0.0517529696 0.027999999 0.00840473548 0.0492885411 0.0304999985 0.0205221511 0.0483227856 0.027999999 0.00840473548 0.0492885411 0.027999999 0.015778318 0.047445178 0.0304999985 0.0205221511 0.0483227856 0.0304999985 0.0205221511 0.0483227856 0.027999999 0.015778318 0.047445178 0.027999999 0.0195449051 0.0460216962 0.0304999985 0.0205221511 0.0483227856 0.027999999 0.0195449051 0.0460216962 0.0304999985 0.0311129745 0.0422875024 0.027999999 0.0195449051 0.0460216962 0.027999999 0.0266741998 0.042290505 0.0304999985 0.0311129745 0.0422875024 0.0304999985 0.0311129745 0.0422875024 0.027999999 0.0266741998 0.042290505 0.027999999 0.0296314042 0.0402738117 0.0304999985 0.0311129745 0.0422875024 0.027999999 0.0296314042 0.0402738117 0.0304999985 0.0400264896 0.0339724906 0.027999999 0.0296314042 0.0402738117 0.027999999 0.0360198766 0.0346780643 0.0304999985 0.0400264896 0.0339724906 0.0304999985 0.0400264896 0.0339724906 0.027999999 0.0360198766 0.0346780643 0.027999999 0.0381204635 0.0323547535 0.0304999985 0.0400264896 0.0339724906 0.027999999 0.0381204635 0.0323547535 0.0304999985 0.046782162 0.0238260143 0.027999999 0.0381204635 0.0323547535 0.027999999 0.0432722121 0.0250502601 0.0304999985 0.046782162 0.0238260143 0.0304999985 0.046782162 0.0238260143 0.027999999 0.0432722121 0.0250502601 0.027999999 0.0445544422 0.0226914436 0.0304999985 0.046782162 0.0238260143 0.027999999 0.0445544422 0.0226914436 0.0304999985 0.0510158055 0.0123950709 0.027999999 0.0445544422 0.0226914436 0.027999999 0.0480097197 0.0139666274 0.0304999985 0.0510158055 0.0123950709 0.0304999985 0.0510158055 0.0123950709 0.027999999 0.0480097197 0.0139666274 0.027999999 0.0485864803 0.0118048303 0.0304999985 0.0510158055 0.0123950709 0.027999999 0.0485864803 0.0118048303 0.0304999985 0.0524991676 0.000295908249 0.027999999 0.0485864803 0.0118048303 0.027999999 0.049957078 0.00207130541 0.0304999985 0.0524991676 0.000295908249 0.0304999985 0.0524991676 0.000295908249 0.027999999 0.049957078 0.00207130541 0.027999999 0.0499992035 0.000281816057 0.0304999985 0.0524991676 0.000295908249 0.027999999 0.0499992035 0.000281816057 0.0304999985 0.0511522889 -0.0118192108 0.027999999 0.0499992035 0.000281816057 0.027999999 0.0490011126 -0.0099443933 0.0304999985 0.0511522889 -0.0118192108 0.0304999985 0.0511522889 -0.0118192108 0.027999999 0.0490011126 -0.0099443933 0.027999999 0.0487164631 -0.0112563893 0.0304999985 0.0511522889 -0.0118192108 0.027999999 0.0487164631 -0.0112563893 0.0304999985 0.0470477715 -0.0232971534 0.027999999 0.0487164631 -0.0112563893 0.027999999 0.0451973826 -0.0213821623 0.0304999985 0.0470477715 -0.0232971534 0.0304999985 0.0470477715 -0.0232971534 0.027999999 0.0451973826 -0.0213821623 0.027999999 0.0448074006 -0.022187762 0.0304999985 0.0470477715 -0.0232971534 0.027999999 0.0448074006 -0.022187762 0.0304999985 0.0404069014 -0.0335191339 0.027999999 0.0448074006 -0.022187762 0.027999999 0.0387669392 -0.0315772742 0.0304999985 0.0404069014 -0.0335191339 0.0304999985 0.0404069014 -0.0335191339 0.027999999 0.0387669392 -0.0315772742 0.027999999 0.0384827629 -0.0319229886 0.0304999985 0.0404069014 -0.0335191339 0.027999999 0.0384827629 -0.0319229886 0.0304999985 0.0315876827 -0.0419340953 0.027999999 0.0300835054 -0.0399372317 0.0304999985 0.0315876827 -0.0419340953 0.027999999 0.0300835054 -0.0399372317 0.0304999985 0.0210655648 -0.0480883755 0.027999999 0.0200624429 -0.0457984544 0.0304999985 0.0210655648 -0.0480883755 0.027999999 0.0200624429 -0.0457984544 0.027999999 0.0196517278 -0.0459761843 0.0175000001 -0.0661837161 0.0878619105 0.0200000014 -0.057560537 0.0907911509 0.0175000001 -0.058899153 0.0929025859 0.0175000001 -0.058899153 0.0929025859 0.0200000014 -0.057560537 0.0907911509 0.0200000014 -0.0422512181 0.0988487974 0.0175000001 -0.0432338044 0.1011476 0.0175000001 -0.0432338044 0.1011476 0.0200000014 -0.0422512181 0.0988487974 0.0200000014 -0.0258476119 0.104346305 0.0175000001 -0.0264487192 0.106772959 0.0175000001 -0.0264487192 0.106772959 0.0200000014 -0.0258476119 0.104346305 0.0200000014 -0.00877456646 0.107141294 0.0175000001 -0.00897862669 0.109632947 0.0175000001 -0.00897862669 0.109632947 0.0200000014 -0.00877456646 0.107141294 0.0200000014 0.00852573197 0.107161373 0.0175000001 0.00872400682 0.10965351 0.0175000001 0.00872400682 0.10965351 0.0200000014 0.00852573197 0.107161373 0.0200000014 0.0256052203 0.104406044 0.0175000001 0.0262006894 0.106834091 0.0175000001 0.0262006894 0.106834091 0.0200000014 0.0256052203 0.104406044 0.0200000014 0.0420215502 0.0989466533 0.0175000001 0.0429987945 0.101247735 0.0175000001 0.0429987945 0.101247735 0.0200000014 0.0420215502 0.0989466533 0.0200000014 0.0573495366 0.0909245834 0.0175000001 0.0586832501 0.0930391178 0.0175000001 0.0586832501 0.0930391178 0.0200000014 0.0573495366 0.0909245834 0.0200000014 0.071192205 0.0805476308 0.0175000001 0.0728478357 0.082420826 0.0175000001 0.0728478357 0.082420826 0.0200000014 0.071192205 0.0805476308 0.0200000014 0.0831910297 0.0680845156 0.0175000001 0.0851257071 0.0696678832 0.0175000001 0.0851257071 0.0696678832 0.0200000014 0.0831910297 0.0680845156 0.0200000014 0.0930352509 0.0538580641 0.0175000001 0.0951988623 0.0551105738 0.0175000001 0.0951988623 0.0551105738 0.0200000014 0.0930352509 0.0538580641 0.0200000014 0.100469917 0.0382367112 0.0175000001 0.102806427 0.039125938 0.0175000001 0.102806427 0.039125938 0.0200000014 0.100469917 0.0382367112 0.0200000014 0.105302453 0.0216250513 0.0175000001 0.107751347 0.0221279599 0.0175000001 0.107751347 0.0221279599 0.0200000014 0.105302453 0.0216250513 0.0200000014 0.107407719 0.00445330702 0.0175000001 0.109905571 0.00455687381 0.0175000001 0.109905571 0.00455687381 0.0200000014 0.107407719 0.00445330702 0.0200000014 0.106731176 -0.0128337722 0.0175000001 0.1092133 -0.0131322257 0.0175000001 0.1092133 -0.0131322257 0.0200000014 0.106731176 -0.0128337722 0.0200000014 0.103290364 -0.0297884643 0.0175000001 0.105692454 -0.0304812118 0.0175000001 0.105692454 -0.0304812118 0.0200000014 0.103290364 -0.0297884643 0.0200000014 0.0971743613 -0.0459716469 0.0175000001 0.0994342417 -0.0470407531 0.0175000001 0.0994342417 -0.0470407531 0.0200000014 0.0971743613 -0.0459716469 0.0200000014 0.0885416195 -0.0609641895 0.0175000001 0.0906007141 -0.0623819642 0.0175000001 0.0906007141 -0.0623819642 0.0200000014 0.0885416195 -0.0609641895 0.0200000014 0.0776156783 -0.0743777901 0.0175000001 0.0794206932 -0.0761075169 0.0175000001 0.0794206932 -0.0761075169 0.0200000014 0.0776156783 -0.0743777901 0.0200000014 0.0646795407 -0.0858650506 0.0175000001 0.0661837161 -0.0878619105 0.0175000001 0.0661837161 -0.0878619105 0.0200000014 0.0646795407 -0.0858650506 0.0200000014 0.0500682332 -0.0951284468 0.0175000001 0.0512326136 -0.0973407477 0.0175000001 0.0512326136 -0.0973407477 0.0200000014 0.0500682332 -0.0951284468 0.0200000014 0.0341601856 -0.10192807 0.0175000001 0.0349546112 -0.104298487 0.0175000001 0.0349546112 -0.104298487 0.0200000014 0.0341601856 -0.10192807 0.0200000014 0.0173674095 -0.106087811 0.0175000001 0.0177712999 -0.108554967 0.0175000001 0.0177712999 -0.108554967 0.0200000014 0.0173674095 -0.106087811 0.0200000014 0.000124826154 -0.107499927 0.0175000001 0.000127724823 -0.109999925 0.0175000001 0.000127724823 -0.109999925 0.0200000014 0.000124826154 -0.107499927 0.0200000014 -0.0171209909 -0.106127858 0.0175000001 -0.0175191611 -0.108595945 0.0175000001 -0.0175191611 -0.108595945 0.0200000014 -0.0171209909 -0.106127858 0.0200000014 -0.0339233838 -0.102007128 0.0175000001 -0.0347122997 -0.104379386 0.0175000001 -0.0347122997 -0.104379386 0.0200000014 -0.0339233838 -0.102007128 0.0200000014 -0.0498471856 -0.0952444673 0.0175000001 -0.0510064177 -0.0974594504 0.0175000001 -0.0510064177 -0.0974594504 0.0200000014 -0.0498471856 -0.0952444673 0.0200000014 -0.064479962 -0.0860150233 0.0175000001 -0.0659794956 -0.0880153775 0.0175000001 -0.0659794956 -0.0880153775 0.0200000014 -0.064479962 -0.0860150233 0.0200000014 -0.0774427429 -0.0745578408 0.0175000001 -0.0792437345 -0.0762917399 0.0175000001 -0.0792437345 -0.0762917399 0.0200000014 -0.0774427429 -0.0745578408 0.0200000014 -0.0883997977 -0.061169643 0.0175000001 -0.0904556066 -0.0625921935 0.0175000001 -0.0904556066 -0.0625921935 0.0200000014 -0.0883997977 -0.061169643 0.0200000014 -0.0970673487 -0.0461971946 0.0175000001 -0.0993247256 -0.047271546 0.0175000001 -0.0993247256 -0.047271546 0.0200000014 -0.0970673487 -0.0461971946 0.0200000014 -0.103220902 -0.0300282538 0.0175000001 -0.105621383 -0.0307265874 0.0175000001 -0.105621383 -0.0307265874 0.0200000014 -0.103220902 -0.0300282538 0.0200000014 -0.106701091 -0.0130815981 0.0175000001 -0.109182514 -0.0133858239 0.0175000001 -0.109182514 -0.0133858239 0.0200000014 -0.106701091 -0.0130815981 0.0200000014 -0.107417777 0.00420386298 0.0175000001 -0.109915853 0.00430162763 0.0175000001 -0.109915853 0.00430162763 0.0200000014 -0.107417777 0.00420386298 0.0200000014 -0.105352394 0.021380445 0.0175000001 -0.107802451 0.0218776632 0.0175000001 -0.107802451 0.0218776632 0.0200000014 -0.105352394 0.021380445 0.0200000014 -0.100558437 0.0380032845 0.0175000001 -0.102897003 0.0388870798 0.0175000001 -0.102897003 0.0388870798 0.0200000014 -0.100558437 0.0380032845 0.0200000014 -0.0931600779 0.0536418632 0.0175000001 -0.095326595 0.0548893437 0.0175000001 -0.095326595 0.0548893437 0.0200000014 -0.0931600779 0.0536418632 0.0200000014 -0.083348915 0.0678911433 0.0175000001 -0.0852872729 0.0694700032 0.0175000001 -0.0852872729 0.0694700032 0.0200000014 -0.083348915 0.0678911433 0.0200000014 -0.0713790655 0.0803820789 0.0175000001 -0.0730390474 0.0822514296 0.0175000001 -0.0730390474 0.0822514296 0.0200000014 -0.0713790655 0.0803820789 0.0200000014 -0.0646795407 0.0858650506 0.0175000001 -0.0661837161 0.0878619105 0.0200000014 -0.0646795407 0.0858650506 0.00250000018 -0.0294904429 0.0499431044 0 -0.0307615828 0.052095823 0.00250000018 -0.0237131603 0.0529309548 0 -0.0247352794 0.0552124605 0.00250000018 -0.0237131603 0.0529309548 0 -0.0247352794 0.0552124605 0.00250000018 -0.01763767 0.0552531667 6.9388939e-17 -0.0183979142 0.0576347709 0.00250000018 -0.01763767 0.0552531667 6.9388939e-17 -0.0183979142 0.0576347709 0.00250000018 -0.0113403751 0.0568805411 0 -0.0118291844 0.0593322888 0.00250000018 -0.0113403751 0.0568805411 0 -0.0118291844 0.0593322888 0.00250000018 -0.00490047131 0.0577926077 6.9388939e-17 -0.00511169946 0.0602836683 0.00250000018 -0.00490047131 0.0577926077 6.9388939e-17 -0.00511169946 0.0602836683 0.00250000018 0.00160106039 0.0579778999 0 0.00167007314 0.0604769439 0.00250000018 0.00160106039 0.0579778999 0 0.00167007314 0.0604769439 0.00250000018 0.00808245875 0.057434082 0 0.00843084138 0.0599096939 0.00250000018 0.00808245875 0.057434082 0 0.00843084138 0.0599096939 0.00250000018 0.0144622158 0.0561679974 0 0.0150855854 0.0585890338 0.00250000018 0.0144622158 0.0561679974 0 0.0150855854 0.0585890338 0.00250000018 0.0206601024 0.0541955754 0 0.0215506256 0.0565315932 0.00250000018 0.0206601024 0.0541955754 0 0.0215506256 0.0565315932 0.00250000018 0.0265981723 0.0515416078 6.9388939e-17 0.0277446434 0.0537632257 0.00250000018 0.0265981723 0.0515416078 6.9388939e-17 0.0277446434 0.0537632257 0.00250000018 0.0322017558 0.0482394733 0 0.0335897654 0.0503187627 0.00250000018 0.0322017558 0.0482394733 0 0.0335897654 0.0503187627 0.00250000018 0.0374003872 0.0443306975 6.9388939e-17 0.0390124731 0.0462415069 0.00250000018 0.0374003872 0.0443306975 6.9388939e-17 0.0390124731 0.0462415069 0.00250000018 0.0421286821 0.0398644432 0 0.0439445749 0.0415827371 0.00250000018 0.0421286821 0.0398644432 0 0.0439445749 0.0415827371 0.00250000018 0.0463271886 0.0348968655 0 0.0483240522 0.0364010446 0.00250000018 0.0463271886 0.0348968655 0 0.0483240522 0.0364010446 0.00250000018 0.0499431044 0.0294904429 0 0.052095823 0.0307615828 0.00250000018 0.0499431044 0.0294904429 0 0.052095823 0.0307615828 0.00250000018 0.0529309548 0.0237131603 0 0.0552124605 0.0247352794 0.00250000018 0.0529309548 0.0237131603 0 0.0552124605 0.0247352794 0.00250000018 0.0552531667 0.01763767 6.9388939e-17 0.0576347709 0.0183979142 0.00250000018 0.0552531667 0.01763767 6.9388939e-17 0.0576347709 0.0183979142 0.00250000018 0.0568805411 0.0113403751 6.9388939e-17 0.0593322888 0.0118291844 0.00250000018 0.0568805411 0.0113403751 6.9388939e-17 0.0593322888 0.0118291844 0.00250000018 0.0577926077 0.00490047131 0 0.0602836683 0.00511169946 0.00250000018 0.0577926077 0.00490047131 0 0.0602836683 0.00511169946 0.00250000018 0.0579778999 -0.00160106039 0 0.0604769439 -0.00167007314 0.00250000018 0.0579778999 -0.00160106039 0 0.0604769439 -0.00167007314 0.00250000018 0.057434082 -0.00808245875 6.9388939e-17 0.0599096939 -0.00843084138 0.00250000018 0.057434082 -0.00808245875 6.9388939e-17 0.0599096939 -0.00843084138 0.00250000018 0.0561679974 -0.0144622158 6.9388939e-17 0.0585890338 -0.0150855854 0.00250000018 0.0561679974 -0.0144622158 6.9388939e-17 0.0585890338 -0.0150855854 0.00250000018 0.0541955754 -0.0206601024 0 0.0565315932 -0.0215506256 0.00250000018 0.0541955754 -0.0206601024 0 0.0565315932 -0.0215506256 0.00250000018 0.0515416078 -0.0265981723 6.9388939e-17 0.0537632257 -0.0277446434 0.00250000018 0.0515416078 -0.0265981723 6.9388939e-17 0.0537632257 -0.0277446434 0.00250000018 0.0482394733 -0.0322017558 0 0.0503187627 -0.0335897654 0.00250000018 0.0482394733 -0.0322017558 0 0.0503187627 -0.0335897654 0.00250000018 0.0443306975 -0.0374003872 0 0.0462415069 -0.0390124731 0.00250000018 0.0443306975 -0.0374003872 0 0.0462415069 -0.0390124731 0.00250000018 0.0398644432 -0.0421286821 6.9388939e-17 0.0415827371 -0.0439445749 0.00250000018 0.0398644432 -0.0421286821 6.9388939e-17 0.0415827371 -0.0439445749 0.00250000018 0.0348968655 -0.0463271886 0 0.0364010446 -0.0483240522 0.00250000018 0.0348968655 -0.0463271886 0 0.0364010446 -0.0483240522 0.00250000018 0.0294904429 -0.0499431044 6.9388939e-17 0.0307615828 -0.052095823 0.00250000018 0.0294904429 -0.0499431044 6.9388939e-17 0.0307615828 -0.052095823 0.00250000018 0.0237131603 -0.0529309548 0 0.0247352794 -0.0552124605 0.00250000018 0.0237131603 -0.0529309548 0 0.0247352794 -0.0552124605 0.00250000018 0.01763767 -0.0552531667 0 0.0183979142 -0.0576347709 0.00250000018 0.01763767 -0.0552531667 0 0.0183979142 -0.0576347709 0.00250000018 0.0113403751 -0.0568805411 6.9388939e-17 0.0118291844 -0.0593322888 0.00250000018 0.0113403751 -0.0568805411 6.9388939e-17 0.0118291844 -0.0593322888 0.00250000018 0.00490047131 -0.0577926077 0 0.00511169946 -0.0602836683 0.00250000018 0.00490047131 -0.0577926077 0 0.00511169946 -0.0602836683 0.00250000018 -0.00160106039 -0.0579778999 6.9388939e-17 -0.00167007314 -0.0604769439 0.00250000018 -0.00160106039 -0.0579778999 6.9388939e-17 -0.00167007314 -0.0604769439 0.00250000018 -0.00808245875 -0.057434082 6.9388939e-17 -0.00843084138 -0.0599096939 0.00250000018 -0.00808245875 -0.057434082 6.9388939e-17 -0.00843084138 -0.0599096939 0.00250000018 -0.0144622158 -0.0561679974 0 -0.0150855854 -0.0585890338 0.00250000018 -0.0144622158 -0.0561679974 0 -0.0150855854 -0.0585890338 0.00250000018 -0.0206601024 -0.0541955754 0 -0.0215506256 -0.0565315932 0.00250000018 -0.0206601024 -0.0541955754 0 -0.0215506256 -0.0565315932 0.00250000018 -0.0265981723 -0.0515416078 0 -0.0277446434 -0.0537632257 0.00250000018 -0.0265981723 -0.0515416078 0 -0.0277446434 -0.0537632257 0.00250000018 -0.0322017558 -0.0482394733 6.9388939e-17 -0.0335897654 -0.0503187627 0.00250000018 -0.0322017558 -0.0482394733 6.9388939e-17 -0.0335897654 -0.0503187627 0.00250000018 -0.0374003872 -0.0443306975 0 -0.0390124731 -0.0462415069 0.00250000018 -0.0374003872 -0.0443306975 0 -0.0390124731 -0.0462415069 0.00250000018 -0.0421286821 -0.0398644432 6.9388939e-17 -0.0439445749 -0.0415827371 0.00250000018 -0.0421286821 -0.0398644432 6.9388939e-17 -0.0439445749 -0.0415827371 0.00250000018 -0.0463271886 -0.0348968655 0 -0.0483240522 -0.0364010446 0.00250000018 -0.0463271886 -0.0348968655 0 -0.0483240522 -0.0364010446 0.00250000018 -0.0499431044 -0.0294904429 0 -0.052095823 -0.0307615828 0.00250000018 -0.0499431044 -0.0294904429 0 -0.052095823 -0.0307615828 0.00250000018 -0.0529309548 -0.0237131603 0 -0.0552124605 -0.0247352794 0.00250000018 -0.0529309548 -0.0237131603 0 -0.0552124605 -0.0247352794 0.00250000018 -0.0552531667 -0.01763767 0 -0.0576347709 -0.0183979142 0.00250000018 -0.0552531667 -0.01763767 0 -0.0576347709 -0.0183979142 0.00250000018 -0.0568805411 -0.0113403751 0 -0.0593322888 -0.0118291844 0.00250000018 -0.0568805411 -0.0113403751 0 -0.0593322888 -0.0118291844 0.00250000018 -0.0577926077 -0.00490047131 0 -0.0602836683 -0.00511169946 0.00250000018 -0.0577926077 -0.00490047131 0 -0.0602836683 -0.00511169946 0.00250000018 -0.0579778999 0.00160106039 0 -0.0604769439 0.00167007314 0.00250000018 -0.0579778999 0.00160106039 0 -0.0604769439 0.00167007314 0.00250000018 -0.057434082 0.00808245875 0 -0.0599096939 0.00843084138 0.00250000018 -0.057434082 0.00808245875 0 -0.0599096939 0.00843084138 0.00250000018 -0.0561679974 0.0144622158 0 -0.0585890338 0.0150855854 0.00250000018 -0.0561679974 0.0144622158 0 -0.0585890338 0.0150855854 0.00250000018 -0.0541955754 0.0206601024 6.9388939e-17 -0.0565315932 0.0215506256 0.00250000018 -0.0541955754 0.0206601024 6.9388939e-17 -0.0565315932 0.0215506256 0.00250000018 -0.0515416078 0.0265981723 0 -0.0537632257 0.0277446434 0.00250000018 -0.0515416078 0.0265981723 0 -0.0537632257 0.0277446434 0.00250000018 -0.0482394733 0.0322017558 0 -0.0503187627 0.0335897654 0.00250000018 -0.0482394733 0.0322017558 0 -0.0503187627 0.0335897654 0.00250000018 -0.0443306975 0.0374003872 0 -0.0462415069 0.0390124731 0.00250000018 -0.0443306975 0.0374003872 0 -0.0462415069 0.0390124731 0.00250000018 -0.0398644432 0.0421286821 0 -0.0415827371 0.0439445749 0.00250000018 -0.0398644432 0.0421286821 0 -0.0415827371 0.0439445749 0.00250000018 -0.0348968655 0.0463271886 6.9388939e-17 -0.0364010446 0.0483240522 0.00250000018 -0.0348968655 0.0463271886 6.9388939e-17 -0.0364010446 0.0483240522 0.00250000018 -0.0294904429 0.0499431044 0 -0.0307615828 0.052095823 0.00250000018 0.0101747038 0.0871599615 6.9388939e-17 0.00987048261 0.0896413922 0.00250000018 0.0142754046 0.0865828916 6.9388939e-17 0.0152526479 0.0888839811 0.00250000018 0.0142754046 0.0865828916 6.9388939e-17 0.0152526479 0.0888839811 0.00250000018 0.0175381768 0.0840327889 6.9388939e-17 0.0195350386 0.0855369568 0.00250000018 0.0175381768 0.0840327889 6.9388939e-17 0.0195350386 0.0855369568 0.00250000018 0.0190887619 0.0801929384 0 0.0215701852 0.0804971606 0.00250000018 0.0190887619 0.0801929384 0 0.0215701852 0.0804971606 0.00250000018 0.0185116883 0.0760922432 6.9388939e-17 0.0208127759 0.0751149952 0.00250000018 0.0185116883 0.0760922432 6.9388939e-17 0.0208127759 0.0751149952 0.00250000018 0.01596158 0.07282947 0 0.0174657553 0.0708326027 0.00250000018 0.01596158 0.07282947 0 0.0174657553 0.0708326027 0.00250000018 0.0121217333 0.0712788776 6.9388939e-17 0.0124259563 0.0687974617 0.00250000018 0.0121217333 0.0712788776 6.9388939e-17 0.0124259563 0.0687974617 0.00250000018 0.0080210343 0.0718559548 0 0.00704379007 0.0695548654 0.00250000018 0.0080210343 0.0718559548 0 0.00704379007 0.0695548654 0.00250000018 0.00475826161 0.0744060576 0 0.00276139937 0.0729018897 0.00250000018 0.00475826161 0.0744060576 0 0.00276139937 0.0729018897 0.00250000018 0.00320767565 0.0782459155 0 0.000726252969 0.0779416859 0.00250000018 0.00320767565 0.0782459155 0 0.000726252969 0.0779416859 0.00250000018 0.00378475012 0.0823466107 6.9388939e-17 0.00148366275 0.0833238587 0.00250000018 0.00378475012 0.0823466107 6.9388939e-17 0.00148366275 0.0833238587 0.00250000018 0.00633485802 0.0856093764 0 0.00483068218 0.0876062438 0.00250000018 0.00633485802 0.0856093764 0 0.00483068218 0.0876062438 0.00250000018 0.0101747038 0.0871599615 6.9388939e-17 0.00987048261 0.0896413922 0.00250000018 -0.107802451 0.0218776632 0.00250000018 -0.102897003 0.0388870798 0 -0.103084803 0.030492207 0 -0.103084803 0.030492207 0.00250000018 -0.102897003 0.0388870798 0 -0.100558437 0.0380032845 0 -0.100558437 0.0380032845 0.00250000018 -0.102897003 0.0388870798 0.00250000018 -0.095326595 0.0548893437 0 -0.0931600779 0.0536418632 0 -0.0931600779 0.0536418632 0.00250000018 -0.095326595 0.0548893437 0.00250000018 -0.0852872729 0.0694700032 0 -0.083348915 0.0678911433 0 -0.083348915 0.0678911433 0.00250000018 -0.0852872729 0.0694700032 0.00250000018 -0.0730390474 0.0822514296 6.9388939e-17 -0.0713790655 0.0803820789 6.9388939e-17 -0.0713790655 0.0803820789 0.00250000018 -0.0730390474 0.0822514296 6.9388939e-17 -0.0646795407 0.0858650506 0.00250000018 -0.0661837161 0.0878619105 6.9388939e-17 -0.0646795407 0.0858650506 0.00250000018 -0.0661837161 0.0878619105 6.9388939e-17 -0.057560537 0.0907911509 0.00250000018 0.109905571 0.00455687381 6.9388939e-17 0.105302453 0.0216250513 0.00250000018 0.107751347 0.0221279599 0.00250000018 0.107751347 0.0221279599 6.9388939e-17 0.105302453 0.0216250513 0 0.100469917 0.0382367112 0.00250000018 0.102806427 0.039125938 0.00250000018 0.102806427 0.039125938 0 0.100469917 0.0382367112 6.9388939e-17 0.0930352509 0.0538580641 0.00250000018 0.0951988623 0.0551105738 0.00250000018 0.0951988623 0.0551105738 6.9388939e-17 0.0930352509 0.0538580641 6.9388939e-17 0.0831910297 0.0680845156 0.00250000018 0.0851257071 0.0696678832 0.00250000018 0.0851257071 0.0696678832 6.9388939e-17 0.0831910297 0.0680845156 6.9388939e-17 0.071192205 0.0805476308 0.00250000018 0.0728478357 0.082420826 0.00250000018 0.0728478357 0.082420826 6.9388939e-17 0.071192205 0.0805476308 0 0.0573495366 0.0909245834 0.00250000018 0.0586832501 0.0930391178 0.00250000018 0.0586832501 0.0930391178 0 0.0573495366 0.0909245834 0 0.0420215502 0.0989466533 0.00250000018 0.0429987945 0.101247735 0.00250000018 0.0429987945 0.101247735 0 0.0420215502 0.0989466533 6.9388939e-17 0.0256052203 0.104406044 0.00250000018 0.0262006894 0.106834091 0.00250000018 0.0262006894 0.106834091 6.9388939e-17 0.0256052203 0.104406044 6.9388939e-17 0.00852573197 0.107161373 0.00250000018 0.00872400682 0.10965351 0.00250000018 0.00872400682 0.10965351 6.9388939e-17 0.00852573197 0.107161373 0 -0.00877456646 0.107141294 0.00250000018 -0.00897862669 0.109632947 0.00250000018 -0.00897862669 0.109632947 0 -0.00877456646 0.107141294 0 -0.0258476119 0.104346305 0.00250000018 -0.0264487192 0.106772959 0.00250000018 -0.0264487192 0.106772959 0 -0.0258476119 0.104346305 0 -0.0422512181 0.0988487974 0.00250000018 -0.0432338044 0.1011476 0.00250000018 -0.0432338044 0.1011476 0 -0.0422512181 0.0988487974 6.9388939e-17 -0.057560537 0.0907911509 0.00250000018 -0.058899153 0.0929025859 0.00250000018 -0.058899153 0.0929025859 0 0.106731176 -0.0128337722 0 0.107495897 0.000939175428 0.00250000018 0.109905571 0.00455687381 0.00250000018 0.109905571 0.00455687381 0 0.107495897 0.000939175428 0 0.107407719 0.00445330702 0 0.107407719 0.00445330702 0 -0.103084803 0.030492207 6.9388939e-17 -0.105352394 0.021380445 0.00250000018 -0.107802451 0.0218776632 0.00250000018 -0.107802451 0.0218776632 6.9388939e-17 -0.105352394 0.021380445 6.9388939e-17 -0.107417777 0.00420386298 0.00250000018 -0.109915853 0.00430162763 0.00250000018 -0.109915853 0.00430162763 6.9388939e-17 -0.107417777 0.00420386298 0 -0.106701091 -0.0130815981 0.00250000018 -0.109182514 -0.0133858239 0.00250000018 -0.109182514 -0.0133858239 0 -0.106701091 -0.0130815981 0 -0.103220902 -0.0300282538 0.00250000018 -0.105621383 -0.0307265874 0.00250000018 -0.105621383 -0.0307265874 0 -0.103220902 -0.0300282538 0 -0.0970673487 -0.0461971946 0.00250000018 -0.0993247256 -0.047271546 0.00250000018 -0.0993247256 -0.047271546 0 -0.0970673487 -0.0461971946 6.9388939e-17 -0.0883997977 -0.061169643 0.00250000018 -0.0904556066 -0.0625921935 0.00250000018 -0.0904556066 -0.0625921935 6.9388939e-17 -0.0883997977 -0.061169643 0 -0.0774427429 -0.0745578408 0.00250000018 -0.0792437345 -0.0762917399 0.00250000018 -0.0792437345 -0.0762917399 0 -0.0774427429 -0.0745578408 6.9388939e-17 -0.064479962 -0.0860150233 0.00250000018 -0.0659794956 -0.0880153775 0.00250000018 -0.0659794956 -0.0880153775 6.9388939e-17 -0.064479962 -0.0860150233 0 -0.0498471856 -0.0952444673 0.00250000018 -0.0510064177 -0.0974594504 0.00250000018 -0.0510064177 -0.0974594504 0 -0.0498471856 -0.0952444673 6.9388939e-17 -0.0339233838 -0.102007128 0.00250000018 -0.0347122997 -0.104379386 0.00250000018 -0.0347122997 -0.104379386 6.9388939e-17 -0.0339233838 -0.102007128 0 -0.0171209909 -0.106127858 0.00250000018 -0.0175191611 -0.108595945 0.00250000018 -0.0175191611 -0.108595945 0 -0.0171209909 -0.106127858 0 0.000124826154 -0.107499927 0.00250000018 0.000127724823 -0.109999925 0.00250000018 0.000127724823 -0.109999925 0 0.000124826154 -0.107499927 0 0.0173674095 -0.106087811 0.00250000018 0.0177712999 -0.108554967 0.00250000018 0.0177712999 -0.108554967 0 0.0173674095 -0.106087811 0 0.0341601856 -0.10192807 0.00250000018 0.0349546112 -0.104298487 0.00250000018 0.0349546112 -0.104298487 0 0.0341601856 -0.10192807 0 0.0500682332 -0.0951284468 0.00250000018 0.0512326136 -0.0973407477 0.00250000018 0.0512326136 -0.0973407477 0 0.0500682332 -0.0951284468 0 0.0646795407 -0.0858650506 0.00250000018 0.0661837161 -0.0878619105 0.00250000018 0.0661837161 -0.0878619105 0 0.0646795407 -0.0858650506 0 0.0776156783 -0.0743777901 0.00250000018 0.0794206932 -0.0761075169 0.00250000018 0.0794206932 -0.0761075169 0 0.0776156783 -0.0743777901 0 0.0885416195 -0.0609641895 0.00250000018 0.0906007141 -0.0623819642 0.00250000018 0.0906007141 -0.0623819642 0 0.0885416195 -0.0609641895 6.9388939e-17 0.0971743613 -0.0459716469 0.00250000018 0.0994342417 -0.0470407531 0.00250000018 0.0994342417 -0.0470407531 6.9388939e-17 0.0971743613 -0.0459716469 0 0.103290364 -0.0297884643 0.00250000018 0.105692454 -0.0304812118 0.00250000018 0.105692454 -0.0304812118 0 0.103290364 -0.0297884643 0 0.106731176 -0.0128337722 0.00250000018 0.1092133 -0.0131322257 0.00250000018 0.1092133 -0.0131322257 0 0.106731176 -0.0128337722 0.00250000018 0.109905571 0.00455687381 0.00250000018 -0.0801929384 0.0190887619 0 -0.0804971606 0.0215701852 0.00250000018 -0.0760922432 0.0185116883 0 -0.0751149952 0.0208127759 0.00250000018 -0.0760922432 0.0185116883 0 -0.0751149952 0.0208127759 0.00250000018 -0.07282947 0.01596158 0 -0.0708326027 0.0174657553 0.00250000018 -0.07282947 0.01596158 0 -0.0708326027 0.0174657553 0.00250000018 -0.0712788776 0.0121217333 0 -0.0687974617 0.0124259563 0.00250000018 -0.0712788776 0.0121217333 0 -0.0687974617 0.0124259563 0.00250000018 -0.0718559548 0.0080210343 6.9388939e-17 -0.0695548654 0.00704379007 0.00250000018 -0.0718559548 0.0080210343 6.9388939e-17 -0.0695548654 0.00704379007 0.00250000018 -0.0744060576 0.00475826161 0 -0.0729018897 0.00276139937 0.00250000018 -0.0744060576 0.00475826161 0 -0.0729018897 0.00276139937 0.00250000018 -0.0782459155 0.00320767565 6.9388939e-17 -0.0779416859 0.000726252969 0.00250000018 -0.0782459155 0.00320767565 6.9388939e-17 -0.0779416859 0.000726252969 0.00250000018 -0.0823466107 0.00378475012 0 -0.0833238587 0.00148366275 0.00250000018 -0.0823466107 0.00378475012 0 -0.0833238587 0.00148366275 0.00250000018 -0.0856093764 0.00633485802 0 -0.0876062438 0.00483068218 0.00250000018 -0.0856093764 0.00633485802 0 -0.0876062438 0.00483068218 0.00250000018 -0.0871599615 0.0101747038 0 -0.0896413922 0.00987048261 0.00250000018 -0.0871599615 0.0101747038 0 -0.0896413922 0.00987048261 0.00250000018 -0.0865828916 0.0142754046 0 -0.0888839811 0.0152526479 0.00250000018 -0.0865828916 0.0142754046 0 -0.0888839811 0.0152526479 0.00250000018 -0.0840327889 0.0175381768 6.9388939e-17 -0.0855369568 0.0195350386 0.00250000018 -0.0840327889 0.0175381768 6.9388939e-17 -0.0855369568 0.0195350386 0.00250000018 -0.0801929384 0.0190887619 0 -0.0804971606 0.0215701852 0.0304999985 0.0410701558 -0.0437406264 0.0304999985 0.0361002088 -0.0479246825 0.027999999 0.0376043841 -0.0499215424 0.027999999 0.0376043841 -0.0499215424 0.0304999985 0.0361002088 -0.0479246825 0.027999999 0.0319864787 -0.0536946505 0.0304999985 0.0307070184 -0.0515468605 0.027999999 0.0319864787 -0.0536946505 0.0304999985 0.0307070184 -0.0515468605 0.0304999985 0.0189080518 -0.056942828 0.027999999 0.0196958892 -0.0593154468 0.027999999 0.0196958892 -0.0593154468 0.0304999985 0.0189080518 -0.056942828 0.0304999985 0.0062249694 -0.0596762076 0.027999999 0.00648434227 -0.0621627122 0.027999999 0.00648434227 -0.0621627122 0.0304999985 0.0062249694 -0.0596762076 0.0304999985 -0.00674918713 -0.0596191958 0.027999999 -0.00703040324 -0.0621033311 0.027999999 -0.00703040324 -0.0621033311 0.0304999985 -0.00674918713 -0.0596191958 0.0304999985 -0.0194077604 -0.0567744598 0.027999999 -0.0202164166 -0.0591400601 0.027999999 -0.0202164166 -0.0591400601 0.0304999985 -0.0194077604 -0.0567744598 0.0304999985 -0.0311588477 -0.0512750074 0.027999999 -0.0324571319 -0.0534114614 0.027999999 -0.0324571319 -0.0534114614 0.0304999985 -0.0311588477 -0.0512750074 0.0304999985 -0.0414529815 -0.0433779918 0.027999999 -0.04318019 -0.0451854095 0.027999999 -0.04318019 -0.0451854095 0.0304999985 -0.0414529815 -0.0433779918 0.0304999985 -0.0498088226 -0.0334526747 0.027999999 -0.0518841892 -0.0348465368 0.027999999 -0.0518841892 -0.0348465368 0.0304999985 -0.0498088226 -0.0334526747 0.0304999985 -0.0558356531 -0.0219631456 0.027999999 -0.0581621379 -0.0228782762 0.027999999 -0.0581621379 -0.0228782762 0.0304999985 -0.0558356531 -0.0219631456 0.0304999985 -0.0592516735 -0.00944664329 0.027999999 -0.0617204942 -0.0098402556 0.027999999 -0.0617204942 -0.0098402556 0.0304999985 -0.0592516735 -0.00944664329 0.0304999985 -0.0598971508 0.00351157365 0.027999999 -0.0623928681 0.00365788839 0.027999999 -0.0623928681 0.00365788839 0.0304999985 -0.0598971508 0.00351157365 0.0304999985 -0.0577419065 0.01630559 0.027999999 -0.0601478219 0.016984988 0.027999999 -0.0601478219 0.016984988 0.0304999985 -0.0577419065 0.01630559 0.0304999985 -0.0528867133 0.0283371769 0.027999999 -0.0550903231 0.0295178946 0.027999999 -0.0550903231 0.0295178946 0.0304999985 -0.0528867133 0.0283371769 0.0304999985 -0.0455585942 0.0390437506 0.027999999 -0.047456868 0.0406705737 0.027999999 -0.047456868 0.0406705737 0.0304999985 -0.0455585942 0.0390437506 0.0304999985 -0.0361002088 0.0479246825 0.027999999 -0.0376043841 0.0499215424 0.027999999 -0.0376043841 0.0499215424 0.0304999985 -0.0361002088 0.0479246825 0.0304999985 -0.0249538161 0.0545647033 0.027999999 -0.0259935576 0.0568382367 0.027999999 -0.0259935576 0.0568382367 0.0304999985 -0.0249538161 0.0545647033 0.0304999985 -0.0126406094 0.0586533472 0.027999999 -0.0131673031 0.0610972345 0.027999999 -0.0131673031 0.0610972345 0.0304999985 -0.0126406094 0.0586533472 0.0304999985 0.000263655907 0.0599994212 0.027999999 0.000274642371 0.0624993965 0.027999999 0.000274642371 0.0624993965 0.0304999985 0.000263655907 0.0599994212 0.0304999985 0.0131555917 0.0585399903 0.027999999 0.0137037421 0.0609791577 0.027999999 0.0137037421 0.0609791577 0.0304999985 0.0131555917 0.0585399903 0.0304999985 0.0254323892 0.0543432981 0.027999999 0.0264920741 0.0566075966 0.027999999 0.0264920741 0.0566075966 0.0304999985 0.0254323892 0.0543432981 0.0304999985 0.0365199968 0.047605563 0.027999999 0.0380416624 0.049589131 0.027999999 0.0380416624 0.049589131 0.0304999985 0.0365199968 0.047605563 0.0304999985 0.0458999686 0.0386418551 0.027999999 0.0478124656 0.040251933 0.027999999 0.0478124656 0.040251933 0.0304999985 0.0458999686 0.0386418551 0.0304999985 0.0531337075 0.0278712921 0.027999999 0.0553476103 0.0290325955 0.027999999 0.0553476103 0.0290325955 0.0304999985 0.0531337075 0.0278712921 0.0304999985 0.0578829795 0.0157974996 0.027999999 0.0602947623 0.0164557286 0.027999999 0.0602947623 0.0164557286 0.0304999985 0.0578829795 0.0157974996 0.0304999985 0.0599257052 0.00298503507 0.027999999 0.0624226071 0.0031094111 0.027999999 0.0624226071 0.0031094111 0.0304999985 0.0599257052 0.00298503507 0.0304999985 0.0591663644 -0.00996700954 0.027999999 0.0616316311 -0.0103823012 0.027999999 0.0616316311 -0.0103823012 0.0304999985 0.0591663644 -0.00996700954 0.0304999985 0.0556404814 -0.0224530045 0.027999999 0.0579588264 -0.023388546 0.027999999 0.0579588264 -0.023388546 0.0304999985 0.0556404814 -0.0224530045 0.0304999985 0.0495129004 -0.0338891223 0.027999999 0.0515759401 -0.0353011712 0.027999999 0.0515759401 -0.0353011712 0.0304999985 0.0495129004 -0.0338891223 0.0304999985 0.0410701558 -0.0437406264 0.027999999 0.0427814163 -0.0455631502 0.027999999 0.0427814163 -0.0455631502 0.00250000018 -0.0121217333 -0.0712788776 0 -0.0124259563 -0.0687974617 0.00250000018 -0.0080210343 -0.0718559548 6.9388939e-17 -0.00704379007 -0.0695548654 0.00250000018 -0.0080210343 -0.0718559548 6.9388939e-17 -0.00704379007 -0.0695548654 0.00250000018 -0.00475826161 -0.0744060576 6.9388939e-17 -0.00276139937 -0.0729018897 0.00250000018 -0.00475826161 -0.0744060576 6.9388939e-17 -0.00276139937 -0.0729018897 0.00250000018 -0.00320767565 -0.0782459155 6.9388939e-17 -0.000726252969 -0.0779416859 0.00250000018 -0.00320767565 -0.0782459155 6.9388939e-17 -0.000726252969 -0.0779416859 0.00250000018 -0.00378475012 -0.0823466107 0 -0.00148366275 -0.0833238587 0.00250000018 -0.00378475012 -0.0823466107 0 -0.00148366275 -0.0833238587 0.00250000018 -0.00633485802 -0.0856093764 6.9388939e-17 -0.00483068218 -0.0876062438 0.00250000018 -0.00633485802 -0.0856093764 6.9388939e-17 -0.00483068218 -0.0876062438 0.00250000018 -0.0101747038 -0.0871599615 6.9388939e-17 -0.00987048261 -0.0896413922 0.00250000018 -0.0101747038 -0.0871599615 6.9388939e-17 -0.00987048261 -0.0896413922 0.00250000018 -0.0142754046 -0.0865828916 0 -0.0152526479 -0.0888839811 0.00250000018 -0.0142754046 -0.0865828916 0 -0.0152526479 -0.0888839811 0.00250000018 -0.0175381768 -0.0840327889 0 -0.0195350386 -0.0855369568 0.00250000018 -0.0175381768 -0.0840327889 0 -0.0195350386 -0.0855369568 0.00250000018 -0.0190887619 -0.0801929384 6.9388939e-17 -0.0215701852 -0.0804971606 0.00250000018 -0.0190887619 -0.0801929384 6.9388939e-17 -0.0215701852 -0.0804971606 0.00250000018 -0.0185116883 -0.0760922432 6.9388939e-17 -0.0208127759 -0.0751149952 0.00250000018 -0.0185116883 -0.0760922432 6.9388939e-17 -0.0208127759 -0.0751149952 0.00250000018 -0.01596158 -0.07282947 0 -0.0174657553 -0.0708326027 0.00250000018 -0.01596158 -0.07282947 0 -0.0174657553 -0.0708326027 0.00250000018 -0.0121217333 -0.0712788776 0 -0.0124259563 -0.0687974617 0.00250000018 0.0471600965 -0.055959031 0 0.0468558744 -0.0534776077 0.00250000018 0.0512607954 -0.0565361045 6.9388939e-17 0.0522380397 -0.0542350151 0.00250000018 0.0512607954 -0.0565361045 6.9388939e-17 0.0522380397 -0.0542350151 0.00250000018 0.0545235723 -0.0590862148 6.9388939e-17 0.0565204322 -0.0575820394 0.00250000018 0.0545235723 -0.0590862148 6.9388939e-17 0.0565204322 -0.0575820394 0.00250000018 0.0560741536 -0.062926054 0 0.0585555732 -0.0626218393 0.00250000018 0.0560741536 -0.062926054 0 0.0585555732 -0.0626218393 0.00250000018 0.0554970838 -0.0670267567 0 0.0577981696 -0.0680040047 0.00250000018 0.0554970838 -0.0670267567 0 0.0577981696 -0.0680040047 0.00250000018 0.0529469736 -0.0702895299 0 0.054451149 -0.0722863972 0.00250000018 0.0529469736 -0.0702895299 0 0.054451149 -0.0722863972 0.00250000018 0.0491071269 -0.0718401223 6.9388939e-17 0.0494113527 -0.0743215457 0.00250000018 0.0491071269 -0.0718401223 6.9388939e-17 0.0494113527 -0.0743215457 0.00250000018 0.0450064242 -0.0712630451 6.9388939e-17 0.0440291837 -0.0735641345 0.00250000018 0.0450064242 -0.0712630451 6.9388939e-17 0.0440291837 -0.0735641345 0.00250000018 0.0417436585 -0.0687129349 6.9388939e-17 0.0397467948 -0.0702171102 0.00250000018 0.0417436585 -0.0687129349 6.9388939e-17 0.0397467948 -0.0702171102 0.00250000018 0.040193066 -0.0648730919 6.9388939e-17 0.0377116427 -0.065177314 0.00250000018 0.040193066 -0.0648730919 6.9388939e-17 0.0377116427 -0.065177314 0.00250000018 0.0407701395 -0.0607723892 0 0.0384690538 -0.0597951412 0.00250000018 0.0407701395 -0.0607723892 0 0.0384690538 -0.0597951412 0.00250000018 0.0433202498 -0.057509616 0 0.0418160707 -0.0555127524 0.00250000018 0.0433202498 -0.057509616 0 0.0418160707 -0.0555127524 0.00250000018 0.0471600965 -0.055959031 0 0.0468558744 -0.0534776077 0.0075000003 -0.0470477715 0.0232971534 0.0075000003 -0.0404069014 0.0335191339 0.0100000007 -0.0387669392 0.0315772742 0.0100000007 -0.0387669392 0.0315772742 0.0100000007 -0.0448074006 0.022187762 0.0075000003 -0.0470477715 0.0232971534 0.0075000003 -0.0470477715 0.0232971534 0.0100000007 -0.0448074006 0.022187762 0.0100000007 -0.0451973826 0.0213821623 0.0075000003 -0.0470477715 0.0232971534 0.0100000007 -0.0451973826 0.0213821623 0.0075000003 -0.0511522889 0.0118192108 0.0100000007 -0.0451973826 0.0213821623 0.0100000007 -0.0487164631 0.0112563893 0.0075000003 -0.0511522889 0.0118192108 0.0075000003 -0.0511522889 0.0118192108 0.0100000007 -0.0487164631 0.0112563893 0.0100000007 -0.0490011126 0.0099443933 0.0075000003 -0.0511522889 0.0118192108 0.0100000007 -0.0490011126 0.0099443933 0.0075000003 -0.0524991676 -0.000295908249 0.0100000007 -0.0490011126 0.0099443933 0.0100000007 -0.0499992035 -0.000281816057 0.0075000003 -0.0524991676 -0.000295908249 0.0075000003 -0.0524991676 -0.000295908249 0.0100000007 -0.0499992035 -0.000281816057 0.0100000007 -0.049957078 -0.00207130541 0.0075000003 -0.0524991676 -0.000295908249 0.0100000007 -0.049957078 -0.00207130541 0.0075000003 -0.0510158055 -0.0123950709 0.0100000007 -0.049957078 -0.00207130541 0.0100000007 -0.0485864803 -0.0118048303 0.0075000003 -0.0510158055 -0.0123950709 0.0075000003 -0.0510158055 -0.0123950709 0.0100000007 -0.0485864803 -0.0118048303 0.0100000007 -0.0480097197 -0.0139666274 0.0075000003 -0.0510158055 -0.0123950709 0.0100000007 -0.0480097197 -0.0139666274 0.0075000003 -0.046782162 -0.0238260143 0.0100000007 -0.0480097197 -0.0139666274 0.0100000007 -0.0445544422 -0.0226914436 0.0075000003 -0.046782162 -0.0238260143 0.0075000003 -0.046782162 -0.0238260143 0.0100000007 -0.0445544422 -0.0226914436 0.0100000007 -0.0432722121 -0.0250502601 0.0075000003 -0.046782162 -0.0238260143 0.0100000007 -0.0432722121 -0.0250502601 0.0075000003 -0.0400264896 -0.0339724906 0.0100000007 -0.0432722121 -0.0250502601 0.0100000007 -0.0381204635 -0.0323547535 0.0075000003 -0.0400264896 -0.0339724906 0.0075000003 -0.0400264896 -0.0339724906 0.0100000007 -0.0381204635 -0.0323547535 0.0100000007 -0.0360198766 -0.0346780643 0.0075000003 -0.0400264896 -0.0339724906 0.0100000007 -0.0360198766 -0.0346780643 0.0075000003 -0.0311129745 -0.0422875024 0.0100000007 -0.0360198766 -0.0346780643 0.0100000007 -0.0296314042 -0.0402738117 0.0075000003 -0.0311129745 -0.0422875024 0.0075000003 -0.0311129745 -0.0422875024 0.0100000007 -0.0296314042 -0.0402738117 0.0100000007 -0.0266741998 -0.042290505 0.0075000003 -0.0311129745 -0.0422875024 0.0100000007 -0.0266741998 -0.042290505 0.0075000003 -0.0205221511 -0.0483227856 0.0100000007 -0.0266741998 -0.042290505 0.0100000007 -0.0195449051 -0.0460216962 0.0075000003 -0.0205221511 -0.0483227856 0.0075000003 -0.0205221511 -0.0483227856 0.0100000007 -0.0195449051 -0.0460216962 0.0100000007 -0.015778318 -0.047445178 0.0075000003 -0.0205221511 -0.0483227856 0.0100000007 -0.015778318 -0.047445178 0.0075000003 -0.0088249743 -0.0517529696 0.0100000007 -0.015778318 -0.047445178 0.0100000007 -0.00840473548 -0.0492885411 0.0075000003 -0.0088249743 -0.0517529696 0.0075000003 -0.0088249743 -0.0517529696 0.0100000007 -0.00840473548 -0.0492885411 0.0100000007 -0.00396545697 -0.0498425029 0.0075000003 -0.0088249743 -0.0517529696 0.0100000007 -0.00396545697 -0.0498425029 0.0075000003 0.00334796146 -0.0523931384 0.0100000007 -0.00396545697 -0.0498425029 0.0100000007 0.00318853557 -0.0498982295 0.0075000003 0.00334796146 -0.0523931384 0.0075000003 0.00334796146 -0.0523931384 0.0100000007 0.00318853557 -0.0498982295 0.0100000007 0.00807786547 -0.0493431687 0.0075000003 0.00334796146 -0.0523931384 0.0100000007 0.00807786547 -0.0493431687 0.0075000003 0.0153404055 -0.0502087846 0.0100000007 0.00807786547 -0.0493431687 0.0100000007 0.0146099124 -0.0478178933 0.0075000003 0.0153404055 -0.0502087846 0.0075000003 0.0153404055 -0.0502087846 0.0100000007 0.0146099124 -0.0478178933 0.0100000007 0.0196517278 -0.0459761843 0.0075000003 0.0153404055 -0.0502087846 0.0100000007 0.0196517278 -0.0459761843 0.0075000003 0.0265058465 -0.0453176573 0.0075000003 0.0265058465 -0.0453176573 0.0100000007 0.0196517278 -0.0459761843 0.0100000007 0.0252436642 -0.0431596786 0.0075000003 0.0265058465 -0.0453176573 0.0100000007 0.0252436642 -0.0431596786 0.0075000003 0.0315876827 -0.0419340953 0.0100000007 0.0300835054 -0.0399372317 0.0075000003 0.0315876827 -0.0419340953 0.0100000007 0.0300835054 -0.0399372317 0.0075000003 0.0362423472 -0.0379834436 0.0100000007 0.0345165245 -0.0361747108 0.0075000003 0.0362423472 -0.0379834436 0.0100000007 0.0345165245 -0.0361747108 0.0075000003 0.0440250151 -0.0286015347 0.0100000007 0.0345165245 -0.0361747108 0.0100000007 0.0387669392 -0.0315772742 0.0075000003 0.0440250151 -0.0286015347 0.0075000003 0.0440250151 -0.0286015347 0.0100000007 0.0387669392 -0.0315772742 0.0100000007 0.0419285893 -0.0272395611 0.0075000003 0.0440250151 -0.0286015347 0.0100000007 0.0419285893 -0.0272395611 0.0075000003 0.0494342856 -0.0176777095 0.0100000007 0.0419285893 -0.0272395611 0.0100000007 0.0451973826 -0.0213821623 0.0075000003 0.0494342856 -0.0176777095 0.0075000003 0.0494342856 -0.0176777095 0.0100000007 0.0451973826 -0.0213821623 0.0100000007 0.0470802709 -0.0168359149 0.0075000003 0.0494342856 -0.0176777095 0.0100000007 0.0470802709 -0.0168359149 0.0075000003 0.0521785393 -0.00580087351 0.0100000007 0.0470802709 -0.0168359149 0.0100000007 0.0490011126 -0.0099443933 0.0075000003 0.0521785393 -0.00580087351 0.0075000003 0.0521785393 -0.00580087351 0.0100000007 0.0490011126 -0.0099443933 0.0100000007 0.0496938452 -0.00552464277 0.0075000003 0.0521785393 -0.00580087351 0.0100000007 0.0496938452 -0.00552464277 0.0075000003 0.0521098301 0.00638868846 0.0100000007 0.0496938452 -0.00552464277 0.0100000007 0.049957078 0.00207130541 0.0075000003 0.0521098301 0.00638868846 0.0075000003 0.0521098301 0.00638868846 0.0100000007 0.049957078 0.00207130541 0.0100000007 0.0496284105 0.00608446496 0.0075000003 0.0521098301 0.00638868846 0.0100000007 0.0496284105 0.00608446496 0.0075000003 0.049231872 0.0182338357 0.0100000007 0.0496284105 0.00608446496 0.0100000007 0.0480097197 0.0139666274 0.0075000003 0.049231872 0.0182338357 0.0075000003 0.049231872 0.0182338357 0.0100000007 0.0480097197 0.0139666274 0.0100000007 0.0468874946 0.0173655562 0.0075000003 0.049231872 0.0182338357 0.0100000007 0.0468874946 0.0173655562 0.0075000003 0.0436998121 0.0290959906 0.0100000007 0.0468874946 0.0173655562 0.0100000007 0.0432722121 0.0250502601 0.0075000003 0.0436998121 0.0290959906 0.0075000003 0.0436998121 0.0290959906 0.0100000007 0.0432722121 0.0250502601 0.0100000007 0.041618865 0.0277104639 0.0075000003 0.0436998121 0.0290959906 0.0100000007 0.041618865 0.0277104639 0.0075000003 0.0358118787 0.038389571 0.0100000007 0.041618865 0.0277104639 0.0100000007 0.0360198766 0.0346780643 0.0075000003 0.0358118787 0.038389571 0.0075000003 0.0358118787 0.038389571 0.0100000007 0.0360198766 0.0346780643 0.0100000007 0.0341065526 0.0365614966 0.0075000003 0.0358118787 0.038389571 0.0100000007 0.0341065526 0.0365614966 0.0075000003 0.0259933211 0.0456135683 0.0100000007 0.0341065526 0.0365614966 0.0100000007 0.0266741998 0.042290505 0.0075000003 0.0259933211 0.0456135683 0.0075000003 0.0259933211 0.0456135683 0.0100000007 0.0266741998 0.042290505 0.0100000007 0.0247555412 0.0434414893 0.0075000003 0.0259933211 0.0456135683 0.0100000007 0.0247555412 0.0434414893 0.0075000003 0.0147734564 0.0503785163 0.0100000007 0.0247555412 0.0434414893 0.0100000007 0.015778318 0.047445178 0.0075000003 0.0147734564 0.0503785163 0.0075000003 0.0147734564 0.0503785163 0.0100000007 0.015778318 0.047445178 0.0100000007 0.0140699558 0.0479795411 0.0075000003 0.0147734564 0.0503785163 0.0100000007 0.0140699558 0.0479795411 0.0075000003 0.00275714765 0.0524275526 0.0100000007 0.0140699558 0.0479795411 0.0100000007 0.00396545697 0.0498425029 0.0075000003 0.00275714765 0.0524275526 0.0075000003 0.00275714765 0.0524275526 0.0100000007 0.00396545697 0.0498425029 0.0100000007 0.00262585608 0.0499310009 0.0075000003 0.00275714765 0.0524275526 0.0100000007 0.00262585608 0.0499310009 0.0075000003 -0.00940779783 0.0516502 0.0100000007 0.00262585608 0.0499310009 0.0100000007 -0.00807786547 0.0493431687 0.0075000003 -0.00940779783 0.0516502 0.0075000003 -0.00940779783 0.0516502 0.0100000007 -0.00807786547 0.0493431687 0.0100000007 -0.00895980466 0.0491906665 0.0075000003 -0.00940779783 0.0516502 0.0100000007 -0.00895980466 0.0491906665 0.0075000003 -0.0210655648 0.0480883755 0.0100000007 -0.00895980466 0.0491906665 0.0100000007 -0.0196517278 0.0459761843 0.0075000003 -0.0210655648 0.0480883755 0.0075000003 -0.0210655648 0.0480883755 0.0100000007 -0.0196517278 0.0459761843 0.0100000007 -0.0200624429 0.0457984544 0.0075000003 -0.0210655648 0.0480883755 0.0100000007 -0.0200624429 0.0457984544 0.0075000003 -0.0315876827 0.0419340953 0.0100000007 -0.0300835054 0.0399372317 0.0075000003 -0.0315876827 0.0419340953 0.0100000007 -0.0300835054 0.0399372317 0.0075000003 -0.0404069014 0.0335191339 0.0100000007 -0.0384827629 0.0319229886 0.0075000003 -0.0404069014 0.0335191339 0.0100000007 -0.0384827629 0.0319229886 0.0100000007 -0.0387669392 0.0315772742 0.00250000018 0.0782459155 -0.00320767565 0 0.0779416859 -0.000726252969 0.00250000018 0.0823466107 -0.00378475012 6.9388939e-17 0.0833238587 -0.00148366275 0.00250000018 0.0823466107 -0.00378475012 6.9388939e-17 0.0833238587 -0.00148366275 0.00250000018 0.0856093764 -0.00633485802 0 0.0876062438 -0.00483068218 0.00250000018 0.0856093764 -0.00633485802 0 0.0876062438 -0.00483068218 0.00250000018 0.0871599615 -0.0101747038 6.9388939e-17 0.0896413922 -0.00987048261 0.00250000018 0.0871599615 -0.0101747038 6.9388939e-17 0.0896413922 -0.00987048261 0.00250000018 0.0865828916 -0.0142754046 6.9388939e-17 0.0888839811 -0.0152526479 0.00250000018 0.0865828916 -0.0142754046 6.9388939e-17 0.0888839811 -0.0152526479 0.00250000018 0.0840327889 -0.0175381768 0 0.0855369568 -0.0195350386 0.00250000018 0.0840327889 -0.0175381768 0 0.0855369568 -0.0195350386 0.00250000018 0.0801929384 -0.0190887619 6.9388939e-17 0.0804971606 -0.0215701852 0.00250000018 0.0801929384 -0.0190887619 6.9388939e-17 0.0804971606 -0.0215701852 0.00250000018 0.0760922432 -0.0185116883 6.9388939e-17 0.0751149952 -0.0208127759 0.00250000018 0.0760922432 -0.0185116883 6.9388939e-17 0.0751149952 -0.0208127759 0.00250000018 0.07282947 -0.01596158 6.9388939e-17 0.0708326027 -0.0174657553 0.00250000018 0.07282947 -0.01596158 6.9388939e-17 0.0708326027 -0.0174657553 0.00250000018 0.0712788776 -0.0121217333 0 0.0687974617 -0.0124259563 0.00250000018 0.0712788776 -0.0121217333 0 0.0687974617 -0.0124259563 0.00250000018 0.0718559548 -0.0080210343 0 0.0695548654 -0.00704379007 0.00250000018 0.0718559548 -0.0080210343 0 0.0695548654 -0.00704379007 0.00250000018 0.0744060576 -0.00475826161 6.9388939e-17 0.0729018897 -0.00276139937 0.00250000018 0.0744060576 -0.00475826161 6.9388939e-17 0.0729018897 -0.00276139937 0.00250000018 0.0782459155 -0.00320767565 0 0.0779416859 -0.000726252969 -0.0450000018 0.402825475 -0.553019762 -0.0450000018 0.405259281 -0.572871089 -0.0450000018 0.38793698 -0.554845095 -0.0450000018 0.390370786 -0.574696481 0.405000001 0.335054874 -0.129013062 0.405000001 0.347036064 -0.119988009 0.405000001 0.332262516 -0.12530607 0.405000001 0.332262516 -0.12530607 0.405000001 0.347036064 -0.119988009 0.405000001 0.344243675 -0.116281018 0.0016545261 0.351443022 -0.133914575 0.00340625085 0.351314276 -0.132864371 0.00500000454 0.358352721 -0.190274253 0.00500000454 0.358352721 -0.190274253 0.00340625085 0.351314276 -0.132864371 0.00458735414 0.351110876 -0.131205529 0.00498709641 0.350912511 -0.12958762 -0.00174999807 0.358572841 -0.192069486 -0.0450000018 0.351477295 -0.134194151 -5.66243896e-09 0.351477295 -0.134194151 0.454999983 0.351477295 -0.134194151 0.411750019 0.358572841 -0.192069486 0.410000026 0.351477295 -0.134194151 0.405000001 0.358352721 -0.190274253 0.408345461 0.351443022 -0.133914575 0.405000001 0.358352721 -0.190274253 0.40659374 0.351314276 -0.132864371 0.0166913439 0.397323698 -0.5081442 0.0184999909 0.396502316 -0.501444399 0.0899999961 0.405259281 -0.572871089 0.398249984 0.361418247 -0.215278387 0.405000001 0.361638367 -0.217073619 0.405000001 0.394859552 -0.488044769 -0.00669133477 0.359174132 -0.196974099 -0.00669133477 0.359174132 -0.196974099 -0.00850000046 0.359995544 -0.203673959 -0.0450000018 0.402825475 -0.553019762 0.00500000454 0.394859552 -0.488044769 -0.00174999807 0.395079613 -0.489839941 -0.00174999807 0.361418247 -0.215278387 -0.00669133477 0.395680934 -0.494744599 -0.00669133477 0.360816956 -0.210373759 0.0899999961 0.371450186 -0.297104686 0.393308669 0.359174132 -0.196974099 0.00498709641 0.350912511 -0.12958762 0.398249984 0.358572841 -0.192069486 0.405012906 0.350912511 -0.12958762 0.405000001 0.358352721 -0.190274253 0.405012906 0.350912511 -0.12958762 0.405412644 0.351110876 -0.131205529 0.405000001 0.358352721 -0.190274253 0.405412644 0.351110876 -0.131205529 0.40659374 0.351314276 -0.132864371 -0.00669133477 0.395680934 -0.494744599 -0.00850000046 0.396502316 -0.501444399 -0.0450000018 0.402825475 -0.553019762 -0.00850000046 0.396502316 -0.501444399 -0.00669133477 0.397323698 -0.5081442 -0.0450000018 0.405259281 -0.572871089 0.0166913439 0.395680934 -0.494744599 0.011750007 0.395079613 -0.489839941 0.011750007 0.361418247 -0.215278387 0.00500000454 0.361638367 -0.217073619 0.454999983 0.402825475 -0.553019762 0.418500006 0.396502316 -0.501444399 0.416691333 0.395680934 -0.494744599 0.411750019 0.395079613 -0.489839941 0.411750019 0.361418247 -0.215278387 0.416691333 0.360816956 -0.210373759 0.454999983 0.402825475 -0.553019762 0.418500006 0.359995544 -0.203673959 0.416691333 0.359174132 -0.196974099 0.416691333 0.359174132 -0.196974099 0.320000023 0.371450186 -0.297104686 0.316193968 0.36912176 -0.27811271 0.393308669 0.360816956 -0.210373759 0.30535534 0.367147863 -0.262012124 0.391499996 0.359995544 -0.203673959 0.289134175 0.365828872 -0.251254022 0.393308669 0.395680934 -0.494744599 0.391499996 0.396502316 -0.501444399 0.320000023 0.405259281 -0.572871089 -0.00174999807 0.397925049 -0.513048887 0.00500000454 0.398145139 -0.51484412 0.011750007 0.397925049 -0.513048887 0.270000011 0.365365714 -0.247476265 0.0184999909 0.359995544 -0.203673959 0.391499996 0.359995544 -0.203673959 0.0184999909 0.359995544 -0.203673959 0.0166913439 0.359174132 -0.196974099 0.0166913439 0.359174132 -0.196974099 0.011750007 0.358572841 -0.192069486 0.393308669 0.397323698 -0.5081442 0.398249984 0.397925049 -0.513048887 0.454999983 0.405259281 -0.572871089 0.140000001 0.365365714 -0.247476265 0.120865822 0.365828872 -0.251254022 0.0166913439 0.360816956 -0.210373759 0.104644664 0.367147863 -0.262012124 0.0938060209 0.36912176 -0.27811271 0.398249984 0.395079613 -0.489839941 0.405000001 0.398145139 -0.51484412 0.411750019 0.397925049 -0.513048887 0.416691333 0.397323698 -0.5081442 0.416691333 0.397323698 -0.5081442 -0.0236977115 0.311059117 -0.804962814 -0.0442967229 0.403095216 -0.58824873 0.0899999961 0.403095216 -0.58824873 -0.00283394568 0.298659176 -0.834160745 -0.0172694456 0.303829849 -0.821985483 0.320000023 0.403095216 -0.58824873 0.454296738 0.403095216 -0.58824873 0.320000023 0.345946312 -0.722815156 0.433697701 0.311059117 -0.804962814 0.315310895 0.339105666 -0.738922834 0.0161500778 0.29678601 -0.83857131 0.094689101 0.339105666 -0.738922834 0.0899999961 0.345946312 -0.722815156 0.107499994 0.334097862 -0.750714302 0.0161500778 0.29678601 -0.83857131 0.107499994 0.334097862 -0.750714302 0.124999993 0.33226493 -0.755030394 0.393849909 0.29678601 -0.83857131 0.427269459 0.303829849 -0.821985483 0.412833959 0.298659176 -0.834160745 0.315310895 0.339105666 -0.738922834 0.30250001 0.334097862 -0.750714302 0.284999996 0.33226493 -0.755030394 -0.0236977115 0.297252655 -0.799099326 -0.0442967229 0.389288723 -0.582385242 -0.0236977115 0.311059117 -0.804962814 -0.0442967229 0.403095216 -0.58824873 -0.0236977115 0.297252655 -0.799099326 -0.0236977115 0.311059117 -0.804962814 -0.0172694456 0.303829849 -0.821985483 -0.0172694456 0.290023327 -0.816121995 -0.0172694456 0.290023327 -0.816121995 -0.0172694456 0.303829849 -0.821985483 -0.00283394568 0.298659176 -0.834160745 -0.00283394568 0.284852654 -0.828297198 -0.00283394568 0.284852654 -0.828297198 -0.00283394568 0.298659176 -0.834160745 0.0161500778 0.29678601 -0.83857131 -0.00283394568 0.284852654 -0.828297198 0.0161500778 0.29678601 -0.83857131 0.0161500778 0.282979488 -0.832707882 0.393849909 0.282979488 -0.832707882 0.0161500778 0.282979488 -0.832707882 0.393849909 0.29678601 -0.83857131 0.0161500778 0.29678601 -0.83857131 0.393849909 0.282979488 -0.832707882 0.393849909 0.29678601 -0.83857131 0.412833959 0.298659176 -0.834160745 0.393849909 0.282979488 -0.832707882 0.412833959 0.298659176 -0.834160745 0.412833959 0.284852654 -0.828297198 0.412833959 0.284852654 -0.828297198 0.412833959 0.298659176 -0.834160745 0.427269459 0.303829849 -0.821985483 0.427269459 0.290023327 -0.816121995 0.427269459 0.290023327 -0.816121995 0.427269459 0.303829849 -0.821985483 0.433697701 0.311059117 -0.804962814 0.433697701 0.297252655 -0.799099326 0.454296738 0.389288723 -0.582385242 0.433697701 0.297252655 -0.799099326 0.454296738 0.403095216 -0.58824873 0.433697701 0.311059117 -0.804962814 0.0161500778 0.282979488 -0.832707882 0.393849909 0.282979488 -0.832707882 0.284999996 0.318458438 -0.749166906 0.0899999961 0.389288723 -0.582385242 -0.0442967229 0.389288723 -0.582385242 0.0899999961 0.33213985 -0.716951728 -0.0236977115 0.297252655 -0.799099326 0.094689101 0.325299144 -0.733059347 0.454296738 0.389288723 -0.582385242 0.320000023 0.389288723 -0.582385242 0.433697701 0.297252655 -0.799099326 0.320000023 0.33213985 -0.716951728 0.315310895 0.325299144 -0.733059347 0.427269459 0.290023327 -0.816121995 0.433697701 0.297252655 -0.799099326 0.412833959 0.284852654 -0.828297198 0.412833959 0.284852654 -0.828297198 0.30250001 0.32029137 -0.744850874 -0.0172694456 0.290023327 -0.816121995 -0.00283394568 0.284852654 -0.828297198 0.107499994 0.32029137 -0.744850874 0.124999993 0.318458438 -0.749166906 0.0899999961 0.345946312 -0.722815156 0.0899999961 0.33213985 -0.716951728 0.094689101 0.339105666 -0.738922834 0.094689101 0.325299144 -0.733059347 0.094689101 0.339105666 -0.738922834 0.094689101 0.325299144 -0.733059347 0.107499994 0.334097862 -0.750714302 0.107499994 0.32029137 -0.744850874 0.107499994 0.334097862 -0.750714302 0.107499994 0.32029137 -0.744850874 0.124999993 0.33226493 -0.755030394 0.124999993 0.318458438 -0.749166906 0.0899999961 0.33213985 -0.716951728 0.0899999961 0.345946312 -0.722815156 0.0899999961 0.389288723 -0.582385242 0.0899999961 0.403095216 -0.58824873 0.320000023 0.345946312 -0.722815156 0.320000023 0.33213985 -0.716951728 0.320000023 0.403095216 -0.58824873 0.320000023 0.389288723 -0.582385242 0.284999996 0.33226493 -0.755030394 0.284999996 0.318458438 -0.749166906 0.30250001 0.334097862 -0.750714302 0.30250001 0.32029137 -0.744850874 0.30250001 0.334097862 -0.750714302 0.30250001 0.32029137 -0.744850874 0.315310895 0.339105666 -0.738922834 0.315310895 0.325299144 -0.733059347 0.315310895 0.339105666 -0.738922834 0.315310895 0.325299144 -0.733059347 0.320000023 0.345946312 -0.722815156 0.320000023 0.33213985 -0.716951728 0.284999996 0.33226493 -0.755030394 0.124999993 0.33226493 -0.755030394 0.284999996 0.318458438 -0.749166906 0.124999993 0.318458438 -0.749166906 0.410124987 0.392196298 -0.493029088 0.411750019 0.395079613 -0.489839941 0.413876772 0.39265281 -0.496753007 0.416691333 0.395680934 -0.494744599 0.413876772 0.39265281 -0.496753007 0.416691333 0.395680934 -0.494744599 0.415250003 0.393276483 -0.501839936 0.418500006 0.396502316 -0.501444399 0.415250003 0.393276483 -0.501839936 0.418500006 0.396502316 -0.501444399 0.413876772 0.393900156 -0.506926835 0.413876772 0.393900156 -0.506926835 0.418500006 0.396502316 -0.501444399 0.416691333 0.397323698 -0.5081442 0.413876772 0.393900156 -0.506926835 0.416691333 0.397323698 -0.5081442 0.410124987 0.394356698 -0.510650694 0.411750019 0.397925049 -0.513048887 0.410124987 0.394356698 -0.510650694 0.411750019 0.397925049 -0.513048887 0.405000001 0.394523799 -0.512013733 0.405000001 0.394523799 -0.512013733 0.411750019 0.397925049 -0.513048887 0.405000001 0.398145139 -0.51484412 0.405000001 0.394523799 -0.512013733 0.405000001 0.398145139 -0.51484412 0.399875015 0.394356698 -0.510650694 0.399875015 0.394356698 -0.510650694 0.405000001 0.398145139 -0.51484412 0.398249984 0.397925049 -0.513048887 0.399875015 0.394356698 -0.510650694 0.398249984 0.397925049 -0.513048887 0.39612323 0.393900156 -0.506926835 0.393308669 0.397323698 -0.5081442 0.39612323 0.393900156 -0.506926835 0.393308669 0.397323698 -0.5081442 0.394749999 0.393276483 -0.501839936 0.391499996 0.396502316 -0.501444399 0.394749999 0.393276483 -0.501839936 0.391499996 0.396502316 -0.501444399 0.39612323 0.39265281 -0.496753007 0.39612323 0.39265281 -0.496753007 0.391499996 0.396502316 -0.501444399 0.393308669 0.395680934 -0.494744599 0.39612323 0.39265281 -0.496753007 0.393308669 0.395680934 -0.494744599 0.399875015 0.392196298 -0.493029088 0.399875015 0.392196298 -0.493029088 0.393308669 0.395680934 -0.494744599 0.398249984 0.395079613 -0.489839941 0.399875015 0.392196298 -0.493029088 0.398249984 0.395079613 -0.489839941 0.405000001 0.392029166 -0.491666079 0.405000001 0.392029166 -0.491666079 0.398249984 0.395079613 -0.489839941 0.405000001 0.394859552 -0.488044769 0.405000001 0.392029166 -0.491666079 0.405000001 0.394859552 -0.488044769 0.410124987 0.392196298 -0.493029088 0.410124987 0.392196298 -0.493029088 0.405000001 0.394859552 -0.488044769 0.411750019 0.395079613 -0.489839941 0.0101249982 0.392196298 -0.493029088 0.011750007 0.395079613 -0.489839941 0.0138767567 0.39265281 -0.496753007 0.0166913439 0.395680934 -0.494744599 0.0138767567 0.39265281 -0.496753007 0.0166913439 0.395680934 -0.494744599 0.0152499918 0.393276483 -0.501839936 0.0184999909 0.396502316 -0.501444399 0.0152499918 0.393276483 -0.501839936 0.0184999909 0.396502316 -0.501444399 0.0138767567 0.393900156 -0.506926835 0.0138767567 0.393900156 -0.506926835 0.0184999909 0.396502316 -0.501444399 0.0166913439 0.397323698 -0.5081442 0.0138767567 0.393900156 -0.506926835 0.0166913439 0.397323698 -0.5081442 0.0101249982 0.394356698 -0.510650694 0.011750007 0.397925049 -0.513048887 0.0101249982 0.394356698 -0.510650694 0.011750007 0.397925049 -0.513048887 0.00500000454 0.394523799 -0.512013733 0.00500000454 0.394523799 -0.512013733 0.011750007 0.397925049 -0.513048887 0.00500000454 0.398145139 -0.51484412 0.00500000454 0.394523799 -0.512013733 0.00500000454 0.398145139 -0.51484412 -0.000125007777 0.394356698 -0.510650694 -0.00174999807 0.397925049 -0.513048887 -0.000125007777 0.394356698 -0.510650694 -0.00174999807 0.397925049 -0.513048887 -0.00387676619 0.393900156 -0.506926835 -0.00669133477 0.397323698 -0.5081442 -0.00387676619 0.393900156 -0.506926835 -0.00669133477 0.397323698 -0.5081442 -0.00525000133 0.393276483 -0.501839936 -0.00525000133 0.393276483 -0.501839936 -0.00669133477 0.397323698 -0.5081442 -0.00850000046 0.396502316 -0.501444399 -0.00525000133 0.393276483 -0.501839936 -0.00850000046 0.396502316 -0.501444399 -0.00387676619 0.39265281 -0.496753007 -0.00387676619 0.39265281 -0.496753007 -0.00850000046 0.396502316 -0.501444399 -0.00669133477 0.395680934 -0.494744599 -0.00387676619 0.39265281 -0.496753007 -0.00669133477 0.395680934 -0.494744599 -0.000125007777 0.392196298 -0.493029088 -0.000125007777 0.392196298 -0.493029088 -0.00669133477 0.395680934 -0.494744599 -0.00174999807 0.395079613 -0.489839941 -0.000125007777 0.392196298 -0.493029088 -0.00174999807 0.395079613 -0.489839941 0.00500000454 0.392029166 -0.491666079 0.00500000454 0.392029166 -0.491666079 -0.00174999807 0.395079613 -0.489839941 0.00500000454 0.394859552 -0.488044769 0.00500000454 0.392029166 -0.491666079 0.00500000454 0.394859552 -0.488044769 0.0101249982 0.392196298 -0.493029088 0.0101249982 0.392196298 -0.493029088 0.00500000454 0.394859552 -0.488044769 0.011750007 0.395079613 -0.489839941 0.410124987 0.355689496 -0.195258632 0.411750019 0.358572841 -0.192069486 0.413876772 0.356146038 -0.198982507 0.413876772 0.356146038 -0.198982507 0.411750019 0.358572841 -0.192069486 0.416691333 0.359174132 -0.196974099 0.413876772 0.356146038 -0.198982507 0.416691333 0.359174132 -0.196974099 0.415250003 0.356769711 -0.204069436 0.418500006 0.359995544 -0.203673959 0.415250003 0.356769711 -0.204069436 0.418500006 0.359995544 -0.203673959 0.413876772 0.357393354 -0.209156349 0.413876772 0.357393354 -0.209156349 0.418500006 0.359995544 -0.203673959 0.416691333 0.360816956 -0.210373759 0.413876772 0.357393354 -0.209156349 0.416691333 0.360816956 -0.210373759 0.410124987 0.357849896 -0.212880224 0.410124987 0.357849896 -0.212880224 0.416691333 0.360816956 -0.210373759 0.411750019 0.361418247 -0.215278387 0.410124987 0.357849896 -0.212880224 0.411750019 0.361418247 -0.215278387 0.405000001 0.358017027 -0.214243233 0.405000001 0.361638367 -0.217073619 0.405000001 0.358017027 -0.214243233 0.405000001 0.361638367 -0.217073619 0.399875015 0.357849896 -0.212880224 0.399875015 0.357849896 -0.212880224 0.405000001 0.361638367 -0.217073619 0.398249984 0.361418247 -0.215278387 0.399875015 0.357849896 -0.212880224 0.398249984 0.361418247 -0.215278387 0.39612323 0.357393354 -0.209156349 0.39612323 0.357393354 -0.209156349 0.398249984 0.361418247 -0.215278387 0.393308669 0.360816956 -0.210373759 0.39612323 0.357393354 -0.209156349 0.393308669 0.360816956 -0.210373759 0.394749999 0.356769711 -0.204069436 0.394749999 0.356769711 -0.204069436 0.393308669 0.360816956 -0.210373759 0.391499996 0.359995544 -0.203673959 0.394749999 0.356769711 -0.204069436 0.391499996 0.359995544 -0.203673959 0.39612323 0.356146038 -0.198982507 0.393308669 0.359174132 -0.196974099 0.39612323 0.356146038 -0.198982507 0.393308669 0.359174132 -0.196974099 0.399875015 0.355689496 -0.195258632 0.399875015 0.355689496 -0.195258632 0.393308669 0.359174132 -0.196974099 0.398249984 0.358572841 -0.192069486 0.399875015 0.355689496 -0.195258632 0.398249984 0.358572841 -0.192069486 0.405000001 0.355522364 -0.193895578 0.405000001 0.355522364 -0.193895578 0.398249984 0.358572841 -0.192069486 0.405000001 0.358352721 -0.190274253 0.405000001 0.355522364 -0.193895578 0.405000001 0.358352721 -0.190274253 0.410124987 0.355689496 -0.195258632 0.410124987 0.355689496 -0.195258632 0.405000001 0.358352721 -0.190274253 0.411750019 0.358572841 -0.192069486 0.0101249982 0.355689496 -0.195258632 0.011750007 0.358572841 -0.192069486 0.0138767567 0.356146038 -0.198982507 0.0166913439 0.359174132 -0.196974099 0.0138767567 0.356146038 -0.198982507 0.0166913439 0.359174132 -0.196974099 0.0152499918 0.356769711 -0.204069436 0.0184999909 0.359995544 -0.203673959 0.0152499918 0.356769711 -0.204069436 0.0184999909 0.359995544 -0.203673959 0.0138767567 0.357393354 -0.209156349 0.0138767567 0.357393354 -0.209156349 0.0184999909 0.359995544 -0.203673959 0.0166913439 0.360816956 -0.210373759 0.0138767567 0.357393354 -0.209156349 0.0166913439 0.360816956 -0.210373759 0.0101249982 0.357849896 -0.212880224 0.0101249982 0.357849896 -0.212880224 0.0166913439 0.360816956 -0.210373759 0.011750007 0.361418247 -0.215278387 0.0101249982 0.357849896 -0.212880224 0.011750007 0.361418247 -0.215278387 0.00500000454 0.358017027 -0.214243233 0.00500000454 0.358017027 -0.214243233 0.011750007 0.361418247 -0.215278387 0.00500000454 0.361638367 -0.217073619 0.00500000454 0.358017027 -0.214243233 0.00500000454 0.361638367 -0.217073619 -0.000125007777 0.357849896 -0.212880224 -0.000125007777 0.357849896 -0.212880224 0.00500000454 0.361638367 -0.217073619 -0.00174999807 0.361418247 -0.215278387 -0.000125007777 0.357849896 -0.212880224 -0.00174999807 0.361418247 -0.215278387 -0.00387676619 0.357393354 -0.209156349 -0.00387676619 0.357393354 -0.209156349 -0.00174999807 0.361418247 -0.215278387 -0.00669133477 0.360816956 -0.210373759 -0.00387676619 0.357393354 -0.209156349 -0.00669133477 0.360816956 -0.210373759 -0.00525000133 0.356769711 -0.204069436 -0.00525000133 0.356769711 -0.204069436 -0.00669133477 0.360816956 -0.210373759 -0.00850000046 0.359995544 -0.203673959 -0.00525000133 0.356769711 -0.204069436 -0.00850000046 0.359995544 -0.203673959 -0.00387676619 0.356146038 -0.198982507 -0.00669133477 0.359174132 -0.196974099 -0.00387676619 0.356146038 -0.198982507 -0.00669133477 0.359174132 -0.196974099 -0.000125007777 0.355689496 -0.195258632 -0.000125007777 0.355689496 -0.195258632 -0.00669133477 0.359174132 -0.196974099 -0.00174999807 0.358572841 -0.192069486 -0.000125007777 0.355689496 -0.195258632 -0.00174999807 0.358572841 -0.192069486 0.00500000454 0.355522364 -0.193895578 0.00500000454 0.355522364 -0.193895578 -0.00174999807 0.358572841 -0.192069486 0.00500000454 0.358352721 -0.190274253 0.00500000454 0.355522364 -0.193895578 0.00500000454 0.358352721 -0.190274253 0.0101249982 0.355689496 -0.195258632 0.0101249982 0.355689496 -0.195258632 0.00500000454 0.358352721 -0.190274253 0.011750007 0.358572841 -0.192069486 -5.66243896e-09 0.351477295 -0.134194151 -0.0450000018 0.351477295 -0.134194151 -5.66243896e-09 0.33658877 -0.136019498 -0.0450000018 0.33658877 -0.136019498 -5.66243896e-09 0.351477295 -0.134194151 -5.66243896e-09 0.33658877 -0.136019498 0.0016545261 0.351443022 -0.133914575 0.0016545261 0.336554497 -0.135739908 0.0016545261 0.351443022 -0.133914575 0.0016545261 0.336554497 -0.135739908 0.00340625085 0.351314276 -0.132864371 0.00340625085 0.336425751 -0.134689689 0.00340625085 0.351314276 -0.132864371 0.00340625085 0.336425751 -0.134689689 0.00458735414 0.351110876 -0.131205529 0.00458735414 0.336222351 -0.133030877 0.00458735414 0.351110876 -0.131205529 0.00458735414 0.336222351 -0.133030877 0.00498709641 0.350912511 -0.12958762 0.00498709641 0.336024016 -0.131412968 0.405012906 0.350912511 -0.12958762 0.405012906 0.336024016 -0.131412968 0.405412644 0.351110876 -0.131205529 0.405412644 0.351110876 -0.131205529 0.405012906 0.336024016 -0.131412968 0.405412644 0.336222351 -0.133030877 0.405412644 0.351110876 -0.131205529 0.405412644 0.336222351 -0.133030877 0.40659374 0.351314276 -0.132864371 0.40659374 0.351314276 -0.132864371 0.405412644 0.336222351 -0.133030877 0.40659374 0.336425751 -0.134689689 0.40659374 0.351314276 -0.132864371 0.40659374 0.336425751 -0.134689689 0.408345461 0.351443022 -0.133914575 0.408345461 0.351443022 -0.133914575 0.40659374 0.336425751 -0.134689689 0.408345461 0.336554497 -0.135739908 0.408345461 0.351443022 -0.133914575 0.408345461 0.336554497 -0.135739908 0.410000026 0.351477295 -0.134194151 0.410000026 0.351477295 -0.134194151 0.408345461 0.336554497 -0.135739908 0.410000026 0.33658877 -0.136019498 0.454999983 0.351477295 -0.134194151 0.410000026 0.351477295 -0.134194151 0.454999983 0.33658877 -0.136019498 0.410000026 0.33658877 -0.136019498 0.320000023 0.371450186 -0.297104686 0.320000023 0.356561661 -0.298930019 0.316193968 0.36912176 -0.27811271 0.316193968 0.354233265 -0.279938042 0.316193968 0.36912176 -0.27811271 0.316193968 0.354233265 -0.279938042 0.30535534 0.367147863 -0.262012124 0.30535534 0.352259308 -0.263837457 0.30535534 0.367147863 -0.262012124 0.30535534 0.352259308 -0.263837457 0.289134175 0.365828872 -0.251254022 0.289134175 0.350940347 -0.253079355 0.289134175 0.365828872 -0.251254022 0.289134175 0.350940347 -0.253079355 0.270000011 0.365365714 -0.247476265 0.270000011 0.350477219 -0.249301627 0.140000001 0.365365714 -0.247476265 0.270000011 0.365365714 -0.247476265 0.140000001 0.350477219 -0.249301627 0.270000011 0.350477219 -0.249301627 0.140000001 0.365365714 -0.247476265 0.140000001 0.350477219 -0.249301627 0.120865822 0.365828872 -0.251254022 0.120865822 0.350940347 -0.253079355 0.120865822 0.365828872 -0.251254022 0.120865822 0.350940347 -0.253079355 0.104644664 0.367147863 -0.262012124 0.104644664 0.352259308 -0.263837457 0.104644664 0.367147863 -0.262012124 0.104644664 0.352259308 -0.263837457 0.0938060209 0.36912176 -0.27811271 0.0938060209 0.354233265 -0.279938042 0.0938060209 0.36912176 -0.27811271 0.0938060209 0.354233265 -0.279938042 0.0899999961 0.371450186 -0.297104686 0.0899999961 0.356561661 -0.298930019 0.00500000454 0.343859673 -0.195325449 0.00500000454 0.355522364 -0.193895578 0.0101249982 0.344026804 -0.196688473 0.0101249982 0.355689496 -0.195258632 0.0101249982 0.344026804 -0.196688473 0.0101249982 0.355689496 -0.195258632 0.0138767567 0.344483376 -0.200412348 0.0138767567 0.356146038 -0.198982507 0.0138767567 0.344483376 -0.200412348 0.0138767567 0.356146038 -0.198982507 0.0152499918 0.345107019 -0.205499262 0.0152499918 0.356769711 -0.204069436 0.0152499918 0.345107019 -0.205499262 0.0152499918 0.356769711 -0.204069436 0.0138767567 0.345730662 -0.21058619 0.0138767567 0.357393354 -0.209156349 0.0138767567 0.345730662 -0.21058619 0.0138767567 0.357393354 -0.209156349 0.0101249982 0.346187234 -0.214310065 0.0101249982 0.357849896 -0.212880224 0.0101249982 0.346187234 -0.214310065 0.0101249982 0.357849896 -0.212880224 0.00500000454 0.346354365 -0.215673119 0.00500000454 0.358017027 -0.214243233 0.00500000454 0.346354365 -0.215673119 0.00500000454 0.358017027 -0.214243233 -0.000125007777 0.346187234 -0.214310065 -0.000125007777 0.346187234 -0.214310065 0.00500000454 0.358017027 -0.214243233 -0.000125007777 0.357849896 -0.212880224 -0.000125007777 0.346187234 -0.214310065 -0.000125007777 0.357849896 -0.212880224 -0.00387676619 0.345730662 -0.21058619 -0.00387676619 0.357393354 -0.209156349 -0.00387676619 0.345730662 -0.21058619 -0.00387676619 0.357393354 -0.209156349 -0.00525000133 0.345107019 -0.205499262 -0.00525000133 0.356769711 -0.204069436 -0.00525000133 0.345107019 -0.205499262 -0.00525000133 0.356769711 -0.204069436 -0.00387676619 0.344483376 -0.200412348 -0.00387676619 0.356146038 -0.198982507 -0.00387676619 0.344483376 -0.200412348 -0.00387676619 0.356146038 -0.198982507 -0.000125007777 0.344026804 -0.196688473 -0.000125007777 0.355689496 -0.195258632 -0.000125007777 0.344026804 -0.196688473 -0.000125007777 0.355689496 -0.195258632 0.00500000454 0.343859673 -0.195325449 0.00500000454 0.355522364 -0.193895578 0.405000001 0.343859673 -0.195325449 0.405000001 0.355522364 -0.193895578 0.410124987 0.344026804 -0.196688473 0.410124987 0.355689496 -0.195258632 0.410124987 0.344026804 -0.196688473 0.410124987 0.355689496 -0.195258632 0.413876772 0.344483376 -0.200412348 0.413876772 0.356146038 -0.198982507 0.413876772 0.344483376 -0.200412348 0.413876772 0.356146038 -0.198982507 0.415250003 0.345107019 -0.205499262 0.415250003 0.356769711 -0.204069436 0.415250003 0.345107019 -0.205499262 0.415250003 0.356769711 -0.204069436 0.413876772 0.345730662 -0.21058619 0.413876772 0.357393354 -0.209156349 0.413876772 0.345730662 -0.21058619 0.413876772 0.357393354 -0.209156349 0.410124987 0.346187234 -0.214310065 0.410124987 0.346187234 -0.214310065 0.413876772 0.357393354 -0.209156349 0.410124987 0.357849896 -0.212880224 0.410124987 0.346187234 -0.214310065 0.410124987 0.357849896 -0.212880224 0.405000001 0.346354365 -0.215673119 0.405000001 0.358017027 -0.214243233 0.405000001 0.346354365 -0.215673119 0.405000001 0.358017027 -0.214243233 0.399875015 0.346187234 -0.214310065 0.399875015 0.346187234 -0.214310065 0.405000001 0.358017027 -0.214243233 0.399875015 0.357849896 -0.212880224 0.399875015 0.346187234 -0.214310065 0.399875015 0.357849896 -0.212880224 0.39612323 0.345730662 -0.21058619 0.39612323 0.357393354 -0.209156349 0.39612323 0.345730662 -0.21058619 0.39612323 0.357393354 -0.209156349 0.394749999 0.345107019 -0.205499262 0.394749999 0.356769711 -0.204069436 0.394749999 0.345107019 -0.205499262 0.394749999 0.356769711 -0.204069436 0.39612323 0.344483376 -0.200412348 0.39612323 0.356146038 -0.198982507 0.39612323 0.344483376 -0.200412348 0.39612323 0.356146038 -0.198982507 0.399875015 0.344026804 -0.196688473 0.399875015 0.355689496 -0.195258632 0.399875015 0.344026804 -0.196688473 0.399875015 0.355689496 -0.195258632 0.405000001 0.343859673 -0.195325449 0.405000001 0.355522364 -0.193895578 0.00500000454 0.380366474 -0.493095934 0.00500000454 0.392029166 -0.491666079 0.0101249982 0.380533606 -0.494458944 0.0101249982 0.392196298 -0.493029088 0.0101249982 0.380533606 -0.494458944 0.0101249982 0.392196298 -0.493029088 0.0138767567 0.380990148 -0.498182833 0.0138767567 0.39265281 -0.496753007 0.0138767567 0.380990148 -0.498182833 0.0138767567 0.39265281 -0.496753007 0.0152499918 0.381613821 -0.503269792 0.0152499918 0.393276483 -0.501839936 0.0152499918 0.381613821 -0.503269792 0.0152499918 0.393276483 -0.501839936 0.0138767567 0.382237464 -0.508356631 0.0138767567 0.382237464 -0.508356631 0.0152499918 0.393276483 -0.501839936 0.0138767567 0.393900156 -0.506926835 0.0138767567 0.382237464 -0.508356631 0.0138767567 0.393900156 -0.506926835 0.0101249982 0.382694036 -0.51208055 0.0101249982 0.382694036 -0.51208055 0.0138767567 0.393900156 -0.506926835 0.0101249982 0.394356698 -0.510650694 0.0101249982 0.382694036 -0.51208055 0.0101249982 0.394356698 -0.510650694 0.00500000454 0.382861137 -0.513443589 0.00500000454 0.394523799 -0.512013733 0.00500000454 0.382861137 -0.513443589 0.00500000454 0.394523799 -0.512013733 -0.000125007777 0.382694036 -0.51208055 -0.000125007777 0.394356698 -0.510650694 -0.000125007777 0.382694036 -0.51208055 -0.000125007777 0.394356698 -0.510650694 -0.00387676619 0.382237464 -0.508356631 -0.00387676619 0.382237464 -0.508356631 -0.000125007777 0.394356698 -0.510650694 -0.00387676619 0.393900156 -0.506926835 -0.00387676619 0.382237464 -0.508356631 -0.00387676619 0.393900156 -0.506926835 -0.00525000133 0.381613821 -0.503269792 -0.00525000133 0.393276483 -0.501839936 -0.00525000133 0.381613821 -0.503269792 -0.00525000133 0.393276483 -0.501839936 -0.00387676619 0.380990148 -0.498182833 -0.00387676619 0.39265281 -0.496753007 -0.00387676619 0.380990148 -0.498182833 -0.00387676619 0.39265281 -0.496753007 -0.000125007777 0.380533606 -0.494458944 -0.000125007777 0.392196298 -0.493029088 -0.000125007777 0.380533606 -0.494458944 -0.000125007777 0.392196298 -0.493029088 0.00500000454 0.380366474 -0.493095934 0.00500000454 0.380366474 -0.493095934 -0.000125007777 0.392196298 -0.493029088 0.00500000454 0.392029166 -0.491666079 0.405000001 0.380366474 -0.493095934 0.405000001 0.392029166 -0.491666079 0.410124987 0.380533606 -0.494458944 0.410124987 0.392196298 -0.493029088 0.410124987 0.380533606 -0.494458944 0.410124987 0.392196298 -0.493029088 0.413876772 0.380990148 -0.498182833 0.413876772 0.380990148 -0.498182833 0.410124987 0.392196298 -0.493029088 0.413876772 0.39265281 -0.496753007 0.413876772 0.380990148 -0.498182833 0.413876772 0.39265281 -0.496753007 0.415250003 0.381613821 -0.503269792 0.415250003 0.393276483 -0.501839936 0.415250003 0.381613821 -0.503269792 0.415250003 0.393276483 -0.501839936 0.413876772 0.382237464 -0.508356631 0.413876772 0.382237464 -0.508356631 0.415250003 0.393276483 -0.501839936 0.413876772 0.393900156 -0.506926835 0.413876772 0.382237464 -0.508356631 0.413876772 0.393900156 -0.506926835 0.410124987 0.382694036 -0.51208055 0.410124987 0.382694036 -0.51208055 0.413876772 0.393900156 -0.506926835 0.410124987 0.394356698 -0.510650694 0.410124987 0.382694036 -0.51208055 0.410124987 0.394356698 -0.510650694 0.405000001 0.382861137 -0.513443589 0.405000001 0.394523799 -0.512013733 0.405000001 0.382861137 -0.513443589 0.405000001 0.394523799 -0.512013733 0.399875015 0.382694036 -0.51208055 0.399875015 0.394356698 -0.510650694 0.399875015 0.382694036 -0.51208055 0.399875015 0.394356698 -0.510650694 0.39612323 0.382237464 -0.508356631 0.39612323 0.382237464 -0.508356631 0.399875015 0.394356698 -0.510650694 0.39612323 0.393900156 -0.506926835 0.39612323 0.382237464 -0.508356631 0.39612323 0.393900156 -0.506926835 0.394749999 0.381613821 -0.503269792 0.394749999 0.393276483 -0.501839936 0.394749999 0.381613821 -0.503269792 0.394749999 0.393276483 -0.501839936 0.39612323 0.380990148 -0.498182833 0.39612323 0.39265281 -0.496753007 0.39612323 0.380990148 -0.498182833 0.39612323 0.39265281 -0.496753007 0.399875015 0.380533606 -0.494458944 0.399875015 0.380533606 -0.494458944 0.39612323 0.39265281 -0.496753007 0.399875015 0.392196298 -0.493029088 0.399875015 0.380533606 -0.494458944 0.399875015 0.392196298 -0.493029088 0.405000001 0.380366474 -0.493095934 0.405000001 0.380366474 -0.493095934 0.399875015 0.392196298 -0.493029088 0.405000001 0.392029166 -0.491666079 -0.0450000018 0.38793698 -0.554845095 -0.00387676619 0.382237464 -0.508356631 -0.00525000133 0.381613821 -0.503269792 -0.000125007777 0.382694036 -0.51208055 -0.0450000018 0.38793698 -0.554845095 -0.0450000018 0.390370786 -0.574696481 0.00500000454 0.382861137 -0.513443589 0.454999983 0.390370786 -0.574696481 0.405000001 0.382861137 -0.513443589 0.320000023 0.390370786 -0.574696481 0.320000023 0.390370786 -0.574696481 0.405000001 0.382861137 -0.513443589 0.399875015 0.382694036 -0.51208055 0.0101249982 0.380533606 -0.494458944 0.0138767567 0.380990148 -0.498182833 0.0899999961 0.356561661 -0.298930019 0.399875015 0.382694036 -0.51208055 0.39612323 0.382237464 -0.508356631 0.394749999 0.381613821 -0.503269792 0.320000023 0.356561661 -0.298930019 -0.00387676619 0.380990148 -0.498182833 -0.000125007777 0.380533606 -0.494458944 0.00500000454 0.346354365 -0.215673119 0.00500000454 0.380366474 -0.493095934 0.00500000454 0.382861137 -0.513443589 0.0101249982 0.382694036 -0.51208055 0.0101249982 0.382694036 -0.51208055 0.0899999961 0.390370786 -0.574696481 0.0138767567 0.382237464 -0.508356631 0.0899999961 0.390370786 -0.574696481 0.0138767567 0.380990148 -0.498182833 0.0152499918 0.381613821 -0.503269792 -0.00525000133 0.345107019 -0.205499262 -0.0450000018 0.33658877 -0.136019498 0.408345461 0.336554497 -0.135739908 0.40659374 0.336425751 -0.134689689 0.405000001 0.343859673 -0.195325449 0.405000001 0.346354365 -0.215673119 0.394749999 0.381613821 -0.503269792 0.39612323 0.380990148 -0.498182833 0.410124987 0.344026804 -0.196688473 0.413876772 0.344483376 -0.200412348 0.454999983 0.33658877 -0.136019498 0.415250003 0.345107019 -0.205499262 0.454999983 0.38793698 -0.554845095 0.39612323 0.380990148 -0.498182833 0.399875015 0.380533606 -0.494458944 0.405000001 0.346354365 -0.215673119 0.405000001 0.380366474 -0.493095934 0.410124987 0.346187234 -0.214310065 0.405000001 0.380366474 -0.493095934 0.410124987 0.380533606 -0.494458944 0.413876772 0.380990148 -0.498182833 0.413876772 0.345730662 -0.21058619 0.413876772 0.345730662 -0.21058619 0.415250003 0.345107019 -0.205499262 -0.00387676619 0.380990148 -0.498182833 0.00500000454 0.346354365 -0.215673119 -0.00525000133 0.381613821 -0.503269792 -0.000125007777 0.346187234 -0.214310065 -0.00387676619 0.345730662 -0.21058619 -0.00387676619 0.345730662 -0.21058619 0.00340625085 0.336425751 -0.134689689 0.00500000454 0.343859673 -0.195325449 0.00458735414 0.336222351 -0.133030877 0.00458735414 0.336222351 -0.133030877 0.00500000454 0.343859673 -0.195325449 0.00498709641 0.336024016 -0.131412968 0.399875015 0.346187234 -0.214310065 0.316193968 0.354233265 -0.279938042 0.413876772 0.380990148 -0.498182833 0.415250003 0.381613821 -0.503269792 0.415250003 0.381613821 -0.503269792 0.413876772 0.382237464 -0.508356631 0.410124987 0.382694036 -0.51208055 0.410124987 0.382694036 -0.51208055 0.40659374 0.336425751 -0.134689689 0.405412644 0.336222351 -0.133030877 0.405000001 0.343859673 -0.195325449 0.405000001 0.343859673 -0.195325449 0.405412644 0.336222351 -0.133030877 0.405012906 0.336024016 -0.131412968 0.405000001 0.343859673 -0.195325449 0.405012906 0.336024016 -0.131412968 0.399875015 0.344026804 -0.196688473 0.339942038 0.336024016 -0.131412968 0.39612323 0.344483376 -0.200412348 0.272471011 0.336024016 -0.131412968 0.39612323 0.344483376 -0.200412348 0.394749999 0.345107019 -0.205499262 0.205000013 0.336024016 -0.131412968 0.405000001 0.343859673 -0.195325449 0.410000026 0.33658877 -0.136019498 0.408345461 0.336554497 -0.135739908 -0.00525000133 0.345107019 -0.205499262 -0.00387676619 0.344483376 -0.200412348 -0.0450000018 0.33658877 -0.136019498 -0.00387676619 0.344483376 -0.200412348 -0.000125007777 0.344026804 -0.196688473 -5.66243896e-09 0.33658877 -0.136019498 0.00500000454 0.343859673 -0.195325449 0.00500000454 0.343859673 -0.195325449 0.0016545261 0.336554497 -0.135739908 0.00340625085 0.336425751 -0.134689689 0.30535534 0.352259308 -0.263837457 0.39612323 0.345730662 -0.21058619 0.289134175 0.350940347 -0.253079355 0.270000011 0.350477219 -0.249301627 0.00500000454 0.380366474 -0.493095934 0.0101249982 0.346187234 -0.214310065 0.0938060209 0.354233265 -0.279938042 0.0138767567 0.345730662 -0.21058619 0.104644664 0.352259308 -0.263837457 0.0138767567 0.345730662 -0.21058619 0.104644664 0.352259308 -0.263837457 0.0152499918 0.345107019 -0.205499262 0.0152499918 0.345107019 -0.205499262 0.120865822 0.350940347 -0.253079355 0.140000001 0.350477219 -0.249301627 0.00498709641 0.336024016 -0.131412968 0.0700579658 0.336024016 -0.131412968 0.0101249982 0.344026804 -0.196688473 0.137528986 0.336024016 -0.131412968 0.0138767567 0.344483376 -0.200412348 0.0138767567 0.344483376 -0.200412348 0.0899999961 0.405259281 -0.572871089 0.0899999961 0.371450186 -0.297104686 0.0899999961 0.390370786 -0.574696481 0.0899999961 0.356561661 -0.298930019 0.454999983 0.390370786 -0.574696481 0.454999983 0.405259281 -0.572871089 0.454999983 0.38793698 -0.554845095 0.454999983 0.402825475 -0.553019762 0.320000023 0.390370786 -0.574696481 0.320000023 0.356561661 -0.298930019 0.320000023 0.405259281 -0.572871089 0.320000023 0.371450186 -0.297104686 -0.0450000018 0.390370786 -0.574696481 -0.0450000018 0.405259281 -0.572871089 -0.044648353 0.390333802 -0.578611851 -0.044648353 0.390333802 -0.578611851 -0.0450000018 0.405259281 -0.572871089 -0.044648353 0.405185342 -0.580701768 -0.044648353 0.390333802 -0.578611851 -0.044648353 0.405185342 -0.580701768 -0.0442967229 0.389288723 -0.582385242 -0.0442967229 0.389288723 -0.582385242 -0.044648353 0.405185342 -0.580701768 -0.0442967229 0.403095216 -0.58824873 0.0899999961 0.390335888 -0.578612149 0.0899999961 0.405189514 -0.580702364 -0.044648353 0.390333802 -0.578611851 -0.0442967229 0.389288723 -0.582385242 0.0899999961 0.389288723 -0.582385242 0.0899999961 0.389288723 -0.582385242 0.0899999961 0.390335888 -0.578612149 -0.044648353 0.390333802 -0.578611851 -0.044648353 0.390333802 -0.578611851 0.0899999961 0.390335888 -0.578612149 0.0899999961 0.390370786 -0.574696481 -0.044648353 0.390333802 -0.578611851 0.0899999961 0.390370786 -0.574696481 -0.0450000018 0.390370786 -0.574696481 -0.044648353 0.405185342 -0.580701768 -0.0450000018 0.405259281 -0.572871089 0.0899999961 0.405259281 -0.572871089 0.0899999961 0.405259281 -0.572871089 0.0899999961 0.405189514 -0.580702364 -0.044648353 0.405185342 -0.580701768 -0.044648353 0.405185342 -0.580701768 0.0899999961 0.405189514 -0.580702364 0.0899999961 0.403095216 -0.58824873 -0.044648353 0.405185342 -0.580701768 0.0899999961 0.403095216 -0.58824873 -0.0442967229 0.403095216 -0.58824873 0.320000023 0.390335888 -0.578612149 0.320000023 0.405189514 -0.580702364 0.454296738 0.389288723 -0.582385242 0.454296738 0.403095216 -0.58824873 0.454648376 0.390333802 -0.578611851 0.454648376 0.390333802 -0.578611851 0.454296738 0.403095216 -0.58824873 0.454648376 0.405185342 -0.580701768 0.454648376 0.390333802 -0.578611851 0.454648376 0.405185342 -0.580701768 0.454999983 0.390370786 -0.574696481 0.454999983 0.390370786 -0.574696481 0.454648376 0.405185342 -0.580701768 0.454999983 0.405259281 -0.572871089 0.320000023 0.389288723 -0.582385242 0.454296738 0.389288723 -0.582385242 0.320000023 0.390335888 -0.578612149 0.320000023 0.390335888 -0.578612149 0.454296738 0.389288723 -0.582385242 0.454648376 0.390333802 -0.578611851 0.320000023 0.390335888 -0.578612149 0.454648376 0.390333802 -0.578611851 0.320000023 0.390370786 -0.574696481 0.320000023 0.390370786 -0.574696481 0.454648376 0.390333802 -0.578611851 0.454999983 0.390370786 -0.574696481 0.320000023 0.405259281 -0.572871089 0.454999983 0.405259281 -0.572871089 0.320000023 0.405189514 -0.580702364 0.320000023 0.405189514 -0.580702364 0.454999983 0.405259281 -0.572871089 0.454648376 0.405185342 -0.580701768 0.320000023 0.405189514 -0.580702364 0.454648376 0.405185342 -0.580701768 0.320000023 0.403095216 -0.58824873 0.320000023 0.403095216 -0.58824873 0.454648376 0.405185342 -0.580701768 0.454296738 0.403095216 -0.58824873 0.00500000454 0.163742661 0.12334238 0.00500000454 0.151761487 0.11431732 0.405000001 0.163742661 0.12334238 0.405000001 0.151761487 0.11431732 0.255358994 0.205911785 0.0424303077 0.255358994 0.217892975 0.0514553636 0.265358984 0.207523972 0.0402900726 0.265358984 0.219505146 0.0493151285 0.265358984 0.207523972 0.0402900726 0.265358984 0.219505146 0.0493151285 0.272679508 0.211928502 0.0344428606 0.272679508 0.223909676 0.0434679128 0.272679508 0.211928502 0.0344428606 0.272679508 0.223909676 0.0434679128 0.275358975 0.217945203 0.0264554117 0.275358975 0.229926378 0.0354804657 0.275358975 0.217945203 0.0264554117 0.275358975 0.229926378 0.0354804657 0.272679508 0.223961905 0.0184679646 0.272679508 0.235943064 0.0274930168 0.255358994 0.205911785 0.0424303077 0.154641017 0.205911785 0.0424303077 0.255358994 0.217892975 0.0514553636 0.154641017 0.217892975 0.0514553636 0.137320504 0.223961905 0.0184679646 0.137320504 0.235943064 0.0274930168 0.134641021 0.217945203 0.0264554117 0.134641021 0.229926378 0.0354804657 0.134641021 0.217945203 0.0264554117 0.134641021 0.229926378 0.0354804657 0.137320504 0.211928502 0.0344428606 0.137320504 0.223909676 0.0434679128 0.137320504 0.211928502 0.0344428606 0.137320504 0.223909676 0.0434679128 0.144641012 0.207523972 0.0402900726 0.144641012 0.219505146 0.0493151285 0.144641012 0.207523972 0.0402900726 0.144641012 0.219505146 0.0493151285 0.154641017 0.205911785 0.0424303077 0.154641017 0.217892975 0.0514553636 0.137320504 0.223961905 0.0184679646 0.187679499 0.27644217 -0.0512019955 0.137320504 0.235943064 0.0274930168 0.187679499 0.28842333 -0.042176947 0.222320497 0.27644217 -0.0512019955 0.222320497 0.28842333 -0.042176947 0.215000004 0.280846715 -0.0570492148 0.215000004 0.292827874 -0.0480241664 0.215000004 0.280846715 -0.0570492148 0.215000004 0.292827874 -0.0480241664 0.205000013 0.282458872 -0.0591894425 0.205000013 0.294440061 -0.0501643904 0.205000013 0.282458872 -0.0591894425 0.205000013 0.294440061 -0.0501643904 0.195000008 0.280846715 -0.0570492148 0.195000008 0.292827874 -0.0480241664 0.195000008 0.280846715 -0.0570492148 0.195000008 0.292827874 -0.0480241664 0.187679499 0.27644217 -0.0512019955 0.187679499 0.28842333 -0.042176947 0.222320497 0.27644217 -0.0512019955 0.272679508 0.223961905 0.0184679646 0.222320497 0.28842333 -0.042176947 0.272679508 0.235943064 0.0274930168 0.265358984 0.207523972 0.0402900726 0.272679508 0.211928502 0.0344428606 0.405000001 0.151761487 0.11431732 0.275358975 0.217945203 0.0264554117 0.405000001 0.332262516 -0.12530607 0.272679508 0.223961905 0.0184679646 0.222320497 0.27644217 -0.0512019955 0.405000001 0.335054874 -0.129013062 0.339942038 0.335054874 -0.129013062 0.272471011 0.335054874 -0.129013062 0.215000004 0.280846715 -0.0570492148 0.205000013 0.335054874 -0.129013062 0.205000013 0.282458872 -0.0591894425 0.137528986 0.335054874 -0.129013062 0.195000008 0.280846715 -0.0570492148 0.0700579658 0.335054874 -0.129013062 0.187679499 0.27644217 -0.0512019955 0.137320504 0.223961905 0.0184679646 0.00500000454 0.335054874 -0.129013062 0.00500000454 0.332262516 -0.12530607 0.00500000454 0.151761487 0.11431732 0.134641021 0.217945203 0.0264554117 0.137320504 0.211928502 0.0344428606 0.144641012 0.207523972 0.0402900726 0.154641017 0.205911785 0.0424303077 0.255358994 0.205911785 0.0424303077 0.00500000454 0.347036064 -0.119988009 0.195000008 0.292827874 -0.0480241664 0.205000013 0.294440061 -0.0501643904 0.405000001 0.347036064 -0.119988009 0.215000004 0.292827874 -0.0480241664 0.222320497 0.28842333 -0.042176947 0.405000001 0.347036064 -0.119988009 0.405000001 0.344243675 -0.116281018 0.405000001 0.344243675 -0.116281018 0.272679508 0.235943064 0.0274930168 0.405000001 0.163742661 0.12334238 0.275358975 0.229926378 0.0354804657 0.272679508 0.223909676 0.0434679128 0.265358984 0.219505146 0.0493151285 0.255358994 0.217892975 0.0514553636 0.00500000454 0.163742661 0.12334238 0.154641017 0.217892975 0.0514553636 0.144641012 0.219505146 0.0493151285 0.137320504 0.223909676 0.0434679128 0.134641021 0.229926378 0.0354804657 0.00500000454 0.344243675 -0.116281018 0.137320504 0.235943064 0.0274930168 0.187679499 0.28842333 -0.042176947 0.00500000454 0.344243675 -0.116281018 0.00500000454 0.347036064 -0.119988009 0.00500000454 0.332262516 -0.12530607 0.00500000454 0.335054874 -0.129013062 0.00500000454 0.335967511 -0.131058231 0.00500000454 0.35068658 -0.128168643 0.00498709641 0.336024016 -0.131412968 0.00498709641 0.336024016 -0.131412968 0.00500000454 0.35068658 -0.128168643 0.00498709641 0.350912511 -0.12958762 0.405012906 0.336024016 -0.131412968 0.405012906 0.350912511 -0.12958762 0.405000001 0.335967511 -0.131058231 0.405000001 0.335967511 -0.131058231 0.405012906 0.350912511 -0.12958762 0.405000001 0.35068658 -0.128168643 0.405000001 0.335967511 -0.131058231 0.405000001 0.35068658 -0.128168643 0.405000001 0.335697412 -0.130149215 0.405000001 0.335697412 -0.130149215 0.405000001 0.35068658 -0.128168643 0.405000001 0.349606216 -0.124532647 0.405000001 0.349606216 -0.124532647 0.00500000454 0.335697412 -0.130149215 0.00500000454 0.349606216 -0.124532647 0.00500000454 0.335967511 -0.131058231 0.00500000454 0.35068658 -0.128168643 0.00500000454 0.335967511 -0.131058231 0.00498709641 0.336024016 -0.131412968 0.0700579658 0.336024016 -0.131412968 0.405000001 0.335967511 -0.131058231 0.405000001 0.335697412 -0.130149215 0.339942038 0.335697412 -0.130149215 0.405000001 0.335697412 -0.130149215 0.405000001 0.335054874 -0.129013062 0.339942038 0.335054874 -0.129013062 0.339942038 0.336024016 -0.131412968 0.405012906 0.336024016 -0.131412968 0.405000001 0.335967511 -0.131058231 0.405000001 0.335967511 -0.131058231 0.339942038 0.335697412 -0.130149215 0.339942038 0.336024016 -0.131412968 0.339942038 0.336024016 -0.131412968 0.339942038 0.335697412 -0.130149215 0.272471011 0.335697412 -0.130149215 0.339942038 0.336024016 -0.131412968 0.272471011 0.335697412 -0.130149215 0.272471011 0.336024016 -0.131412968 0.272471011 0.336024016 -0.131412968 0.205000013 0.335697412 -0.130149215 0.205000013 0.335697412 -0.130149215 0.205000013 0.336024016 -0.131412968 0.205000013 0.336024016 -0.131412968 0.137528986 0.335697412 -0.130149215 0.137528986 0.335697412 -0.130149215 0.137528986 0.336024016 -0.131412968 0.137528986 0.336024016 -0.131412968 0.0700579658 0.335697412 -0.130149215 0.0700579658 0.335697412 -0.130149215 0.0700579658 0.336024016 -0.131412968 0.0700579658 0.336024016 -0.131412968 0.0700579658 0.335697412 -0.130149215 0.00500000454 0.335697412 -0.130149215 0.0700579658 0.336024016 -0.131412968 0.00500000454 0.335697412 -0.130149215 0.00500000454 0.335967511 -0.131058231 0.339942038 0.335697412 -0.130149215 0.339942038 0.335697412 -0.130149215 0.339942038 0.335054874 -0.129013062 0.272471011 0.335054874 -0.129013062 0.272471011 0.335054874 -0.129013062 0.272471011 0.335697412 -0.130149215 0.205000013 0.335054874 -0.129013062 0.272471011 0.335697412 -0.130149215 0.205000013 0.335054874 -0.129013062 0.205000013 0.335697412 -0.130149215 0.137528986 0.335054874 -0.129013062 0.205000013 0.335697412 -0.130149215 0.137528986 0.335054874 -0.129013062 0.137528986 0.335697412 -0.130149215 0.137528986 0.335697412 -0.130149215 0.0700579658 0.335054874 -0.129013062 0.0700579658 0.335054874 -0.129013062 0.0700579658 0.335697412 -0.130149215 0.00500000454 0.335054874 -0.129013062 0.00500000454 0.335697412 -0.130149215 0.00500000454 0.35068658 -0.128168643 0.00500000454 0.349606216 -0.124532647 0.405000001 0.349606216 -0.124532647 0.405000001 0.349606216 -0.124532647 0.00500000454 0.349606216 -0.124532647 0.00500000454 0.347036064 -0.119988009 0.405000001 0.347036064 -0.119988009 0.00500000454 0.35068658 -0.128168643 0.405000001 0.349606216 -0.124532647 0.00498709641 0.350912511 -0.12958762 0.00498709641 0.350912511 -0.12958762 0.405000001 0.349606216 -0.124532647 0.405000001 0.35068658 -0.128168643 0.00498709641 0.350912511 -0.12958762 0.405000001 0.35068658 -0.128168643 0.405012906 0.350912511 -0.12958762 0.422635555 0.335319042 -0.121995427 0.424829185 0.329705715 -0.12588717 0.409974813 0.328009099 -0.127136812 0.409974813 0.328009099 -0.127136812 0.424829185 0.329705715 -0.12588717 0.425000012 0.327563822 -0.127378494 0.409974813 0.328009099 -0.127136812 0.425000012 0.327563822 -0.127378494 0.410000026 0.327563822 -0.127378494 0.409974813 0.328009099 -0.127136812 0.40933013 0.329795659 -0.126186281 0.422635555 0.335319042 -0.121995427 0.422635555 0.335319042 -0.121995427 0.40933013 0.329795659 -0.126186281 0.409144759 0.330063969 -0.126049533 0.422635555 0.335319042 -0.121995427 0.409144759 0.330063969 -0.126049533 0.422320515 0.335786223 -0.121673755 0.422320515 0.335786223 -0.121673755 0.409144759 0.330063969 -0.126049533 0.408369273 0.330887765 -0.125651091 0.422320515 0.335786223 -0.121673755 0.408369273 0.330887765 -0.125651091 0.418180078 0.339961201 -0.118834928 0.418180078 0.339961201 -0.118834928 0.408369273 0.330887765 -0.125651091 0.414999992 0.34186846 -0.117581218 0.414999992 0.34186846 -0.117581218 0.408369273 0.330887765 -0.125651091 0.407499999 0.331492454 -0.125397131 0.414999992 0.34186846 -0.117581218 0.407499999 0.331492454 -0.125397131 0.412038207 0.343060464 -0.116836473 0.407499999 0.331492454 -0.125397131 0.407353342 0.331572562 -0.125368133 0.412038207 0.343060464 -0.116836473 0.412038207 0.343060464 -0.116836473 0.407353342 0.331572562 -0.125368133 0.405000001 0.332262516 -0.12530607 0.412038207 0.343060464 -0.116836473 0.405000001 0.332262516 -0.12530607 0.405000001 0.344243675 -0.116281018 0.410000026 0.147767767 0.111308977 0.425000012 0.147767767 0.111308977 0.40933013 0.149764627 0.112813152 0.422320515 0.155755207 0.117325678 0.40933013 0.149764627 0.112813152 0.422320515 0.155755207 0.117325678 0.407499999 0.151226431 0.113914281 0.414999992 0.161602423 0.121730208 0.422635555 0.335319042 -0.121995427 0.422320515 0.335786223 -0.121673755 0.422320515 0.155755207 0.117325678 0.405000001 0.344243675 -0.116281018 0.405000001 0.163742661 0.12334238 0.412038207 0.343060464 -0.116836473 0.412038207 0.343060464 -0.116836473 0.405000001 0.163742661 0.12334238 0.414999992 0.161602423 0.121730208 0.412038207 0.343060464 -0.116836473 0.414999992 0.161602423 0.121730208 0.414999992 0.34186846 -0.117581218 0.422320515 0.155755207 0.117325678 0.422320515 0.335786223 -0.121673755 0.414999992 0.161602423 0.121730208 0.414999992 0.161602423 0.121730208 0.422320515 0.335786223 -0.121673755 0.418180078 0.339961201 -0.118834928 0.414999992 0.161602423 0.121730208 0.418180078 0.339961201 -0.118834928 0.414999992 0.34186846 -0.117581218 0.422635555 0.335319042 -0.121995427 0.422320515 0.155755207 0.117325678 0.424829185 0.329705715 -0.12588717 0.424829185 0.329705715 -0.12588717 0.422320515 0.155755207 0.117325678 0.425000012 0.147767767 0.111308977 0.424829185 0.329705715 -0.12588717 0.425000012 0.147767767 0.111308977 0.425000012 0.327563822 -0.127378494 0.410000026 0.327563822 -0.127378494 0.410000026 0.147767767 0.111308977 0.409974813 0.328009099 -0.127136812 0.409974813 0.328009099 -0.127136812 0.410000026 0.147767767 0.111308977 0.40933013 0.149764627 0.112813152 0.408369273 0.330887765 -0.125651091 0.409144759 0.330063969 -0.126049533 0.40933013 0.149764627 0.112813152 0.40933013 0.149764627 0.112813152 0.409144759 0.330063969 -0.126049533 0.40933013 0.329795659 -0.126186281 0.40933013 0.149764627 0.112813152 0.40933013 0.329795659 -0.126186281 0.409974813 0.328009099 -0.127136812 0.408369273 0.330887765 -0.125651091 0.40933013 0.149764627 0.112813152 0.407499999 0.331492454 -0.125397131 0.407499999 0.331492454 -0.125397131 0.40933013 0.149764627 0.112813152 0.407499999 0.151226431 0.113914281 0.407499999 0.331492454 -0.125397131 0.407499999 0.151226431 0.113914281 0.407353342 0.331572562 -0.125368133 0.407353342 0.331572562 -0.125368133 0.407499999 0.151226431 0.113914281 0.405000001 0.151761487 0.11431732 0.407353342 0.331572562 -0.125368133 0.405000001 0.151761487 0.11431732 0.405000001 0.332262516 -0.12530607 0.425000012 0.0240668114 -0.0319497846 0.425000012 0.0120856324 -0.0409748442 0.425000012 0.041515246 -0.0551133789 0.425000012 0.0380088426 -0.0595996901 0.425000012 0.0590518638 -0.0625609905 0.425000012 0.123268247 -0.116634637 0.425000012 0.0569198094 -0.0572811998 0.425000012 0.0569198094 -0.0572811998 0.425000012 0.123268247 -0.116634637 0.425000012 0.0397766456 -0.00422120281 0.425000012 0.00730417622 -0.0470925421 0.425000012 0.00622216985 -0.0547813438 0.425000012 0.0372153521 -0.0652381629 0.425000012 0.00912951864 -0.0619810596 0.425000012 0.0393474288 -0.0705179423 0.425000012 0.0590518638 -0.0625609905 0.425000012 0.0582583919 -0.0681994483 0.425000012 0.0547519885 -0.0726857632 0.425000012 0.0542734861 -0.113006234 0.425000012 0.0494721979 -0.0748178214 0.425000012 0.0368173495 -0.01563593 0.425000012 0.0467950329 -0.052981317 0.425000012 0.0368173495 -0.01563593 0.425000012 0.0467950329 -0.052981317 0.425000012 0.0397766456 -0.00422120281 0.425000012 0.0524334908 -0.0537747964 0.425000012 0.0397766456 -0.00422120281 0.425000012 0.0438337252 -0.0740243569 0.425000012 0.0430800766 -0.107051983 0.425000012 0.0480167754 -0.111269869 0.425000012 0.0740243495 0.0438337326 0.425000012 0.0705179423 0.0393474177 0.425000012 0.0835193023 -0.00102344458 0.425000012 0.0529813208 0.0467950255 0.425000012 0.0537748039 0.0524334908 0.425000012 0.00557411043 0.0396097116 0.425000012 0.0572812036 0.0569198057 0.425000012 0.0927470773 0.105274469 0.425000012 0.0625609905 0.0590518638 0.425000012 0.0625609905 0.0590518638 0.425000012 0.0681994483 0.0582583807 0.425000012 0.0681994483 0.0582583807 0.425000012 0.129419506 0.103345878 0.425000012 0.0726857632 0.0547519848 0.425000012 0.327563822 -0.127378494 0.425000012 0.147767767 0.111308977 0.425000012 0.0880056173 -0.00452984963 0.425000012 0.0740243495 0.0438337326 0.425000012 0.0835193023 -0.00102344458 0.425000012 0.0748178214 0.0494721904 0.425000012 0.0652381554 0.0372153595 0.425000012 0.0595996901 0.0380088352 0.425000012 0.0683011785 -0.0124868006 0.425000012 0.0704332292 -0.017766593 0.425000012 0.0704332292 -0.017766593 0.425000012 0.123268247 -0.116634637 0.425000012 0.0749195442 -0.0212729909 0.425000012 0.0749195442 -0.0212729909 0.425000012 0.080558002 -0.022066474 0.425000012 0.0069205435 0.0393967777 0.425000012 0.0156359226 0.0368173569 0.425000012 0.0551133826 0.0415152386 0.425000012 0.0319497883 0.0240668077 0.425000012 0.0397027284 0.00486757001 0.425000012 0.0748178214 0.0494721904 0.425000012 0.136313826 0.104191117 0.425000012 0.142503262 0.107343383 0.425000012 0.0690946504 -0.00684834132 0.425000012 0.0726010501 -0.00236202986 0.425000012 0.0705179423 0.0393474177 0.425000012 0.0726010501 -0.00236202986 0.425000012 0.077880837 -0.000229970174 0.425000012 0.0705179423 0.0393474177 0.425000012 0.077880837 -0.000229970174 0.425000012 0.0835193023 -0.00102344458 0.425000012 0.0901376754 -0.00980963558 0.425000012 0.089344196 -0.0154480999 0.425000012 0.0858377963 -0.0199344121 0.425000012 -0.0524334982 0.0537747927 0.425000012 -0.0569197983 0.057281211 0.425000012 -0.0804039985 0.0568787903 0.425000012 -0.0590518713 0.0625609905 0.425000012 -0.0393474139 0.0705179498 0.425000012 -0.0372153595 0.0652381554 0.425000012 -0.0380088314 0.0595996976 0.425000012 0.00422119675 0.0397766382 0.425000012 -0.0831941441 0.0632945225 0.425000012 -0.0827709213 0.0702778697 0.425000012 -0.0792264268 0.0763097107 0.425000012 -0.0582583807 0.0681994557 0.425000012 -0.0545217246 0.0955373198 0.425000012 -0.0570541956 0.0258808546 0.425000012 -0.0509364903 0.0210993998 0.425000012 -0.0509364903 0.0210993998 0.425000012 -0.0467950255 0.0529813245 0.425000012 -0.0582583807 0.0681994557 0.425000012 -0.0547519773 0.0726857707 0.425000012 -0.0545217246 0.0955373198 0.425000012 -0.0547519773 0.0726857707 0.425000012 -0.0494721867 0.0748178288 0.425000012 -0.0410808548 0.102040991 0.425000012 -0.0410808548 0.102040991 0.425000012 -0.0438337326 0.0740243495 0.425000012 -0.0432476923 0.0200173799 0.425000012 -0.0467950255 0.0529813245 0.425000012 -0.0432476923 0.0200173799 0.425000012 -0.0360479802 0.0229247324 0.425000012 -0.0415152349 0.0551133826 0.425000012 -0.0240668021 0.0319497921 0.425000012 -0.00486757886 0.0397027247 0.425000012 0.00684834085 0.0690946504 0.425000012 0.0023620252 0.0726010501 0.425000012 0.00557411043 0.0396097116 0.425000012 0.0023620252 0.0726010501 0.425000012 0.000229969417 0.0778808445 0.425000012 0.00102344295 0.0835193023 0.425000012 -0.02540108 0.107027031 0.425000012 0.00452984497 0.0880056173 0.425000012 0.00577688217 0.109848216 0.425000012 0.00980963465 0.0901376754 0.425000012 0.00577688217 0.109848216 0.425000012 0.00980963465 0.0901376754 0.425000012 0.0154480999 0.089344196 0.425000012 0.0154480999 0.089344196 0.425000012 0.0199344084 0.0858377963 0.425000012 0.0220664702 0.080558002 0.425000012 0.0212729909 0.0749195442 0.425000012 0.0177665874 0.0704332292 0.425000012 0.0124867996 0.0683011711 0.425000012 0.00684834085 0.0690946504 0.410000026 0.0220664702 0.080558002 0.410000026 0.0199344084 0.0858377963 0.410000026 0.0927470773 0.105274469 0.410000026 0.142503262 0.107343383 0.410000026 0.147767767 0.111308977 0.410000026 0.327563822 -0.127378494 0.410000026 0.0704332292 -0.017766593 0.410000026 0.0749195442 -0.0212729909 0.410000026 0.123268247 -0.116634637 0.410000026 0.0681994483 0.0582583807 0.410000026 0.0726857632 0.0547519848 0.410000026 0.129419506 0.103345878 0.410000026 0.136313826 0.104191117 0.410000026 0.0835193023 -0.00102344458 0.410000026 0.0551133826 0.0415152386 0.410000026 0.0880056173 -0.00452984963 0.410000026 0.0880056173 -0.00452984963 0.410000026 0.0551133826 0.0415152386 0.410000026 0.0595996901 0.0380088352 0.410000026 0.0595996901 0.0380088352 0.410000026 0.0652381554 0.0372153595 0.410000026 0.080558002 -0.022066474 0.410000026 0.0858377963 -0.0199344121 0.410000026 0.0625609905 0.0590518638 0.410000026 0.0927470773 0.105274469 0.410000026 0.0625609905 0.0590518638 0.410000026 0.0572812036 0.0569198057 0.410000026 0.0572812036 0.0569198057 0.410000026 0.00557411043 0.0396097116 0.410000026 0.0537748039 0.0524334908 0.410000026 0.0529813208 0.0467950255 0.410000026 0.0319497883 0.0240668077 0.410000026 0.089344196 -0.0154480999 0.410000026 0.0901376754 -0.00980963558 0.410000026 0.077880837 -0.000229970174 0.410000026 0.0726010501 -0.00236202986 0.410000026 0.0690946504 -0.00684834132 0.410000026 0.0705179423 0.0393474177 0.410000026 0.0740243495 0.0438337326 0.410000026 0.0748178214 0.0494721904 0.410000026 0.327563822 -0.127378494 0.410000026 0.0748178214 0.0494721904 0.410000026 0.0726857632 0.0547519848 0.410000026 0.0397027284 0.00486757001 0.410000026 0.0397766456 -0.00422120281 0.410000026 0.0683011785 -0.0124868006 0.410000026 0.00577688217 0.109848216 0.410000026 0.00684834085 0.0690946504 0.410000026 0.0124867996 0.0683011711 0.410000026 0.0177665874 0.0704332292 0.410000026 0.0212729909 0.0749195442 0.410000026 0.0023620252 0.0726010501 0.410000026 -0.0410808548 0.102040991 0.410000026 0.000229969417 0.0778808445 0.410000026 0.0154480999 0.089344196 0.410000026 0.00577688217 0.109848216 0.410000026 0.0154480999 0.089344196 0.410000026 0.00980963465 0.0901376754 0.410000026 0.00980963465 0.0901376754 0.410000026 -0.02540108 0.107027031 0.410000026 0.00452984497 0.0880056173 0.410000026 0.00102344295 0.0835193023 0.410000026 -0.0393474139 0.0705179498 0.410000026 -0.0438337326 0.0740243495 0.410000026 -0.0545217246 0.0955373198 0.410000026 -0.0372153595 0.0652381554 0.410000026 -0.0380088314 0.0595996976 0.410000026 -0.0494721867 0.0748178288 0.410000026 -0.0547519773 0.0726857707 0.410000026 -0.0792264268 0.0763097107 0.410000026 -0.0582583807 0.0681994557 0.410000026 -0.0827709213 0.0702778697 0.410000026 -0.0590518713 0.0625609905 0.410000026 0.0156359226 0.0368173569 0.410000026 0.0069205435 0.0393967777 0.410000026 0.00422119675 0.0397766382 0.410000026 -0.00486757886 0.0397027247 0.410000026 -0.0415152349 0.0551133826 0.410000026 -0.0240668021 0.0319497921 0.410000026 -0.0360479802 0.0229247324 0.410000026 -0.0467950255 0.0529813245 0.410000026 -0.0432476923 0.0200173799 0.410000026 -0.0432476923 0.0200173799 0.410000026 -0.0509364903 0.0210993998 0.410000026 -0.0524334982 0.0537747927 0.410000026 -0.0570541956 0.0258808546 0.410000026 -0.0569197983 0.057281211 0.410000026 -0.0804039985 0.0568787903 0.410000026 -0.0831941441 0.0632945225 0.410000026 0.0524334908 -0.0537747964 0.410000026 0.0467950329 -0.052981317 0.410000026 0.0494721979 -0.0748178214 0.410000026 0.0547519885 -0.0726857632 0.410000026 0.0569198094 -0.0572811998 0.410000026 0.0582583919 -0.0681994483 0.410000026 0.0590518638 -0.0625609905 0.410000026 0.0380088426 -0.0595996901 0.410000026 0.0120856324 -0.0409748442 0.410000026 0.041515246 -0.0551133789 0.410000026 0.0240668114 -0.0319497846 0.410000026 0.041515246 -0.0551133789 0.410000026 0.0240668114 -0.0319497846 0.410000026 0.0467950329 -0.052981317 0.410000026 0.0368173495 -0.01563593 0.410000026 0.0542734861 -0.113006234 0.410000026 0.0480167754 -0.111269869 0.410000026 0.0438337252 -0.0740243569 0.410000026 0.0430800766 -0.107051983 0.410000026 0.0393474288 -0.0705179423 0.410000026 0.00912951864 -0.0619810596 0.410000026 0.0372153521 -0.0652381629 0.410000026 0.00622216985 -0.0547813438 0.410000026 0.00730417622 -0.0470925421 0.410000026 0.142503262 0.107343383 0.425000012 0.142503262 0.107343383 0.410000026 0.147767767 0.111308977 0.425000012 0.0542734861 -0.113006234 0.410000026 0.0542734861 -0.113006234 0.425000012 0.123268247 -0.116634637 0.410000026 0.123268247 -0.116634637 0.425000012 0.327563822 -0.127378494 0.410000026 0.327563822 -0.127378494 0.425000012 0.142503262 0.107343383 0.410000026 0.142503262 0.107343383 0.425000012 0.136313826 0.104191117 0.410000026 0.136313826 0.104191117 0.425000012 0.136313826 0.104191117 0.410000026 0.136313826 0.104191117 0.425000012 0.129419506 0.103345878 0.410000026 0.129419506 0.103345878 0.410000026 0.00577688217 0.109848216 0.425000012 0.00577688217 0.109848216 0.410000026 0.0927470773 0.105274469 0.425000012 0.0927470773 0.105274469 0.410000026 0.129419506 0.103345878 0.425000012 0.129419506 0.103345878 0.410000026 0.00577688217 0.109848216 0.410000026 -0.02540108 0.107027031 0.425000012 0.00577688217 0.109848216 0.425000012 -0.02540108 0.107027031 0.425000012 -0.02540108 0.107027031 0.410000026 -0.02540108 0.107027031 0.425000012 -0.0410808548 0.102040991 0.410000026 -0.0410808548 0.102040991 0.425000012 -0.0410808548 0.102040991 0.410000026 -0.0410808548 0.102040991 0.425000012 -0.0545217246 0.0955373198 0.410000026 -0.0545217246 0.0955373198 0.425000012 -0.0545217246 0.0955373198 0.410000026 -0.0545217246 0.0955373198 0.410000026 -0.0792264268 0.0763097107 0.425000012 -0.0792264268 0.0763097107 0.425000012 -0.0792264268 0.0763097107 0.410000026 -0.0792264268 0.0763097107 0.410000026 -0.0827709213 0.0702778697 0.425000012 -0.0827709213 0.0702778697 0.425000012 -0.0827709213 0.0702778697 0.410000026 -0.0827709213 0.0702778697 0.410000026 -0.0831941441 0.0632945225 0.425000012 -0.0831941441 0.0632945225 0.425000012 -0.0831941441 0.0632945225 0.410000026 -0.0831941441 0.0632945225 0.410000026 -0.0804039985 0.0568787903 0.425000012 -0.0804039985 0.0568787903 0.425000012 -0.0570541956 0.0258808546 0.425000012 -0.0804039985 0.0568787903 0.410000026 -0.0570541956 0.0258808546 0.410000026 -0.0804039985 0.0568787903 0.425000012 -0.0570541956 0.0258808546 0.410000026 -0.0570541956 0.0258808546 0.410000026 -0.0509364903 0.0210993998 0.425000012 -0.0509364903 0.0210993998 0.425000012 -0.0509364903 0.0210993998 0.410000026 -0.0509364903 0.0210993998 0.410000026 -0.0432476923 0.0200173799 0.425000012 -0.0432476923 0.0200173799 0.425000012 -0.0432476923 0.0200173799 0.410000026 -0.0432476923 0.0200173799 0.410000026 -0.0360479802 0.0229247324 0.425000012 -0.0360479802 0.0229247324 0.425000012 -0.0240668021 0.0319497921 0.425000012 -0.0360479802 0.0229247324 0.410000026 -0.0240668021 0.0319497921 0.410000026 -0.0360479802 0.0229247324 0.425000012 -0.0240668021 0.0319497921 0.410000026 -0.0240668021 0.0319497921 0.425000012 -0.00486757886 0.0397027247 0.410000026 -0.00486757886 0.0397027247 0.425000012 -0.00486757886 0.0397027247 0.410000026 -0.00486757886 0.0397027247 0.425000012 0.00422119675 0.0397766382 0.410000026 0.00422119675 0.0397766382 0.425000012 0.00422119675 0.0397766382 0.410000026 0.00422119675 0.0397766382 0.425000012 0.0069205435 0.0393967777 0.410000026 0.0069205435 0.0393967777 0.425000012 0.0069205435 0.0393967777 0.410000026 0.0069205435 0.0393967777 0.425000012 0.0156359226 0.0368173569 0.410000026 0.0156359226 0.0368173569 0.425000012 0.0156359226 0.0368173569 0.410000026 0.0156359226 0.0368173569 0.425000012 0.0319497883 0.0240668077 0.410000026 0.0319497883 0.0240668077 0.425000012 0.0319497883 0.0240668077 0.410000026 0.0319497883 0.0240668077 0.425000012 0.0397027284 0.00486757001 0.410000026 0.0397027284 0.00486757001 0.425000012 0.0397027284 0.00486757001 0.410000026 0.0397027284 0.00486757001 0.425000012 0.0397766456 -0.00422120281 0.410000026 0.0397766456 -0.00422120281 0.425000012 0.0397766456 -0.00422120281 0.410000026 0.0397766456 -0.00422120281 0.425000012 0.0368173495 -0.01563593 0.410000026 0.0368173495 -0.01563593 0.425000012 0.0368173495 -0.01563593 0.410000026 0.0368173495 -0.01563593 0.425000012 0.0240668114 -0.0319497846 0.410000026 0.0240668114 -0.0319497846 0.425000012 0.0120856324 -0.0409748442 0.425000012 0.0240668114 -0.0319497846 0.410000026 0.0120856324 -0.0409748442 0.410000026 0.0240668114 -0.0319497846 0.425000012 0.0120856324 -0.0409748442 0.410000026 0.0120856324 -0.0409748442 0.410000026 0.00730417622 -0.0470925421 0.425000012 0.00730417622 -0.0470925421 0.425000012 0.00730417622 -0.0470925421 0.410000026 0.00730417622 -0.0470925421 0.410000026 0.00622216985 -0.0547813438 0.425000012 0.00622216985 -0.0547813438 0.425000012 0.00622216985 -0.0547813438 0.410000026 0.00622216985 -0.0547813438 0.410000026 0.00912951864 -0.0619810596 0.425000012 0.00912951864 -0.0619810596 0.425000012 0.0430800766 -0.107051983 0.425000012 0.00912951864 -0.0619810596 0.410000026 0.0430800766 -0.107051983 0.410000026 0.00912951864 -0.0619810596 0.425000012 0.0430800766 -0.107051983 0.410000026 0.0430800766 -0.107051983 0.410000026 0.0480167754 -0.111269869 0.425000012 0.0480167754 -0.111269869 0.425000012 0.0480167754 -0.111269869 0.410000026 0.0480167754 -0.111269869 0.410000026 0.0542734861 -0.113006234 0.425000012 0.0542734861 -0.113006234 0.425000012 -0.0393474139 0.0705179498 0.410000026 -0.0393474139 0.0705179498 0.425000012 -0.0372153595 0.0652381554 0.410000026 -0.0372153595 0.0652381554 0.425000012 -0.0372153595 0.0652381554 0.410000026 -0.0372153595 0.0652381554 0.425000012 -0.0380088314 0.0595996976 0.410000026 -0.0380088314 0.0595996976 0.425000012 -0.0380088314 0.0595996976 0.410000026 -0.0380088314 0.0595996976 0.425000012 -0.0415152349 0.0551133826 0.410000026 -0.0415152349 0.0551133826 0.425000012 -0.0415152349 0.0551133826 0.410000026 -0.0415152349 0.0551133826 0.425000012 -0.0467950255 0.0529813245 0.410000026 -0.0467950255 0.0529813245 0.425000012 -0.0467950255 0.0529813245 0.410000026 -0.0467950255 0.0529813245 0.425000012 -0.0524334982 0.0537747927 0.410000026 -0.0524334982 0.0537747927 0.425000012 -0.0524334982 0.0537747927 0.410000026 -0.0524334982 0.0537747927 0.425000012 -0.0569197983 0.057281211 0.410000026 -0.0569197983 0.057281211 0.425000012 -0.0569197983 0.057281211 0.410000026 -0.0569197983 0.057281211 0.425000012 -0.0590518713 0.0625609905 0.410000026 -0.0590518713 0.0625609905 0.425000012 -0.0590518713 0.0625609905 0.410000026 -0.0590518713 0.0625609905 0.425000012 -0.0582583807 0.0681994557 0.410000026 -0.0582583807 0.0681994557 0.425000012 -0.0582583807 0.0681994557 0.410000026 -0.0582583807 0.0681994557 0.425000012 -0.0547519773 0.0726857707 0.410000026 -0.0547519773 0.0726857707 0.425000012 -0.0547519773 0.0726857707 0.410000026 -0.0547519773 0.0726857707 0.425000012 -0.0494721867 0.0748178288 0.410000026 -0.0494721867 0.0748178288 0.425000012 -0.0494721867 0.0748178288 0.410000026 -0.0494721867 0.0748178288 0.425000012 -0.0438337326 0.0740243495 0.410000026 -0.0438337326 0.0740243495 0.425000012 -0.0438337326 0.0740243495 0.410000026 -0.0438337326 0.0740243495 0.425000012 -0.0393474139 0.0705179498 0.410000026 -0.0393474139 0.0705179498 0.425000012 0.0199344084 0.0858377963 0.410000026 0.0199344084 0.0858377963 0.425000012 0.0220664702 0.080558002 0.410000026 0.0220664702 0.080558002 0.425000012 0.0220664702 0.080558002 0.410000026 0.0220664702 0.080558002 0.425000012 0.0212729909 0.0749195442 0.410000026 0.0212729909 0.0749195442 0.425000012 0.0212729909 0.0749195442 0.410000026 0.0212729909 0.0749195442 0.425000012 0.0177665874 0.0704332292 0.410000026 0.0177665874 0.0704332292 0.425000012 0.0177665874 0.0704332292 0.410000026 0.0177665874 0.0704332292 0.425000012 0.0124867996 0.0683011711 0.410000026 0.0124867996 0.0683011711 0.425000012 0.0124867996 0.0683011711 0.410000026 0.0124867996 0.0683011711 0.425000012 0.00684834085 0.0690946504 0.410000026 0.00684834085 0.0690946504 0.425000012 0.00684834085 0.0690946504 0.410000026 0.00684834085 0.0690946504 0.425000012 0.0023620252 0.0726010501 0.410000026 0.0023620252 0.0726010501 0.425000012 0.0023620252 0.0726010501 0.410000026 0.0023620252 0.0726010501 0.425000012 0.000229969417 0.0778808445 0.410000026 0.000229969417 0.0778808445 0.425000012 0.000229969417 0.0778808445 0.410000026 0.000229969417 0.0778808445 0.425000012 0.00102344295 0.0835193023 0.410000026 0.00102344295 0.0835193023 0.425000012 0.00102344295 0.0835193023 0.410000026 0.00102344295 0.0835193023 0.425000012 0.00452984497 0.0880056173 0.410000026 0.00452984497 0.0880056173 0.425000012 0.00452984497 0.0880056173 0.410000026 0.00452984497 0.0880056173 0.425000012 0.00980963465 0.0901376754 0.410000026 0.00980963465 0.0901376754 0.425000012 0.00980963465 0.0901376754 0.410000026 0.00980963465 0.0901376754 0.425000012 0.0154480999 0.089344196 0.410000026 0.0154480999 0.089344196 0.425000012 0.0154480999 0.089344196 0.410000026 0.0154480999 0.089344196 0.425000012 0.0199344084 0.0858377963 0.410000026 0.0199344084 0.0858377963 0.425000012 0.0726857632 0.0547519848 0.410000026 0.0726857632 0.0547519848 0.425000012 0.0748178214 0.0494721904 0.410000026 0.0748178214 0.0494721904 0.425000012 0.0748178214 0.0494721904 0.410000026 0.0748178214 0.0494721904 0.425000012 0.0740243495 0.0438337326 0.410000026 0.0740243495 0.0438337326 0.425000012 0.0740243495 0.0438337326 0.410000026 0.0740243495 0.0438337326 0.425000012 0.0705179423 0.0393474177 0.410000026 0.0705179423 0.0393474177 0.425000012 0.0705179423 0.0393474177 0.410000026 0.0705179423 0.0393474177 0.425000012 0.0652381554 0.0372153595 0.410000026 0.0652381554 0.0372153595 0.425000012 0.0652381554 0.0372153595 0.410000026 0.0652381554 0.0372153595 0.425000012 0.0595996901 0.0380088352 0.410000026 0.0595996901 0.0380088352 0.425000012 0.0595996901 0.0380088352 0.410000026 0.0595996901 0.0380088352 0.425000012 0.0551133826 0.0415152386 0.410000026 0.0551133826 0.0415152386 0.425000012 0.0551133826 0.0415152386 0.410000026 0.0551133826 0.0415152386 0.425000012 0.0529813208 0.0467950255 0.410000026 0.0529813208 0.0467950255 0.425000012 0.0529813208 0.0467950255 0.410000026 0.0529813208 0.0467950255 0.425000012 0.0537748039 0.0524334908 0.410000026 0.0537748039 0.0524334908 0.425000012 0.0537748039 0.0524334908 0.410000026 0.0537748039 0.0524334908 0.425000012 0.0572812036 0.0569198057 0.410000026 0.0572812036 0.0569198057 0.425000012 0.0572812036 0.0569198057 0.410000026 0.0572812036 0.0569198057 0.425000012 0.0625609905 0.0590518638 0.410000026 0.0625609905 0.0590518638 0.425000012 0.0625609905 0.0590518638 0.410000026 0.0625609905 0.0590518638 0.425000012 0.0681994483 0.0582583807 0.410000026 0.0681994483 0.0582583807 0.425000012 0.0681994483 0.0582583807 0.410000026 0.0681994483 0.0582583807 0.425000012 0.0726857632 0.0547519848 0.410000026 0.0726857632 0.0547519848 0.425000012 0.0880056173 -0.00452984963 0.410000026 0.0880056173 -0.00452984963 0.425000012 0.0901376754 -0.00980963558 0.410000026 0.0901376754 -0.00980963558 0.425000012 0.0901376754 -0.00980963558 0.410000026 0.0901376754 -0.00980963558 0.425000012 0.089344196 -0.0154480999 0.410000026 0.089344196 -0.0154480999 0.425000012 0.089344196 -0.0154480999 0.410000026 0.089344196 -0.0154480999 0.425000012 0.0858377963 -0.0199344121 0.410000026 0.0858377963 -0.0199344121 0.425000012 0.0858377963 -0.0199344121 0.410000026 0.0858377963 -0.0199344121 0.425000012 0.080558002 -0.022066474 0.410000026 0.080558002 -0.022066474 0.425000012 0.080558002 -0.022066474 0.410000026 0.080558002 -0.022066474 0.425000012 0.0749195442 -0.0212729909 0.410000026 0.0749195442 -0.0212729909 0.425000012 0.0749195442 -0.0212729909 0.410000026 0.0749195442 -0.0212729909 0.425000012 0.0704332292 -0.017766593 0.410000026 0.0704332292 -0.017766593 0.425000012 0.0704332292 -0.017766593 0.410000026 0.0704332292 -0.017766593 0.425000012 0.0683011785 -0.0124868006 0.410000026 0.0683011785 -0.0124868006 0.425000012 0.0683011785 -0.0124868006 0.410000026 0.0683011785 -0.0124868006 0.425000012 0.0690946504 -0.00684834132 0.410000026 0.0690946504 -0.00684834132 0.425000012 0.0690946504 -0.00684834132 0.410000026 0.0690946504 -0.00684834132 0.425000012 0.0726010501 -0.00236202986 0.410000026 0.0726010501 -0.00236202986 0.425000012 0.0726010501 -0.00236202986 0.410000026 0.0726010501 -0.00236202986 0.425000012 0.077880837 -0.000229970174 0.410000026 0.077880837 -0.000229970174 0.425000012 0.077880837 -0.000229970174 0.410000026 0.077880837 -0.000229970174 0.425000012 0.0835193023 -0.00102344458 0.410000026 0.0835193023 -0.00102344458 0.425000012 0.0835193023 -0.00102344458 0.410000026 0.0835193023 -0.00102344458 0.425000012 0.0880056173 -0.00452984963 0.410000026 0.0880056173 -0.00452984963 0.425000012 0.0569198094 -0.0572811998 0.410000026 0.0569198094 -0.0572811998 0.425000012 0.0590518638 -0.0625609905 0.410000026 0.0590518638 -0.0625609905 0.425000012 0.0590518638 -0.0625609905 0.410000026 0.0590518638 -0.0625609905 0.425000012 0.0582583919 -0.0681994483 0.410000026 0.0582583919 -0.0681994483 0.425000012 0.0582583919 -0.0681994483 0.410000026 0.0582583919 -0.0681994483 0.425000012 0.0547519885 -0.0726857632 0.410000026 0.0547519885 -0.0726857632 0.425000012 0.0547519885 -0.0726857632 0.410000026 0.0547519885 -0.0726857632 0.425000012 0.0494721979 -0.0748178214 0.410000026 0.0494721979 -0.0748178214 0.425000012 0.0494721979 -0.0748178214 0.410000026 0.0494721979 -0.0748178214 0.425000012 0.0438337252 -0.0740243569 0.410000026 0.0438337252 -0.0740243569 0.425000012 0.0438337252 -0.0740243569 0.410000026 0.0438337252 -0.0740243569 0.425000012 0.0393474288 -0.0705179423 0.410000026 0.0393474288 -0.0705179423 0.425000012 0.0393474288 -0.0705179423 0.410000026 0.0393474288 -0.0705179423 0.425000012 0.0372153521 -0.0652381629 0.410000026 0.0372153521 -0.0652381629 0.425000012 0.0372153521 -0.0652381629 0.410000026 0.0372153521 -0.0652381629 0.425000012 0.0380088426 -0.0595996901 0.410000026 0.0380088426 -0.0595996901 0.425000012 0.0380088426 -0.0595996901 0.410000026 0.0380088426 -0.0595996901 0.425000012 0.041515246 -0.0551133789 0.410000026 0.041515246 -0.0551133789 0.425000012 0.041515246 -0.0551133789 0.410000026 0.041515246 -0.0551133789 0.425000012 0.0467950329 -0.052981317 0.410000026 0.0467950329 -0.052981317 0.425000012 0.0467950329 -0.052981317 0.410000026 0.0467950329 -0.052981317 0.425000012 0.0524334908 -0.0537747964 0.410000026 0.0524334908 -0.0537747964 0.425000012 0.0524334908 -0.0537747964 0.410000026 0.0524334908 -0.0537747964 0.425000012 0.0569198094 -0.0572811998 0.410000026 0.0569198094 -0.0572811998 0.00249999948 0.151226431 0.113914281 -0.00499999709 0.161602423 0.121730208 0.000669875997 0.149764627 0.112813152 -0.0123205092 0.155755207 0.117325678 0.000669875997 0.149764627 0.112813152 -5.66243896e-09 0.147767767 0.111308977 -0.0149999987 0.147767767 0.111308977 -0.00443328731 0.342134655 -0.117410958 0.00239187293 0.344048589 -0.116305865 0.00449891575 0.332197368 -0.125261411 0.00449891575 0.332197368 -0.125261411 0.00239187293 0.344048589 -0.116305865 0.00500000454 0.344243675 -0.116281018 0.00449891575 0.332197368 -0.125261411 0.00500000454 0.344243675 -0.116281018 0.00500000454 0.332262516 -0.12530607 0.00449891575 0.332197368 -0.125261411 0.00249999948 0.331492454 -0.125397131 -0.00443328731 0.342134655 -0.117410958 -0.00443328731 0.342134655 -0.117410958 0.00249999948 0.331492454 -0.125397131 0.00220341049 0.331313014 -0.125466973 -0.00443328731 0.342134655 -0.117410958 0.00220341049 0.331313014 -0.125466973 -0.00499999709 0.34186846 -0.117581218 -0.00499999709 0.34186846 -0.117581218 0.00220341049 0.331313014 -0.125466973 0.00130568992 0.330586851 -0.125791863 -0.00499999709 0.34186846 -0.117581218 0.00130568992 0.330586851 -0.125791863 -0.0100427922 0.338414252 -0.11987713 -0.0100427922 0.338414252 -0.11987713 0.00130568992 0.330586851 -0.125791863 -0.0123205092 0.335786223 -0.121673755 -0.0123205092 0.335786223 -0.121673755 0.00130568992 0.330586851 -0.125791863 0.000669875997 0.329795659 -0.126186281 -0.0123205092 0.335786223 -0.121673755 0.000669875997 0.329795659 -0.126186281 -0.0137206782 0.333346903 -0.123358086 0.000669875997 0.329795659 -0.126186281 0.000588459778 0.329663485 -0.126254529 -0.0137206782 0.333346903 -0.123358086 -0.0137206782 0.333346903 -0.123358086 0.000588459778 0.329663485 -0.126254529 -5.66243896e-09 0.327563822 -0.127378494 -0.0137206782 0.333346903 -0.123358086 -5.66243896e-09 0.327563822 -0.127378494 -0.0149999987 0.327563822 -0.127378494 -0.0149999987 0.327563822 -0.127378494 -0.0149999987 0.147767767 0.111308977 -0.0137206782 0.333346903 -0.123358086 -0.0137206782 0.333346903 -0.123358086 -0.0149999987 0.147767767 0.111308977 -0.0123205092 0.155755207 0.117325678 -0.00499999709 0.161602423 0.121730208 -0.0100427922 0.338414252 -0.11987713 -0.0123205092 0.155755207 0.117325678 -0.0123205092 0.155755207 0.117325678 -0.0100427922 0.338414252 -0.11987713 -0.0123205092 0.335786223 -0.121673755 -0.0123205092 0.155755207 0.117325678 -0.0123205092 0.335786223 -0.121673755 -0.0137206782 0.333346903 -0.123358086 0.00500000454 0.344243675 -0.116281018 0.00239187293 0.344048589 -0.116305865 0.00500000454 0.163742661 0.12334238 0.00500000454 0.163742661 0.12334238 0.00239187293 0.344048589 -0.116305865 -0.00443328731 0.342134655 -0.117410958 0.00500000454 0.163742661 0.12334238 -0.00443328731 0.342134655 -0.117410958 -0.00499999709 0.161602423 0.121730208 -0.00499999709 0.161602423 0.121730208 -0.00443328731 0.342134655 -0.117410958 -0.00499999709 0.34186846 -0.117581218 -0.00499999709 0.161602423 0.121730208 -0.00499999709 0.34186846 -0.117581218 -0.0100427922 0.338414252 -0.11987713 0.00220341049 0.331313014 -0.125466973 0.00249999948 0.331492454 -0.125397131 0.00249999948 0.151226431 0.113914281 0.00249999948 0.151226431 0.113914281 0.00249999948 0.331492454 -0.125397131 0.00500000454 0.151761487 0.11431732 0.00500000454 0.151761487 0.11431732 0.00249999948 0.331492454 -0.125397131 0.00449891575 0.332197368 -0.125261411 0.00500000454 0.151761487 0.11431732 0.00449891575 0.332197368 -0.125261411 0.00500000454 0.332262516 -0.12530607 0.00220341049 0.331313014 -0.125466973 0.00249999948 0.151226431 0.113914281 0.00130568992 0.330586851 -0.125791863 0.00130568992 0.330586851 -0.125791863 0.00249999948 0.151226431 0.113914281 0.000669875997 0.149764627 0.112813152 0.00130568992 0.330586851 -0.125791863 0.000669875997 0.149764627 0.112813152 0.000669875997 0.329795659 -0.126186281 -5.66243896e-09 0.147767767 0.111308977 -5.66243896e-09 0.327563822 -0.127378494 0.000669875997 0.149764627 0.112813152 0.000669875997 0.149764627 0.112813152 -5.66243896e-09 0.327563822 -0.127378494 0.000588459778 0.329663485 -0.126254529 0.000669875997 0.149764627 0.112813152 0.000588459778 0.329663485 -0.126254529 0.000669875997 0.329795659 -0.126186281 -0.0149999987 0.0220664702 0.080558002 -0.0149999987 0.0199344084 0.0858377963 -0.0149999987 0.0927470773 0.105274469 -0.0149999987 0.0749195442 -0.0212729909 -0.0149999987 0.123268247 -0.116634637 -0.0149999987 0.0704332292 -0.017766593 -0.0149999987 0.0397766456 -0.00422120281 -0.0149999987 0.080558002 -0.022066474 -0.0149999987 0.0858377963 -0.0199344121 -0.0149999987 0.327563822 -0.127378494 -0.0149999987 0.142503262 0.107343383 -0.0149999987 0.147767767 0.111308977 -0.0149999987 0.0681994483 0.0582583807 -0.0149999987 0.0625609905 0.0590518638 -0.0149999987 0.0572812036 0.0569198057 -0.0149999987 0.00557411043 0.0396097116 -0.0149999987 0.0537748039 0.0524334908 -0.0149999987 0.0529813208 0.0467950255 -0.0149999987 0.0835193023 -0.00102344458 -0.0149999987 0.0551133826 0.0415152386 -0.0149999987 0.0880056173 -0.00452984963 -0.0149999987 0.0595996901 0.0380088352 -0.0149999987 0.0652381554 0.0372153595 -0.0149999987 0.0319497883 0.0240668077 -0.0149999987 0.089344196 -0.0154480999 -0.0149999987 0.0901376754 -0.00980963558 -0.0149999987 0.077880837 -0.000229970174 -0.0149999987 0.0726010501 -0.00236202986 -0.0149999987 0.0690946504 -0.00684834132 -0.0149999987 0.0705179423 0.0393474177 -0.0149999987 0.0740243495 0.0438337326 -0.0149999987 0.0748178214 0.0494721904 -0.0149999987 0.0726857632 0.0547519848 -0.0149999987 0.129419506 0.103345878 -0.0149999987 0.136313826 0.104191117 -0.0149999987 0.0397027284 0.00486757001 -0.0149999987 0.0683011785 -0.0124868006 -0.0149999987 0.00577688217 0.109848216 -0.0149999987 0.00684834085 0.0690946504 -0.0149999987 0.0023620252 0.0726010501 -0.0149999987 -0.0410808548 0.102040991 -0.0149999987 0.000229969417 0.0778808445 -0.0149999987 0.0124867996 0.0683011711 -0.0149999987 0.0177665874 0.0704332292 -0.0149999987 0.0212729909 0.0749195442 -0.0149999987 0.0154480999 0.089344196 -0.0149999987 0.00980963465 0.0901376754 -0.0149999987 -0.02540108 0.107027031 -0.0149999987 0.00452984497 0.0880056173 -0.0149999987 0.00102344295 0.0835193023 -0.0149999987 -0.0393474139 0.0705179498 -0.0149999987 -0.0438337326 0.0740243495 -0.0149999987 -0.0545217246 0.0955373198 -0.0149999987 -0.0494721867 0.0748178288 -0.0149999987 -0.0547519773 0.0726857707 -0.0149999987 -0.0792264268 0.0763097107 -0.0149999987 -0.0582583807 0.0681994557 -0.0149999987 -0.0827709213 0.0702778697 -0.0149999987 -0.0590518713 0.0625609905 -0.0149999987 -0.0467950255 0.0529813245 -0.0149999987 -0.0509364903 0.0210993998 -0.0149999987 -0.0524334982 0.0537747927 -0.0149999987 -0.0570541956 0.0258808546 -0.0149999987 -0.0569197983 0.057281211 -0.0149999987 -0.0804039985 0.0568787903 -0.0149999987 -0.0831941441 0.0632945225 -0.0149999987 -0.0415152349 0.0551133826 -0.0149999987 -0.0360479802 0.0229247324 -0.0149999987 -0.0432476923 0.0200173799 -0.0149999987 -0.0372153595 0.0652381554 -0.0149999987 -0.0380088314 0.0595996976 -0.0149999987 0.0156359226 0.0368173569 -0.0149999987 0.0069205435 0.0393967777 -0.0149999987 0.00422119675 0.0397766382 -0.0149999987 -0.00486757886 0.0397027247 -0.0149999987 -0.0240668021 0.0319497921 -0.0149999987 0.0494721979 -0.0748178214 -0.0149999987 0.0547519885 -0.0726857632 -0.0149999987 0.0582583919 -0.0681994483 -0.0149999987 0.0542734861 -0.113006234 -0.0149999987 0.0480167754 -0.111269869 -0.0149999987 0.0438337252 -0.0740243569 -0.0149999987 0.0430800766 -0.107051983 -0.0149999987 0.0393474288 -0.0705179423 -0.0149999987 0.00912951864 -0.0619810596 -0.0149999987 0.0372153521 -0.0652381629 -0.0149999987 0.00622216985 -0.0547813438 -0.0149999987 0.0380088426 -0.0595996901 -0.0149999987 0.0590518638 -0.0625609905 -0.0149999987 0.0569198094 -0.0572811998 -0.0149999987 0.0524334908 -0.0537747964 -0.0149999987 0.0467950329 -0.052981317 -0.0149999987 0.00730417622 -0.0470925421 -0.0149999987 0.0120856324 -0.0409748442 -0.0149999987 0.041515246 -0.0551133789 -0.0149999987 0.0240668114 -0.0319497846 -0.0149999987 0.0368173495 -0.01563593 -5.66243985e-09 0.0240668114 -0.0319497846 -5.66243985e-09 0.0120856324 -0.0409748442 -5.66243985e-09 0.041515246 -0.0551133789 -5.66243985e-09 0.0380088426 -0.0595996901 -5.66243985e-09 0.00730417622 -0.0470925421 -5.66243985e-09 0.00622216985 -0.0547813438 -5.66243985e-09 0.0372153521 -0.0652381629 -5.66243985e-09 0.00912951864 -0.0619810596 -5.66243985e-09 0.0393474288 -0.0705179423 -5.66243941e-09 0.0368173495 -0.01563593 -5.66243941e-09 0.0467950329 -0.052981317 -5.66243941e-09 0.0397766456 -0.00422120281 -5.66243985e-09 0.0494721979 -0.0748178214 -5.66243985e-09 0.0542734861 -0.113006234 -5.66243985e-09 0.0547519885 -0.0726857632 -5.66243941e-09 0.123268247 -0.116634637 -5.66243941e-09 0.0582583919 -0.0681994483 -5.66243941e-09 0.0524334908 -0.0537747964 -5.66243985e-09 0.0569198094 -0.0572811998 -5.66243941e-09 0.0590518638 -0.0625609905 -5.66243985e-09 0.0438337252 -0.0740243569 -5.66243985e-09 0.0430800766 -0.107051983 -5.66243985e-09 0.0480167754 -0.111269869 -5.66243941e-09 0.0529813208 0.0467950255 -5.66243941e-09 0.0537748039 0.0524334908 -5.66243941e-09 0.00557411043 0.0396097116 -5.66243941e-09 0.0572812036 0.0569198057 -5.66243941e-09 0.0927470773 0.105274469 -5.66243941e-09 0.0726857632 0.0547519848 -5.66243941e-09 0.0748178214 0.0494721904 -5.66243896e-09 0.142503262 0.107343383 -5.66243896e-09 0.147767767 0.111308977 -5.66243941e-09 0.080558002 -0.022066474 -5.66243941e-09 0.0749195442 -0.0212729909 -5.66243941e-09 0.0704332292 -0.017766593 -5.66243941e-09 0.0683011785 -0.0124868006 -5.66243941e-09 0.0397027284 0.00486757001 -5.66243941e-09 0.0690946504 -0.00684834132 -5.66243941e-09 0.0625609905 0.0590518638 -5.66243941e-09 0.0681994483 0.0582583807 -5.66243941e-09 0.129419506 0.103345878 -5.66243941e-09 0.136313826 0.104191117 -5.66243896e-09 0.327563822 -0.127378494 -5.66243941e-09 0.0740243495 0.0438337326 -5.66243941e-09 0.0705179423 0.0393474177 -5.66243941e-09 0.0835193023 -0.00102344458 -5.66243941e-09 0.0880056173 -0.00452984963 -5.66243941e-09 0.0901376754 -0.00980963558 -5.66243941e-09 0.089344196 -0.0154480999 -5.66243941e-09 0.0858377963 -0.0199344121 -5.66243941e-09 0.0652381554 0.0372153595 -5.66243941e-09 0.0726010501 -0.00236202986 -5.66243941e-09 0.077880837 -0.000229970174 -5.66243985e-09 -0.0372153595 0.0652381554 -5.66243941e-09 -0.0380088314 0.0595996976 -5.66243985e-09 -0.0804039985 0.0568787903 -5.66243985e-09 -0.0569197983 0.057281211 -5.66243985e-09 -0.0590518713 0.0625609905 -5.66243985e-09 -0.0393474139 0.0705179498 -5.66243985e-09 0.00422119675 0.0397766382 -5.66243941e-09 0.0069205435 0.0393967777 -5.66243941e-09 0.0156359226 0.0368173569 -5.66243941e-09 0.0551133826 0.0415152386 -5.66243941e-09 0.0319497883 0.0240668077 -5.66243941e-09 0.0595996901 0.0380088352 -5.66243985e-09 -0.0831941441 0.0632945225 -5.66243985e-09 -0.0827709213 0.0702778697 -5.66243985e-09 -0.0792264268 0.0763097107 -5.66243985e-09 -0.0582583807 0.0681994557 -5.66243985e-09 -0.0545217246 0.0955373198 -5.66243985e-09 -0.0509364903 0.0210993998 -5.66243985e-09 -0.0467950255 0.0529813245 -5.66243985e-09 -0.0524334982 0.0537747927 -5.66243985e-09 -0.0570541956 0.0258808546 -5.66243985e-09 -0.0547519773 0.0726857707 -5.66243985e-09 -0.0494721867 0.0748178288 -5.66243941e-09 -0.0410808548 0.102040991 -5.66243985e-09 -0.0438337326 0.0740243495 -5.66243985e-09 -0.0432476923 0.0200173799 -5.66243985e-09 -0.0360479802 0.0229247324 -5.66243985e-09 -0.0415152349 0.0551133826 -5.66243985e-09 -0.0240668021 0.0319497921 -5.66243941e-09 -0.00486757886 0.0397027247 -5.66243941e-09 0.00684834085 0.0690946504 -5.66243941e-09 0.0023620252 0.0726010501 -5.66243941e-09 0.0220664702 0.080558002 -5.66243941e-09 0.0212729909 0.0749195442 -5.66243941e-09 0.0177665874 0.0704332292 -5.66243941e-09 0.0124867996 0.0683011711 -5.66243941e-09 0.00577688217 0.109848216 -5.66243941e-09 0.0154480999 0.089344196 -5.66243941e-09 0.0199344084 0.0858377963 -5.66243941e-09 0.000229969417 0.0778808445 -5.66243941e-09 0.00102344295 0.0835193023 -5.66243941e-09 -0.02540108 0.107027031 -5.66243941e-09 0.00452984497 0.0880056173 -5.66243941e-09 0.00980963465 0.0901376754 -5.66243985e-09 0.0542734861 -0.113006234 -0.0149999987 0.0542734861 -0.113006234 -5.66243941e-09 0.123268247 -0.116634637 -0.0149999987 0.123268247 -0.116634637 -5.66243896e-09 0.327563822 -0.127378494 -0.0149999987 0.327563822 -0.127378494 -0.0149999987 0.142503262 0.107343383 -5.66243896e-09 0.142503262 0.107343383 -0.0149999987 0.0542734861 -0.113006234 -5.66243985e-09 0.0542734861 -0.113006234 -5.66243985e-09 0.0480167754 -0.111269869 -0.0149999987 0.0480167754 -0.111269869 -0.0149999987 0.0480167754 -0.111269869 -5.66243985e-09 0.0480167754 -0.111269869 -5.66243985e-09 0.0430800766 -0.107051983 -0.0149999987 0.0430800766 -0.107051983 -0.0149999987 0.00912951864 -0.0619810596 -0.0149999987 0.0430800766 -0.107051983 -5.66243985e-09 0.00912951864 -0.0619810596 -5.66243985e-09 0.0430800766 -0.107051983 -0.0149999987 0.00912951864 -0.0619810596 -5.66243985e-09 0.00912951864 -0.0619810596 -5.66243985e-09 0.00622216985 -0.0547813438 -0.0149999987 0.00622216985 -0.0547813438 -0.0149999987 0.00622216985 -0.0547813438 -5.66243985e-09 0.00622216985 -0.0547813438 -5.66243985e-09 0.00730417622 -0.0470925421 -0.0149999987 0.00730417622 -0.0470925421 -0.0149999987 0.00730417622 -0.0470925421 -5.66243985e-09 0.00730417622 -0.0470925421 -5.66243985e-09 0.0120856324 -0.0409748442 -0.0149999987 0.0120856324 -0.0409748442 -0.0149999987 0.0240668114 -0.0319497846 -0.0149999987 0.0120856324 -0.0409748442 -5.66243985e-09 0.0240668114 -0.0319497846 -5.66243985e-09 0.0120856324 -0.0409748442 -0.0149999987 0.0240668114 -0.0319497846 -5.66243985e-09 0.0240668114 -0.0319497846 -0.0149999987 0.0368173495 -0.01563593 -5.66243941e-09 0.0368173495 -0.01563593 -0.0149999987 0.0368173495 -0.01563593 -5.66243941e-09 0.0368173495 -0.01563593 -0.0149999987 0.0397766456 -0.00422120281 -5.66243941e-09 0.0397766456 -0.00422120281 -0.0149999987 0.0397766456 -0.00422120281 -5.66243941e-09 0.0397766456 -0.00422120281 -0.0149999987 0.0397027284 0.00486757001 -5.66243941e-09 0.0397027284 0.00486757001 -0.0149999987 0.0397027284 0.00486757001 -5.66243941e-09 0.0397027284 0.00486757001 -0.0149999987 0.0319497883 0.0240668077 -5.66243941e-09 0.0319497883 0.0240668077 -0.0149999987 0.0319497883 0.0240668077 -5.66243941e-09 0.0319497883 0.0240668077 -0.0149999987 0.0156359226 0.0368173569 -5.66243941e-09 0.0156359226 0.0368173569 -0.0149999987 0.0156359226 0.0368173569 -5.66243941e-09 0.0156359226 0.0368173569 -0.0149999987 0.0069205435 0.0393967777 -5.66243941e-09 0.0069205435 0.0393967777 -0.0149999987 0.0069205435 0.0393967777 -5.66243941e-09 0.0069205435 0.0393967777 -0.0149999987 0.00422119675 0.0397766382 -5.66243985e-09 0.00422119675 0.0397766382 -0.0149999987 0.00422119675 0.0397766382 -5.66243985e-09 0.00422119675 0.0397766382 -0.0149999987 -0.00486757886 0.0397027247 -5.66243941e-09 -0.00486757886 0.0397027247 -0.0149999987 -0.00486757886 0.0397027247 -5.66243941e-09 -0.00486757886 0.0397027247 -0.0149999987 -0.0240668021 0.0319497921 -5.66243985e-09 -0.0240668021 0.0319497921 -0.0149999987 -0.0360479802 0.0229247324 -0.0149999987 -0.0240668021 0.0319497921 -5.66243985e-09 -0.0360479802 0.0229247324 -5.66243985e-09 -0.0240668021 0.0319497921 -0.0149999987 -0.0360479802 0.0229247324 -5.66243985e-09 -0.0360479802 0.0229247324 -5.66243985e-09 -0.0432476923 0.0200173799 -0.0149999987 -0.0432476923 0.0200173799 -0.0149999987 -0.0432476923 0.0200173799 -5.66243985e-09 -0.0432476923 0.0200173799 -5.66243985e-09 -0.0509364903 0.0210993998 -0.0149999987 -0.0509364903 0.0210993998 -0.0149999987 -0.0509364903 0.0210993998 -5.66243985e-09 -0.0509364903 0.0210993998 -5.66243985e-09 -0.0570541956 0.0258808546 -0.0149999987 -0.0570541956 0.0258808546 -0.0149999987 -0.0804039985 0.0568787903 -0.0149999987 -0.0570541956 0.0258808546 -5.66243985e-09 -0.0804039985 0.0568787903 -5.66243985e-09 -0.0570541956 0.0258808546 -0.0149999987 -0.0804039985 0.0568787903 -5.66243985e-09 -0.0804039985 0.0568787903 -5.66243985e-09 -0.0831941441 0.0632945225 -0.0149999987 -0.0831941441 0.0632945225 -0.0149999987 -0.0831941441 0.0632945225 -5.66243985e-09 -0.0831941441 0.0632945225 -5.66243985e-09 -0.0827709213 0.0702778697 -0.0149999987 -0.0827709213 0.0702778697 -0.0149999987 -0.0827709213 0.0702778697 -5.66243985e-09 -0.0827709213 0.0702778697 -5.66243985e-09 -0.0792264268 0.0763097107 -0.0149999987 -0.0792264268 0.0763097107 -5.66243985e-09 -0.0792264268 0.0763097107 -5.66243985e-09 -0.0545217246 0.0955373198 -0.0149999987 -0.0792264268 0.0763097107 -0.0149999987 -0.0545217246 0.0955373198 -0.0149999987 -0.0545217246 0.0955373198 -5.66243985e-09 -0.0545217246 0.0955373198 -0.0149999987 -0.0410808548 0.102040991 -5.66243941e-09 -0.0410808548 0.102040991 -0.0149999987 -0.0410808548 0.102040991 -5.66243941e-09 -0.0410808548 0.102040991 -0.0149999987 -0.02540108 0.107027031 -5.66243941e-09 -0.02540108 0.107027031 -0.0149999987 -0.02540108 0.107027031 -5.66243941e-09 -0.02540108 0.107027031 -5.66243941e-09 0.00577688217 0.109848216 -0.0149999987 0.00577688217 0.109848216 -0.0149999987 0.00577688217 0.109848216 -5.66243941e-09 0.00577688217 0.109848216 -0.0149999987 0.0927470773 0.105274469 -5.66243941e-09 0.0927470773 0.105274469 -0.0149999987 0.129419506 0.103345878 -5.66243941e-09 0.129419506 0.103345878 -0.0149999987 0.129419506 0.103345878 -5.66243941e-09 0.129419506 0.103345878 -0.0149999987 0.136313826 0.104191117 -5.66243941e-09 0.136313826 0.104191117 -0.0149999987 0.136313826 0.104191117 -5.66243941e-09 0.136313826 0.104191117 -0.0149999987 0.142503262 0.107343383 -5.66243896e-09 0.142503262 0.107343383 -0.0149999987 -0.0569197983 0.057281211 -5.66243985e-09 -0.0569197983 0.057281211 -0.0149999987 -0.0524334982 0.0537747927 -5.66243985e-09 -0.0524334982 0.0537747927 -0.0149999987 -0.0524334982 0.0537747927 -5.66243985e-09 -0.0524334982 0.0537747927 -0.0149999987 -0.0467950255 0.0529813245 -5.66243985e-09 -0.0467950255 0.0529813245 -0.0149999987 -0.0467950255 0.0529813245 -5.66243985e-09 -0.0467950255 0.0529813245 -0.0149999987 -0.0415152349 0.0551133826 -5.66243985e-09 -0.0415152349 0.0551133826 -0.0149999987 -0.0415152349 0.0551133826 -5.66243985e-09 -0.0415152349 0.0551133826 -0.0149999987 -0.0380088314 0.0595996976 -5.66243941e-09 -0.0380088314 0.0595996976 -0.0149999987 -0.0380088314 0.0595996976 -5.66243941e-09 -0.0380088314 0.0595996976 -0.0149999987 -0.0372153595 0.0652381554 -5.66243985e-09 -0.0372153595 0.0652381554 -0.0149999987 -0.0372153595 0.0652381554 -5.66243985e-09 -0.0372153595 0.0652381554 -0.0149999987 -0.0393474139 0.0705179498 -5.66243985e-09 -0.0393474139 0.0705179498 -0.0149999987 -0.0393474139 0.0705179498 -5.66243985e-09 -0.0393474139 0.0705179498 -0.0149999987 -0.0438337326 0.0740243495 -5.66243985e-09 -0.0438337326 0.0740243495 -0.0149999987 -0.0438337326 0.0740243495 -5.66243985e-09 -0.0438337326 0.0740243495 -0.0149999987 -0.0494721867 0.0748178288 -5.66243985e-09 -0.0494721867 0.0748178288 -0.0149999987 -0.0494721867 0.0748178288 -5.66243985e-09 -0.0494721867 0.0748178288 -0.0149999987 -0.0547519773 0.0726857707 -5.66243985e-09 -0.0547519773 0.0726857707 -0.0149999987 -0.0547519773 0.0726857707 -5.66243985e-09 -0.0547519773 0.0726857707 -0.0149999987 -0.0582583807 0.0681994557 -5.66243985e-09 -0.0582583807 0.0681994557 -0.0149999987 -0.0582583807 0.0681994557 -5.66243985e-09 -0.0582583807 0.0681994557 -0.0149999987 -0.0590518713 0.0625609905 -5.66243985e-09 -0.0590518713 0.0625609905 -0.0149999987 -0.0590518713 0.0625609905 -5.66243985e-09 -0.0590518713 0.0625609905 -0.0149999987 -0.0569197983 0.057281211 -5.66243985e-09 -0.0569197983 0.057281211 -0.0149999987 0.0023620252 0.0726010501 -5.66243941e-09 0.0023620252 0.0726010501 -0.0149999987 0.00684834085 0.0690946504 -5.66243941e-09 0.00684834085 0.0690946504 -0.0149999987 0.00684834085 0.0690946504 -5.66243941e-09 0.00684834085 0.0690946504 -0.0149999987 0.0124867996 0.0683011711 -5.66243941e-09 0.0124867996 0.0683011711 -0.0149999987 0.0124867996 0.0683011711 -5.66243941e-09 0.0124867996 0.0683011711 -0.0149999987 0.0177665874 0.0704332292 -5.66243941e-09 0.0177665874 0.0704332292 -0.0149999987 0.0177665874 0.0704332292 -5.66243941e-09 0.0177665874 0.0704332292 -0.0149999987 0.0212729909 0.0749195442 -5.66243941e-09 0.0212729909 0.0749195442 -0.0149999987 0.0212729909 0.0749195442 -5.66243941e-09 0.0212729909 0.0749195442 -0.0149999987 0.0220664702 0.080558002 -5.66243941e-09 0.0220664702 0.080558002 -0.0149999987 0.0220664702 0.080558002 -5.66243941e-09 0.0220664702 0.080558002 -0.0149999987 0.0199344084 0.0858377963 -5.66243941e-09 0.0199344084 0.0858377963 -0.0149999987 0.0199344084 0.0858377963 -5.66243941e-09 0.0199344084 0.0858377963 -0.0149999987 0.0154480999 0.089344196 -5.66243941e-09 0.0154480999 0.089344196 -0.0149999987 0.0154480999 0.089344196 -5.66243941e-09 0.0154480999 0.089344196 -0.0149999987 0.00980963465 0.0901376754 -5.66243941e-09 0.00980963465 0.0901376754 -0.0149999987 0.00980963465 0.0901376754 -5.66243941e-09 0.00980963465 0.0901376754 -0.0149999987 0.00452984497 0.0880056173 -5.66243941e-09 0.00452984497 0.0880056173 -0.0149999987 0.00452984497 0.0880056173 -5.66243941e-09 0.00452984497 0.0880056173 -0.0149999987 0.00102344295 0.0835193023 -5.66243941e-09 0.00102344295 0.0835193023 -0.0149999987 0.00102344295 0.0835193023 -5.66243941e-09 0.00102344295 0.0835193023 -0.0149999987 0.000229969417 0.0778808445 -5.66243941e-09 0.000229969417 0.0778808445 -0.0149999987 0.000229969417 0.0778808445 -5.66243941e-09 0.000229969417 0.0778808445 -0.0149999987 0.0023620252 0.0726010501 -5.66243941e-09 0.0023620252 0.0726010501 -0.0149999987 0.0551133826 0.0415152386 -5.66243941e-09 0.0551133826 0.0415152386 -0.0149999987 0.0595996901 0.0380088352 -5.66243941e-09 0.0595996901 0.0380088352 -0.0149999987 0.0595996901 0.0380088352 -5.66243941e-09 0.0595996901 0.0380088352 -0.0149999987 0.0652381554 0.0372153595 -5.66243941e-09 0.0652381554 0.0372153595 -0.0149999987 0.0652381554 0.0372153595 -5.66243941e-09 0.0652381554 0.0372153595 -0.0149999987 0.0705179423 0.0393474177 -5.66243941e-09 0.0705179423 0.0393474177 -0.0149999987 0.0705179423 0.0393474177 -5.66243941e-09 0.0705179423 0.0393474177 -0.0149999987 0.0740243495 0.0438337326 -5.66243941e-09 0.0740243495 0.0438337326 -0.0149999987 0.0740243495 0.0438337326 -5.66243941e-09 0.0740243495 0.0438337326 -0.0149999987 0.0748178214 0.0494721904 -5.66243941e-09 0.0748178214 0.0494721904 -0.0149999987 0.0748178214 0.0494721904 -5.66243941e-09 0.0748178214 0.0494721904 -0.0149999987 0.0726857632 0.0547519848 -5.66243941e-09 0.0726857632 0.0547519848 -0.0149999987 0.0726857632 0.0547519848 -5.66243941e-09 0.0726857632 0.0547519848 -0.0149999987 0.0681994483 0.0582583807 -5.66243941e-09 0.0681994483 0.0582583807 -0.0149999987 0.0681994483 0.0582583807 -5.66243941e-09 0.0681994483 0.0582583807 -0.0149999987 0.0625609905 0.0590518638 -5.66243941e-09 0.0625609905 0.0590518638 -0.0149999987 0.0625609905 0.0590518638 -5.66243941e-09 0.0625609905 0.0590518638 -0.0149999987 0.0572812036 0.0569198057 -5.66243941e-09 0.0572812036 0.0569198057 -0.0149999987 0.0572812036 0.0569198057 -5.66243941e-09 0.0572812036 0.0569198057 -0.0149999987 0.0537748039 0.0524334908 -5.66243941e-09 0.0537748039 0.0524334908 -0.0149999987 0.0537748039 0.0524334908 -5.66243941e-09 0.0537748039 0.0524334908 -0.0149999987 0.0529813208 0.0467950255 -5.66243941e-09 0.0529813208 0.0467950255 -0.0149999987 0.0529813208 0.0467950255 -5.66243941e-09 0.0529813208 0.0467950255 -0.0149999987 0.0551133826 0.0415152386 -5.66243941e-09 0.0551133826 0.0415152386 -0.0149999987 0.0704332292 -0.017766593 -5.66243941e-09 0.0704332292 -0.017766593 -0.0149999987 0.0749195442 -0.0212729909 -5.66243941e-09 0.0749195442 -0.0212729909 -0.0149999987 0.0749195442 -0.0212729909 -5.66243941e-09 0.0749195442 -0.0212729909 -0.0149999987 0.080558002 -0.022066474 -5.66243941e-09 0.080558002 -0.022066474 -0.0149999987 0.080558002 -0.022066474 -5.66243941e-09 0.080558002 -0.022066474 -0.0149999987 0.0858377963 -0.0199344121 -5.66243941e-09 0.0858377963 -0.0199344121 -0.0149999987 0.0858377963 -0.0199344121 -5.66243941e-09 0.0858377963 -0.0199344121 -0.0149999987 0.089344196 -0.0154480999 -5.66243941e-09 0.089344196 -0.0154480999 -0.0149999987 0.089344196 -0.0154480999 -5.66243941e-09 0.089344196 -0.0154480999 -0.0149999987 0.0901376754 -0.00980963558 -5.66243941e-09 0.0901376754 -0.00980963558 -0.0149999987 0.0901376754 -0.00980963558 -5.66243941e-09 0.0901376754 -0.00980963558 -0.0149999987 0.0880056173 -0.00452984963 -5.66243941e-09 0.0880056173 -0.00452984963 -0.0149999987 0.0880056173 -0.00452984963 -5.66243941e-09 0.0880056173 -0.00452984963 -0.0149999987 0.0835193023 -0.00102344458 -5.66243941e-09 0.0835193023 -0.00102344458 -0.0149999987 0.0835193023 -0.00102344458 -5.66243941e-09 0.0835193023 -0.00102344458 -0.0149999987 0.077880837 -0.000229970174 -5.66243941e-09 0.077880837 -0.000229970174 -0.0149999987 0.077880837 -0.000229970174 -5.66243941e-09 0.077880837 -0.000229970174 -0.0149999987 0.0726010501 -0.00236202986 -5.66243941e-09 0.0726010501 -0.00236202986 -0.0149999987 0.0726010501 -0.00236202986 -5.66243941e-09 0.0726010501 -0.00236202986 -0.0149999987 0.0690946504 -0.00684834132 -5.66243941e-09 0.0690946504 -0.00684834132 -0.0149999987 0.0690946504 -0.00684834132 -5.66243941e-09 0.0690946504 -0.00684834132 -0.0149999987 0.0683011785 -0.0124868006 -5.66243941e-09 0.0683011785 -0.0124868006 -0.0149999987 0.0683011785 -0.0124868006 -5.66243941e-09 0.0683011785 -0.0124868006 -0.0149999987 0.0704332292 -0.017766593 -5.66243941e-09 0.0704332292 -0.017766593 -0.0149999987 0.0393474288 -0.0705179423 -5.66243985e-09 0.0393474288 -0.0705179423 -0.0149999987 0.0438337252 -0.0740243569 -5.66243985e-09 0.0438337252 -0.0740243569 -0.0149999987 0.0438337252 -0.0740243569 -5.66243985e-09 0.0438337252 -0.0740243569 -0.0149999987 0.0494721979 -0.0748178214 -5.66243985e-09 0.0494721979 -0.0748178214 -0.0149999987 0.0494721979 -0.0748178214 -5.66243985e-09 0.0494721979 -0.0748178214 -0.0149999987 0.0547519885 -0.0726857632 -5.66243985e-09 0.0547519885 -0.0726857632 -0.0149999987 0.0547519885 -0.0726857632 -5.66243985e-09 0.0547519885 -0.0726857632 -0.0149999987 0.0582583919 -0.0681994483 -5.66243941e-09 0.0582583919 -0.0681994483 -0.0149999987 0.0582583919 -0.0681994483 -5.66243941e-09 0.0582583919 -0.0681994483 -0.0149999987 0.0590518638 -0.0625609905 -5.66243941e-09 0.0590518638 -0.0625609905 -0.0149999987 0.0590518638 -0.0625609905 -5.66243941e-09 0.0590518638 -0.0625609905 -0.0149999987 0.0569198094 -0.0572811998 -5.66243985e-09 0.0569198094 -0.0572811998 -0.0149999987 0.0569198094 -0.0572811998 -5.66243985e-09 0.0569198094 -0.0572811998 -0.0149999987 0.0524334908 -0.0537747964 -5.66243941e-09 0.0524334908 -0.0537747964 -0.0149999987 0.0524334908 -0.0537747964 -5.66243941e-09 0.0524334908 -0.0537747964 -0.0149999987 0.0467950329 -0.052981317 -5.66243941e-09 0.0467950329 -0.052981317 -0.0149999987 0.0467950329 -0.052981317 -5.66243941e-09 0.0467950329 -0.052981317 -0.0149999987 0.041515246 -0.0551133789 -5.66243985e-09 0.041515246 -0.0551133789 -0.0149999987 0.041515246 -0.0551133789 -5.66243985e-09 0.041515246 -0.0551133789 -0.0149999987 0.0380088426 -0.0595996901 -5.66243985e-09 0.0380088426 -0.0595996901 -0.0149999987 0.0380088426 -0.0595996901 -5.66243985e-09 0.0380088426 -0.0595996901 -0.0149999987 0.0372153521 -0.0652381629 -5.66243985e-09 0.0372153521 -0.0652381629 -0.0149999987 0.0372153521 -0.0652381629 -5.66243985e-09 0.0372153521 -0.0652381629 -0.0149999987 0.0393474288 -0.0705179423 -5.66243985e-09 0.0393474288 -0.0705179423 -0.0450000018 0.33658877 -0.136019498 -0.0450000018 0.351477295 -0.134194151 -0.0475000069 0.33592388 -0.136101007 -0.0475000069 0.33592388 -0.136101007 -0.0550000034 0.348817706 -0.134520233 -0.0475000069 0.33592388 -0.136101007 -0.0550000034 0.348817706 -0.134520233 -0.0493301302 0.334107339 -0.136323705 -0.0493301302 0.334107339 -0.136323705 -0.0623204969 0.341551602 -0.135411039 -0.0499999933 0.331625938 -0.136627942 -0.0650000051 0.331625938 -0.136627942 -0.0499999933 0.382974118 -0.555453539 -0.0650000051 0.382974118 -0.555453539 -0.0493301302 0.385455519 -0.555149257 -0.0493301302 0.385455519 -0.555149257 -0.0650000051 0.382974118 -0.555453539 -0.0623204969 0.392899811 -0.55423665 -0.0493301302 0.385455519 -0.555149257 -0.0623204969 0.392899811 -0.55423665 -0.0475000069 0.38727206 -0.554926634 -0.0475000069 0.38727206 -0.554926634 -0.0550000034 0.400165915 -0.553345799 -0.0450000018 0.38793698 -0.554845095 -0.0450000018 0.38793698 -0.554845095 -0.0450000018 0.402825475 -0.553019762 -0.0450000018 0.351477295 -0.134194151 -0.0450000018 0.402825475 -0.553019762 -0.0550000034 0.400165915 -0.553345799 -0.0550000034 0.348817706 -0.134520233 -0.0550000034 0.348817706 -0.134520233 -0.0550000034 0.400165915 -0.553345799 -0.0623204969 0.392899811 -0.55423665 -0.0623204969 0.341551602 -0.135411039 -0.0623204969 0.341551602 -0.135411039 -0.0623204969 0.392899811 -0.55423665 -0.0650000051 0.382974118 -0.555453539 -0.0650000051 0.331625938 -0.136627942 -0.0499999933 0.331625938 -0.136627942 -0.0499999933 0.382974118 -0.555453539 -0.0493301302 0.334107339 -0.136323705 -0.0493301302 0.385455519 -0.555149257 -0.0493301302 0.334107339 -0.136323705 -0.0493301302 0.385455519 -0.555149257 -0.0475000069 0.33592388 -0.136101007 -0.0475000069 0.38727206 -0.554926634 -0.0475000069 0.33592388 -0.136101007 -0.0475000069 0.38727206 -0.554926634 -0.0450000018 0.33658877 -0.136019498 -0.0450000018 0.33658877 -0.136019498 -0.0475000069 0.38727206 -0.554926634 -0.0450000018 0.38793698 -0.554845095 -0.0499999933 0.350002974 -0.559495807 -0.0650000051 0.350002974 -0.559495807 -0.0499999933 0.382974118 -0.555453539 -0.0650000051 0.212517738 -0.151230663 -0.0499999933 0.212517738 -0.151230663 -0.0650000051 0.331625938 -0.136627942 -0.0650000051 0.270989776 -0.36880818 -0.0650000051 0.250001729 -0.333892077 -0.0650000051 0.382974118 -0.555453539 -0.0650000051 0.350002974 -0.559495807 -0.0650000051 0.340834856 -0.558476567 -0.0650000051 0.333099306 -0.553451061 -0.0650000051 0.328442097 -0.545488477 -0.0650000051 0.286028355 -0.406669408 -0.0650000051 0.199193537 -0.158765912 -0.0650000051 0.205106214 -0.153673127 -0.0650000051 0.195679888 -0.165733755 -0.0650000051 0.212517738 -0.151230663 -0.0650000051 0.195100158 -0.173515812 -0.0650000051 0.207507774 -0.274719566 -0.0499999933 0.350002974 -0.559495807 -0.0499999933 0.382974118 -0.555453539 -0.0499999933 0.331625938 -0.136627942 -0.0499999933 0.195100158 -0.173515812 -0.0499999933 0.207507774 -0.274719566 -0.0499999933 0.250001729 -0.333892077 -0.0499999933 0.212517738 -0.151230663 -0.0499999933 0.205106214 -0.153673127 -0.0499999933 0.199193537 -0.158765912 -0.0499999933 0.333099306 -0.553451061 -0.0499999933 0.340834856 -0.558476567 -0.0499999933 0.328442097 -0.545488477 -0.0499999933 0.286028355 -0.406669408 -0.0499999933 0.270989776 -0.36880818 -0.0499999933 0.195679888 -0.165733755 -0.0650000051 0.350002974 -0.559495807 -0.0499999933 0.350002974 -0.559495807 -0.0499999933 0.340834856 -0.558476567 -0.0650000051 0.340834856 -0.558476567 -0.0650000051 0.340834856 -0.558476567 -0.0499999933 0.340834856 -0.558476567 -0.0499999933 0.333099306 -0.553451061 -0.0650000051 0.333099306 -0.553451061 -0.0650000051 0.333099306 -0.553451061 -0.0499999933 0.333099306 -0.553451061 -0.0499999933 0.328442097 -0.545488477 -0.0650000051 0.328442097 -0.545488477 -0.0650000051 0.286028355 -0.406669408 -0.0650000051 0.328442097 -0.545488477 -0.0499999933 0.286028355 -0.406669408 -0.0499999933 0.328442097 -0.545488477 -0.0650000051 0.286028355 -0.406669408 -0.0499999933 0.286028355 -0.406669408 -0.0650000051 0.270989776 -0.36880818 -0.0499999933 0.270989776 -0.36880818 -0.0650000051 0.270989776 -0.36880818 -0.0499999933 0.270989776 -0.36880818 -0.0650000051 0.250001729 -0.333892077 -0.0499999933 0.250001729 -0.333892077 -0.0650000051 0.207507774 -0.274719566 -0.0650000051 0.250001729 -0.333892077 -0.0499999933 0.207507774 -0.274719566 -0.0499999933 0.250001729 -0.333892077 -0.0650000051 0.195100158 -0.173515812 -0.0650000051 0.207507774 -0.274719566 -0.0499999933 0.195100158 -0.173515812 -0.0499999933 0.207507774 -0.274719566 -0.0650000051 0.195100158 -0.173515812 -0.0499999933 0.195100158 -0.173515812 -0.0499999933 0.195679888 -0.165733755 -0.0650000051 0.195679888 -0.165733755 -0.0650000051 0.195679888 -0.165733755 -0.0499999933 0.195679888 -0.165733755 -0.0499999933 0.199193537 -0.158765912 -0.0650000051 0.199193537 -0.158765912 -0.0650000051 0.199193537 -0.158765912 -0.0499999933 0.199193537 -0.158765912 -0.0499999933 0.205106214 -0.153673127 -0.0650000051 0.205106214 -0.153673127 -0.0650000051 0.205106214 -0.153673127 -0.0499999933 0.205106214 -0.153673127 -0.0499999933 0.212517738 -0.151230663 -0.0650000051 0.212517738 -0.151230663 0.454999983 0.38793698 -0.554845095 0.454999983 0.402825475 -0.553019762 0.457499981 0.38727206 -0.554926634 0.465000004 0.400165915 -0.553345799 0.457499981 0.38727206 -0.554926634 0.465000004 0.400165915 -0.553345799 0.459330112 0.385455519 -0.555149257 0.459330112 0.385455519 -0.555149257 0.465000004 0.400165915 -0.553345799 0.472320497 0.392899811 -0.55423665 0.459330112 0.385455519 -0.555149257 0.472320497 0.392899811 -0.55423665 0.460000008 0.382974118 -0.555453539 0.474999994 0.382974118 -0.555453539 0.460000008 0.331625938 -0.136627942 0.474999994 0.331625938 -0.136627942 0.459330112 0.334107339 -0.136323705 0.472320497 0.341551602 -0.135411039 0.457499981 0.33592388 -0.136101007 0.465000004 0.348817706 -0.134520233 0.454999983 0.402825475 -0.553019762 0.454999983 0.351477295 -0.134194151 0.465000004 0.348817706 -0.134520233 0.465000004 0.400165915 -0.553345799 0.465000004 0.400165915 -0.553345799 0.465000004 0.348817706 -0.134520233 0.472320497 0.341551602 -0.135411039 0.472320497 0.392899811 -0.55423665 0.472320497 0.392899811 -0.55423665 0.472320497 0.341551602 -0.135411039 0.474999994 0.331625938 -0.136627942 0.472320497 0.392899811 -0.55423665 0.474999994 0.331625938 -0.136627942 0.474999994 0.382974118 -0.555453539 0.460000008 0.382974118 -0.555453539 0.460000008 0.331625938 -0.136627942 0.459330112 0.385455519 -0.555149257 0.459330112 0.385455519 -0.555149257 0.460000008 0.331625938 -0.136627942 0.459330112 0.334107339 -0.136323705 0.459330112 0.385455519 -0.555149257 0.459330112 0.334107339 -0.136323705 0.457499981 0.38727206 -0.554926634 0.457499981 0.38727206 -0.554926634 0.459330112 0.334107339 -0.136323705 0.457499981 0.33592388 -0.136101007 0.457499981 0.38727206 -0.554926634 0.457499981 0.33592388 -0.136101007 0.454999983 0.38793698 -0.554845095 0.454999983 0.33658877 -0.136019498 0.460000008 0.212517738 -0.151230663 0.474999994 0.212517738 -0.151230663 0.474999994 0.350002974 -0.559495807 0.460000008 0.350002974 -0.559495807 0.460000008 0.382974118 -0.555453539 0.474999994 0.350002974 -0.559495807 0.474999994 0.382974118 -0.555453539 0.474999994 0.331625938 -0.136627942 0.474999994 0.195100158 -0.173515812 0.474999994 0.207507774 -0.274719566 0.474999994 0.250001729 -0.333892077 0.474999994 0.212517738 -0.151230663 0.474999994 0.205106214 -0.153673127 0.474999994 0.199193537 -0.158765912 0.474999994 0.333099306 -0.553451061 0.474999994 0.340834856 -0.558476567 0.474999994 0.328442097 -0.545488477 0.474999994 0.286028355 -0.406669408 0.474999994 0.270989776 -0.36880818 0.474999994 0.195679888 -0.165733755 0.460000008 0.331625938 -0.136627942 0.460000008 0.270989776 -0.36880818 0.460000008 0.250001729 -0.333892077 0.460000008 0.382974118 -0.555453539 0.460000008 0.350002974 -0.559495807 0.460000008 0.340834856 -0.558476567 0.460000008 0.333099306 -0.553451061 0.460000008 0.328442097 -0.545488477 0.460000008 0.286028355 -0.406669408 0.460000008 0.199193537 -0.158765912 0.460000008 0.205106214 -0.153673127 0.460000008 0.195679888 -0.165733755 0.460000008 0.212517738 -0.151230663 0.460000008 0.195100158 -0.173515812 0.460000008 0.207507774 -0.274719566 0.474999994 0.212517738 -0.151230663 0.460000008 0.212517738 -0.151230663 0.460000008 0.205106214 -0.153673127 0.474999994 0.205106214 -0.153673127 0.474999994 0.205106214 -0.153673127 0.460000008 0.205106214 -0.153673127 0.460000008 0.199193537 -0.158765912 0.474999994 0.199193537 -0.158765912 0.474999994 0.199193537 -0.158765912 0.460000008 0.199193537 -0.158765912 0.460000008 0.195679888 -0.165733755 0.474999994 0.195679888 -0.165733755 0.474999994 0.195679888 -0.165733755 0.460000008 0.195679888 -0.165733755 0.460000008 0.195100158 -0.173515812 0.474999994 0.195100158 -0.173515812 0.474999994 0.207507774 -0.274719566 0.474999994 0.195100158 -0.173515812 0.460000008 0.207507774 -0.274719566 0.460000008 0.195100158 -0.173515812 0.474999994 0.250001729 -0.333892077 0.474999994 0.207507774 -0.274719566 0.460000008 0.250001729 -0.333892077 0.460000008 0.207507774 -0.274719566 0.474999994 0.250001729 -0.333892077 0.460000008 0.250001729 -0.333892077 0.474999994 0.270989776 -0.36880818 0.460000008 0.270989776 -0.36880818 0.474999994 0.270989776 -0.36880818 0.460000008 0.270989776 -0.36880818 0.474999994 0.286028355 -0.406669408 0.460000008 0.286028355 -0.406669408 0.474999994 0.328442097 -0.545488477 0.474999994 0.286028355 -0.406669408 0.460000008 0.328442097 -0.545488477 0.460000008 0.286028355 -0.406669408 0.474999994 0.328442097 -0.545488477 0.460000008 0.328442097 -0.545488477 0.460000008 0.333099306 -0.553451061 0.474999994 0.333099306 -0.553451061 0.474999994 0.333099306 -0.553451061 0.460000008 0.333099306 -0.553451061 0.460000008 0.340834856 -0.558476567 0.474999994 0.340834856 -0.558476567 0.474999994 0.340834856 -0.558476567 0.460000008 0.340834856 -0.558476567 0.460000008 0.350002974 -0.559495807 0.474999994 0.350002974 -0.559495807 </float_array>
          <technique_common>
            <accessor count="6151" offset="0" source="#mesh_0-positions-array" stride="3">
              <param name="X" type="float" />
              <param name="Y" type="float" />
              <param name="Z" type="float" />
            </accessor>
          </technique_common>
        </source>
        <source id="mesh_0-normals" name="mesh_0-normals">
          <float_array id="mesh_0-normals-array" count="18453"> 1 0 0 1 0 0 1 0 0 1 0 0 1 0 0 1 0 0 1 -1.65472761e-06 0 1 8.17304112e-07 0 1 8.17304112e-07 0 1 8.17304112e-07 0 1 -1.45410553e-07 0 1 -1.45410553e-07 0 1 -1.45410553e-07 0 1 0 0 1 0 0 1 0 0 1 0 0 1 0 0 0.99999994 8.38644723e-07 0 0.99999994 0 0 0.99999994 0 0 0.99999994 0 0 1 -4.18997331e-07 0 1 7.58595263e-07 0 1 0 0 1 0 0 1 0 0 1 0 0 1 0 0 0.99999994 -3.26512264e-07 0 1 3.16597095e-08 0 0.99999994 0 0 0.99999994 1.07069404e-07 0 1 0 0 1 0 0 1 0 0 1 0 0 1 0 0 1 0 0 1 0 0 1 -5.27000338e-07 0 1 -5.10815177e-08 0 1 -5.10815177e-08 0 1 1.6264957e-07 0 1 1.18298956e-07 0 0.99999994 0 0 1 -2.11777518e-07 0 0.99999994 0 0 1 0 0 0.99999994 0 0 0.99999994 0 0 0.99999994 0 0 0.99999994 -7.4038752e-07 0 1 0 0 0.99999994 2.92697024e-07 0 1 0 0 1 -6.23513259e-08 0 1 -6.23513259e-08 0 1 0 0 1 0 0 1 0 0 1 0 0 1 0 0 1 0 0 1 0 0 1 3.25856035e-07 0 1 -4.44404151e-07 0 1 9.66305606e-07 0 1 -4.08652056e-07 0 1 1.40817221e-07 0 1 0 0 1 3.6894636e-07 0 1 0 0 1 0 0 1 3.18111347e-07 0 1 0 0 1 -1.62927691e-07 0 1 -1.62927691e-07 0 1 0 0 1 6.56948146e-07 0 1 -4.85274313e-07 0 1 0 0 1 -1.12736143e-06 0 1 7.77704258e-07 0 1 0 0 1 0 0 1 0 0 1 0 0 1 0 0 1 0 0 1 0 0 1 0 0 1 0 0 1 0 0 1 0 0 1 0 0 1 -6.56948146e-07 0 1 0 0 0.99999994 0 0 1 0 0 1 0 0 1 0 0 1 0 0 1 -1.24702666e-07 0 1 -6.69053435e-08 0 1 -6.69053435e-08 0 1 -8.01428328e-08 0 1 0 0 1 0 0 1 4.53486763e-07 0 1 -1.46934013e-07 0 1 0 0 1 2.94617536e-07 0 1 1.13943258e-07 0 1 -7.02871858e-08 0 1 1.53268743e-07 0 1 0 0 1 -1.86563199e-07 0 1 -3.46203961e-07 0 1 7.20282117e-07 0 1 -2.20471577e-07 0 1 0 0 1 0 0 1 0 0 1 0 0 1 1.01114033e-07 0 1 -3.22103517e-07 0 1 -3.22103517e-07 0 1 0 0 1 1.55313515e-07 0 1 -3.23207189e-07 0 1 0 0 0.99999994 -2.59320302e-07 0 0.99999994 4.1779721e-08 0 1 1.99308801e-07 0 1 0 0 1 -1.5756217e-07 0 1 -1.49253822e-07 0 1 0 0 1 0 0 0.99999994 -7.76566793e-08 0 1 -4.27352767e-08 0 1 -1.00932148e-07 0 1 -2.26370688e-07 0 0.99999994 -6.83765336e-07 0 0.99999994 -6.83765336e-07 0 0.99999994 0 0 0.99999994 0 0 0.99999994 0 0 1 0 0 0.99999994 0 0 1 0 0 1 -6.65444375e-08 0 1 0 0 1 0 0 1 1.9979511e-07 0 1 0 0 1 1.86563199e-07 0 1 0 0 1 -8.47255421e-08 0 0.99999994 0 0 1 2.53714262e-07 0 1 0 0 1 -5.56832958e-07 0 0.99999994 1.55312947e-07 0 1 0 0 1 0 0 0.99999994 -8.99409116e-08 0 1 0 0 1 0 0 1 -9.56988657e-08 0 1 0 0 1 0 0 1 -4.53486763e-07 0 1 -6.8023013e-07 0 1 0 0 1 2.55356156e-07 0 0.99999994 0 0 1 -3.46050257e-07 0 1 0 0 1 3.53671084e-07 0 1 -1.20332501e-07 0 1 0 0 1 -1.17662104e-07 0 1 -2.29203039e-07 0 1 -1.59360397e-07 0 1 0 0 0 -0.569019914 0.82232374 0 -0.569019914 0.82232374 0 -0.569019914 0.82232374 0 -0.633343637 0.773870647 0 -0.633343637 0.773870647 0 -0.633343637 0.773870647 0 -0.633345366 0.773869336 0 -0.722005844 0.691887021 0 -0.722005844 0.691887021 0 -0.722005844 0.691887021 0 -0.722006738 0.691886067 0 -0.823642731 0.567108989 0 -0.823642731 0.567108989 0 -0.823642731 0.567108989 0 -0.823643148 0.567108333 0 -0.903948069 0.427642256 0 -0.903948069 0.427642256 0 -0.903948069 0.427642256 0 -0.903947353 0.427643687 0 -0.960840464 0.2771025 0 -0.960840464 0.2771025 0 -0.960840464 0.2771025 0 -0.960840464 0.2771025 0 -0.992848217 0.119383536 0 -0.992848217 0.119383536 0 -0.992848217 0.119383536 0 -0.992848337 0.119382679 0 -0.999141574 -0.0414253809 0 -0.999141574 -0.0414253809 0 -0.999141574 -0.0414253809 0 -0.999141634 -0.0414245091 0 -0.979557693 -0.201163679 0 -0.979557693 -0.201163679 0 -0.979557693 -0.201163679 0 -0.979557514 -0.201164484 0 -0.934603989 -0.355690271 0 -0.934603989 -0.355690271 0 -0.934603989 -0.355690271 0 -0.93460393 -0.355690211 0 -0.865444064 -0.50100565 0 -0.865444064 -0.50100565 0 -0.865444064 -0.50100565 0 -0.865444362 -0.501004994 0 -0.773870111 -0.633344233 0 -0.773870111 -0.633344233 0 -0.773870111 -0.633344233 0 -0.773869812 -0.633344829 0 -0.66225332 -0.749279976 0 -0.66225332 -0.749279976 0 -0.66225332 -0.749279976 0 -0.66225338 -0.749279857 0 -0.533483863 -0.845810294 0 -0.533483863 -0.845810294 0 -0.533483863 -0.845810294 0 -0.533483684 -0.845810354 0 -0.390898496 -0.920433879 0 -0.390898496 -0.920433879 0 -0.390898496 -0.920433879 0 -0.390898138 -0.920433939 0 -0.238188237 -0.971219003 0 -0.238188237 -0.971219003 0 -0.238188237 -0.971219003 0 -0.238188192 -0.971219063 0 -0.0793090239 -0.996850014 0 -0.0793090239 -0.996850014 0 -0.0793090239 -0.996850014 0 -0.0793090314 -0.996850014 0 0.0816238672 -0.996663272 0 0.0816238672 -0.996663272 0 0.0816238672 -0.996663272 0 0.0816238746 -0.996663272 0 0.240443021 -0.970663249 0 0.240443021 -0.970663249 0 0.240443021 -0.970663249 0 0.240443051 -0.970663249 0 0.393033922 -0.919524014 0 0.393033922 -0.919524014 0 0.393033922 -0.919524014 0 0.393034101 -0.919523895 0 0.535447299 -0.84456861 0 0.535447299 -0.84456861 0 0.535447299 -0.84456861 0 0.535447359 -0.84456861 0 0.663991392 -0.747740149 0 0.663991392 -0.747740149 0 0.663991392 -0.747740149 0 0.663991034 -0.747740507 0 0.775338829 -0.631545544 0 0.775338829 -0.631545544 0 0.775338829 -0.631545544 0 0.775339246 -0.631545007 0 0.866605043 -0.498994738 0 0.866605043 -0.498994738 0 0.866605043 -0.498994738 0 0.866605341 -0.498994052 0 0.935427308 -0.353519082 0 0.935427308 -0.353519082 0 0.935427308 -0.353519082 0 0.935427606 -0.353518337 0 0.980022311 -0.198887467 0 0.980022311 -0.198887467 0 0.980022311 -0.198887467 0 0.980022192 -0.198888302 0 0.999235094 -0.0391053334 0 0.999235094 -0.0391053334 0 0.999235094 -0.0391053334 0 0.999235094 -0.0391062014 0 0.992568016 0.121690385 0 0.992568016 0.121690385 0 0.992568016 0.121690385 0 0.992568254 0.121688627 0 0.960194409 0.27933231 0 0.960194409 0.27933231 0 0.960194409 0.27933231 0 0.960194528 0.27933231 0 0.902951777 0.429742008 0 0.902951777 0.429742008 0 0.902951777 0.429742008 0 0.902952075 0.429741293 0 0.822323918 0.569019675 0 0.822323918 0.569019675 0 0.822323918 0.569019675 0 0.822323978 0.569019616 0 0.720397413 0.693561435 0 0.720397413 0.693561435 0 0.720397413 0.693561435 0 0.720397413 0.693561375 0 0.599814117 0.800139427 0 0.599814117 0.800139427 0 0.599814117 0.800139427 0 0.5998137 0.800139666 0 0.463694423 0.885995269 0 0.463694423 0.885995269 0 0.463694423 0.885995269 0 0.463694572 0.88599509 0 0.315566182 0.94890362 0 0.315566182 0.94890362 0 0.315566182 0.94890362 0 0.315566063 0.94890362 0 0.159265444 0.987235785 0 0.159265444 0.987235785 0 0.159265444 0.987235785 0 0.159265414 0.987235844 0 -0.00116161164 0.999999344 0 -0.00116161164 0.999999344 0 -0.00116161164 0.999999344 0 -0.00116161187 0.999999344 0 -0.161557034 0.986863375 0 -0.161557034 0.986863375 0 -0.161557034 0.986863375 0 -0.161557078 0.986863375 0 -0.317769319 0.94816798 0 -0.317769319 0.94816798 0 -0.317769319 0.94816798 0 -0.317769498 0.948168039 0 -0.465750307 0.884916127 0 -0.465750307 0.884916127 0 -0.465750307 0.884916127 0 -0.465750784 0.884916008 0 -0.569020748 0.822323143 -0.99999994 9.27763234e-15 -1.23165113e-14 -0.99999994 9.27763234e-15 -1.23165113e-14 -0.99999994 9.27763234e-15 -1.23165113e-14 -1 0 0 -1 0 0 -1 0 0 -1 -1.00091766e-14 -9.30878282e-15 -1 -1.00091766e-14 -9.30878282e-15 -1 -1.00091766e-14 -9.30878282e-15 -1 2.24353341e-15 2.87051059e-15 -1 2.24353341e-15 2.87051059e-15 -1 2.24353341e-15 2.87051059e-15 -1 1.40904693e-14 8.51374669e-15 -1 1.40904693e-14 8.51374669e-15 -1 -7.34276091e-15 1.03331381e-15 -1 -7.34276091e-15 1.03331381e-15 -1 -7.34276091e-15 1.03331381e-15 -1 -5.7880332e-15 -9.77784426e-15 -1 5.59866289e-15 1.59556509e-16 -1 2.40245734e-15 -3.4782184e-15 -1 2.40245734e-15 -3.4782184e-15 -1 -3.76352154e-15 3.57946637e-15 -1 -6.07549459e-15 1.29582031e-14 -1 -1.10174706e-12 1.55043946e-13 -1 -1.10174706e-12 1.55043946e-13 -1 -1.10174706e-12 1.55043946e-13 -1 -7.15367351e-15 -2.46936769e-14 -1 3.82744416e-15 1.32118522e-14 -0.99999994 2.89219197e-14 -3.51465175e-14 -1 -2.70349454e-14 3.28534265e-14 -1 0 0 -1 0 0 -1 0 0 -1 -8.51374753e-15 1.40904786e-14 -1 -8.51374753e-15 1.40904786e-14 -1 1.21852042e-14 -1.31020251e-14 -1 -1.02573445e-14 9.00938124e-16 -0.99999994 0 0 -1 0 0 -1 1.07333101e-14 1.54353681e-15 -0.99999994 1.33830486e-14 3.48672198e-15 -1 0 0 -0.99999994 0 0 -1 0 0 -1 0 0 -1 -7.88367615e-15 6.76675817e-15 -1 -6.61164865e-15 -1.10358093e-14 -1 4.59300651e-15 -6.46353372e-16 -0.99999994 1.81248809e-15 -2.40615421e-15 -1 3.28532842e-14 2.70348166e-14 -1 0 0 -1 9.01568249e-14 5.49048925e-13 -1 9.45672306e-15 8.81214538e-15 -1 9.45672306e-15 8.81214538e-15 -1 9.45672306e-15 8.81214538e-15 -1 3.26792765e-15 -1.09917951e-15 -1 -9.22201023e-15 -1.12580835e-14 -1 1.33176947e-15 1.51624386e-14 -1 1.33176947e-15 1.51624386e-14 -1 1.33176947e-15 1.51624386e-14 -1 0 0 -1 2.8428736e-15 1.12245736e-15 -1 6.46356125e-16 4.5930298e-15 -1 2.24353236e-15 2.87051059e-15 -1 -6.07458215e-17 2.57088764e-14 -1 -6.07458215e-17 2.57088764e-14 -1 -6.07458215e-17 2.57088764e-14 -1 0 0 -0.99999994 0 0 -1 0 0 -1 0 0 -1 1.47368249e-14 1.31067735e-14 -1 -1.50818811e-15 3.29120157e-15 -1 0 0 -1 0 0 -1 0 0 -1 0 0 -1 0 0 -1 1.1703328e-14 -8.44946027e-15 -1 1.1703328e-14 -8.44946027e-15 -1 1.4814208e-21 0 -1 -4.63190692e-15 4.11035358e-15 -1 -4.25742264e-15 3.32750244e-15 -0.99999994 -1.99904455e-15 -2.55770175e-15 -1 0 0 -1 0 0 -1 2.66043943e-15 1.2518006e-14 -1 2.70263014e-15 2.96525652e-15 -1 0 0 -1 0 0 -1 -1.05569799e-14 -7.95225786e-15 -1 -2.17176961e-15 3.1385584e-15 -0.99999994 -4.70665546e-15 3.30963301e-16 -1 -5.02143705e-15 6.03802248e-16 -1 -5.02143705e-15 6.03802248e-16 -1 -6.25137462e-15 3.75509823e-15 -1 0 0 -0.99999994 8.04927617e-15 1.17596413e-14 -0.99999994 8.04927617e-15 1.17596413e-14 -1 -3.50519513e-14 -2.41161292e-14 -1 -3.50519513e-14 -2.41161292e-14 -1 1.35243887e-14 4.49115334e-15 -0.99999994 0 0 -1 0 0 -0.99999994 0 0 -1 1.20487398e-15 -1.30619291e-14 -1 2.60918187e-15 -3.12398647e-15 -0.99999994 -8.59911321e-15 1.02957609e-14 -1 -4.82187439e-15 1.23656413e-15 -0.99999994 1.34978613e-14 -3.46151915e-15 -1 6.01714333e-15 7.51489166e-16 -1 -1.31230272e-14 -1.63895253e-15 -1 0 0 -1 5.11490745e-16 6.42903089e-15 -1 5.11490745e-16 6.42903089e-15 -1 5.11490745e-16 6.42903089e-15 -1 -2.31146948e-15 7.41397266e-15 -0.99999994 -5.01855904e-16 2.02597978e-15 -0.99999994 -5.01855904e-16 2.02597978e-15 -0.99999994 -5.01855904e-16 2.02597978e-15 -0.99999994 0 0 -1 -2.26505419e-14 4.62158117e-15 -1 -2.26505419e-14 4.62158117e-15 -0.99999994 -2.11424485e-15 -2.70509628e-15 -0.99999994 1.12266501e-14 -1.18367128e-14 -1 0 0 -1 -6.43586772e-15 5.03012506e-15 -1 4.49116732e-15 -1.35244328e-14 -1 0 0 -1 1.50324345e-15 1.92334141e-15 -0.99999994 -1.22834452e-15 2.87377124e-15 -1 4.71401205e-16 3.34977623e-15 -1 -2.0727991e-15 3.26946057e-15 -1 -1.05569723e-14 -7.95225363e-15 -1 0 0 -1 0 0 -1 0 0 -1 2.82797641e-15 2.99987243e-15 -1 -3.82819675e-15 -9.60598956e-17 -1 0 0 -1 -4.9481327e-15 1.00418106e-15 -1 -3.798177e-16 -2.01944365e-15 -1 -3.798177e-16 -2.01944365e-15 -1 -3.798177e-16 -2.01944365e-15 -1 0 0 -1 5.22718474e-15 1.21567829e-14 -1 -5.01040614e-15 -2.02326991e-15 -1 2.5879069e-14 1.23797601e-14 -1 4.53457659e-16 3.2222802e-15 -1 -1.21551621e-15 3.01006753e-15 -0.99999994 -2.20751673e-15 1.72535603e-15 -1 -1.80791072e-15 3.58148866e-15 -0.99999994 7.00564603e-15 -1.38782554e-14 -1 3.18433969e-15 2.20345457e-15 -1 -1.14385803e-14 9.14913575e-15 -1 0 0 -1 1.67522856e-14 7.02398207e-16 -1 -1.35035805e-14 -4.34316186e-15 -1 -9.10399736e-15 1.00918309e-14 -1 -9.10399736e-15 1.00918309e-14 -1 -9.10399736e-15 1.00918309e-14 -1 -3.81832754e-15 1.22835575e-15 -1 4.45526731e-16 -2.72147768e-15 -1 4.45526731e-16 -2.72147768e-15 -0.99999994 0 0 -1 1.07460156e-14 7.48409767e-15 -1 -8.51374753e-15 1.40904786e-14 -1 -1.20718331e-14 -1.11935218e-14 -1 9.48215946e-15 8.79226467e-15 -1 0 0 -1 0 0 -1 1.31586814e-14 1.89232285e-15 -1 1.31586814e-14 1.89232285e-15 -1 1.31586814e-14 1.89232285e-15 -1 0 0 -1 -1.02573462e-14 9.0093823e-16 -1 -9.4450213e-15 -4.32816387e-15 -1 1.49631013e-14 -1.05014145e-14 -1 0 0 -1 -3.33613955e-14 3.14842316e-14 -1 -3.02611296e-14 5.16484743e-14 -1 -6.99042442e-15 6.60300638e-15 -1 -6.36262012e-15 4.78396246e-15 -1 -6.39502506e-15 3.76852116e-15 -1 9.23023407e-15 -1.53279438e-14 -1 4.3502583e-15 1.75669477e-15 -1 -3.04909055e-15 1.17032797e-14 -1 -7.40550995e-15 1.46965256e-15 -1 -7.18670271e-15 -1.85720232e-15 -1 -1.05014044e-14 -1.49630877e-14 -0.99999994 1.72802057e-14 5.96395813e-15 -0.99999994 1.72802057e-14 5.96395813e-15 -1 -7.88367276e-15 6.76675521e-15 -1 1.28420029e-14 3.66812954e-15 -1 2.35872185e-15 7.41175005e-15 -1 0 0 -1 0 0 -1 1.08932494e-14 9.20677973e-15 -1 0 0 -1 0 0 -1 3.71746164e-16 1.16522054e-14 -1 9.23023407e-15 -1.53279438e-14 -1 -1.04608349e-14 1.40620192e-14 -1 -9.4450213e-15 -4.32816387e-15 -1 2.84216717e-15 -7.43581849e-15 -1 2.24921671e-14 -2.12265982e-14 -1 -3.33613887e-14 3.14842316e-14 -1 -3.02611296e-14 5.16484743e-14 -1 0 0 -1 0 0 -1 0 0 -1 5.16481457e-14 3.026095e-14 -1 5.16481457e-14 3.026095e-14 -1 -2.08737938e-14 -7.20419648e-15 -1 3.73786958e-15 -1.45916513e-15 0 0.644030631 -0.764999628 0 0.644030631 -0.764999628 0 0.644030631 -0.764999628 0 0.557545304 -0.830146611 0 0.557545304 -0.830146611 0 0.557545304 -0.830146611 0 0.557544649 -0.830147028 0 0.415897012 -0.909411669 0 0.415897012 -0.909411669 0 0.415897012 -0.909411669 0 0.415896803 -0.909411788 0 0.210676506 -0.977555871 0 0.210676506 -0.977555871 0 0.210676506 -0.977555871 0 0.210676342 -0.977555811 0 -0.00439376011 -0.999990344 0 -0.00439376011 -0.999990344 0 -0.00439376011 -0.999990344 0 -0.00439376011 -0.999990284 0 -0.219259933 -0.975666463 0 -0.219259933 -0.975666463 0 -0.219259933 -0.975666463 0 -0.219259933 -0.975666463 0 -0.423873544 -0.905721366 0 -0.423873544 -0.905721366 0 -0.423873544 -0.905721366 0 -0.423873365 -0.905721545 0 -0.608666241 -0.793426335 0 -0.608666241 -0.793426335 0 -0.608666241 -0.793426335 0 -0.608666658 -0.793426096 0 -0.764999628 -0.64403075 0 -0.764999628 -0.64403075 0 -0.764999628 -0.64403075 0 -0.764999509 -0.644030929 0 -0.885562062 -0.46452108 0 -0.885562062 -0.46452108 0 -0.885562062 -0.46452108 0 -0.885561764 -0.464521617 0 -0.964716256 -0.263291538 0 -0.964716256 -0.263291538 0 -0.964716256 -0.263291538 0 -0.964716077 -0.263292432 0 -0.998761714 -0.0497504659 0 -0.998761714 -0.0497504659 0 -0.998761714 -0.0497504659 0 -0.998761714 -0.0497504659 0 -0.986106098 0.166116327 0 -0.986106098 0.166116327 0 -0.986106098 0.166116327 0 -0.986105919 0.16611737 0 -0.927341342 0.374216795 0 -0.927341342 0.374216795 0 -0.927341342 0.374216795 0 -0.927341163 0.374216944 0 -0.825214922 0.564818799 0 -0.825214922 0.564818799 0 -0.825214922 0.564818799 0 -0.825215101 0.564818561 0 -0.684502542 0.729010403 0 -0.684502542 0.729010403 0 -0.684502542 0.729010403 0 -0.68450278 0.729010344 0 -0.511783779 0.859114289 0 -0.511783779 0.859114289 0 -0.511783779 0.859114289 0 -0.511783659 0.859114349 0 -0.315134108 0.949047089 0 -0.315134108 0.949047089 0 -0.315134108 0.949047089 0 -0.315133989 0.949047267 0 -0.103749521 0.994603515 0 -0.103749521 0.994603515 0 -0.103749521 0.994603515 0 -0.103749543 0.994603515 0 0.112486281 0.993653238 0 0.112486281 0.993653238 0 0.112486281 0.993653238 0 0.112486362 0.993653238 0 0.323462933 0.946240842 0 0.323462933 0.946240842 0 0.323462933 0.946240842 0 0.323462754 0.946240902 0 0.519313872 0.854583621 0 0.519313872 0.854583621 0 0.519313872 0.854583621 0 0.519314408 0.854583263 0 0.690882921 0.722966611 0 0.690882921 0.722966611 0 0.690882921 0.722966611 0 0.690883219 0.722966373 0 0.830146909 0.557544589 0 0.830146909 0.557544589 0 0.830146909 0.557544589 0 0.830147147 0.55754441 0 0.930594504 0.366051733 0 0.930594504 0.366051733 0 0.930594504 0.366051733 0 0.930594206 0.366052717 0 0.987527788 0.15744473 0 0.987527788 0.15744473 0 0.987527788 0.15744473 0 0.987527847 0.157444298 0 0.99828583 -0.0585258417 0 0.99828583 -0.0585258417 0 0.99828583 -0.0585258417 0 0.99828583 -0.0585269183 0 0.96236521 -0.27175951 0 0.96236521 -0.27175951 0 0.96236521 -0.27175951 0 0.962364912 -0.271760494 0 0.881445527 -0.472285599 0 0.881445527 -0.472285599 0 0.881445527 -0.472285599 0 0.881445169 -0.472286344 0 0.759309769 -0.650729299 0 0.759309769 -0.650729299 0 0.759309769 -0.650729299 0 0.759310186 -0.650728881 0 0.644030631 -0.764999628 1 0 0 1 0 0 1 0 0 1 -6.26285043e-07 0 0.99999994 0 0 1 0 0 1 0 0 0.99999994 -6.20431422e-07 0 1 6.17628586e-07 0 1 0 0 0.99999994 0 0 1 6.10170957e-07 0 1 -3.15106121e-07 0 0.99999994 0 0 0.99999994 0 0 1 0 0 1 0 0 1 0 0 1 -4.12777759e-08 0 1 0 0 1 0 0 0.99999994 0 0 0.99999994 0 0 1 -1.0462773e-07 0 1 0 0 1 -1.3676059e-07 0 1 0 0 1 2.67821946e-07 0 1 -5.98185579e-07 0 1 0 0 1 0 0 1 6.27024917e-07 0 0.99999994 0 0 0.99999994 -6.25252426e-07 0 1 0 0 1 0 0 1 0 0 0.99999994 0 0 0.99999994 0 0 1 0 0 1 0 0 0.99999994 0 0 1 0 0 1 0 0 1 -1.60868325e-07 0 1 0 0 0.99999994 -1.63586222e-07 0 1 2.91513913e-07 0 1 -1.66753381e-07 0 0.99999994 0 0 1 0 0 1 -7.04143659e-08 0 1 6.98529902e-07 0 1 -6.90733657e-08 0 1 -7.17884348e-07 0 1 0 0 0.99999994 -2.6490514e-07 0 0 0.374439269 -0.927251399 0 0.374439269 -0.927251399 0 0.374439269 -0.927251399 0 0.37443915 -0.927251577 0 -0.139353424 -0.99024266 0 -0.139353424 -0.99024266 0 -0.139353424 -0.99024266 0 -0.139353424 -0.99024266 0 -0.615803182 -0.787899971 0 -0.615803182 -0.787899971 0 -0.615803182 -0.787899971 0 -0.615803301 -0.787899911 0 -0.927252352 -0.374436975 0 -0.927252352 -0.374436975 0 -0.927252352 -0.374436975 0 -0.927252412 -0.374436915 0 -0.990242779 0.139352903 0 -0.990242779 0.139352903 0 -0.990242779 0.139352903 0 -0.990242779 0.139353007 0 -0.787898898 0.615804672 0 -0.787898898 0.615804672 0 -0.787898898 0.615804672 0 -0.78789866 0.615804911 0 -0.374437571 0.927252054 0 -0.374437571 0.927252054 0 -0.374437571 0.927252054 0 -0.374437869 0.927252054 0 0.139351606 0.990243018 0 0.139351606 0.990243018 0 0.139351606 0.990243018 0 0.139351666 0.990242958 0 0.615803301 0.787899911 0 0.615803301 0.787899911 0 0.615803301 0.787899911 0 0.615802944 0.787900269 0 0.927252412 0.374436766 0 0.927252412 0.374436766 0 0.927252412 0.374436766 0 0.927252114 0.374437392 0 0.990242839 -0.139352009 0 0.990242839 -0.139352009 0 0.990242839 -0.139352009 0 0.990242779 -0.139352813 0 0.787899435 -0.615803838 0 0.787899435 -0.615803838 0 0.787899435 -0.615803838 0 0.787899017 -0.615804374 0 0.374439567 -0.927251339 0 0.374439567 -0.927251339 0 0.374439567 -0.927251339 0 0.374439567 -0.927251339 0 -0.139352754 -0.990242779 0 -0.139352754 -0.990242779 0 -0.139352754 -0.990242779 0 -0.139352322 -0.990242898 0 -0.615804851 -0.787898719 0 -0.615804851 -0.787898719 0 -0.615804851 -0.787898719 0 -0.615803242 -0.787900031 0 -0.927252054 -0.374437749 0 -0.927252054 -0.374437749 0 -0.927252054 -0.374437749 0 -0.927252114 -0.374437809 0 -0.990242839 0.139352694 0 -0.990242839 0.139352694 0 -0.990242839 0.139352694 0 -0.990242779 0.139352694 0 -0.787899792 0.61580348 0 -0.787899792 0.61580348 0 -0.787899792 0.61580348 0 -0.787898302 0.615805447 0 -0.374437183 0.927252293 0 -0.374437183 0.927252293 0 -0.374437183 0.927252293 0 -0.374438316 0.927251816 0 0.139351442 0.990243018 0 0.139351442 0.990243018 0 0.139351442 0.990243018 0 0.139351457 0.990243018 0 0.615804851 0.787898719 0 0.615804851 0.787898719 0 0.615804851 0.787898719 0 0.615804791 0.787898719 0 0.927250981 0.374440491 0 0.927250981 0.374440491 0 0.927250981 0.374440491 0 0.927252114 0.374437809 0 0.990242898 -0.139352545 0 0.990242898 -0.139352545 0 0.990242898 -0.139352545 0 0.990242898 -0.139352575 0 0.787898898 -0.615804672 0 0.787898898 -0.615804672 0 0.787898898 -0.615804672 0 0.787897229 -0.615806758 0 0.374437988 -0.927251935 0 0.374437988 -0.927251935 0 0.374437988 -0.927251935 0 0.374436885 -0.927252471 0 -0.139352754 -0.990242779 0 -0.139352754 -0.990242779 0 -0.139352754 -0.990242779 0 -0.139352754 -0.990242779 0 -0.615803003 -0.78790015 0 -0.615803003 -0.78790015 0 -0.615803003 -0.78790015 0 -0.615804493 -0.787898958 0 -0.927252054 -0.374437749 0 -0.927252054 -0.374437749 0 -0.927252054 -0.374437749 0 -0.927250981 -0.374440551 0 -0.990242839 0.139352694 0 -0.990242839 0.139352694 0 -0.990242839 0.139352694 0 -0.990242779 0.139352694 0 -0.787897944 0.615805924 0 -0.787897944 0.615805924 0 -0.787897944 0.615805924 0 -0.787900984 0.61580193 0 -0.374438226 0.927251935 0 -0.374438226 0.927251935 0 -0.374438226 0.927251935 0 -0.374435931 0.927252769 0 0.139352992 0.990242779 0 0.139352992 0.990242779 0 0.139352992 0.990242779 0 0.139352992 0.990242779 0 0.615802884 0.787900209 0 0.615802884 0.787900209 0 0.615802884 0.787900209 0 0.615806043 0.787897825 0 0.927252054 0.374437839 0 0.927252054 0.374437839 0 0.927252054 0.374437839 0 0.927252054 0.374437839 0 0.990243256 -0.139349476 0 0.990243256 -0.139349476 0 0.990243256 -0.139349476 0 0.990242779 -0.13935262 0 0.787897944 -0.615805924 0 0.787897944 -0.615805924 0 0.787897944 -0.615805924 0 0.787900865 -0.61580193 0 0.374439567 -0.927251339 0 0.374439567 -0.927251339 0 0.374439567 -0.927251339 0 0.374439001 -0.927251577 0 -0.139353216 -0.990242839 0 -0.139353216 -0.990242839 0 -0.139353216 -0.990242839 0 -0.139353424 -0.99024266 0 -0.615804851 -0.787898719 0 -0.615804851 -0.787898719 0 -0.615804851 -0.787898719 0 -0.615805626 -0.787898183 0 -0.927251399 -0.374439389 0 -0.927251399 -0.374439389 0 -0.927251399 -0.374439389 0 -0.927251339 -0.374439448 0 -0.990242898 0.139352545 0 -0.990242898 0.139352545 0 -0.990242898 0.139352545 0 -0.990243077 0.13935101 0 -0.787898719 0.615804851 0 -0.787898719 0.615804851 0 -0.787898719 0.615804851 0 -0.787899494 0.615803897 0 -0.374437988 0.927251935 0 -0.374437988 0.927251935 0 -0.374437988 0.927251935 0 -0.374436885 0.927252471 0 0.139352754 0.990242779 0 0.139352754 0.990242779 0 0.139352754 0.990242779 0 0.139352322 0.990242898 0 0.615804017 0.787899375 0 0.615804017 0.787899375 0 0.615804017 0.787899375 0 0.615804017 0.787899435 0 0.927251756 0.374438286 0 0.927251756 0.374438286 0 0.927251756 0.374438286 0 0.927252352 0.374437004 0 0.990242898 -0.139352545 0 0.990242898 -0.139352545 0 0.990242898 -0.139352545 0 0.990243077 -0.13935101 0 0.787899435 -0.615803838 0 0.787899435 -0.615803838 0 0.787899435 -0.615803838 0 0.787898719 -0.61580497 0 0.374437571 -0.927252054 0 0.374437571 -0.927252054 0 0.374437571 -0.927252054 0 0.374437869 -0.927252054 0 -0.139351606 -0.990243018 0 -0.139351606 -0.990243018 0 -0.139351606 -0.990243018 0 -0.139351666 -0.990242958 0 -0.615803301 -0.787899911 0 -0.615803301 -0.787899911 0 -0.615803301 -0.787899911 0 -0.615802944 -0.787900269 0 -0.927252412 -0.374436766 0 -0.927252412 -0.374436766 0 -0.927252412 -0.374436766 0 -0.927252114 -0.374437392 0 -0.990242839 0.139352009 0 -0.990242839 0.139352009 0 -0.990242839 0.139352009 0 -0.990242779 0.139352813 0 -0.787899435 0.615803838 0 -0.787899435 0.615803838 0 -0.787899435 0.615803838 0 -0.787899017 0.615804374 0 -0.374439269 0.927251399 0 -0.374439269 0.927251399 0 -0.374439269 0.927251399 0 -0.37443915 0.927251577 0 0.139353424 0.99024266 0 0.139353424 0.99024266 0 0.139353424 0.99024266 0 0.139353424 0.99024266 0 0.615803182 0.787899971 0 0.615803182 0.787899971 0 0.615803182 0.787899971 0 0.615803301 0.787899911 0 0.927252352 0.374436975 0 0.927252352 0.374436975 0 0.927252352 0.374436975 0 0.927252412 0.374436915 0 0.990242779 -0.139352903 0 0.990242779 -0.139352903 0 0.990242779 -0.139352903 0 0.990242779 -0.139353007 0 0.787898898 -0.615804672 0 0.787898898 -0.615804672 0 0.787898898 -0.615804672 0 0.78789866 -0.615804911 0 0.374437183 -0.927252293 0 0.374437183 -0.927252293 0 0.374437183 -0.927252293 0 0.374438316 -0.927251816 0 -0.139351442 -0.990243018 0 -0.139351442 -0.990243018 0 -0.139351442 -0.990243018 0 -0.139351457 -0.990243018 0 -0.615804851 -0.787898719 0 -0.615804851 -0.787898719 0 -0.615804851 -0.787898719 0 -0.615804791 -0.787898719 0 -0.927250981 -0.374440491 0 -0.927250981 -0.374440491 0 -0.927250981 -0.374440491 0 -0.927252114 -0.374437809 0 -0.990242898 0.139352545 0 -0.990242898 0.139352545 0 -0.990242898 0.139352545 0 -0.990242898 0.139352575 0 -0.787898898 0.615804672 0 -0.787898898 0.615804672 0 -0.787898898 0.615804672 0 -0.787897229 0.615806758 0 -0.374439567 0.927251339 0 -0.374439567 0.927251339 0 -0.374439567 0.927251339 0 -0.374439567 0.927251339 0 0.139352754 0.990242779 0 0.139352754 0.990242779 0 0.139352754 0.990242779 0 0.139352322 0.990242898 0 0.615804851 0.787898719 0 0.615804851 0.787898719 0 0.615804851 0.787898719 0 0.615803242 0.787900031 0 0.927252054 0.374437749 0 0.927252054 0.374437749 0 0.927252054 0.374437749 0 0.927252114 0.374437809 0 0.990242839 -0.139352694 0 0.990242839 -0.139352694 0 0.990242839 -0.139352694 0 0.990242779 -0.139352694 0 0.787899792 -0.61580348 0 0.787899792 -0.61580348 0 0.787899792 -0.61580348 0 0.787898302 -0.615805447 0 0.374438226 -0.927251935 0 0.374438226 -0.927251935 0 0.374438226 -0.927251935 0 0.374435931 -0.927252769 0 -0.139352992 -0.990242779 0 -0.139352992 -0.990242779 0 -0.139352992 -0.990242779 0 -0.139352992 -0.990242779 0 -0.615802884 -0.787900209 0 -0.615802884 -0.787900209 0 -0.615802884 -0.787900209 0 -0.615806043 -0.787897825 0 -0.927252054 -0.374437839 0 -0.927252054 -0.374437839 0 -0.927252054 -0.374437839 0 -0.927252054 -0.374437839 0 -0.990243256 0.139349476 0 -0.990243256 0.139349476 0 -0.990243256 0.139349476 0 -0.990242779 0.13935262 0 -0.787897944 0.615805924 0 -0.787897944 0.615805924 0 -0.787897944 0.615805924 0 -0.787900865 0.61580193 0 -0.374437988 0.927251935 0 -0.374437988 0.927251935 0 -0.374437988 0.927251935 0 -0.374436885 0.927252471 0 0.139352754 0.990242779 0 0.139352754 0.990242779 0 0.139352754 0.990242779 0 0.139352754 0.990242779 0 0.615803003 0.78790015 0 0.615803003 0.78790015 0 0.615803003 0.78790015 0 0.615804493 0.787898958 0 0.927252054 0.374437749 0 0.927252054 0.374437749 0 0.927252054 0.374437749 0 0.927250981 0.374440551 0 0.990242839 -0.139352694 0 0.990242839 -0.139352694 0 0.990242839 -0.139352694 0 0.990242779 -0.139352694 0 0.787897944 -0.615805924 0 0.787897944 -0.615805924 0 0.787897944 -0.615805924 0 0.787900984 -0.61580193 0 0.374437988 -0.927251935 0 0.374437988 -0.927251935 0 0.374437988 -0.927251935 0 0.374436885 -0.927252471 0 -0.139352754 -0.990242779 0 -0.139352754 -0.990242779 0 -0.139352754 -0.990242779 0 -0.139352322 -0.990242898 0 -0.615804017 -0.787899375 0 -0.615804017 -0.787899375 0 -0.615804017 -0.787899375 0 -0.615804017 -0.787899435 0 -0.927251756 -0.374438286 0 -0.927251756 -0.374438286 0 -0.927251756 -0.374438286 0 -0.927252352 -0.374437004 0 -0.990242898 0.139352545 0 -0.990242898 0.139352545 0 -0.990242898 0.139352545 0 -0.990243077 0.13935101 0 -0.787899435 0.615803838 0 -0.787899435 0.615803838 0 -0.787899435 0.615803838 0 -0.787898719 0.61580497 0 -0.374439567 0.927251339 0 -0.374439567 0.927251339 0 -0.374439567 0.927251339 0 -0.374439001 0.927251577 0 0.139353216 0.990242839 0 0.139353216 0.990242839 0 0.139353216 0.990242839 0 0.139353424 0.99024266 0 0.615804851 0.787898719 0 0.615804851 0.787898719 0 0.615804851 0.787898719 0 0.615805626 0.787898183 0 0.927251399 0.374439389 0 0.927251399 0.374439389 0 0.927251399 0.374439389 0 0.927251339 0.374439448 0 0.990242898 -0.139352545 0 0.990242898 -0.139352545 0 0.990242898 -0.139352545 0 0.990243077 -0.13935101 0 0.787898719 -0.615804851 0 0.787898719 -0.615804851 0 0.787898719 -0.615804851 0 0.787899494 -0.615803897 0.0187792704 0.504784584 -0.863041043 0.0187792704 0.504784584 -0.863041043 0.0187792704 0.504784584 -0.863041043 -0.00144526269 0.4498353 -0.893110335 -0.00144526269 0.4498353 -0.893110335 -0.00144526269 0.4498353 -0.893110335 0 0.397142172 -0.917757154 0 0.397142172 -0.917757154 0 0.397142172 -0.917757154 0 0.343111783 -0.939294577 0 0.343111783 -0.939294577 0 0.343111783 -0.939294577 0.0173370987 0.287872046 -0.957511961 0.0173370987 0.287872046 -0.957511961 0.0173370987 0.287872046 -0.957511961 -0.00289079151 0.227388561 -0.973799765 -0.00289079151 0.227388561 -0.973799765 -0.00289079151 0.227388561 -0.973799765 0 0.170388192 -0.985376954 0 0.170388192 -0.985376954 0 0.170388192 -0.985376954 0 0.112800367 -0.993617654 0 0.112800367 -0.993617654 0 0.112800367 -0.993617654 0.0158925019 0.0548289269 -0.998369217 0.0158925019 0.0548289269 -0.998369217 0.0158925019 0.0548289269 -0.998369217 -0.00433663558 -0.00778927375 -0.999960244 -0.00433663558 -0.00778927375 -0.999960244 -0.00433663558 -0.00778927375 -0.999960244 0 -0.0659192577 -0.997824907 0 -0.0659192577 -0.997824907 0 -0.0659192577 -0.997824907 0 -0.123826101 -0.992303848 0 -0.123826101 -0.992303848 0 -0.123826101 -0.992303848 0.0144501328 -0.181294709 -0.983322561 0.0144501328 -0.181294709 -0.983322561 0.0144501328 -0.181294709 -0.983322561 -0.00578198908 -0.2425275 -0.970127344 -0.00578198908 -0.2425275 -0.970127344 -0.00578198908 -0.2425275 -0.970127344 0 -0.298529863 -0.954400241 0 -0.298529863 -0.954400241 0 -0.298529863 -0.954400241 0 -0.353519768 -0.93542707 0 -0.353519768 -0.93542707 0 -0.353519768 -0.93542707 0.0130059188 -0.407277077 -0.913212061 0.0130059188 -0.407277077 -0.913212061 0.0130059188 -0.407277077 -0.913212061 -0.00722765736 -0.463682741 -0.885971904 -0.00722765736 -0.463682741 -0.885971904 -0.00722765736 -0.463682741 -0.885971904 0 -0.514426112 -0.857534766 0 -0.514426112 -0.857534766 0 -0.514426112 -0.857534766 0 -0.563416481 -0.826173067 0 -0.563416481 -0.826173067 0 -0.563416481 -0.826173067 0.0115615781 -0.610460401 -0.791962445 0.0115615781 -0.610460401 -0.791962445 0.0115615781 -0.610460401 -0.791962445 -0.0086723296 -0.658869267 -0.752207518 -0.0086723296 -0.658869267 -0.752207518 -0.0086723296 -0.658869267 -0.752207518 0 -0.70151782 -0.712651908 0 -0.70151782 -0.712651908 0 -0.70151782 -0.712651908 0 -0.741766274 -0.670658469 0 -0.741766274 -0.670658469 0 -0.741766274 -0.670658469 0.0101172095 -0.779467702 -0.626360774 0.0101172095 -0.779467702 -0.626360774 0.0101172095 -0.779467702 -0.626360774 -0.0101169376 -0.817156076 -0.576327682 -0.0101169376 -0.817156076 -0.576327682 -0.0101169376 -0.817156076 -0.576327682 0 -0.849327803 -0.527865827 0 -0.849327803 -0.527865827 0 -0.849327803 -0.527865827 0 -0.878583133 -0.477589518 0 -0.878583133 -0.477589518 0 -0.878583133 -0.477589518 0.00867241994 -0.904832184 -0.425680101 0.00867241994 -0.904832184 -0.425680101 0.00867241994 -0.904832184 -0.425680101 -0.0115615437 -0.929682553 -0.368180364 -0.0115615437 -0.929682553 -0.368180364 -0.0115615437 -0.929682553 -0.368180364 0 -0.949580014 -0.313524663 0 -0.949580014 -0.313524663 0 -0.949580014 -0.313524663 0 -0.96620363 -0.257779956 0 -0.96620363 -0.257779956 0 -0.96620363 -0.257779956 0.00722737983 -0.979532003 -0.201158717 0.00722737983 -0.979532003 -0.201158717 0.00722737983 -0.979532003 -0.201158717 -0.0130057922 -0.990147412 -0.139423922 -0.0130057922 -0.990147412 -0.139423922 -0.0130057922 -0.990147412 -0.139423922 0 -0.996663213 -0.0816238821 0 -0.996663213 -0.0816238821 0 -0.996663213 -0.0816238821 0 -0.999722958 -0.0235361774 0 -0.999722958 -0.0235361774 0 -0.999722958 -0.0235361774 0.00578194438 -0.99938339 0.0346332192 0.00578194438 -0.99938339 0.0346332192 0.00578194438 -0.99938339 0.0346332192 -0.0144497855 -0.995166838 0.097129114 -0.0144497855 -0.995166838 0.097129114 -0.0144497855 -0.995166838 0.097129114 0 -0.987938583 0.154845953 0 -0.987938583 0.154845953 0 -0.987938583 0.154845953 0 -0.977264106 0.212025538 0 -0.977264106 0.212025538 0 -0.977264106 0.212025538 0.00433675013 -0.963273108 0.268488407 0.00433675013 -0.963273108 0.268488407 0.00433675013 -0.963273108 0.268488407 -0.0158931836 -0.94446218 0.328235567 -0.0158931836 -0.94446218 0.328235567 -0.0158931836 -0.94446218 0.328235567 0 -0.923895955 0.382643789 0 -0.923895955 0.382643789 0 -0.923895955 0.382643789 0 -0.90008384 0.435716718 0 -0.90008384 0.435716718 0 -0.90008384 0.435716718 0.00289097195 -0.873222709 0.487312734 0.00289097195 -0.873222709 0.487312734 0.00289097195 -0.873222709 0.487312734 -0.017336579 -0.840874732 0.540952086 -0.017336579 -0.840874732 0.540952086 -0.017336579 -0.840874732 0.540952086 0 -0.808119476 0.589018524 0 -0.808119476 0.589018524 0 -0.808119476 0.589018524 0 -0.7725178 0.634993076 0 -0.7725178 0.634993076 0 -0.7725178 0.634993076 0.00144561683 -0.734274447 0.678851128 0.00144561683 -0.734274447 0.678851128 0.00144561683 -0.734274447 0.678851128 -0.0187788457 -0.690208435 0.723366737 -0.0187788457 -0.690208435 0.723366737 -0.0187788457 -0.690208435 0.723366737 0 0.554210007 -0.832376897 0 0.554210007 -0.832376897 0 0.554210007 -0.832376897 0 0.647094667 -0.762409747 0 0.647094667 -0.762409747 0 0.647094667 -0.762409747 0.0187788494 0.690208435 -0.723366916 0.0187788494 0.690208435 -0.723366916 0.0187788494 0.690208435 -0.723366916 -0.00144561694 0.734274387 -0.678851187 -0.00144561694 0.734274387 -0.678851187 -0.00144561694 0.734274387 -0.678851187 0 0.7725178 -0.634993196 0 0.7725178 -0.634993196 0 0.7725178 -0.634993196 0 0.808119476 -0.589018524 0 0.808119476 -0.589018524 0 0.808119476 -0.589018524 0.0173365828 0.840874672 -0.540952206 0.0173365828 0.840874672 -0.540952206 0.0173365828 0.840874672 -0.540952206 -0.00289097195 0.873222709 -0.487312734 -0.00289097195 0.873222709 -0.487312734 -0.00289097195 0.873222709 -0.487312734 0 0.90008384 -0.435716838 0 0.90008384 -0.435716838 0 0.90008384 -0.435716838 0 0.923896015 -0.3826437 0 0.923896015 -0.3826437 0 0.923896015 -0.3826437 0.0158931985 0.94446218 -0.328235507 0.0158931985 0.94446218 -0.328235507 0.0158931985 0.94446218 -0.328235507 -0.00433674967 0.963273287 -0.268488407 -0.00433674967 0.963273287 -0.268488407 -0.00433674967 0.963273287 -0.268488407 0 0.977264166 -0.212025583 0 0.977264166 -0.212025583 0 0.977264166 -0.212025583 0 0.987938643 -0.154845983 0 0.987938643 -0.154845983 0 0.987938643 -0.154845983 0.014449792 0.995166898 -0.0971291587 0.014449792 0.995166898 -0.0971291587 0.014449792 0.995166898 -0.0971291587 -0.00578194438 0.999383271 -0.034633223 -0.00578194438 0.999383271 -0.034633223 -0.00578194438 0.999383271 -0.034633223 0 0.999722898 0.0235361811 0 0.999722898 0.0235361811 0 0.999722898 0.0235361811 0 0.996663213 0.0816238895 0 0.996663213 0.0816238895 0 0.996663213 0.0816238895 0.0130057987 0.990147412 0.139423922 0.0130057987 0.990147412 0.139423922 0.0130057987 0.990147412 0.139423922 -0.0072273761 0.979532003 0.201158628 -0.0072273761 0.979532003 0.201158628 -0.0072273761 0.979532003 0.201158628 0 0.96620363 0.257779956 0 0.96620363 0.257779956 0 0.96620363 0.257779956 0 0.949580014 0.313524634 0 0.949580014 0.313524634 0 0.949580014 0.313524634 0.0115615437 0.929682553 0.368180364 0.0115615437 0.929682553 0.368180364 0.0115615437 0.929682553 0.368180364 -0.00867242087 0.904832244 0.425680161 -0.00867242087 0.904832244 0.425680161 -0.00867242087 0.904832244 0.425680161 0 0.878583014 0.477589607 0 0.878583014 0.477589607 0 0.878583014 0.477589607 0 0.849327862 0.527865767 0 0.849327862 0.527865767 0 0.849327862 0.527865767 0.0101169376 0.817156076 0.576327682 0.0101169376 0.817156076 0.576327682 0.0101169376 0.817156076 0.576327682 -0.0101172095 0.779467702 0.626360774 -0.0101172095 0.779467702 0.626360774 -0.0101172095 0.779467702 0.626360774 0 0.741766214 0.670658469 0 0.741766214 0.670658469 0 0.741766214 0.670658469 0 0.70151794 0.712651908 0 0.70151794 0.712651908 0 0.70151794 0.712651908 0.0086723296 0.658869207 0.752207577 0.0086723296 0.658869207 0.752207577 0.0086723296 0.658869207 0.752207577 -0.0115615772 0.61046052 0.791962385 -0.0115615772 0.61046052 0.791962385 -0.0115615772 0.61046052 0.791962385 0 0.563416362 0.826173067 0 0.563416362 0.826173067 0 0.563416362 0.826173067 0 0.514426112 0.857534826 0 0.514426112 0.857534826 0 0.514426112 0.857534826 0.00722755678 0.463682681 0.885971904 0.00722755678 0.463682681 0.885971904 0.00722755678 0.463682681 0.885971904 -0.0130059188 0.407276988 0.913212061 -0.0130059188 0.407276988 0.913212061 -0.0130059188 0.407276988 0.913212061 0 0.353519708 0.93542707 0 0.353519708 0.93542707 0 0.353519708 0.93542707 0 0.298529863 0.954400241 0 0.298529863 0.954400241 0 0.298529863 0.954400241 0.00578198908 0.2425275 0.970127344 0.00578198908 0.2425275 0.970127344 0.00578198908 0.2425275 0.970127344 -0.0144501328 0.181294709 0.983322561 -0.0144501328 0.181294709 0.983322561 -0.0144501328 0.181294709 0.983322561 0 0.123826064 0.992303848 0 0.123826064 0.992303848 0 0.123826064 0.992303848 0 0.0659192652 0.997824907 0 0.0659192652 0.997824907 0 0.0659192652 0.997824907 0.00433652243 0.00778927328 0.999960244 0.00433652243 0.00778927328 0.999960244 0.00433652243 0.00778927328 0.999960244 -0.0158925019 -0.0548289232 0.998369217 -0.0158925019 -0.0548289232 0.998369217 -0.0158925019 -0.0548289232 0.998369217 0 -0.11280036 0.993617654 0 -0.11280036 0.993617654 0 -0.11280036 0.993617654 0 -0.170388207 0.985376954 0 -0.170388207 0.985376954 0 -0.170388207 0.985376954 0.0028906106 -0.227388501 0.973799765 0.0028906106 -0.227388501 0.973799765 0.0028906106 -0.227388501 0.973799765 -0.0173370987 -0.287872106 0.957511961 -0.0173370987 -0.287872106 0.957511961 -0.0173370987 -0.287872106 0.957511961 0 -0.343111724 0.939294577 0 -0.343111724 0.939294577 0 -0.343111724 0.939294577 0 -0.397142172 0.917757034 0 -0.397142172 0.917757034 0 -0.397142172 0.917757034 0.00144535955 -0.4498353 0.893110335 0.00144535955 -0.4498353 0.893110335 0.00144535955 -0.4498353 0.893110335 -0.0187792704 -0.504784584 0.863041043 -0.0187792704 -0.504784584 0.863041043 -0.0187792704 -0.504784584 0.863041043 0 -0.554210067 0.832376897 0 -0.554210067 0.832376897 0 -0.554210067 0.832376897 0 -0.647094607 0.762409747 0 -0.647094607 0.762409747 0 -0.647094607 0.762409747 -1 1.08525789e-07 0 -1 1.08525789e-07 0 -1 1.08525789e-07 0 -1 0 0 -1 -5.09903124e-08 0 -1 0 0 -1 1.02085565e-07 0 -0.99999994 -2.72124829e-08 0 -1 0 0 -1 2.71551173e-08 0 -1 0 0 -1 -1.08315703e-07 0 -1 0 0 -1 1.0793746e-07 0 -1 -2.06433583e-07 0 -1 2.14974065e-07 0 -1 0 0 -0.99999994 0 0 -1 0 0 -1 0 0 -1 0 0 -1 0 0 -1 0 0 -0.99999994 2.10010413e-07 0 -1 0 0 -1 2.08453883e-07 0 -1 1.07224075e-07 0 -1 -2.06782374e-07 0 -1 1.08195692e-07 0 -1 2.05002223e-07 0 -1 -2.73161476e-08 0 -1 0 0 -0.99999994 0 0 -0.99999994 5.0285216e-08 0 -1 0 0 -1 -7.46526609e-08 0 -0.99999994 1.13111113e-07 0 -1 -2.46154865e-08 0 -1 0 0 -1 9.73492931e-08 0 -1 0 0 -1 0 0 -1 0 0 -1 0 0 -1 4.80025676e-07 0 -0.99999994 -1.87636758e-07 0 -1 0 0 -1 0 0 -1 4.97560052e-07 0 -1 -3.65347177e-07 0 -1 0 0 -1 0 0 -1 -2.5909489e-07 0 -1 0 0 -1 2.64924523e-07 0 -1 0 0 0 0.357034296 -0.93409121 0 0.357034296 -0.93409121 0 0.357034296 -0.93409121 -0.0727444887 0.303292185 -0.950116873 -0.0727444887 0.303292185 -0.950116873 -0.0727444887 0.303292185 -0.950116873 0 0.250204533 -0.968192935 0 0.250204533 -0.968192935 0 0.250204533 -0.968192935 0 0.140227973 -0.990119219 0 0.140227973 -0.990119219 0 0.140227973 -0.990119219 -0.0727453977 0.0842671692 -0.993784249 -0.0727453977 0.0842671692 -0.993784249 -0.0727453977 0.0842671692 -0.993784249 0 0.0284882169 -0.999594092 0 0.0284882169 -0.999594092 0 0.0284882169 -0.999594092 0 -0.139353186 -0.990242839 0 -0.139353186 -0.990242839 0 -0.139353186 -0.990242839 -0.144127056 -0.0827376693 -0.986094236 -0.144127056 -0.0827376693 -0.986094236 -0.144127056 -0.0827376693 -0.986094236 0 -0.194657281 -0.98087132 0 -0.194657281 -0.98087132 0 -0.194657281 -0.98087132 0 -0.356208324 -0.934406519 0 -0.356208324 -0.934406519 0 -0.356208324 -0.934406519 -0.144127116 -0.300088823 -0.942960322 -0.144127116 -0.300088823 -0.942960322 -0.144127116 -0.300088823 -0.942960322 0 -0.40804106 -0.912963629 0 -0.40804106 -0.912963629 0 -0.40804106 -0.912963629 0 -0.507694662 -0.861537039 0 -0.507694662 -0.861537039 0 -0.507694662 -0.861537039 -0.0727449358 -0.553732038 -0.829511344 -0.0727449358 -0.553732038 -0.829511344 -0.0727449358 -0.553732038 -0.829511344 0 -0.600964189 -0.799275994 0 -0.600964189 -0.799275994 0 -0.600964189 -0.799275994 0 -0.686675727 -0.726963878 0 -0.686675727 -0.726963878 0 -0.686675727 -0.726963878 -0.0727445036 -0.72443217 -0.685497105 -0.0727445036 -0.72443217 -0.685497105 -0.0727445036 -0.72443217 -0.685497105 0 -0.763752699 -0.645509005 0 -0.763752699 -0.645509005 0 -0.763752699 -0.645509005 0 -0.831223607 -0.555938125 0 -0.831223607 -0.555938125 0 -0.831223607 -0.555938125 -0.0727449432 -0.85880661 -0.507108867 -0.0727449432 -0.85880661 -0.507108867 -0.0727449432 -0.85880661 -0.507108867 0 -0.888242304 -0.459375322 0 -0.888242304 -0.459375322 0 -0.888242304 -0.459375322 0 -0.934091508 -0.357033402 0 -0.934091508 -0.357033402 0 -0.934091508 -0.357033402 -0.0727448314 -0.950116873 -0.303292334 -0.0727448314 -0.950116873 -0.303292334 -0.0727448314 -0.950116873 -0.303292334 0 -0.968193114 -0.250203967 0 -0.968193114 -0.250203967 0 -0.968193114 -0.250203967 0 -0.99011898 -0.140229851 0 -0.99011898 -0.140229851 0 -0.99011898 -0.140229851 -0.0727450103 -0.993784368 -0.0842659101 -0.0727450103 -0.993784368 -0.0842659101 -0.0727450103 -0.993784368 -0.0842659101 0 -0.999594152 -0.0284891408 0 -0.999594152 -0.0284891408 0 -0.999594152 -0.0284891408 0 -0.996498585 0.0836095363 0 -0.996498585 0.0836095363 0 -0.996498585 0.0836095363 -0.0727451071 -0.987619162 0.138984516 -0.0727451071 -0.987619162 0.138984516 -0.0727451071 -0.987619162 0.138984516 0 -0.98087126 0.194657534 0 -0.98087126 0.194657534 0 -0.98087126 0.194657534 0 -0.952909887 0.30325368 0 -0.952909887 0.30325368 0 -0.952909887 0.30325368 -0.0727455914 -0.931930542 0.355265498 -0.0727455914 -0.931930542 0.355265498 -0.0727455914 -0.931930542 0.355265498 0 -0.912964284 0.408039331 0 -0.912964284 0.408039331 0 -0.912964284 0.408039331 0 -0.831714749 0.555203259 0 -0.831714749 0.555203259 0 -0.831714749 0.555203259 -0.144127548 -0.852541864 0.502393842 -0.144127548 -0.852541864 0.502393842 -0.144127548 -0.852541864 0.502393842 0 -0.799275875 0.600964308 0 -0.799275875 0.600964308 0 -0.799275875 0.600964308 0 -0.726963639 0.686675847 0 -0.726963639 0.686675847 0 -0.726963639 0.686675847 -0.072744973 -0.685497165 0.72443217 -0.072744973 -0.685497165 0.72443217 -0.072744973 -0.685497165 0.72443217 0 -0.645509303 0.76375252 0 -0.645509303 0.76375252 0 -0.645509303 0.76375252 0 -0.555938005 0.831223667 0 -0.555938005 0.831223667 0 -0.555938005 0.831223667 -0.0727462992 -0.507109046 0.858806372 -0.0727462992 -0.507109046 0.858806372 -0.0727462992 -0.507109046 0.858806372 0 -0.45937416 0.888242781 0 -0.45937416 0.888242781 0 -0.45937416 0.888242781 0 -0.357034296 0.93409121 0 -0.357034296 0.93409121 0 -0.357034296 0.93409121 -0.0727444887 -0.303292185 0.950116873 -0.0727444887 -0.303292185 0.950116873 -0.0727444887 -0.303292185 0.950116873 0 -0.250204533 0.968192935 0 -0.250204533 0.968192935 0 -0.250204533 0.968192935 0 -0.140227973 0.990119219 0 -0.140227973 0.990119219 0 -0.140227973 0.990119219 -0.0727453977 -0.0842671692 0.993784249 -0.0727453977 -0.0842671692 0.993784249 -0.0727453977 -0.0842671692 0.993784249 0 -0.0284882169 0.999594092 0 -0.0284882169 0.999594092 0 -0.0284882169 0.999594092 0 0.139353186 0.990242839 0 0.139353186 0.990242839 0 0.139353186 0.990242839 -0.144127056 0.0827376544 0.986094236 -0.144127056 0.0827376544 0.986094236 -0.144127056 0.0827376544 0.986094236 0 0.194657281 0.98087132 0 0.194657281 0.98087132 0 0.194657281 0.98087132 0 0.303254902 0.952909529 0 0.303254902 0.952909529 0 0.303254902 0.952909529 -0.0727454051 0.355264693 0.93193078 -0.0727454051 0.355264693 0.93193078 -0.0727454051 0.355264693 0.93193078 0 0.40804106 0.912963629 0 0.40804106 0.912963629 0 0.40804106 0.912963629 0 0.507694662 0.861537039 0 0.507694662 0.861537039 0 0.507694662 0.861537039 -0.0727449358 0.553732038 0.829511344 -0.0727449358 0.553732038 0.829511344 -0.0727449358 0.553732038 0.829511344 0 0.600964189 0.799275994 0 0.600964189 0.799275994 0 0.600964189 0.799275994 0 0.686675727 0.726963878 0 0.686675727 0.726963878 0 0.686675727 0.726963878 -0.0727445036 0.72443217 0.685497105 -0.0727445036 0.72443217 0.685497105 -0.0727445036 0.72443217 0.685497105 0 0.763752699 0.645509005 0 0.763752699 0.645509005 0 0.763752699 0.645509005 0 0.831223607 0.555938125 0 0.831223607 0.555938125 0 0.831223607 0.555938125 -0.0727449432 0.85880661 0.507108867 -0.0727449432 0.85880661 0.507108867 -0.0727449432 0.85880661 0.507108867 0 0.888242304 0.459375322 0 0.888242304 0.459375322 0 0.888242304 0.459375322 0 0.934091508 0.357033402 0 0.934091508 0.357033402 0 0.934091508 0.357033402 -0.0727448314 0.950116873 0.303292334 -0.0727448314 0.950116873 0.303292334 -0.0727448314 0.950116873 0.303292334 0 0.968193114 0.250203967 0 0.968193114 0.250203967 0 0.968193114 0.250203967 0 0.99011898 0.140229851 0 0.99011898 0.140229851 0 0.99011898 0.140229851 -0.0727450103 0.993784368 0.0842659101 -0.0727450103 0.993784368 0.0842659101 -0.0727450103 0.993784368 0.0842659101 0 0.999594152 0.0284891408 0 0.999594152 0.0284891408 0 0.999594152 0.0284891408 0 0.996498585 -0.0836095363 0 0.996498585 -0.0836095363 0 0.996498585 -0.0836095363 -0.0727451071 0.987619162 -0.138984516 -0.0727451071 0.987619162 -0.138984516 -0.0727451071 0.987619162 -0.138984516 0 0.98087126 -0.194657534 0 0.98087126 -0.194657534 0 0.98087126 -0.194657534 0 0.952909887 -0.30325368 0 0.952909887 -0.30325368 0 0.952909887 -0.30325368 -0.0727455914 0.931930542 -0.355265498 -0.0727455914 0.931930542 -0.355265498 -0.0727455914 0.931930542 -0.355265498 0 0.912964284 -0.408039331 0 0.912964284 -0.408039331 0 0.912964284 -0.408039331 0 0.831714749 -0.555203259 0 0.831714749 -0.555203259 0 0.831714749 -0.555203259 -0.144127548 0.852541864 -0.502393842 -0.144127548 0.852541864 -0.502393842 -0.144127548 0.852541864 -0.502393842 0 0.799275875 -0.600964308 0 0.799275875 -0.600964308 0 0.799275875 -0.600964308 0 0.726963639 -0.686675847 0 0.726963639 -0.686675847 0 0.726963639 -0.686675847 -0.072744973 0.685497165 -0.72443217 -0.072744973 0.685497165 -0.72443217 -0.072744973 0.685497165 -0.72443217 0 0.645509303 -0.76375252 0 0.645509303 -0.76375252 0 0.645509303 -0.76375252 0 0.50845623 -0.861087799 0 0.50845623 -0.861087799 0 0.50845623 -0.861087799 -0.144128844 0.550133467 -0.822544813 -0.144128844 0.550133467 -0.822544813 -0.144128844 0.550133467 -0.822544813 0 0.45937416 -0.888242781 0 0.45937416 -0.888242781 0 0.45937416 -0.888242781 -0.694746614 -0.100229181 -0.712236702 -0.694746614 -0.100229181 -0.712236702 -0.694746614 -0.100229181 -0.712236702 -0.694746733 -0.100229174 -0.712236643 -0.694747269 -0.442919701 -0.566699505 -0.694747269 -0.442919701 -0.566699505 -0.694747269 -0.442919701 -0.566699505 -0.694746375 -0.442920685 -0.566699922 -0.69474715 -0.66692853 -0.269318819 -0.69474715 -0.66692853 -0.269318819 -0.69474715 -0.66692853 -0.269318819 -0.694747448 -0.666929185 -0.269316554 -0.694745541 -0.712237179 0.100233488 -0.694745541 -0.712237179 0.100233488 -0.694745541 -0.712237179 0.100233488 -0.694748044 -0.712235749 0.10022682 -0.694745243 -0.566698492 0.442924172 -0.694745243 -0.566698492 0.442924172 -0.694745243 -0.566698492 0.442924172 -0.694747329 -0.566700101 0.442918897 -0.694748402 -0.269316673 0.666928053 -0.694748402 -0.269316673 0.666928053 -0.694748402 -0.269316673 0.666928053 -0.694745541 -0.269317687 0.666930735 -0.69474864 0.100229755 0.712234676 -0.69474864 0.100229755 0.712234676 -0.69474864 0.100229755 0.712234676 -0.694745123 0.100230165 0.712238073 -0.694747806 0.442919403 0.566699147 -0.694747806 0.442919403 0.566699147 -0.694747806 0.442919403 0.566699147 -0.694746554 0.442920297 0.566700041 -0.694746017 0.666930318 0.269317538 -0.694746017 0.666930318 0.269317538 -0.694746017 0.666930318 0.269317538 -0.694746971 0.666929781 0.269316375 -0.694746256 0.71223712 -0.100229546 -0.694746256 0.71223712 -0.100229546 -0.694746256 0.71223712 -0.100229546 -0.694747269 0.712236047 -0.100230001 -0.694746852 0.566699922 -0.44291988 -0.694746852 0.566699922 -0.44291988 -0.694746852 0.566699922 -0.44291988 -0.694747448 0.566699445 -0.442919552 -0.69474566 0.269315988 -0.666931212 -0.69474566 0.269315988 -0.666931212 -0.69474566 0.269315988 -0.666931212 -0.694745779 0.269316286 -0.666930974 -0.69474864 -0.100229755 -0.712234676 -0.69474864 -0.100229755 -0.712234676 -0.69474864 -0.100229755 -0.712234676 -0.694745123 -0.100230165 -0.712238073 -0.694747806 -0.442919403 -0.566699147 -0.694747806 -0.442919403 -0.566699147 -0.694747806 -0.442919403 -0.566699147 -0.694746554 -0.442920297 -0.566700041 -0.694746017 -0.666930318 -0.269317538 -0.694746017 -0.666930318 -0.269317538 -0.694746017 -0.666930318 -0.269317538 -0.694746971 -0.666929781 -0.269316375 -0.694746256 -0.71223712 0.100229546 -0.694746256 -0.71223712 0.100229546 -0.694746256 -0.71223712 0.100229546 -0.694747269 -0.712236047 0.100230001 -0.694746852 -0.566699922 0.44291988 -0.694746852 -0.566699922 0.44291988 -0.694746852 -0.566699922 0.44291988 -0.694747448 -0.566699445 0.442919552 -0.69474566 -0.269315988 0.666931212 -0.69474566 -0.269315988 0.666931212 -0.69474566 -0.269315988 0.666931212 -0.694745779 -0.269316286 0.666930974 -0.694746614 0.100229181 0.712236702 -0.694746614 0.100229181 0.712236702 -0.694746614 0.100229181 0.712236702 -0.694746733 0.100229174 0.712236643 -0.694747269 0.442919701 0.566699505 -0.694747269 0.442919701 0.566699505 -0.694747269 0.442919701 0.566699505 -0.694746375 0.442920685 0.566699922 -0.69474715 0.66692853 0.269318819 -0.69474715 0.66692853 0.269318819 -0.69474715 0.66692853 0.269318819 -0.694747448 0.666929185 0.269316554 -0.694745541 0.712237179 -0.100233488 -0.694745541 0.712237179 -0.100233488 -0.694745541 0.712237179 -0.100233488 -0.694748044 0.712235749 -0.10022682 -0.694745243 0.566698492 -0.442924172 -0.694745243 0.566698492 -0.442924172 -0.694745243 0.566698492 -0.442924172 -0.694747329 0.566700101 -0.442918897 -0.694748402 0.269316673 -0.666928053 -0.694748402 0.269316673 -0.666928053 -0.694748402 0.269316673 -0.666928053 -0.694745541 0.269317687 -0.666930735 -0.694745481 -0.100230865 -0.712237656 -0.694745481 -0.100230865 -0.712237656 -0.694745481 -0.100230865 -0.712237656 -0.694748282 -0.100229956 -0.712235093 -0.694746554 -0.442920655 -0.566699564 -0.694746554 -0.442920655 -0.566699564 -0.694746554 -0.442920655 -0.566699564 -0.694747031 -0.442920595 -0.566699207 -0.694747984 -0.666928232 -0.269317925 -0.694747984 -0.666928232 -0.269317925 -0.694747984 -0.666928232 -0.269317925 -0.694747031 -0.666929603 -0.269316673 -0.694746852 -0.712236464 0.100229345 -0.694746852 -0.712236464 0.100229345 -0.694746852 -0.712236464 0.100229345 -0.69474715 -0.712236106 0.100229882 -0.69474709 -0.566699505 0.442920029 -0.69474709 -0.566699505 0.442920029 -0.69474709 -0.566699505 0.442920029 -0.694746017 -0.566700339 0.442920595 -0.694747627 -0.269315869 0.666929305 -0.694747627 -0.269315869 0.666929305 -0.694747627 -0.269315869 0.666929305 -0.694748223 -0.269315332 0.666928947 -0.694747627 0.100229897 0.712235749 -0.694747627 0.100229897 0.712235749 -0.694747627 0.100229897 0.712235749 -0.694745123 0.100229904 0.712238133 -0.694746196 0.442920417 0.56670028 -0.694746196 0.442920417 0.56670028 -0.694746196 0.442920417 0.56670028 -0.6947456 0.442920655 0.566700816 -0.694746435 0.666930437 0.269316047 -0.694746435 0.666930437 0.269316047 -0.694746435 0.666930437 0.269316047 -0.694745183 0.666931331 0.26931718 -0.694747806 0.712235272 -0.100231208 -0.694747806 0.712235272 -0.100231208 -0.694747806 0.712235272 -0.100231208 -0.694746375 0.71223712 -0.100228615 -0.69474709 0.566699505 -0.442920029 -0.69474709 0.566699505 -0.442920029 -0.69474709 0.566699505 -0.442920029 -0.694747448 0.566699445 -0.442919552 -0.694746494 0.269316703 -0.666930199 -0.694746494 0.269316703 -0.666930199 -0.694746494 0.269316703 -0.666930199 -0.69474721 0.269316673 -0.666929424 0.697457314 -0.209396735 0.685351193 0.697457314 -0.209396735 0.685351193 0.697457314 -0.209396735 0.685351193 0.704888046 -0.204223752 0.679283142 0.704888046 -0.204223752 0.679283142 0.704888046 -0.204223752 0.679283142 0.707089722 -0.120483465 0.6967839 0.707089722 -0.120483465 0.6967839 0.707089722 -0.120483465 0.6967839 0.690595388 -0.04612175 0.721769214 0.690595388 -0.04612175 0.721769214 0.690595388 -0.04612175 0.721769214 0.705059111 -0.0388868526 0.708081543 0.705059111 -0.0388868526 0.708081543 0.705059111 -0.0388868526 0.708081543 0.707073987 0.0466146022 0.705601573 0.707073987 0.0466146022 0.705601573 0.707073987 0.0466146022 0.705601573 0.684158742 0.122597188 0.718955278 0.684158742 0.122597188 0.718955278 0.684158742 0.122597188 0.718955278 0.705229878 0.128547817 0.697227657 0.705229878 0.128547817 0.697227657 0.705229878 0.128547817 0.697227657 0.707050443 0.211108133 0.674917102 0.707050443 0.211108133 0.674917102 0.707050443 0.211108133 0.674917102 0.678193688 0.287264049 0.676411569 0.678193688 0.287264049 0.676411569 0.678193688 0.287264049 0.676411569 0.705390096 0.288710564 0.647356987 0.705390096 0.288710564 0.647356987 0.705390096 0.288710564 0.647356987 0.707018673 0.363800317 0.606443644 0.707018673 0.363800317 0.606443644 0.707018673 0.363800317 0.606443644 0.672739387 0.438473642 0.595955193 0.672739387 0.438473642 0.595955193 0.672739387 0.438473642 0.595955193 0.705541253 0.432642967 0.561276615 0.705541253 0.432642967 0.561276615 0.705541253 0.432642967 0.561276615 0.70697993 0.496138185 0.50401026 0.70697993 0.496138185 0.50401026 0.70697993 0.496138185 0.50401026 0.667832673 0.567469656 0.481640697 0.667832673 0.567469656 0.481640697 0.667832673 0.567469656 0.481640697 0.705687761 0.552299738 0.443812907 0.705687761 0.552299738 0.443812907 0.705687761 0.552299738 0.443812907 0.70693332 0.600711882 0.373350412 0.70693332 0.600711882 0.373350412 0.70693332 0.600711882 0.373350412 0.663507581 0.66668576 0.33954066 0.663507581 0.66668576 0.33954066 0.663507581 0.66668576 0.33954066 0.705826104 0.640993774 0.301556528 0.705826104 0.640993774 0.301556528 0.705826104 0.640993774 0.301556528 0.706880569 0.671669304 0.221765622 0.706880569 0.671669304 0.221765622 0.706880569 0.671669304 0.221765622 0.659793735 0.730203092 0.177414 0.659793735 0.730203092 0.177414 0.659793735 0.730203092 0.177414 0.705957651 0.693775535 0.142475307 0.705957651 0.693775535 0.142475307 0.705957651 0.693775535 0.142475307 0.706819117 0.705034137 0.0577376634 0.706819117 0.705034137 0.0577376634 0.706819117 0.705034137 0.0577376634 0.656719148 0.754123211 0.00425146427 0.656719148 0.754123211 0.00425146427 0.656719148 0.754123211 0.00425146427 0.706081033 0.707706094 -0.024525553 0.706081033 0.707706094 -0.024525553 0.706081033 0.707706094 -0.024525553 0.706752598 0.698927999 -0.109546348 0.706752598 0.698927999 -0.109546348 0.706752598 0.698927999 -0.109546348 0.654303253 0.736819267 -0.170248434 0.654303253 0.736819267 -0.170248434 0.654303253 0.736819267 -0.170248434 0.706198871 0.682016492 -0.190096319 0.706198871 0.682016492 -0.190096319 0.706198871 0.682016492 -0.190096319 0.706678033 0.653689623 -0.270732492 0.706678033 0.653689623 -0.270732492 0.706678033 0.653689623 -0.270732492 0.652565718 0.679040074 -0.336247683 0.652565718 0.679040074 -0.336247683 0.652565718 0.679040074 -0.336247683 0.706307948 0.618161023 -0.344972342 0.706307948 0.618161023 -0.344972342 0.706307948 0.618161023 -0.344972342 0.706595182 0.571840048 -0.416800022 0.706595182 0.571840048 -0.416800022 0.706595182 0.571840048 -0.416800022 0.651518166 0.583885789 -0.484356642 0.651518166 0.583885789 -0.484356642 0.651518166 0.583885789 -0.484356642 0.706411004 0.519722044 -0.480491936 0.706411004 0.519722044 -0.480491936 0.706411004 0.519722044 -0.480491936 0.706507444 0.457952797 -0.53956145 0.706507444 0.457952797 -0.53956145 0.706507444 0.457952797 -0.53956145 0.651168048 0.456627756 -0.606194139 0.651168048 0.456627756 -0.606194139 0.651168048 0.456627756 -0.606194139 0.706507862 0.392218381 -0.589076817 0.706507862 0.392218381 -0.589076817 0.706507862 0.392218381 -0.589076817 0.704703271 0.284686536 -0.649882078 0.704703271 0.284686536 -0.649882078 0.704703271 0.284686536 -0.649882078 0.59292537 0.362233758 -0.719184518 0.59292537 0.362233758 -0.719184518 0.59292537 0.362233758 -0.719184518 0.706595719 0.242792189 -0.664661229 0.706595719 0.242792189 -0.664661229 0.706595719 0.242792189 -0.664661229 0.704705477 0.127139792 -0.698015451 0.704705477 0.127139792 -0.698015451 0.704705477 0.127139792 -0.698015451 0.603978574 0.181229398 -0.776122212 0.603978574 0.181229398 -0.776122212 0.603978574 0.181229398 -0.776122212 0.706679165 0.0798101723 -0.703018546 0.706679165 0.0798101723 -0.703018546 0.706679165 0.0798101723 -0.703018546 0.704704046 -0.0372607931 -0.70852226 0.704704046 -0.0372607931 -0.70852226 0.704704046 -0.0372607931 -0.70852226 0.614689708 -0.00614415016 -0.788745105 0.614689708 -0.00614415016 -0.788745105 0.614689708 -0.00614415016 -0.788745105 0.706753731 -0.0876018479 -0.702015102 0.706753731 -0.0876018479 -0.702015102 0.706753731 -0.0876018479 -0.702015102 0.704704165 -0.199652925 -0.680830896 0.704704165 -0.199652925 -0.680830896 0.704704165 -0.199652925 -0.680830896 0.625063896 -0.189313814 -0.757268369 0.625063896 -0.189313814 -0.757268369 0.625063896 -0.189313814 -0.757268369 0.706819832 -0.250077695 -0.661715209 0.706819832 -0.250077695 -0.661715209 0.706819832 -0.250077695 -0.661715209 0.704705358 -0.351281077 -0.616434932 0.704705358 -0.351281077 -0.616434932 0.704705358 -0.351281077 -0.616434932 0.635109663 -0.358167976 -0.684361994 0.635109663 -0.358167976 -0.684361994 0.635109663 -0.358167976 -0.684361994 0.706880927 -0.398522884 -0.584379017 0.706880927 -0.398522884 -0.584379017 0.706880927 -0.398522884 -0.584379017 0.704703748 -0.483972996 -0.51880908 0.704703748 -0.483972996 -0.51880908 0.704703748 -0.483972996 -0.51880908 0.644835293 -0.503606796 -0.574950039 0.644835293 -0.503606796 -0.574950039 0.644835293 -0.503606796 -0.574950039 0.706934512 -0.524636328 -0.47434175 0.706934512 -0.524636328 -0.47434175 0.706934512 -0.524636328 -0.47434175 0.704703867 -0.590572953 -0.393212408 0.704703867 -0.590572953 -0.393212408 0.704703867 -0.590572953 -0.393212408 0.654248536 -0.618030131 -0.435887098 0.654248536 -0.618030131 -0.435887098 0.654248536 -0.618030131 -0.435887098 0.706978679 -0.62136507 -0.337767094 0.706978679 -0.62136507 -0.337767094 0.706978679 -0.62136507 -0.337767094 0.704704702 -0.665333867 -0.246418506 0.704704702 -0.665333867 -0.246418506 0.704704702 -0.665333867 -0.246418506 0.663361669 -0.69572717 -0.275527 0.663361669 -0.69572717 -0.275527 0.663361669 -0.69572717 -0.275527 0.707017958 -0.68329531 -0.18229942 0.707017958 -0.68329531 -0.18229942 0.707017958 -0.68329531 -0.18229942 0.704704881 -0.704227567 -0.0863388702 0.704704881 -0.704227567 -0.0863388702 0.704704881 -0.704227567 -0.0863388702 0.672181606 -0.733153522 -0.10323637 0.672181606 -0.733153522 -0.10323637 0.672181606 -0.733153522 -0.10323637 0.707050025 -0.706967652 -0.0166444089 0.707050025 -0.706967652 -0.0166444089 0.707050025 -0.706967652 -0.0166444089 0.704705536 -0.705155671 0.0783940703 0.704705536 -0.705155671 0.0783940703 0.704705536 -0.705155671 0.0783940703 0.680717409 -0.72908175 0.0711598024 0.680717409 -0.72908175 0.0711598024 0.680717409 -0.72908175 0.0711598024 0.707075715 -0.691060543 0.14993076 0.707075715 -0.691060543 0.14993076 0.707075715 -0.691060543 0.14993076 0.704705 -0.668069124 0.238902345 0.704705 -0.668069124 0.238902345 0.704705 -0.668069124 0.238902345 0.688976169 -0.684617639 0.237929836 0.688976169 -0.684617639 0.237929836 0.688976169 -0.684617639 0.237929836 0.707093775 -0.636464417 0.308109313 0.707093775 -0.636464417 0.308109313 0.707093775 -0.636464417 0.308109313 0.70470506 -0.594966888 0.386529624 0.70470506 -0.594966888 0.386529624 0.70470506 -0.594966888 0.386529624 0.696969926 -0.60308224 0.387975007 0.696969926 -0.60308224 0.387975007 0.696969926 -0.60308224 0.387975007 0.707103312 -0.546254575 0.4490107 0.707103312 -0.546254575 0.4490107 0.707103312 -0.546254575 0.4490107 0.704703808 -0.489790589 0.513320327 0.704703808 -0.489790589 0.513320327 0.704703808 -0.489790589 0.513320327 0.70470345 -0.489791125 0.513320208 0.704704642 -0.35820809 0.612436354 0.704704642 -0.35820809 0.612436354 0.704704642 -0.35820809 0.612436354 0.704704106 -0.358208895 0.612436533 0.707100451 -0.28082338 0.648958564 0.707100451 -0.28082338 0.648958564 0.707100451 -0.28082338 0.648958564 0.706820607 -0.402521253 0.581705511 0.706820607 -0.402521253 0.581705511 0.706820607 -0.402521253 0.581705511 0.705956459 -0.329870731 0.626746178 0.705956459 -0.329870731 0.626746178 0.705956459 -0.329870731 0.626746178 0.705956995 -0.329870105 0.62674582 0.705956638 -0.22506161 0.67154485 0.705956638 -0.22506161 0.67154485 0.705956638 -0.22506161 0.67154485 0.705956876 -0.22506164 0.671544552 0.70595485 -0.114424035 0.698952734 0.70595485 -0.114424035 0.698952734 0.70595485 -0.114424035 0.698952734 0.705956399 -0.114423662 0.698951185 0.705956697 -0.000822025002 0.708254397 0.705956697 -0.000822025002 0.708254397 0.705956697 -0.000822025002 0.708254397 0.705960274 -0.000822759292 0.70825094 0.705958724 0.112799801 0.699212909 0.705958724 0.112799801 0.699212909 0.705958724 0.112799801 0.699212909 0.705956995 0.112800546 0.699214339 0.705958605 0.223500445 0.672064066 0.705958605 0.223500445 0.672064066 0.705958605 0.223500445 0.672064066 0.705956101 0.223501578 0.672066271 0.705956638 0.328414351 0.62751025 0.705956638 0.328414351 0.62751025 0.705956638 0.328414351 0.62751025 0.705958366 0.328413457 0.627508879 0.705956936 0.424820751 0.566702843 0.705956936 0.424820751 0.566702843 0.705956936 0.424820751 0.566702843 0.70595628 0.4248209 0.566703618 0.705956697 0.510225654 0.491217792 0.705956697 0.510225654 0.491217792 0.705956697 0.510225654 0.491217792 0.705957651 0.5102247 0.491217375 0.705957592 0.582413971 0.403011203 0.705957592 0.582413971 0.403011203 0.705957592 0.582413971 0.403011203 0.705957174 0.582414567 0.403010994 0.705956817 0.639520049 0.304366618 0.705956817 0.639520049 0.304366618 0.705956817 0.639520049 0.304366618 0.705957234 0.639519989 0.304365754 0.705957174 0.680062115 0.197838396 0.705957174 0.680062115 0.197838396 0.705957174 0.680062115 0.197838396 0.705957055 0.680062175 0.197838426 0.705957413 0.702990711 0.0861865878 0.705957413 0.702990711 0.0861865878 0.705957413 0.702990711 0.0861865878 0.705957055 0.70299083 0.0861877352 0.705957413 0.707712471 -0.0276975483 0.705957413 0.707712471 -0.0276975483 0.705957413 0.707712471 -0.0276975483 0.70595789 0.707712114 -0.0276968069 0.705957174 0.694105566 -0.140861869 0.705957174 0.694105566 -0.140861869 0.705957174 0.694105566 -0.140861869 0.705955803 0.69410646 -0.140863508 0.705955029 0.662522316 -0.250383079 0.705955029 0.662522316 -0.250383079 0.705955029 0.662522316 -0.250383079 0.705958784 0.662519336 -0.250380158 0.705958366 0.613776445 -0.35341385 0.705958366 0.613776445 -0.35341385 0.705958366 0.613776445 -0.35341385 0.705955505 0.613778353 -0.353416026 0.705958724 0.549135983 -0.447294027 0.705958724 0.549135983 -0.447294027 0.705958724 0.549135983 -0.447294027 0.705957234 0.549137235 -0.44729495 0.705960572 0.470272928 -0.529587686 0.705960572 0.470272928 -0.529587686 0.705960572 0.470272928 -0.529587686 0.705956638 0.470275164 -0.529590786 0.705956638 0.379232734 -0.5981704 0.705956638 0.379232734 -0.5981704 0.705956638 0.379232734 -0.5981704 0.705958307 0.379232436 -0.598168612 0.705958724 0.278368324 -0.65125531 0.705958724 0.278368324 -0.65125531 0.705958724 0.278368324 -0.65125531 0.705956042 0.278368354 -0.651258171 0.705956817 0.17029494 -0.687476993 0.705956817 0.17029494 -0.687476993 0.705956817 0.17029494 -0.687476993 0.705956519 0.170295149 -0.687477171 0.705956697 0.057810396 -0.705891728 0.705956697 0.057810396 -0.705891728 0.705956697 0.057810396 -0.705891728 0.705958247 0.0578103662 -0.705890179 0.705956697 -0.0561710447 -0.706023991 0.705956697 -0.0561710447 -0.706023991 0.705956697 -0.0561710447 -0.706023991 0.705954432 -0.0561710708 -0.706026316 0.705958545 -0.16869764 -0.687868893 0.705958545 -0.16869764 -0.687868893 0.705958545 -0.16869764 -0.687868893 0.705955982 -0.168698177 -0.687871456 0.705956638 -0.276855826 -0.65190196 0.705956638 -0.276855826 -0.65190196 0.705956638 -0.276855826 -0.65190196 0.705957234 -0.27685526 -0.651901484 0.705960751 -0.377840668 -0.599045813 0.705960751 -0.377840668 -0.599045813 0.705960751 -0.377840668 -0.599045813 0.705955386 -0.377843231 -0.599050403 0.705958366 -0.469042987 -0.530680299 0.705958366 -0.469042987 -0.530680299 0.705958366 -0.469042987 -0.530680299 0.705957413 -0.469043672 -0.530680776 0.705955923 -0.548098326 -0.448569328 0.705955923 -0.548098326 -0.448569328 0.705955923 -0.548098326 -0.448569328 0.705957651 -0.548096478 -0.448568791 0.705957353 -0.612954497 -0.354839265 0.705957353 -0.612954497 -0.354839265 0.705957353 -0.612954497 -0.354839265 0.705956876 -0.612954795 -0.354839742 0.705957234 -0.661937416 -0.251919031 0.705957234 -0.661937416 -0.251919031 0.705957234 -0.661937416 -0.251919031 0.705956519 -0.66193825 -0.251919031 0.705957174 -0.693775952 -0.142476037 0.705957174 -0.693775952 -0.142476037 0.705957174 -0.693775952 -0.142476037 0.705957532 -0.693775654 -0.142475411 0.70595789 -0.707645893 -0.0293398462 0.70595789 -0.707645893 -0.0293398462 0.70595789 -0.707645893 -0.0293398462 0.705955386 -0.707648516 -0.029339131 0.705955088 -0.70319134 0.084553957 0.705955088 -0.70319134 0.084553957 0.705955088 -0.70319134 0.084553957 0.705957413 -0.703188956 0.0845538452 0.705957472 -0.680518985 0.196259752 0.705957472 -0.680518985 0.196259752 0.705957472 -0.680518985 0.196259752 0.705956817 -0.680520177 0.19625777 0.705956101 -0.640225649 0.302881181 0.705956101 -0.640225649 0.302881181 0.705956101 -0.640225649 0.302881181 0.705957413 -0.640224695 0.302880079 0.705957711 -0.583348215 0.401657313 0.705957711 -0.583348215 0.401657313 0.705957711 -0.583348215 0.401657313 0.705958247 -0.583348155 0.401656479 0.705955923 -0.511364996 0.490032792 0.705955923 -0.511364996 0.490032792 0.705955923 -0.511364996 0.490032792 0.705958784 -0.511363328 0.490030229 0.70682019 -0.44802326 0.547430754 0.70682019 -0.44802326 0.547430754 0.70682019 -0.44802326 0.547430754 0.706817985 -0.44802478 0.547432363 0.70682025 -0.402520776 0.581706226 -0.706549108 0.325082719 -0.628577471 -0.706549108 0.325082719 -0.628577471 -0.706549108 0.325082719 -0.628577471 -0.70655036 0.325082272 -0.628576279 -0.706549227 0.252660275 -0.661022604 -0.706549227 0.252660275 -0.661022604 -0.706549227 0.252660275 -0.661022604 -0.706550121 0.252660125 -0.661021829 -0.706549108 0.177060843 -0.685155332 -0.706549108 0.177060843 -0.685155332 -0.706549108 0.177060843 -0.685155332 -0.706548989 0.177060649 -0.685155511 -0.706549406 0.099234283 -0.700671554 -0.706549406 0.099234283 -0.700671554 -0.706549406 0.099234283 -0.700671554 -0.706550419 0.0992340893 -0.700670481 -0.706550419 0.0201600473 -0.707375407 -0.706550419 0.0201600473 -0.707375407 -0.706550419 0.0201600473 -0.707375407 -0.706548989 0.0201597121 -0.707376957 -0.70655036 -0.0591680855 -0.705184817 -0.70655036 -0.0591680855 -0.705184817 -0.70655036 -0.0591680855 -0.705184817 -0.706550241 -0.0591672622 -0.705184996 -0.7065503 -0.137751698 -0.69412607 -0.7065503 -0.137751698 -0.69412607 -0.7065503 -0.137751698 -0.69412607 -0.706550241 -0.137752056 -0.694126129 -0.706549168 -0.21460259 -0.674339771 -0.706549168 -0.21460259 -0.674339771 -0.706549168 -0.21460259 -0.674339771 -0.706550121 -0.214602202 -0.674338758 -0.706552029 -0.28875491 -0.646068752 -0.706552029 -0.28875491 -0.646068752 -0.706552029 -0.28875491 -0.646068752 -0.706547976 -0.288756847 -0.646072328 -0.706549048 -0.359277338 -0.609678864 -0.706549048 -0.359277338 -0.609678864 -0.706549048 -0.359277338 -0.609678864 -0.706550598 -0.359276414 -0.609677494 -0.706550598 -0.425279498 -0.5656178 -0.706550598 -0.425279498 -0.5656178 -0.706550598 -0.425279498 -0.5656178 -0.706550241 -0.425279975 -0.565617859 -0.706549764 -0.485934943 -0.514445961 -0.706549764 -0.485934943 -0.514445961 -0.706549764 -0.485934943 -0.514445961 -0.706549823 -0.485935628 -0.514445245 -0.706550002 -0.540479302 -0.456803322 -0.706550002 -0.540479302 -0.456803322 -0.706550002 -0.540479302 -0.456803322 -0.706550419 -0.540478885 -0.456803113 -0.706550837 -0.588225603 -0.393416435 -0.706550837 -0.588225603 -0.393416435 -0.706550837 -0.588225603 -0.393416435 -0.706549525 -0.588226914 -0.393416911 -0.706549823 -0.628576875 -0.325082034 -0.706549823 -0.628576875 -0.325082034 -0.706549823 -0.628576875 -0.325082034 -0.706549466 -0.628576636 -0.325083494 -0.706549883 -0.661022305 -0.25265944 -0.706549883 -0.661022305 -0.25265944 -0.706549883 -0.661022305 -0.25265944 -0.706550241 -0.661021948 -0.252659172 -0.706550062 -0.685154259 -0.17706129 -0.706550062 -0.685154259 -0.17706129 -0.706550062 -0.685154259 -0.17706129 -0.706549883 -0.685154557 -0.177060798 -0.706549883 -0.700671017 -0.0992342755 -0.706549883 -0.700671017 -0.0992342755 -0.706549883 -0.700671017 -0.0992342755 -0.706549942 -0.700670898 -0.0992342979 -0.706549883 -0.707376063 -0.0201594513 -0.706549883 -0.707376063 -0.0201594513 -0.706549883 -0.707376063 -0.0201594513 -0.706549406 -0.70737648 -0.020159414 -0.706549346 -0.70518589 0.0591674335 -0.706549346 -0.70518589 0.0591674335 -0.706549346 -0.70518589 0.0591674335 -0.706550539 -0.705184698 0.0591679662 -0.706550479 -0.69412595 0.137751862 -0.706550479 -0.69412595 0.137751862 -0.706550479 -0.69412595 0.137751862 -0.706550241 -0.694126308 0.137751058 -0.706550121 -0.674338698 0.214602575 -0.706550121 -0.674338698 0.214602575 -0.706550121 -0.674338698 0.214602575 -0.706550121 -0.674338758 0.214602441 -0.706550002 -0.646070778 0.288755476 -0.706550002 -0.646070778 0.288755476 -0.706550002 -0.646070778 0.288755476 -0.706549764 -0.646070719 0.288756251 -0.706548929 -0.609678328 0.359278232 -0.706548929 -0.609678328 0.359278232 -0.706548929 -0.609678328 0.359278232 -0.706550241 -0.60967803 0.359276086 -0.706551194 -0.56561774 0.425278783 -0.706551194 -0.56561774 0.425278783 -0.706551194 -0.56561774 0.425278783 -0.70655036 -0.565617979 0.425279856 -0.706550539 -0.514445007 0.485934794 -0.706550539 -0.514445007 0.485934794 -0.706550539 -0.514445007 0.485934794 -0.706548631 -0.514446557 0.485936046 -0.706549883 -0.456802875 0.540479779 -0.706549883 -0.456802875 0.540479779 -0.706549883 -0.456802875 0.540479779 -0.70655185 -0.456802756 0.540477455 -0.706548989 -0.39341709 0.588227391 -0.706548989 -0.39341709 0.588227391 -0.706548989 -0.39341709 0.588227391 -0.706551433 -0.39341557 0.588225424 -0.706549108 -0.325082719 0.628577471 -0.706549108 -0.325082719 0.628577471 -0.706549108 -0.325082719 0.628577471 -0.70655036 -0.325082272 0.628576279 -0.706549227 -0.252660275 0.661022604 -0.706549227 -0.252660275 0.661022604 -0.706549227 -0.252660275 0.661022604 -0.706550121 -0.252660125 0.661021829 -0.706549108 -0.177060843 0.685155332 -0.706549108 -0.177060843 0.685155332 -0.706549108 -0.177060843 0.685155332 -0.706548989 -0.177060649 0.685155511 -0.706549406 -0.099234283 0.700671554 -0.706549406 -0.099234283 0.700671554 -0.706549406 -0.099234283 0.700671554 -0.706550419 -0.0992340893 0.700670481 -0.706550419 -0.0201600473 0.707375407 -0.706550419 -0.0201600473 0.707375407 -0.706550419 -0.0201600473 0.707375407 -0.706548989 -0.0201597121 0.707376957 -0.70655036 0.0591680855 0.705184817 -0.70655036 0.0591680855 0.705184817 -0.70655036 0.0591680855 0.705184817 -0.706550241 0.0591672622 0.705184996 -0.7065503 0.137751698 0.69412607 -0.7065503 0.137751698 0.69412607 -0.7065503 0.137751698 0.69412607 -0.706550241 0.137752056 0.694126129 -0.706549168 0.21460259 0.674339771 -0.706549168 0.21460259 0.674339771 -0.706549168 0.21460259 0.674339771 -0.706550121 0.214602202 0.674338758 -0.706552029 0.28875491 0.646068752 -0.706552029 0.28875491 0.646068752 -0.706552029 0.28875491 0.646068752 -0.706547976 0.288756847 0.646072328 -0.706549048 0.359277338 0.609678864 -0.706549048 0.359277338 0.609678864 -0.706549048 0.359277338 0.609678864 -0.706550598 0.359276414 0.609677494 -0.706550598 0.425279498 0.5656178 -0.706550598 0.425279498 0.5656178 -0.706550598 0.425279498 0.5656178 -0.706550241 0.425279975 0.565617859 -0.706549764 0.485934943 0.514445961 -0.706549764 0.485934943 0.514445961 -0.706549764 0.485934943 0.514445961 -0.706549823 0.485935628 0.514445245 -0.706550002 0.540479302 0.456803322 -0.706550002 0.540479302 0.456803322 -0.706550002 0.540479302 0.456803322 -0.706550419 0.540478885 0.456803113 -0.706550837 0.588225603 0.393416435 -0.706550837 0.588225603 0.393416435 -0.706550837 0.588225603 0.393416435 -0.706549525 0.588226914 0.393416911 -0.706549823 0.628576875 0.325082034 -0.706549823 0.628576875 0.325082034 -0.706549823 0.628576875 0.325082034 -0.706549466 0.628576636 0.325083494 -0.706549883 0.661022305 0.25265944 -0.706549883 0.661022305 0.25265944 -0.706549883 0.661022305 0.25265944 -0.706550241 0.661021948 0.252659172 -0.706550062 0.685154259 0.17706129 -0.706550062 0.685154259 0.17706129 -0.706550062 0.685154259 0.17706129 -0.706549883 0.685154557 0.177060798 -0.706549883 0.700671017 0.0992342755 -0.706549883 0.700671017 0.0992342755 -0.706549883 0.700671017 0.0992342755 -0.706549942 0.700670898 0.0992342979 -0.706549883 0.707376063 0.0201594513 -0.706549883 0.707376063 0.0201594513 -0.706549883 0.707376063 0.0201594513 -0.706549406 0.70737648 0.020159414 -0.706549346 0.70518589 -0.0591674335 -0.706549346 0.70518589 -0.0591674335 -0.706549346 0.70518589 -0.0591674335 -0.706550539 0.705184698 -0.0591679662 -0.706550479 0.69412595 -0.137751862 -0.706550479 0.69412595 -0.137751862 -0.706550479 0.69412595 -0.137751862 -0.706550241 0.694126308 -0.137751058 -0.706550121 0.674338698 -0.214602575 -0.706550121 0.674338698 -0.214602575 -0.706550121 0.674338698 -0.214602575 -0.706550121 0.674338758 -0.214602441 -0.706550002 0.646070778 -0.288755476 -0.706550002 0.646070778 -0.288755476 -0.706550002 0.646070778 -0.288755476 -0.706549764 0.646070719 -0.288756251 -0.706548929 0.609678328 -0.359278232 -0.706548929 0.609678328 -0.359278232 -0.706548929 0.609678328 -0.359278232 -0.706550241 0.60967803 -0.359276086 -0.706551194 0.56561774 -0.425278783 -0.706551194 0.56561774 -0.425278783 -0.706551194 0.56561774 -0.425278783 -0.70655036 0.565617979 -0.425279856 -0.706550539 0.514445007 -0.485934794 -0.706550539 0.514445007 -0.485934794 -0.706550539 0.514445007 -0.485934794 -0.706548631 0.514446557 -0.485936046 -0.706549883 0.456802875 -0.540479779 -0.706549883 0.456802875 -0.540479779 -0.706549883 0.456802875 -0.540479779 -0.70655185 0.456802756 -0.540477455 -0.706548989 0.39341709 -0.588227391 -0.706548989 0.39341709 -0.588227391 -0.706548989 0.39341709 -0.588227391 -0.706551433 0.39341557 -0.588225424 -0.694749415 -0.100228943 -0.712234199 -0.694749415 -0.100228943 -0.712234199 -0.694749415 -0.100228943 -0.712234199 -0.694745481 -0.10023044 -0.712237716 -0.694747627 -0.442918688 -0.566699803 -0.694747627 -0.442918688 -0.566699803 -0.694747627 -0.442918688 -0.566699803 -0.694744885 -0.442921251 -0.566701114 -0.694746733 -0.666930258 -0.26931572 -0.694746733 -0.666930258 -0.26931572 -0.694746733 -0.666930258 -0.26931572 -0.694746315 -0.666930437 -0.269316643 -0.694747508 -0.712235749 0.100229941 -0.694747508 -0.712235749 0.100229941 -0.694747508 -0.712235749 0.100229941 -0.694747448 -0.712235808 0.100230359 -0.694747388 -0.566699743 0.442919225 -0.694747388 -0.566699743 0.442919225 -0.694747388 -0.566699743 0.442919225 -0.694746792 -0.566700161 0.442919731 -0.694749057 -0.269316137 0.666927755 -0.694749057 -0.269316137 0.666927755 -0.694749057 -0.269316137 0.666927755 -0.694745481 -0.269316196 0.66693145 -0.694745183 0.100230753 0.712238073 -0.694745183 0.100230753 0.712238073 -0.694745183 0.100230753 0.712238073 -0.69474709 0.100229271 0.712236285 -0.694747627 0.442918688 0.566699922 -0.694747627 0.442918688 0.566699922 -0.694747627 0.442918688 0.566699922 -0.694745064 0.44292134 0.566700995 -0.694746375 0.666930795 0.269315511 -0.694746375 0.666930795 0.269315511 -0.694746375 0.666930795 0.269315511 -0.694746256 0.666930318 0.269316643 -0.694749653 0.712233782 -0.1002298 -0.694749653 0.712233782 -0.1002298 -0.694749653 0.712233782 -0.1002298 -0.694746137 0.71223706 -0.100230008 -0.694745719 0.566700459 -0.442921042 -0.694745719 0.566700459 -0.442921042 -0.694745719 0.566700459 -0.442921042 -0.694748759 0.566698313 -0.442919105 -0.694747508 0.269315809 -0.666929483 -0.694747508 0.269315809 -0.666929483 -0.694747508 0.269315809 -0.666929483 -0.694748282 0.269315898 -0.666928649 -0.651305318 -0.729100883 0.210269392 -0.651305318 -0.729100883 0.210269392 -0.651305318 -0.729100883 0.210269392 -0.706866145 -0.670439363 0.225502372 -0.706866145 -0.670439363 0.225502372 -0.706866145 -0.670439363 0.225502372 -0.705956817 -0.640225232 0.302880406 -0.705956817 -0.640225232 0.302880406 -0.705956817 -0.640225232 0.302880406 -0.705957174 -0.640224755 0.302880824 -0.705958009 -0.583348513 0.401656359 -0.705958009 -0.583348513 0.401656359 -0.705958009 -0.583348513 0.401656359 -0.705958724 -0.583347499 0.401656777 -0.705957651 -0.511363864 0.49003154 -0.705957651 -0.511363864 0.49003154 -0.705957651 -0.511363864 0.49003154 -0.705957353 -0.51136446 0.490031183 -0.70682025 -0.448023021 0.547430813 -0.70682025 -0.448023021 0.547430813 -0.70682025 -0.448023021 0.547430813 -0.706818521 -0.448024273 0.547432005 -0.706820846 -0.402520448 0.581705749 -0.706820846 -0.402520448 0.581705749 -0.706820846 -0.402520448 0.581705749 -0.705957413 0.702990472 0.0861877128 -0.705957413 0.702990472 0.0861877128 -0.705957413 0.702990472 0.0861877128 -0.705957353 0.680062175 0.197837636 -0.705957353 0.680062175 0.197837636 -0.705957353 0.680062175 0.197837636 -0.705957592 0.680061519 0.1978385 -0.705957651 0.639519155 0.304366648 -0.705957651 0.639519155 0.304366648 -0.705957651 0.639519155 0.304366648 -0.705957174 0.639520049 0.304365784 -0.705956876 0.582414508 0.403011411 -0.705956876 0.582414508 0.403011411 -0.705956876 0.582414508 0.403011411 -0.70595783 0.58241421 0.403010249 -0.70595783 0.510224819 0.491217226 -0.70595783 0.510224819 0.491217226 -0.70595783 0.510224819 0.491217226 -0.705957174 0.510224938 0.491218001 -0.705956817 0.424820423 0.566703141 -0.705956817 0.424820423 0.566703141 -0.705956817 0.424820423 0.566703141 -0.705957115 0.4248209 0.566702604 -0.705958903 0.328413457 0.627508402 -0.705958903 0.328413457 0.627508402 -0.705958903 0.328413457 0.627508402 -0.705957651 0.328413606 0.627509594 -0.705960572 0.223499909 0.672062039 -0.705960572 0.223499909 0.672062039 -0.705960572 0.223499909 0.672062039 -0.705954731 0.223501891 0.672067642 -0.705955029 0.112800293 0.699216366 -0.705955029 0.112800293 0.699216366 -0.705955029 0.112800293 0.699216366 -0.705960751 0.112799868 0.699210644 -0.705960751 -0.000822025526 0.708250463 -0.705960751 -0.000822025526 0.708250463 -0.705960751 -0.000822025526 0.708250463 -0.705957115 -0.000822712493 0.708254099 -0.705956876 -0.114423595 0.698950768 -0.705956876 -0.114423595 0.698950768 -0.705956876 -0.114423595 0.698950768 -0.705954671 -0.114423938 0.698953032 -0.705956697 -0.225061581 0.671544731 -0.705956697 -0.225061581 0.671544731 -0.705956697 -0.225061581 0.671544731 -0.705956817 -0.225061715 0.671544671 -0.705954909 -0.329871625 0.626747429 -0.705954909 -0.329871625 0.626747429 -0.705954909 -0.329871625 0.626747429 -0.705959618 -0.329868793 0.626743555 -0.70682019 -0.402521282 0.581705868 -0.661542118 0.748754859 -0.0415740311 -0.661542118 0.748754859 -0.0415740311 -0.661542118 0.748754859 -0.0415740311 -0.707059145 0.70693171 0.0177422836 -0.707059145 0.70693171 0.0177422836 -0.707059145 0.70693171 0.0177422836 -0.705957294 0.70299089 0.0861866251 -0.706769228 -0.686504424 0.170847565 -0.706769228 -0.686504424 0.170847565 -0.706769228 -0.686504424 0.170847565 -0.705957651 -0.703188777 0.084553808 -0.705957651 -0.703188777 0.084553808 -0.705957651 -0.703188777 0.084553808 -0.705955803 -0.703190565 0.0845540911 -0.705955684 -0.70764792 -0.0293399319 -0.705955684 -0.70764792 -0.0293399319 -0.705955684 -0.70764792 -0.0293399319 -0.70595783 -0.707645953 -0.0293399934 -0.705958128 -0.693775356 -0.142474696 -0.705958128 -0.693775356 -0.142474696 -0.705958128 -0.693775356 -0.142474696 -0.705956638 -0.693776608 -0.142475754 -0.705956876 -0.661937773 -0.25191924 -0.705956876 -0.661937773 -0.25191924 -0.705956876 -0.661937773 -0.25191924 -0.705957115 -0.661937654 -0.251918942 -0.705957055 -0.612954915 -0.354839146 -0.705957055 -0.612954915 -0.354839146 -0.705957055 -0.612954915 -0.354839146 -0.70595777 -0.61295408 -0.354839593 -0.705957949 -0.548096716 -0.448568195 -0.705957949 -0.548096716 -0.448568195 -0.705957949 -0.548096716 -0.448568195 -0.70595634 -0.54809773 -0.448569536 -0.705954731 -0.469044954 -0.530683279 -0.705954731 -0.469044954 -0.530683279 -0.705954731 -0.469044954 -0.530683279 -0.705960214 -0.469042063 -0.53067857 -0.705958903 -0.3778418 -0.599047422 -0.705958903 -0.3778418 -0.599047422 -0.705958903 -0.3778418 -0.599047422 -0.705956221 -0.377842814 -0.599049926 -0.705956817 -0.276855499 -0.651901841 -0.705956817 -0.276855499 -0.651901841 -0.705956817 -0.276855499 -0.651901841 -0.705957651 -0.27685529 -0.651901007 -0.705960572 -0.168696985 -0.687866926 -0.705960572 -0.168696985 -0.687866926 -0.705960572 -0.168696985 -0.687866926 -0.705955505 -0.168698251 -0.687871873 -0.705956876 -0.0561709329 -0.706023812 -0.705956876 -0.0561709329 -0.706023812 -0.705956876 -0.0561709329 -0.706023812 -0.705955327 -0.0561711267 -0.706025422 -0.705958903 0.0578102544 -0.705889642 -0.705958903 0.0578102544 -0.705889642 -0.705958903 0.0578102544 -0.705889642 -0.705956936 0.0578104816 -0.70589149 -0.705956876 0.170295 -0.687476814 -0.705956876 0.170295 -0.687476814 -0.705956876 0.170295 -0.687476814 -0.705957413 0.170294791 -0.687476337 -0.705956936 0.278368771 -0.651256979 -0.705956936 0.278368771 -0.651256979 -0.705956936 0.278368771 -0.651256979 -0.705959141 0.278367281 -0.65125519 -0.705958784 0.379231751 -0.598168552 -0.705958784 0.379231751 -0.598168552 -0.705958784 0.379231751 -0.598168552 -0.705957174 0.379233211 -0.598169327 -0.705956638 0.470275015 -0.529590905 -0.705956638 0.470275015 -0.529590905 -0.705956638 0.470275015 -0.529590905 -0.70595926 0.470273465 -0.529588819 -0.705958724 0.549135804 -0.447294503 -0.705958724 0.549135804 -0.447294503 -0.705958724 0.549135804 -0.447294503 -0.705957413 0.549137354 -0.447294414 -0.705956042 0.613778353 -0.353415072 -0.705956042 0.613778353 -0.353415072 -0.705956042 0.613778353 -0.353415072 -0.705958486 0.61377573 -0.353414714 -0.705958784 0.662519038 -0.250381112 -0.705958784 0.662519038 -0.250381112 -0.705958784 0.662519038 -0.250381112 -0.705955327 0.662522256 -0.250382364 -0.705955684 0.694106877 -0.140862435 -0.705955684 0.694106877 -0.140862435 -0.705955684 0.694106877 -0.140862435 -0.70595783 0.694104612 -0.140863121 -0.70595789 0.707712054 -0.0276968069 -0.70595789 0.707712054 -0.0276968069 -0.70595789 0.707712054 -0.0276968069 -0.69474709 -0.100229971 -0.712236226 -0.69474709 -0.100229971 -0.712236226 -0.69474709 -0.100229971 -0.712236226 -0.694747806 -0.100229986 -0.712235451 -0.694746792 -0.442919791 -0.566699922 -0.694746792 -0.442919791 -0.566699922 -0.694746792 -0.442919791 -0.566699922 -0.694746315 -0.442919165 -0.566701055 -0.694747806 -0.666929364 -0.269315124 -0.694747806 -0.666929364 -0.269315124 -0.694747806 -0.666929364 -0.269315124 -0.694746077 -0.666931093 -0.2693156 -0.694745958 -0.712237358 0.100229584 -0.694745958 -0.712237358 0.100229584 -0.694745958 -0.712237358 0.100229584 -0.694747031 -0.712236226 0.100230008 -0.694747031 -0.566700459 0.442918748 -0.694747031 -0.566700459 0.442918748 -0.694747031 -0.566700459 0.442918748 -0.694745839 -0.566700518 0.442920595 -0.694745481 -0.269315392 0.666931748 -0.694745481 -0.269315392 0.666931748 -0.694745481 -0.269315392 0.666931748 -0.694747984 -0.269316673 0.666928589 -0.694745779 0.10023012 0.712237537 -0.694745779 0.10023012 0.712237537 -0.694745779 0.10023012 0.712237537 -0.69474709 0.100229926 0.712236226 -0.694746614 0.44291991 0.56670022 -0.694746614 0.44291991 0.56670022 -0.694746614 0.44291991 0.56670022 -0.694747329 0.44291997 0.566699266 -0.694747388 0.666929781 0.269315362 -0.694747388 0.666929781 0.269315362 -0.694747388 0.666929781 0.269315362 -0.694747925 0.666928947 0.269316196 -0.694747925 0.712235451 -0.100229278 -0.694747925 0.712235451 -0.100229278 -0.694747925 0.712235451 -0.100229278 -0.69474721 0.712235808 -0.100231513 -0.69474721 0.566700399 -0.442918718 -0.69474721 0.566700399 -0.442918718 -0.69474721 0.566700399 -0.442918718 -0.694745779 0.566700578 -0.442920685 -0.69474709 0.269316047 -0.666929722 -0.69474709 0.269316047 -0.666929722 -0.69474709 0.269316047 -0.666929722 -0.694746554 0.269316167 -0.666930318 0.706587493 0.455732912 -0.541333199 0.706587493 0.455732912 -0.541333199 0.706587493 0.455732912 -0.541333199 0.70658648 0.394533873 -0.587433755 0.70658648 0.394533873 -0.587433755 0.70658648 0.394533873 -0.587433755 0.706589222 0.39453125 -0.587432384 0.705026031 0.294945896 -0.644938052 0.705026031 0.294945896 -0.644938052 0.705026031 0.294945896 -0.644938052 0.705024183 0.294947088 -0.644939721 0.70502615 0.149408057 -0.693264306 0.70502615 0.149408057 -0.693264306 0.70502615 0.149408057 -0.693264306 0.705022991 0.149408624 -0.693267405 0.705024779 -0.00311652455 -0.709175825 0.705024779 -0.00311652455 -0.709175825 0.705024779 -0.00311652455 -0.709175825 0.705025494 -0.00311579322 -0.70917511 0.705024779 -0.155495167 -0.691925883 0.705024779 -0.155495167 -0.691925883 0.705024779 -0.155495167 -0.691925883 0.705024004 -0.155495197 -0.691926539 0.705024719 -0.300604075 -0.642321825 0.705024719 -0.300604075 -0.642321825 0.705024719 -0.300604075 -0.642321825 0.705024779 -0.300603896 -0.642321885 0.705023944 -0.431656033 -0.562684894 0.705023944 -0.431656033 -0.562684894 0.705023944 -0.431656033 -0.562684894 0.705026031 -0.431655198 -0.562682927 0.705025434 -0.542523742 -0.456735194 0.705025434 -0.542523742 -0.456735194 0.705025434 -0.542523742 -0.456735194 0.705024779 -0.54252404 -0.456735849 0.705025852 -0.628023684 -0.329430848 0.705025852 -0.628023684 -0.329430848 0.705025852 -0.628023684 -0.329430848 0.705024481 -0.628025711 -0.329430073 0.705024779 -0.684160054 -0.186721817 0.705024779 -0.684160054 -0.186721817 0.705024779 -0.684160054 -0.186721817 0.705025136 -0.684159577 -0.18672213 0.705025375 -0.708303928 -0.0352821387 0.705025375 -0.708303928 -0.0352821387 0.705025375 -0.708303928 -0.0352821387 0.705025017 -0.708304167 -0.0352819413 0.705026031 -0.699328125 0.117806993 0.705026031 -0.699328125 0.117806993 0.705026031 -0.699328125 0.117806993 0.705025673 -0.699328482 0.117806412 0.705024719 -0.657654166 0.265388489 0.705024719 -0.657654166 0.265388489 0.705024719 -0.657654166 0.265388489 0.705025136 -0.657653987 0.265387893 0.705025017 -0.585227489 0.4005602 0.705025017 -0.585227489 0.4005602 0.705025017 -0.585227489 0.4005602 0.705025733 -0.585227728 0.40055865 0.705024123 -0.48543787 0.517001987 0.705024123 -0.48543787 0.517001987 0.705024123 -0.48543787 0.517001987 0.705025733 -0.485437065 0.517000616 0.705024898 -0.362947702 0.609269083 0.705024898 -0.362947702 0.609269083 0.705024898 -0.362947702 0.609269083 0.705026388 -0.362947673 0.609267533 0.705025971 -0.223487005 0.673046708 0.705025971 -0.223487005 0.673046708 0.705025971 -0.223487005 0.673046708 0.705025017 -0.223487541 0.673047602 0.705024779 -0.0735773742 0.705355585 0.705024779 -0.0735773742 0.705355585 0.705024779 -0.0735773742 0.705355585 0.705025077 -0.0735774562 0.705355287 0.70502615 0.079773061 0.704680383 0.70502615 0.079773061 0.704680383 0.70502615 0.079773061 0.704680383 0.70502466 0.0797733739 0.704681754 0.705026031 0.229394093 0.67105633 0.705026031 0.229394093 0.67105633 0.705026031 0.229394093 0.67105633 0.705024183 0.229394272 0.671058178 0.70502615 0.368287742 0.606054783 0.70502615 0.368287742 0.606054783 0.70502615 0.368287742 0.606054783 0.705025077 0.368288964 0.60605514 0.705025554 0.489961416 0.512715101 0.705025554 0.489961416 0.512715101 0.705025554 0.489961416 0.512715101 0.705025315 0.489961982 0.512714803 0.705025375 0.58872509 0.395400971 0.705025375 0.58872509 0.395400971 0.705025375 0.58872509 0.395400971 0.705024898 0.588725984 0.395400643 0.705024898 0.659961045 0.259598166 0.705024898 0.659961045 0.259598166 0.705024898 0.659961045 0.259598166 0.705024004 0.6599617 0.259598702 0.705024123 0.700338304 0.111656345 0.705024123 0.700338304 0.111656345 0.705024123 0.700338304 0.111656345 0.70502454 0.700337946 0.111656696 0.705024838 0.707966983 -0.0415055007 0.705024838 0.707966983 -0.0415055007 0.705024838 0.707966983 -0.0415055007 0.705024898 0.707966983 -0.0415062048 0.705025017 0.682492614 -0.192726821 0.705025017 0.682492614 -0.192726821 0.705025017 0.682492614 -0.192726821 0.705024183 0.682493448 -0.192727447 0.705024362 0.625105798 -0.334937871 0.705024362 0.625105798 -0.334937871 0.705024362 0.625105798 -0.334937871 0.705025196 0.625105381 -0.334936678 0.705025136 0.538488865 -0.461486071 0.705025136 0.538488865 -0.461486071 0.705025136 0.538488865 -0.461486071 0.705026031 0.538488925 -0.461484402 0.706587672 0.455732375 -0.541333377 -0.694745183 -0.100230753 -0.712238073 -0.694745183 -0.100230753 -0.712238073 -0.694745183 -0.100230753 -0.712238073 -0.69474709 -0.100229271 -0.712236285 -0.694747627 -0.442918688 -0.566699922 -0.694747627 -0.442918688 -0.566699922 -0.694747627 -0.442918688 -0.566699922 -0.694745064 -0.44292134 -0.566700995 -0.694746375 -0.666930795 -0.269315511 -0.694746375 -0.666930795 -0.269315511 -0.694746375 -0.666930795 -0.269315511 -0.694746256 -0.666930318 -0.269316643 -0.694749653 -0.712233782 0.1002298 -0.694749653 -0.712233782 0.1002298 -0.694749653 -0.712233782 0.1002298 -0.694746137 -0.71223706 0.100230008 -0.694745719 -0.566700459 0.442921042 -0.694745719 -0.566700459 0.442921042 -0.694745719 -0.566700459 0.442921042 -0.694748759 -0.566698313 0.442919105 -0.694747508 -0.269315809 0.666929483 -0.694747508 -0.269315809 0.666929483 -0.694747508 -0.269315809 0.666929483 -0.694748282 -0.269315898 0.666928649 -0.694749415 0.100228943 0.712234199 -0.694749415 0.100228943 0.712234199 -0.694749415 0.100228943 0.712234199 -0.694745481 0.10023044 0.712237716 -0.694747627 0.442918688 0.566699803 -0.694747627 0.442918688 0.566699803 -0.694747627 0.442918688 0.566699803 -0.694744885 0.442921251 0.566701114 -0.694746733 0.666930258 0.26931572 -0.694746733 0.666930258 0.26931572 -0.694746733 0.666930258 0.26931572 -0.694746315 0.666930437 0.269316643 -0.694747508 0.712235749 -0.100229941 -0.694747508 0.712235749 -0.100229941 -0.694747508 0.712235749 -0.100229941 -0.694747448 0.712235808 -0.100230359 -0.694747388 0.566699743 -0.442919225 -0.694747388 0.566699743 -0.442919225 -0.694747388 0.566699743 -0.442919225 -0.694746792 0.566700161 -0.442919731 -0.694749057 0.269316137 -0.666927755 -0.694749057 0.269316137 -0.666927755 -0.694749057 0.269316137 -0.666927755 -0.694745481 0.269316196 -0.66693145 -0.694747627 -0.100229897 -0.712235749 -0.694747627 -0.100229897 -0.712235749 -0.694747627 -0.100229897 -0.712235749 -0.694745123 -0.100229904 -0.712238133 -0.694746196 -0.442920417 -0.56670028 -0.694746196 -0.442920417 -0.56670028 -0.694746196 -0.442920417 -0.56670028 -0.6947456 -0.442920655 -0.566700816 -0.694746435 -0.666930437 -0.269316047 -0.694746435 -0.666930437 -0.269316047 -0.694746435 -0.666930437 -0.269316047 -0.694745183 -0.666931331 -0.26931718 -0.694747806 -0.712235272 0.100231208 -0.694747806 -0.712235272 0.100231208 -0.694747806 -0.712235272 0.100231208 -0.694746375 -0.71223712 0.100228615 -0.69474709 -0.566699505 0.442920029 -0.69474709 -0.566699505 0.442920029 -0.69474709 -0.566699505 0.442920029 -0.694747448 -0.566699445 0.442919552 -0.694746494 -0.269316703 0.666930199 -0.694746494 -0.269316703 0.666930199 -0.694746494 -0.269316703 0.666930199 -0.69474721 -0.269316673 0.666929424 -0.694745481 0.100230865 0.712237656 -0.694745481 0.100230865 0.712237656 -0.694745481 0.100230865 0.712237656 -0.694748282 0.100229956 0.712235093 -0.694746554 0.442920655 0.566699564 -0.694746554 0.442920655 0.566699564 -0.694746554 0.442920655 0.566699564 -0.694747031 0.442920595 0.566699207 -0.694747984 0.666928232 0.269317925 -0.694747984 0.666928232 0.269317925 -0.694747984 0.666928232 0.269317925 -0.694747031 0.666929603 0.269316673 -0.694746852 0.712236464 -0.100229345 -0.694746852 0.712236464 -0.100229345 -0.694746852 0.712236464 -0.100229345 -0.69474715 0.712236106 -0.100229882 -0.69474709 0.566699505 -0.442920029 -0.69474709 0.566699505 -0.442920029 -0.69474709 0.566699505 -0.442920029 -0.694746017 0.566700339 -0.442920595 -0.694747627 0.269315869 -0.666929305 -0.694747627 0.269315869 -0.666929305 -0.694747627 0.269315869 -0.666929305 -0.694748223 0.269315332 -0.666928947 -0.697458148 0.600941777 -0.390411437 -0.697458148 0.600941777 -0.390411437 -0.697458148 0.600941777 -0.390411437 -0.704886556 0.596539199 -0.38376537 -0.704886556 0.596539199 -0.38376537 -0.704886556 0.596539199 -0.38376537 -0.70709306 0.63646549 -0.308108956 -0.70709306 0.63646549 -0.308108956 -0.70709306 0.63646549 -0.308108956 -0.690594494 0.681008756 -0.243529066 -0.690594494 0.681008756 -0.243529066 -0.690594494 0.681008756 -0.243529066 -0.705061436 0.669846296 -0.232796639 -0.705061436 0.669846296 -0.232796639 -0.705061436 0.669846296 -0.232796639 -0.707075715 0.691060543 -0.14993076 -0.707075715 0.691060543 -0.14993076 -0.707075715 0.691060543 -0.14993076 -0.684159517 0.724866688 -0.0805858225 -0.684159517 0.724866688 -0.0805858225 -0.684159517 0.724866688 -0.0805858225 -0.705228508 0.705627143 -0.068869777 -0.705228508 0.705627143 -0.068869777 -0.705228508 0.705627143 -0.068869777 -0.707051218 0.706966579 0.0166398361 -0.707051218 0.706966579 0.0166398361 -0.707051218 0.706966579 0.0166398361 -0.678193808 0.729421616 0.089427419 -0.678193808 0.729421616 0.089427419 -0.678193808 0.729421616 0.089427419 -0.705388486 0.701896429 0.0988359377 -0.705388486 0.701896429 0.0988359377 -0.705388486 0.701896429 0.0988359377 -0.707018614 0.683294594 0.182299584 -0.707018614 0.683294594 0.182299584 -0.707018614 0.683294594 0.182299584 -0.67273891 0.693822384 0.256968468 -0.67273891 0.693822384 0.256968468 -0.67273891 0.693822384 0.256968468 -0.705541134 0.658881128 0.260935843 -0.705541134 0.658881128 0.260935843 -0.705541134 0.658881128 0.260935843 -0.706979036 0.621364594 0.337767243 -0.706979036 0.621364594 0.337767243 -0.706979036 0.621364594 0.337767243 -0.667831242 0.619549036 0.41250512 -0.667831242 0.619549036 0.41250512 -0.667831242 0.619549036 0.41250512 -0.705687463 0.579003632 0.408362776 -0.705687463 0.579003632 0.408362776 -0.705687463 0.579003632 0.408362776 -0.706934631 0.52463609 0.47434184 -0.706934631 0.52463609 0.47434184 -0.706934631 0.52463609 0.47434184 -0.663506091 0.510350943 0.547084689 -0.663506091 0.510350943 0.547084689 -0.663506091 0.510350943 0.547084689 -0.705826521 0.466750026 0.532872796 -0.705826521 0.466750026 0.532872796 -0.705826521 0.466750026 0.532872796 -0.706880569 0.398522407 0.584379852 -0.706880569 0.398522407 0.584379852 -0.706880569 0.398522407 0.584379852 -0.659793854 0.37204957 0.652879059 -0.659793854 0.37204957 0.652879059 -0.659793854 0.37204957 0.652879059 -0.705958664 0.328413188 0.627508581 -0.705958664 0.328413188 0.627508581 -0.705958664 0.328413188 0.627508581 -0.706819475 0.250077844 0.661715388 -0.706819475 0.250077844 0.661715388 -0.706819475 0.250077844 0.661715388 -0.656718671 0.212213054 0.723661602 -0.656718671 0.212213054 0.723661602 -0.656718671 0.212213054 0.723661602 -0.706081986 0.171743721 0.686987936 -0.706081986 0.171743721 0.686987936 -0.706081986 0.171743721 0.686987936 -0.706753552 0.087601997 0.702015162 -0.706753552 0.087601997 0.702015162 -0.706753552 0.087601997 0.702015162 -0.654303432 0.0397150293 0.755188584 -0.654303432 0.0397150293 0.755188584 -0.654303432 0.0397150293 0.755188584 -0.706198931 0.00551495561 0.707991958 -0.706198931 0.00551495561 0.707991958 -0.706198931 0.00551495561 0.707991958 -0.706678927 -0.0798102021 0.703018606 -0.706678927 -0.0798102021 0.703018606 -0.706678927 -0.0798102021 0.703018606 -0.652566969 -0.135782376 0.745465994 -0.652566969 -0.135782376 0.745465994 -0.652566969 -0.135782376 0.745465994 -0.706308722 -0.160969883 0.689359605 -0.706308722 -0.160969883 0.689359605 -0.706308722 -0.160969883 0.689359605 -0.706595778 -0.242791831 0.664661229 -0.706595778 -0.242791831 0.664661229 -0.706595778 -0.242791831 0.664661229 -0.651518583 -0.304400504 0.694884002 -0.651518583 -0.304400504 0.694884002 -0.651518583 -0.304400504 0.694884002 -0.706410348 -0.318394721 0.632146478 -0.706410348 -0.318394721 0.632146478 -0.706410348 -0.318394721 0.632146478 -0.70650667 -0.392217815 0.589078486 -0.70650667 -0.392217815 0.589078486 -0.70650667 -0.392217815 0.589078486 -0.70650816 -0.39221704 0.589077234 -0.706508517 -0.457952678 0.53956008 -0.706508517 -0.457952678 0.53956008 -0.706508517 -0.457952678 0.53956008 -0.706507504 -0.457951784 0.539562225 -0.704703212 -0.546072304 0.452988356 -0.704703212 -0.546072304 0.452988356 -0.704703212 -0.546072304 0.452988356 -0.592924178 -0.591281354 0.546650827 -0.592924178 -0.591281354 0.546650827 -0.592924178 -0.591281354 0.546650827 -0.706595302 -0.57183975 0.416800082 -0.706595302 -0.57183975 0.416800082 -0.706595302 -0.57183975 0.416800082 -0.704703271 -0.635818839 0.314845502 -0.704703271 -0.635818839 0.314845502 -0.704703271 -0.635818839 0.314845502 -0.603980184 -0.695960999 0.388389289 -0.603980184 -0.695960999 0.388389289 -0.603980184 -0.695960999 0.388389289 -0.706678092 -0.653689206 0.270733327 -0.706678092 -0.653689206 0.270733327 -0.706678092 -0.653689206 0.270733327 -0.704703867 -0.691288054 0.159728408 -0.704703867 -0.691288054 0.159728408 -0.704703867 -0.691288054 0.159728408 -0.614690781 -0.759806275 0.211777374 -0.614690781 -0.759806275 0.211777374 -0.614690781 -0.759806275 0.211777374 -0.706752598 -0.698927581 0.109548196 -0.706752598 -0.698927581 0.109548196 -0.706752598 -0.698927581 0.109548196 -0.704703808 -0.70949024 -0.00399914524 -0.704703808 -0.70949024 -0.00399914524 -0.704703808 -0.70949024 -0.00399914524 -0.625063479 -0.780105591 0.0270334594 -0.625063479 -0.780105591 0.0270334594 -0.625063479 -0.780105591 0.0270334594 -0.706820071 -0.705033004 -0.0577397868 -0.706820071 -0.705033004 -0.0577397868 -0.706820071 -0.705033004 -0.0577397868 -0.70470351 -0.689443946 -0.167510867 -0.70470351 -0.689443946 -0.167510867 -0.70470351 -0.689443946 -0.167510867 -0.635108888 -0.756632686 -0.155382529 -0.635108888 -0.756632686 -0.155382529 -0.635108888 -0.756632686 -0.155382529 -0.706880152 -0.671669483 -0.221766651 -0.706880152 -0.671669483 -0.221766651 -0.706880152 -0.671669483 -0.221766651 -0.704704404 -0.632228613 -0.321991712 -0.704704404 -0.632228613 -0.321991712 -0.704704404 -0.632228613 -0.321991712 -0.644834757 -0.691609204 -0.325368613 -0.644834757 -0.691609204 -0.325368613 -0.644834757 -0.691609204 -0.325368613 -0.706933975 -0.600711763 -0.373349428 -0.706933975 -0.600711763 -0.373349428 -0.706933975 -0.600711763 -0.373349428 -0.704704762 -0.540929675 -0.459114611 -0.704704762 -0.540929675 -0.459114611 -0.704704762 -0.540929675 -0.459114611 -0.654249251 -0.589525402 -0.473727405 -0.654249251 -0.589525402 -0.473727405 -0.654249251 -0.589525402 -0.473727405 -0.70697993 -0.496136665 -0.50401175 -0.70697993 -0.496136665 -0.50401175 -0.70697993 -0.496136665 -0.50401175 -0.704703808 -0.420470893 -0.571486473 -0.704703808 -0.420470893 -0.571486473 -0.704703808 -0.420470893 -0.571486473 -0.663363159 -0.45683673 -0.59266293 -0.663363159 -0.45683673 -0.59266293 -0.663363159 -0.45683673 -0.59266293 -0.707019031 -0.363799334 -0.606443942 -0.707019031 -0.363799334 -0.606443942 -0.707019031 -0.363799334 -0.606443942 -0.704704523 -0.277342409 -0.653048694 -0.704704523 -0.277342409 -0.653048694 -0.704704523 -0.277342409 -0.653048694 -0.672180951 -0.301568002 -0.676187575 -0.672180951 -0.301568002 -0.676187575 -0.672180951 -0.301568002 -0.676187575 -0.70705086 -0.211108983 -0.674916327 -0.70705086 -0.211108983 -0.674916327 -0.70705086 -0.211108983 -0.674916327 -0.704703867 -0.119263478 -0.699406028 -0.704703867 -0.119263478 -0.699406028 -0.704703867 -0.119263478 -0.699406028 -0.680717826 -0.132820591 -0.720404029 -0.680717826 -0.132820591 -0.720404029 -0.680717826 -0.132820591 -0.720404029 -0.707073987 -0.046613764 -0.705601573 -0.707073987 -0.046613764 -0.705601573 -0.707073987 -0.046613764 -0.705601573 -0.704703927 0.0452455766 -0.708057284 -0.704703927 0.0452455766 -0.708057284 -0.704703927 0.0452455766 -0.708057284 -0.688974321 0.0397442169 -0.723695159 -0.688974321 0.0397442169 -0.723695159 -0.688974321 0.0397442169 -0.723695159 -0.707088947 0.120485701 -0.696784317 -0.707088947 0.120485701 -0.696784317 -0.707088947 0.120485701 -0.696784317 -0.704703987 0.207315072 -0.67853713 -0.704703987 0.207315072 -0.67853713 -0.704703987 0.207315072 -0.67853713 -0.696970761 0.206463858 -0.686734557 -0.696970761 0.206463858 -0.686734557 -0.696970761 0.206463858 -0.686734557 -0.707100809 0.280821502 -0.648958862 -0.707100809 0.280821502 -0.648958862 -0.707100809 0.280821502 -0.648958862 -0.704704046 0.358208477 -0.612436831 -0.704704046 0.358208477 -0.612436831 -0.704704046 0.358208477 -0.612436831 -0.704704165 0.358208209 -0.61243695 -0.704704583 0.489790052 -0.513319552 -0.704704583 0.489790052 -0.513319552 -0.704704583 0.489790052 -0.513319552 -0.704702497 0.489791095 -0.513321638 -0.707102776 0.546255589 -0.449010342 -0.707102776 0.546255589 -0.449010342 -0.707102776 0.546255589 -0.449010342 -0.694745779 -0.10023012 -0.712237537 -0.694745779 -0.10023012 -0.712237537 -0.694745779 -0.10023012 -0.712237537 -0.69474709 -0.100229926 -0.712236226 -0.694746614 -0.44291991 -0.56670022 -0.694746614 -0.44291991 -0.56670022 -0.694746614 -0.44291991 -0.56670022 -0.694747329 -0.44291997 -0.566699266 -0.694747388 -0.666929781 -0.269315362 -0.694747388 -0.666929781 -0.269315362 -0.694747388 -0.666929781 -0.269315362 -0.694747925 -0.666928947 -0.269316196 -0.694747925 -0.712235451 0.100229278 -0.694747925 -0.712235451 0.100229278 -0.694747925 -0.712235451 0.100229278 -0.69474721 -0.712235808 0.100231513 -0.69474721 -0.566700399 0.442918718 -0.69474721 -0.566700399 0.442918718 -0.69474721 -0.566700399 0.442918718 -0.694745779 -0.566700578 0.442920685 -0.69474709 -0.269316047 0.666929722 -0.69474709 -0.269316047 0.666929722 -0.69474709 -0.269316047 0.666929722 -0.694746554 -0.269316167 0.666930318 -0.69474709 0.100229971 0.712236226 -0.69474709 0.100229971 0.712236226 -0.69474709 0.100229971 0.712236226 -0.694747806 0.100229986 0.712235451 -0.694746792 0.442919791 0.566699922 -0.694746792 0.442919791 0.566699922 -0.694746792 0.442919791 0.566699922 -0.694746315 0.442919165 0.566701055 -0.694747806 0.666929364 0.269315124 -0.694747806 0.666929364 0.269315124 -0.694747806 0.666929364 0.269315124 -0.694746077 0.666931093 0.2693156 -0.694745958 0.712237358 -0.100229584 -0.694745958 0.712237358 -0.100229584 -0.694745958 0.712237358 -0.100229584 -0.694747031 0.712236226 -0.100230008 -0.694747031 0.566700459 -0.442918748 -0.694747031 0.566700459 -0.442918748 -0.694747031 0.566700459 -0.442918748 -0.694745839 0.566700518 -0.442920595 -0.694745481 0.269315392 -0.666931748 -0.694745481 0.269315392 -0.666931748 -0.694745481 0.269315392 -0.666931748 -0.694747984 0.269316673 -0.666928589 -1 0 0 -1 0 0 -1 0 0 -1 0 0 1 6.6890525e-06 0 1 6.6890525e-06 0 1 6.6890525e-06 0 1 -3.34453193e-06 0 1 -3.34453193e-06 0 1 -3.34453193e-06 0 -6.78110837e-06 0.992568374 0.12168812 -6.78110837e-06 0.992568374 0.12168812 -6.78110837e-06 0.992568374 0.12168812 2.4653571e-05 0.992568374 0.121688798 2.4653571e-05 0.992568374 0.121688798 2.4653571e-05 0.992568374 0.121688798 2.45390238e-05 0.992568195 0.121689759 2.96091048e-06 0.992568195 0.121689469 2.96091048e-06 0.992568195 0.121689469 0 0.992568374 0.121688448 0 0.992568254 0.121689208 0 0.992568254 0.121689208 0 0.992568254 0.121689208 -3.48500271e-06 0.992568135 0.121690474 2.45355e-06 0.99256891 0.121683814 6.78131801e-06 0.992567897 0.121691875 6.78131801e-06 0.992567897 0.121691875 -3.039685e-06 0.992568076 0.12169075 -3.039685e-06 0.992568076 0.12169075 -3.039685e-06 0.992568076 0.12169075 -2.02157366e-06 0.992568433 0.121688373 -2.02157366e-06 0.992568433 0.121688373 -2.02157366e-06 0.992568433 0.121688373 -1.39187466e-06 0.992568552 0.121686965 1.09241864e-06 0.992567241 0.121697314 1.09241864e-06 0.992567241 0.121697314 0 0.992568254 0.121689089 -4.9878895e-06 0.992568195 0.12168929 -4.9878895e-06 0.992568195 0.12168929 -4.9878895e-06 0.992568195 0.12168929 1.36271899e-06 0.992568254 0.121689446 3.93148866e-06 0.992568195 0.121689402 -1.87531001e-07 0.992568195 0.121689431 -4.13131687e-07 0.992567897 0.121692069 -4.13131687e-07 0.992567897 0.121692069 -4.13131687e-07 0.992567897 0.121692069 0 0.992568195 0.121689886 -2.45411011e-05 0.992567062 0.121698871 -2.45411011e-05 0.992567062 0.121698871 -2.45411011e-05 0.992567062 0.121698871 -2.4652998e-05 0.992568851 0.121684328 -2.4652998e-05 0.992568851 0.121684328 -2.4652998e-05 0.992568851 0.121684328 9.166979e-06 0.992566824 0.121700808 9.166979e-06 0.992566824 0.121700808 9.166979e-06 0.992566824 0.121700808 1.88122704e-06 0.992568135 0.121690422 1.88122704e-06 0.992568135 0.121690422 0 0.992568195 0.121688962 4.35723041e-06 0.992568374 0.121688731 -1.94578524e-06 0.992568612 0.121686816 8.60530918e-08 0.992568195 0.121689402 2.02159208e-06 0.992568254 0.12168923 -8.40312714e-06 0.992568195 0.121689498 -8.40312714e-06 0.992568195 0.121689498 -8.40312714e-06 0.992568195 0.121689498 4.04317962e-06 0.992568254 0.121689349 3.3629567e-06 0.992568076 0.121690549 -3.06317565e-06 0.992568195 0.121689893 4.77956064e-06 0.992567956 0.121691696 4.77956064e-06 0.992567956 0.121691696 -1.09242626e-06 0.992567241 0.12169753 1.42087288e-06 0.992568672 0.121685639 0 0.992568552 0.121687047 0 0.992568552 0.121687047 0 0.992568552 0.121687047 1.34511015e-06 0.992568254 0.121689193 -1.01557225e-06 0.992568851 0.121684507 -1.11042732e-06 0.992567837 0.121692963 2.64228152e-06 0.992567778 0.121692918 2.64228152e-06 0.992567778 0.121692918 2.64228152e-06 0.992567778 0.121692918 -5.46197271e-06 0.992567837 0.121692747 3.60011256e-07 0.992568254 0.121689558 -3.18450361e-07 0.992568076 0.121690504 -1.78164342e-07 0.992567778 0.121693373 0 0.992568493 0.121687278 0 0.992567718 0.121694535 0 0.992567122 0.121698618 0 0.992567122 0.121698618 0 0.992568314 0.121688604 3.40686506e-06 0.992568135 0.121691123 3.03969182e-06 0.992568791 0.121684946 -3.74173601e-06 0.992568254 0.121689416 0 0.992568254 0.121689118 0 0.992568016 0.121691093 2.22705424e-07 0.992568076 0.121690519 8.98190592e-07 0.992567718 0.121694051 1.16596573e-06 0.992568135 0.121690549 -1.32737387e-06 0.992568195 0.121689484 -4.98789996e-06 0.992568076 0.121689789 0 0.992568731 0.121684492 -3.60013331e-07 0.992568254 0.121689305 2.82080487e-06 0.992569029 0.121682756 -1.88122317e-06 0.992567539 0.12169496 0 0.920434058 -0.390898108 0 0.920434058 -0.390898108 0 0.920434058 -0.390898108 5.11879853e-06 0.92043227 -0.390902162 5.11879853e-06 0.92043227 -0.390902162 0 0.920433879 -0.390898287 0 0.920433879 -0.390898287 0 0.920433879 -0.390898287 -5.20868412e-07 0.920433879 -0.390898317 6.18764261e-06 0.920436561 -0.390891939 3.06405695e-06 0.920433164 -0.390900135 3.06405695e-06 0.920433164 -0.390900135 -4.64072946e-06 0.920435369 -0.39089483 1.55668738e-06 0.920432687 -0.390901327 -2.66249845e-06 0.920436561 -0.390892059 -2.66249845e-06 0.920436561 -0.390892059 -2.66249845e-06 0.920436561 -0.390892059 0 0.920433819 -0.390898466 1.40540646e-06 0.920434415 -0.390896946 3.34567659e-07 0.92043376 -0.390898496 -1.44677131e-06 0.920432985 -0.390900254 -1.44677131e-06 0.920432985 -0.390900254 3.54999588e-06 0.920435846 -0.390893608 -0.99619472 -0.034069322 -0.080221273 -0.99619472 -0.034069322 -0.080221273 -0.99619472 -0.034069322 -0.080221273 -0.99619472 -0.0340688974 -0.080220893 -0.944568217 -0.128338173 -0.30219239 -0.944568217 -0.128338173 -0.30219239 -0.944568217 -0.128338173 -0.30219239 -0.944567978 -0.128338337 -0.302193105 -0.675593078 -0.288200974 -0.678611934 -0.675593078 -0.288200974 -0.678611934 -0.675593078 -0.288200974 -0.678611934 -0.675586164 -0.288203627 -0.678617716 -0.244737059 -0.379016072 -0.892440796 -0.244737059 -0.379016072 -0.892440796 -0.244737059 -0.379016072 -0.892440796 -0.244749814 -0.379005998 -0.89244163 -0.244749814 -0.379005998 -0.89244163 -0.244749814 -0.379005998 -0.89244163 0 -0.390895367 -0.920435071 0 -0.390895367 -0.920435071 0 -0.390895367 -0.920435071 0 -0.390895367 -0.920435071 0.2447377 -0.379010081 -0.89244318 0.2447377 -0.379010081 -0.89244318 0.2447377 -0.379010081 -0.89244318 0.244748309 -0.379012316 -0.892439306 0.244748309 -0.379012316 -0.892439306 0.244748309 -0.379012316 -0.892439306 0.675590754 -0.288204312 -0.678612828 0.675590754 -0.288204312 -0.678612828 0.675590754 -0.288204312 -0.678612828 0.6755867 -0.288200766 -0.678618252 0.944568038 -0.128339738 -0.30219233 0.944568038 -0.128339738 -0.30219233 0.944568038 -0.128339738 -0.30219233 0.94456929 -0.128337458 -0.302189112 0.99619478 -0.0340668857 -0.0802213699 0.99619478 -0.0340668857 -0.0802213699 0.99619478 -0.0340668857 -0.0802213699 0.996194661 -0.0340703912 -0.0802210122 0 -0.920433819 0.390898228 0 -0.920433819 0.390898228 0 -0.920433819 0.390898228 0 -0.920434058 0.39089781 0 -0.920434058 0.39089781 0 -0.920434058 0.39089781 0 -0.920433998 0.390897989 1.54691406e-06 -0.920434833 0.390895903 0 -0.920433879 0.390898168 0 -0.920433879 0.390898168 0 -0.920433879 0.390898168 4.48223005e-07 -0.920433998 0.390897959 -1.16018384e-06 -0.920434535 0.390896678 -1.0237527e-05 -0.920435607 0.390894383 -1.0237527e-05 -0.920435607 0.390894383 -1.0237527e-05 -0.920435607 0.390894383 0 -0.920433462 0.39089936 2.14044394e-06 -0.920433462 0.390899152 1.40540521e-06 -0.920433402 0.39089942 -1.00370528e-06 -0.9204337 0.390898705 0 -0.920433402 0.390899479 3.54999815e-06 -0.920434177 0.390897393 0.965925813 0.101172447 0.238225788 0.965925813 0.101172447 0.238225788 0.965925813 0.101172447 0.238225788 0.965926349 0.10117057 0.238224238 0.707104862 0.276407063 0.650847077 0.707104862 0.276407063 0.650847077 0.707104862 0.276407063 0.650847077 0.707106113 0.276405632 0.650846362 0.258821905 0.377577424 0.88907057 0.258821905 0.377577424 0.88907057 0.258821905 0.377577424 0.88907057 0.258819968 0.377580523 0.889069855 1 0 0 1 0 0 1 0 0 1 8.49366529e-07 0 -1 0 0 -1 0 0 -1 0 0 -0.99999994 0 0 -0.258821636 0.377579808 0.889069676 -0.258821636 0.377579808 0.889069676 -0.258821636 0.377579808 0.889069676 -0.258819431 0.377577156 0.889071345 -0.707103491 0.276406139 0.650848985 -0.707103491 0.276406139 0.650848985 -0.707103491 0.276406139 0.650848985 -0.707107306 0.276407331 0.650844336 -0.96592617 0.101171054 0.238225073 -0.96592617 0.101171054 0.238225073 -0.96592617 0.101171054 0.238225073 -0.965925097 0.101176158 0.238227308 0 0.390898496 0.920433819 0 0.390898496 0.920433819 0 0.390898496 0.920433819 0 0.390899599 0.920433223 -0.508590221 0.75147438 -0.420264333 -0.508590221 0.75147438 -0.420264333 -0.508590221 0.75147438 -0.420264333 -0.508597374 0.751469851 -0.420263886 -0.694741428 0.71224153 -0.100232407 -0.694741428 0.71224153 -0.100232407 -0.694741428 0.71224153 -0.100232407 -0.694740832 0.712241948 -0.100232534 -0.694746256 0.666932344 0.269311547 -0.694746256 0.666932344 0.269311547 -0.694746256 0.666932344 0.269311547 -0.694737971 0.666937232 0.269321054 -0.694737971 0.666937232 0.269321054 -0.694737971 0.666937232 0.269321054 -0.508596182 0.627691686 0.589349627 -0.508596182 0.627691686 0.589349627 -0.508596182 0.627691686 0.589349627 -0.508589745 0.627694547 0.589352131 -0.186150685 0.605043173 0.774125814 -0.186150685 0.605043173 0.774125814 -0.186150685 0.605043173 0.774125814 -0.186168998 0.605046928 0.774118543 -0.186168998 0.605046928 0.774118543 -0.186168998 0.605046928 0.774118543 0.186162308 0.6050542 0.774114311 0.186162308 0.6050542 0.774114311 0.186162308 0.6050542 0.774114311 0.186160564 0.605036139 0.774128854 0.186160564 0.605036139 0.774128854 0.186160564 0.605036139 0.774128854 0.508592844 0.627695084 0.589349091 0.508592844 0.627695084 0.589349091 0.508592844 0.627695084 0.589349091 0.508587956 0.627695739 0.589352369 0.694744527 0.666930676 0.269320577 0.694744527 0.666930676 0.269320577 0.694744527 0.666930676 0.269320577 0.694750011 0.66692698 0.269315481 0.694747508 0.712238073 -0.10021387 0.694747508 0.712238073 -0.10021387 0.694747508 0.712238073 -0.10021387 0.694747388 0.712233961 -0.100244537 0.694747388 0.712233961 -0.100244537 0.694747388 0.712233961 -0.100244537 0.508601367 0.751471639 -0.42025581 0.508601367 0.751471639 -0.42025581 0.508601367 0.751471639 -0.42025581 0.508589089 0.751475811 -0.420263112 0.508589089 0.751475811 -0.420263112 0.508589089 0.751475811 -0.420263112 0.186163798 0.774125397 -0.605039656 0.186163798 0.774125397 -0.605039656 0.186163798 0.774125397 -0.605039656 0.186147407 0.774126232 -0.605043471 0.186147407 0.774126232 -0.605043471 0.186147407 0.774126232 -0.605043471 -0.186171681 0.77411294 -0.605053127 -0.186171681 0.77411294 -0.605053127 -0.186171681 0.77411294 -0.605053127 -0.186141968 0.774134278 -0.605035007 -0.186141968 0.774134278 -0.605035007 -0.186141968 0.774134278 -0.605035007 -0.508592129 0.751472294 -0.420265853 -0.508592129 0.751472294 -0.420265853 -0.508592129 0.751472294 -0.420265853 -0.508596301 0.751471221 -0.420262992 -0.694745302 0.712237656 -0.100232974 -0.694745302 0.712237656 -0.100232974 -0.694745302 0.712237656 -0.100232974 -0.694746077 0.712237239 -0.100229606 -0.694749415 0.666928649 0.269312769 -0.694749415 0.666928649 0.269312769 -0.694749415 0.666928649 0.269312769 -0.694740891 0.666936815 0.269314796 -0.694740891 0.666936815 0.269314796 -0.694740891 0.666936815 0.269314796 -0.508595228 0.627693534 0.589348495 -0.508595228 0.627693534 0.589348495 -0.508595228 0.627693534 0.589348495 -0.508589387 0.627695382 0.589351654 -0.186148018 0.605033278 0.774134159 -0.186148018 0.605033278 0.774134159 -0.186148018 0.605033278 0.774134159 -0.18616952 0.605043769 0.774120688 -0.18616952 0.605043769 0.774120688 -0.18616952 0.605043769 0.774120688 0.186159745 0.605043709 0.774123073 0.186159745 0.605043709 0.774123073 0.186159745 0.605043709 0.774123073 0.186160535 0.605036259 0.774128795 0.508595645 0.627694249 0.589347422 0.508595645 0.627694249 0.589347422 0.508595645 0.627694249 0.589347422 0.50858748 0.627696812 0.589351833 0.694749534 0.666924715 0.269322515 0.694749534 0.666924715 0.269322515 0.694749534 0.666924715 0.269322515 0.69474411 0.666932583 0.269316882 0.69474411 0.666932583 0.269316882 0.69474411 0.666932583 0.269316882 0.694744587 0.712239623 -0.100223154 0.694744587 0.712239623 -0.100223154 0.694744587 0.712239623 -0.100223154 0.694747388 0.712234378 -0.100240849 0.694747388 0.712234378 -0.100240849 0.694747388 0.712234378 -0.100240849 0.508601844 0.751471102 -0.420256197 0.508601844 0.751471102 -0.420256197 0.508601844 0.751471102 -0.420256197 0.508590817 0.75146991 -0.420271903 0.508590817 0.75146991 -0.420271903 0.508590817 0.75146991 -0.420271903 0.186160117 0.774120331 -0.605047107 0.186160117 0.774120331 -0.605047107 0.186160117 0.774120331 -0.605047107 0.186148986 0.774122 -0.605048597 0.186148986 0.774122 -0.605048597 0.186148986 0.774122 -0.605048597 -0.186170116 0.774117351 -0.605048001 -0.186170116 0.774117351 -0.605048001 -0.186170116 0.774117351 -0.605048001 -0.186143219 0.774130762 -0.60503906 -0.186143219 0.774130762 -0.60503906 -0.186143219 0.774130762 -0.60503906 -0.508590996 0.751463234 -0.420283526 -0.508590996 0.751463234 -0.420283526 -0.508590996 0.751463234 -0.420283526 -0.508588374 0.751477599 -0.420260876 -0.508588374 0.751477599 -0.420260876 -0.508588374 0.751477599 -0.420260876 -0.694742918 0.712240577 -0.100227423 -0.694742918 0.712240577 -0.100227423 -0.694742918 0.712240577 -0.100227423 -0.694743216 0.712240636 -0.100224972 -0.6947456 0.666936338 0.269303441 -0.6947456 0.666936338 0.269303441 -0.6947456 0.666936338 0.269303441 -0.69473815 0.666935325 0.269325376 -0.69473815 0.666935325 0.269325376 -0.69473815 0.666935325 0.269325376 -0.508591771 0.627674282 0.589372098 -0.508591771 0.627674282 0.589372098 -0.508591771 0.627674282 0.589372098 -0.508593559 0.627700329 0.589342833 -0.508593559 0.627700329 0.589342833 -0.508593559 0.627700329 0.589342833 -0.186154559 0.605046034 0.774122477 -0.186154559 0.605046034 0.774122477 -0.186154559 0.605046034 0.774122477 -0.186150625 0.605041862 0.774126828 0.18614684 0.605051279 0.774120331 0.18614684 0.605051279 0.774120331 0.18614684 0.605051279 0.774120331 0.186155841 0.605032086 0.774133146 0.186155841 0.605032086 0.774133146 0.186155841 0.605032086 0.774133146 0.508587003 0.627687871 0.589361727 0.508587003 0.627687871 0.589361727 0.508587003 0.627687871 0.589361727 0.508591354 0.627697647 0.589347661 0.508591354 0.627697647 0.589347661 0.508591354 0.627697647 0.589347661 0.694738925 0.666940033 0.269311666 0.694738925 0.666940033 0.269311666 0.694738925 0.666940033 0.269311666 0.694750786 0.666925073 0.269318372 0.694750786 0.666925073 0.269318372 0.694750786 0.666925073 0.269318372 0.694746792 0.712237358 -0.100223474 0.694746792 0.712237358 -0.100223474 0.694746792 0.712237358 -0.100223474 0.694743931 0.712239504 -0.100228496 0.508590162 0.75146687 -0.420277983 0.508590162 0.75146687 -0.420277983 0.508590162 0.75146687 -0.420277983 0.508582592 0.751479208 -0.420265019 0.508582592 0.751479208 -0.420265019 0.508582592 0.751479208 -0.420265019 0.186164886 0.774119437 -0.605046809 0.186164886 0.774119437 -0.605046809 0.186164886 0.774119437 -0.605046809 0.1861597 0.774128735 -0.605036497 0.1861597 0.774128735 -0.605036497 0.1861597 0.774128735 -0.605036497 -0.186161697 0.774131179 -0.605032802 -0.186161697 0.774131179 -0.605032802 -0.186161697 0.774131179 -0.605032802 -0.186161608 0.774121344 -0.605045438 -0.186161608 0.774121344 -0.605045438 -0.186161608 0.774121344 -0.605045438 -0.508589923 0.751472592 -0.420268059 -0.508589923 0.751472592 -0.420268059 -0.508589923 0.751472592 -0.420268059 -0.508587122 0.751475036 -0.420267195 -0.694746912 0.712236762 -0.100227997 -0.694746912 0.712236762 -0.100227997 -0.694746912 0.712236762 -0.100227997 -0.694747388 0.712237537 -0.100218199 -0.694747984 0.66693747 0.269294679 -0.694747984 0.66693747 0.269294679 -0.694747984 0.66693747 0.269294679 -0.6947456 0.666926384 0.269328266 -0.6947456 0.666926384 0.269328266 -0.6947456 0.666926384 0.269328266 -0.508587956 0.627681434 0.589367688 -0.508587956 0.627681434 0.589367688 -0.508587956 0.627681434 0.589367688 -0.50859344 0.627693474 0.589350045 -0.50859344 0.627693474 0.589350045 -0.50859344 0.627693474 0.589350045 -0.186154544 0.605046272 0.774122417 -0.186154544 0.605046272 0.774122417 -0.186154544 0.605046272 0.774122417 -0.186151162 0.605038762 0.774129093 -0.186151162 0.605038762 0.774129093 -0.186151162 0.605038762 0.774129093 0.186145693 0.605045438 0.774125278 0.186145693 0.605045438 0.774125278 0.186145693 0.605045438 0.774125278 0.186155692 0.605032861 0.77413255 0.186155692 0.605032861 0.77413255 0.186155692 0.605032861 0.77413255 0.508590937 0.627684832 0.589361489 0.508590937 0.627684832 0.589361489 0.508590937 0.627684832 0.589361489 0.50859493 0.627690613 0.589351833 0.50859493 0.627690613 0.589351833 0.50859493 0.627690613 0.589351833 0.694750905 0.666925728 0.269316286 0.694750905 0.666925728 0.269316286 0.694750905 0.666925728 0.269316286 0.694744587 0.666933894 0.269312292 0.694744587 0.666933894 0.269312292 0.694744587 0.666933894 0.269312292 0.694746256 0.712238014 -0.1002234 0.694746256 0.712238014 -0.1002234 0.694746256 0.712238014 -0.1002234 0.694748521 0.712234974 -0.100229159 0.50858897 0.751468301 -0.420276999 0.50858897 0.751468301 -0.420276999 0.50858897 0.751468301 -0.420276999 0.508588374 0.751476824 -0.420262367 0.508588374 0.751476824 -0.420262367 0.508588374 0.751476824 -0.420262367 0.186164394 0.774120927 -0.605045199 0.186164394 0.774120927 -0.605045199 0.186164394 0.774120927 -0.605045199 0.186159745 0.774128675 -0.605036616 0.186159745 0.774128675 -0.605036616 0.186159745 0.774128675 -0.605036616 -0.186162502 0.774129093 -0.605035365 -0.186162502 0.774129093 -0.605035365 -0.186162502 0.774129093 -0.605035365 -0.186161354 0.774122 -0.605044603 -0.186161354 0.774122 -0.605044603 -0.186161354 0.774122 -0.605044603 0 -0.121689729 0.992568254 0 -0.121689729 0.992568254 0 -0.121689729 0.992568254 0 -0.121690035 0.992568135 -0.167841151 -0.119963795 0.978487611 -0.167841151 -0.119963795 0.978487611 -0.167841151 -0.119963795 0.978487611 -0.167832002 -0.119963028 0.97848928 -0.517024279 -0.10416238 0.849609435 -0.517024279 -0.10416238 0.849609435 -0.517024279 -0.10416238 0.849609435 -0.517026782 -0.10416086 0.849607944 -0.816644847 -0.0702310205 0.5728513 -0.816644847 -0.0702310205 0.5728513 -0.816644847 -0.0702310205 0.5728513 -0.816646636 -0.07023184 0.572848797 -0.971221566 -0.0289839189 0.236407742 -0.971221566 -0.0289839189 0.236407742 -0.971221566 -0.0289839189 0.236407742 -0.971220732 -0.0289842132 0.236411288 0.971221209 -0.0289783925 0.236409843 0.971221209 -0.0289783925 0.236409843 0.971221209 -0.0289783925 0.236409843 0.971221566 -0.0289894529 0.236406937 0.971221566 -0.0289894529 0.236406937 0.971221566 -0.0289894529 0.236406937 0.816654325 -0.0702300519 0.572838187 0.816654325 -0.0702300519 0.572838187 0.816654325 -0.0702300519 0.572838187 0.8166399 -0.0702322721 0.572858155 0.8166399 -0.0702322721 0.572858155 0.8166399 -0.0702322721 0.572858155 0.517035425 -0.104161009 0.849602759 0.517035425 -0.104161009 0.849602759 0.517035425 -0.104161009 0.849602759 0.517017245 -0.104164205 0.849613428 0.517017245 -0.104164205 0.849613428 0.517017245 -0.104164205 0.849613428 0.167819411 -0.119959533 0.978491902 0.167819411 -0.119959533 0.978491902 0.167819411 -0.119959533 0.978491902 0.167846084 -0.119964093 0.978486657 0.167846084 -0.119964093 0.978486657 0.167846084 -0.119964093 0.978486657 0 -0.121689938 0.992568195 0 -0.121689938 0.992568195 0 -0.121689938 0.992568195 0 -0.12168961 0.992568254 -0.980785012 0.0237385109 -0.193642005 -0.980785012 0.0237385109 -0.193642005 -0.980785012 0.0237385109 -0.193642005 -0.980784833 0.0237417966 -0.193642825 -0.831470609 0.067606844 -0.551439881 -0.831470609 0.067606844 -0.551439881 -0.831470609 0.067606844 -0.551439881 -0.831468642 0.0676064268 -0.551442862 -0.555569291 0.101180263 -0.825291038 -0.555569291 0.101180263 -0.825291038 -0.555569291 0.101180263 -0.825291038 -0.555572212 0.101180784 -0.825288951 -0.195089474 0.119350687 -0.973496497 -0.195089474 0.119350687 -0.973496497 -0.195089474 0.119350687 -0.973496497 -0.195090368 0.119351849 -0.973496199 0 0.121691063 -0.992568076 0 0.121691063 -0.992568076 0 0.121691063 -0.992568076 0 0.121691033 -0.992568076 0.195090964 0.119352803 -0.97349596 0.195090964 0.119352803 -0.97349596 0.195090964 0.119352803 -0.97349596 0.195089504 0.1193505 -0.973496616 0.555572271 0.10118001 -0.825289071 0.555572271 0.10118001 -0.825289071 0.555572271 0.10118001 -0.825289071 0.555569291 0.101180263 -0.825291038 0.831469595 0.0676074252 -0.551441312 0.831469595 0.0676074252 -0.551441312 0.831469595 0.0676074252 -0.551441312 0.83146894 0.0676065758 -0.551442504 0.980785191 0.0237402227 -0.193641394 0.980785191 0.0237402227 -0.193641394 0.980785191 0.0237402227 -0.193641394 0.980785251 0.0237400997 -0.193640381 -0.258812457 0.117544405 -0.958748937 -0.258812457 0.117544405 -0.958748937 -0.258812457 0.117544405 -0.958748937 -0.258819669 0.117542177 -0.958747268 -0.70710665 0.0860466957 -0.701851964 -0.70710665 0.0860466957 -0.701851964 -0.70710665 0.0860466957 -0.701851964 -0.707110941 0.0860466212 -0.701847613 -0.965925872 0.0314953588 -0.256895483 -0.965925872 0.0314953588 -0.256895483 -0.965925872 0.0314953588 -0.256895483 -0.965925813 0.0314948224 -0.256895781 -0.965926349 -0.0314948969 0.256893605 -0.965926349 -0.0314948969 0.256893605 -0.965926349 -0.0314948969 0.256893605 -0.965925395 -0.0314951912 0.256896913 -0.70710665 -0.0860466957 0.701851964 -0.70710665 -0.0860466957 0.701851964 -0.70710665 -0.0860466957 0.701851964 -0.707112491 -0.0860468969 0.701846123 -0.258820415 -0.117542118 0.958747029 -0.258820415 -0.117542118 0.958747029 -0.258820415 -0.117542118 0.958747029 -0.258815169 -0.117545985 0.958747864 0.258826345 -0.117545567 0.958745003 0.258826345 -0.117545567 0.958745003 0.258826345 -0.117545567 0.958745003 0.258807421 -0.117542572 0.958750486 0.258807421 -0.117542572 0.958750486 0.258807421 -0.117542572 0.958750486 0.707108557 -0.0860469118 0.701850116 0.707108557 -0.0860469118 0.701850116 0.707108557 -0.0860469118 0.701850116 0.707110584 -0.086046651 0.70184797 0.965925872 -0.0314954184 0.256895483 0.965925872 -0.0314954184 0.256895483 0.965925872 -0.0314954184 0.256895483 0.965926051 -0.0314947367 0.256895095 0.965926349 0.0314948969 -0.256893605 0.965926349 0.0314948969 -0.256893605 0.965926349 0.0314948969 -0.256893605 0.965925276 0.0314953364 -0.256897628 0.707108557 0.0860469267 -0.701850116 0.707108557 0.0860469267 -0.701850116 0.707108557 0.0860469267 -0.701850116 0.707109034 0.0860463753 -0.70184952 0.258818537 0.117541745 -0.958747566 0.258818537 0.117541745 -0.958747566 0.258818537 0.117541745 -0.958747566 0.258818656 0.117544606 -0.958747208 -0.258812428 0.117544912 -0.958748817 -0.258812428 0.117544912 -0.958748817 -0.258812428 0.117544912 -0.958748817 -0.258820593 0.117541865 -0.95874697 -0.707104862 0.0860464722 -0.701853931 -0.707104862 0.0860464722 -0.701853931 -0.707104862 0.0860464722 -0.701853931 -0.707108855 0.0860501081 -0.701849341 -0.965925992 0.0314909294 -0.256895512 -0.965925992 0.0314909294 -0.256895512 -0.965925992 0.0314909294 -0.256895512 -0.965926111 0.0314906277 -0.256894916 -0.965926349 -0.0314981677 0.256893605 -0.965926349 -0.0314981677 0.256893605 -0.965926349 -0.0314981677 0.256893605 -0.965925872 -0.031490773 0.256896108 -0.707102954 -0.0860462412 0.701855779 -0.707102954 -0.0860462412 0.701855779 -0.707102954 -0.0860462412 0.701855779 -0.707110822 -0.086042963 0.701848209 -0.707110822 -0.086042963 0.701848209 -0.707110822 -0.086042963 0.701848209 -0.258821368 -0.117541842 0.958746731 -0.258821368 -0.117541842 0.958746731 -0.258821368 -0.117541842 0.958746731 -0.25881514 -0.11754711 0.958747745 0.258828253 -0.117544092 0.958744645 0.258828253 -0.117544092 0.958744645 0.258828253 -0.117544092 0.958744645 0.258808374 -0.117541835 0.958750427 0.258808374 -0.117541835 0.958750427 0.258808374 -0.117541835 0.958750427 0.707104862 -0.0860464722 0.701853931 0.707104862 -0.0860464722 0.701853931 0.707104862 -0.0860464722 0.701853931 0.707108796 -0.0860464424 0.701849937 0.965925872 -0.0314946584 0.256895483 0.965925872 -0.0314946584 0.256895483 0.965925872 -0.0314946584 0.256895483 0.965926111 -0.0314980075 0.256894171 0.965926468 0.0314944349 -0.256893635 0.965926468 0.0314944349 -0.256893635 0.965926468 0.0314944349 -0.256893635 0.965925455 0.0314983204 -0.256896734 0.707104683 0.0860483199 -0.701853752 0.707104683 0.0860483199 -0.701853752 0.707104683 0.0860483199 -0.701853752 0.707109034 0.0860463902 -0.70184952 0.25881955 0.117540315 -0.958747506 0.25881955 0.117540315 -0.958747506 0.25881955 0.117540315 -0.958747506 0.258820534 0.117543705 -0.958746731 -0.258813411 0.117543608 -0.958748698 -0.258813411 0.117543608 -0.958748698 -0.258813411 0.117543608 -0.958748698 -0.258819908 0.117542922 -0.958747089 -0.707106531 0.0860476196 -0.701851904 -0.707106531 0.0860476196 -0.701851904 -0.707106531 0.0860476196 -0.701851904 -0.70711273 0.0860454813 -0.701845944 -0.965927005 0.0314946771 -0.256890863 -0.965927005 0.0314946771 -0.256890863 -0.965927005 0.0314946771 -0.256890863 -0.965926945 0.0314952545 -0.256891727 -0.965923667 -0.0314967297 0.256903768 -0.965923667 -0.0314967297 0.256903768 -0.965923667 -0.0314967297 0.256903768 -0.965927362 -0.0314938985 0.256890208 -0.965927362 -0.0314938985 0.256890208 -0.965927362 -0.0314938985 0.256890208 -0.707114279 -0.0860430077 0.701844752 -0.707114279 -0.0860430077 0.701844752 -0.707114279 -0.0860430077 0.701844752 -0.707101703 -0.0860482231 0.701856792 -0.707101703 -0.0860482231 0.701856792 -0.707101703 -0.0860482231 0.701856792 -0.258826435 -0.117542744 0.95874536 -0.258826435 -0.117542744 0.95874536 -0.258826435 -0.117542744 0.95874536 -0.258820653 -0.117543854 0.958746731 0.258824557 -0.117542297 0.958745897 0.258824557 -0.117542297 0.958745897 0.258824557 -0.117542297 0.958745897 0.258820653 -0.117544249 0.958746731 0.707114041 -0.0860466659 0.701844513 0.707114041 -0.0860466659 0.701844513 0.707114041 -0.0860466659 0.701844513 0.707101882 -0.0860446244 0.701856971 0.707101882 -0.0860446244 0.701856971 0.707101882 -0.0860446244 0.701856971 0.96592468 -0.0314948149 0.256900072 0.96592468 -0.0314948149 0.256900072 0.96592468 -0.0314948149 0.256900072 0.96592623 -0.0314956903 0.256893903 0.965928078 0.0314948671 -0.256887197 0.965928078 0.0314948671 -0.256887197 0.965928078 0.0314948671 -0.256887197 0.965925813 0.0314950049 -0.256895393 0.707106709 0.0860458016 -0.701852083 0.707106709 0.0860458016 -0.701852083 0.707106709 0.0860458016 -0.701852083 0.70711261 0.0860472918 -0.701845825 0.258826405 0.117543146 -0.958745241 0.258826405 0.117543146 -0.958745241 0.258826405 0.117543146 -0.958745241 0.25880596 0.117543809 -0.958750725 0.25880596 0.117543809 -0.958750725 0.25880596 0.117543809 -0.958750725 -0.258813471 0.117541656 -0.958748937 -0.258813471 0.117541656 -0.958748937 -0.258813471 0.117541656 -0.958748937 -0.258821726 0.117545523 -0.958746314 -0.707102418 0.0860536546 -0.701855242 -0.707102418 0.0860536546 -0.701855242 -0.707102418 0.0860536546 -0.701855242 -0.707110822 0.0860461816 -0.701847792 -0.707110822 0.0860461816 -0.701847792 -0.707110822 0.0860461816 -0.701847792 -0.965927005 0.0314979441 -0.256890863 -0.965927005 0.0314979441 -0.256890863 -0.965927005 0.0314979441 -0.256890863 -0.965927064 0.0314903557 -0.256891757 -0.965923548 -0.0314992927 0.256903738 -0.965923548 -0.0314992927 0.256903738 -0.965923548 -0.0314992927 0.256903738 -0.965927243 -0.0314978622 0.256890178 -0.965927243 -0.0314978622 0.256890178 -0.965927243 -0.0314978622 0.256890178 -0.707112253 -0.0860455558 0.701846421 -0.707112253 -0.0860455558 0.701846421 -0.707112253 -0.0860455558 0.701846421 -0.707099915 -0.0860470682 0.701858759 -0.707099915 -0.0860470682 0.701858759 -0.707099915 -0.0860470682 0.701858759 -0.258826494 -0.117540784 0.958745599 -0.258826494 -0.117540784 0.958745599 -0.258826494 -0.117540784 0.958745599 -0.258820593 -0.117545553 0.958746552 0.258826464 -0.11754147 0.95874548 0.258826464 -0.11754147 0.95874548 0.258826464 -0.11754147 0.95874548 0.258820593 -0.117545553 0.958746552 0.707112253 -0.0860455558 0.701846421 0.707112253 -0.0860455558 0.701846421 0.707112253 -0.0860455558 0.701846421 0.707100093 -0.0860433504 0.701858938 0.707100093 -0.0860433504 0.701858938 0.707100093 -0.0860433504 0.701858938 0.96592468 -0.0314951092 0.256900072 0.96592468 -0.0314951092 0.256900072 0.96592468 -0.0314951092 0.256900072 0.965926349 -0.0314908512 0.256893933 0.965927958 0.0314974897 -0.256887168 0.965927958 0.0314974897 -0.256887168 0.965927958 0.0314974897 -0.256887168 0.965925813 0.031498272 -0.256895393 0.707102954 0.0860462412 -0.701855779 0.707102954 0.0860462412 -0.701855779 0.707102954 0.0860462412 -0.701855779 0.707110822 0.0860461816 -0.701847792 0.707110822 0.0860461816 -0.701847792 0.707110822 0.0860461816 -0.701847792 0.258827388 0.117542461 -0.958745062 0.258827388 0.117542461 -0.958745062 0.258827388 0.117542461 -0.958745062 0.258807838 0.117544137 -0.958750248 0.258807838 0.117544137 -0.958750248 0.258807838 0.117544137 -0.958750248 2.11609759e-07 -0.992569208 -0.121681534 2.11609759e-07 -0.992569208 -0.121681534 2.11609759e-07 -0.992569208 -0.121681534 1.41107091e-06 -0.992568076 -0.121690758 2.07536823e-06 -0.992567956 -0.121691294 2.07536823e-06 -0.992567956 -0.121691294 -2.41943076e-06 -0.992568433 -0.121687688 0 -0.992568135 -0.121690184 0 -0.992568135 -0.121690184 0 -0.992568135 -0.121690184 -1.37791676e-06 -0.992570043 -0.121675029 -1.37791676e-06 -0.992570043 -0.121675029 -1.37791676e-06 -0.992570043 -0.121675029 -1.79317135e-06 -0.992568731 -0.121684611 -1.79317135e-06 -0.992568731 -0.121684611 -1.79317135e-06 -0.992568731 -0.121684611 3.47275136e-06 -0.992567897 -0.121692151 3.47275136e-06 -0.992567897 -0.121692151 -2.77811478e-06 -0.992567778 -0.121692784 -1.79377381e-07 -0.992568254 -0.121689253 3.60091303e-06 -0.992568254 -0.121689029 3.60091303e-06 -0.992568254 -0.121689029 3.60091303e-06 -0.992568254 -0.121689029 -5.62798868e-06 -0.992568195 -0.121689223 3.76126241e-06 -0.992567062 -0.121699408 3.76126241e-06 -0.992567062 -0.121699408 0 -0.992568374 -0.121688552 0 -0.992568374 -0.121688552 -3.47278751e-06 -0.992567837 -0.121693417 -3.89036586e-06 -0.992567003 -0.121699236 -3.89036586e-06 -0.992567003 -0.121699236 -3.89036586e-06 -0.992567003 -0.121699236 -2.2210078e-07 -0.992568195 -0.121689349 -2.2210078e-07 -0.992568195 -0.121689349 -6.42632494e-06 -0.992567301 -0.12169639 -6.42632494e-06 -0.992567301 -0.12169639 -6.42632494e-06 -0.992567301 -0.12169639 -1.29767122e-05 -0.992569506 -0.12167909 -1.29767122e-05 -0.992569506 -0.12167909 -1.29767122e-05 -0.992569506 -0.12167909 3.51283393e-06 -0.992567599 -0.121693932 3.51283393e-06 -0.992567599 -0.121693932 3.51283393e-06 -0.992567599 -0.121693932 -3.39720418e-06 -0.992567599 -0.121694461 2.22100752e-07 -0.992568254 -0.121689223 3.60090621e-06 -0.992568195 -0.1216897 3.60090621e-06 -0.992568195 -0.1216897 3.60090621e-06 -0.992568195 -0.1216897 -5.62805599e-06 -0.992568076 -0.121690027 -2.60063439e-06 -0.992568552 -0.121687256 4.28564181e-06 -0.992567956 -0.121691458 4.28564181e-06 -0.992567956 -0.121691458 -1.75895013e-06 -0.992568552 -0.121686369 -5.11886356e-06 -0.992568135 -0.121690743 5.42221323e-06 -0.992568672 -0.121685311 5.42221323e-06 -0.992568672 -0.121685311 -1.07865899e-05 -0.992568433 -0.121687569 -1.07865899e-05 -0.992568433 -0.121687569 -1.07865899e-05 -0.992568433 -0.121687569 4.31010085e-06 -0.992568195 -0.12168961 4.39897531e-06 -0.992568135 -0.121690691 -5.59165119e-06 -0.992569089 -0.121682212 -2.48960714e-05 -0.992568254 -0.121689662 -2.48960714e-05 -0.992568254 -0.121689662 -2.48960714e-05 -0.992568254 -0.121689662 5.4228949e-05 -0.992568254 -0.121689729 5.4228949e-05 -0.992568254 -0.121689729 5.4228949e-05 -0.992568254 -0.121689729 3.3011338e-06 -0.992567658 -0.12169385 -1.50794926e-06 -0.992568374 -0.121687487 0 -0.99256736 -0.121696241 0 -0.99256736 -0.121696241 -2.11608778e-07 -0.992568731 -0.121684782 -2.11608778e-07 -0.992568731 -0.121684782 -4.23938263e-06 -0.992567897 -0.121692404 1.54997304e-06 -0.992568851 -0.12168362 2.48963588e-05 -0.992568016 -0.12169107 2.48963588e-05 -0.992568016 -0.12169107 2.48963588e-05 -0.992568016 -0.12169107 -5.28220735e-05 -0.992566884 -0.121700928 -5.28220735e-05 -0.992566884 -0.121700928 -5.28220735e-05 -0.992566884 -0.121700928 -4.23339998e-06 -0.992568612 -0.121686257 -4.23339998e-06 -0.992568612 -0.121686257 -4.23339998e-06 -0.992568612 -0.121686257 0 -0.992568076 -0.121690445 -3.94976405e-06 -0.992567778 -0.121692233 0 -0.992568135 -0.121689558 1.27722058e-06 -0.99256897 -0.121683359 1.27722058e-06 -0.99256897 -0.121683359 0 -0.992568493 -0.121687226 4.34757067e-06 -0.992567778 -0.121692233 0 -0.992568314 -0.12168882 -4.5986435e-06 -0.992569029 -0.121683121 3.10600876e-06 -0.992566228 -0.121705845 3.10600876e-06 -0.992566228 -0.121705845 3.10600876e-06 -0.992566228 -0.121705845 -3.40305996e-06 -0.992568195 -0.121689908 -3.40305996e-06 -0.992568195 -0.121689908 0 -0.992568314 -0.121688649 -5.20565072e-06 -0.992568195 -0.121689521 4.64422874e-06 -0.992568612 -0.121685758 4.64422874e-06 -0.992568612 -0.121685758 6.42594023e-06 -0.992568374 -0.121688031 5.61296361e-07 -0.992567718 -0.121692643 2.36344158e-06 -0.992568135 -0.121690176 2.51156962e-07 -0.992568314 -0.12168856 -8.8247134e-07 -0.992568493 -0.121687859 5.20133653e-06 -0.992568314 -0.121689171 -3.40760744e-06 -0.992567897 -0.121692479 1.44512308e-06 -0.992568374 -0.121688411 -3.31422711e-06 -0.992567956 -0.121691793 -3.40088775e-07 -0.992568195 -0.12169034 2.16039689e-06 -0.992569327 -0.121680468 2.16039689e-06 -0.992569327 -0.121680468 2.16039689e-06 -0.992569327 -0.121680468 -4.84479244e-07 -0.992568016 -0.121691495 -4.84479244e-07 -0.992568016 -0.121691495 8.82470772e-07 -0.992568552 -0.121686369 0 -0.992568076 -0.12169043 0 -0.992568076 -0.12169043 3.33136245e-06 -0.992568314 -0.12168856 0 -0.992568195 -0.121689528 2.5099182e-06 -0.992567956 -0.121692084 -9.47594344e-07 -0.992569208 -0.121681131 1 0 0 1 0 0 1 0 0 1 1.0475361e-07 0 1 0 0 1 0 0 1 0 0 1 0 0 -1 0 0 -1 0 0 -1 0 0 -1 1.9833351e-06 0 -0.99592185 0.0109785171 -0.0895500332 -0.99592185 0.0109785171 -0.0895500332 -0.99592185 0.0109785171 -0.0895500332 -0.998976111 -0.00630399678 -0.0448005684 -0.998976111 -0.00630399678 -0.0448005684 -0.998976111 -0.00630399678 -0.0448005684 -0.995923221 -0.0125704082 -0.0893260166 -0.995923221 -0.0125704082 -0.0893260166 -0.995923221 -0.0125704082 -0.0893260166 -0.998975873 -0.0176866669 -0.0416461304 -0.998975873 -0.0176866669 -0.0416461304 -0.998975873 -0.0176866669 -0.0416461304 1 0 0 1 -9.99542181e-07 0 0 -0.963711858 0.266944528 0 -0.963711858 0.266944528 0 -0.963711858 0.266944528 1.53559649e-05 -0.96358031 0.2674191 1.53559649e-05 -0.96358031 0.2674191 1.53559649e-05 -0.96358031 0.2674191 1.55107336e-05 -0.999960244 0.00891651958 1.55107336e-05 -0.999960244 0.00891651958 1.55107336e-05 -0.999960244 0.00891651958 0 -0.999955654 0.00942953862 0 -0.999955654 0.00942953862 0 -0.999955654 0.00942953862 0 0.999955535 -0.00943665672 0 0.999955535 -0.00943665672 0 0.999955535 -0.00943665672 -3.10324904e-05 0.999960363 -0.00890952256 -3.10324904e-05 0.999960363 -0.00890952256 -3.10324904e-05 0.999960363 -0.00890952256 -3.09113493e-05 0.96358192 -0.267413199 -3.09113493e-05 0.96358192 -0.267413199 -3.09113493e-05 0.96358192 -0.267413199 0 0.963722646 -0.266905755 0 0.963722646 -0.266905755 0 0.963722646 -0.266905755 -1 0 0 -1 0 0 0.995922446 -0.0352529027 -0.0830406621 0.995922446 -0.0352529027 -0.0830406621 0.995922446 -0.0352529027 -0.0830406621 0.998976052 -0.0063075521 -0.0447997488 0.998976052 -0.0063075521 -0.0447997488 0.998976052 -0.0063075521 -0.0447997488 0.995923936 -0.0125685213 -0.0893177465 0.995923936 -0.0125685213 -0.0893177465 0.995923936 -0.0125685213 -0.0893177465 0.998975992 0.00550457416 -0.0449066721 0.998975992 0.00550457416 -0.0449066721 0.998975992 0.00550457416 -0.0449066721 0 -0.96357882 0.267424524 0 -0.96357882 0.267424524 0 -0.96357882 0.267424524 -1.54569989e-05 -0.963716865 0.266926408 -1.54569989e-05 -0.963716865 0.266926408 -1.54569989e-05 -0.963716865 0.266926408 -1.55038324e-05 -0.999960244 0.00891651865 -1.55038324e-05 -0.999960244 0.00891651865 -1.55038324e-05 -0.999960244 0.00891651865 0 -0.999955475 0.00942937564 0 -0.999955475 0.00942937564 0 -0.999955475 0.00942937564 0 0.999960363 -0.00890746154 0 0.999960363 -0.00890746154 0 0.999960363 -0.00890746154 3.10377036e-05 0.999955416 -0.00944363233 3.10377036e-05 0.999955416 -0.00944363233 3.10377036e-05 0.999955416 -0.00944363233 3.0911353e-05 0.96358192 -0.267413229 3.0911353e-05 0.96358192 -0.267413229 3.0911353e-05 0.96358192 -0.267413229 0 0.963723719 -0.266901791 0 0.963723719 -0.266901791 0 0.963723719 -0.266901791 0 -0.601670563 0.79874444 0 -0.601670563 0.79874444 0 -0.601670563 0.79874444 0 -0.601670563 0.79874444 -0.258820444 0.58116895 -0.771527529 -0.258820444 0.58116895 -0.771527529 -0.258820444 0.58116895 -0.771527529 -0.258820593 0.58116895 -0.77152741 -0.70710659 0.425445437 -0.564797699 -0.70710659 0.425445437 -0.564797699 -0.70710659 0.425445437 -0.564797699 -0.707106411 0.425443798 -0.564799011 -0.965926111 0.155724779 -0.206728458 -0.965926111 0.155724779 -0.206728458 -0.965926111 0.155724779 -0.206728458 -0.965927005 0.155718908 -0.206728607 -0.965927005 -0.155718908 0.206728607 -0.965927005 -0.155718908 0.206728607 -0.965927005 -0.155718908 0.206728607 -0.96592617 -0.155725002 0.206727996 0 0.601670504 -0.79874438 0 0.601670504 -0.79874438 0 0.601670504 -0.79874438 0 0.601669431 -0.798745215 0.965926111 -0.155723393 0.206729352 0.965926111 -0.155723393 0.206729352 0.965926111 -0.155723393 0.206729352 0.965926409 -0.155721888 0.206729338 0.96592617 0.155721739 -0.206729889 0.96592617 0.155721739 -0.206729889 0.96592617 0.155721739 -0.206729889 0.96592617 0.155723318 -0.206729248 0.707106471 0.42544502 -0.564798176 0.707106471 0.42544502 -0.564798176 0.707106471 0.42544502 -0.564798176 0.707107365 0.425445646 -0.564796507 0.258821011 0.581167877 -0.771528006 0.258821011 0.581167877 -0.771528006 0.258821011 0.581167877 -0.771528006 0.258819282 0.581169128 -0.771527708 0.86602515 -0.300834239 0.399373502 0.86602515 -0.300834239 0.399373502 0.86602515 -0.300834239 0.399373502 0.866025746 -0.300835341 0.399371296 -0.707109094 -0.42544347 0.56479609 -0.707109094 -0.42544347 0.56479609 -0.707109094 -0.42544347 0.56479609 -0.707107246 -0.425444096 0.564797878 -0.258819014 -0.581168652 0.771528065 -0.258819014 -0.581168652 0.771528065 -0.258819014 -0.581168652 0.771528065 -0.258819729 -0.581168354 0.771528125 0.25881952 -0.581169605 0.77152729 0.25881952 -0.581169605 0.77152729 0.25881952 -0.581169605 0.77152729 0.258818448 -0.581167161 0.771529555 0.707108796 -0.425444037 0.564795852 0.707108796 -0.425444037 0.564795852 0.707108796 -0.425444037 0.564795852 0.7071051 -0.425445795 0.56479919 -0.866024494 -0.300836474 0.399373204 -0.866024494 -0.300836474 0.399373204 -0.866024494 -0.300836474 0.399373204 -0.866025865 -0.300835043 0.399371296 0 -0.798743665 -0.601671517 0 -0.798743665 -0.601671517 0 -0.798743665 -0.601671517 -1.46327835e-07 -0.798745692 -0.601668894 -2.39461926e-08 -0.798744619 -0.601670206 -1.28955548e-07 -0.798746526 -0.601667643 -5.64953195e-09 -0.798744559 -0.601670265 0 -0.79874146 -0.601674438 0 -0.79874146 -0.601674438 0 -0.798744619 -0.601670146 -1.53565907e-06 -0.798745573 -0.601668894 0 -0.798744559 -0.601670265 8.15686576e-07 -0.798743844 -0.601671159 0 -0.798745036 -0.601669669 -6.75900196e-07 -0.798744619 -0.601670146 0 -0.798744559 -0.601670206 1.05382207e-06 -0.798745811 -0.601668656 6.90880029e-08 -0.7987445 -0.601670384 0 -0.79874146 -0.601674318 0 -0.79874146 -0.601674318 4.69225689e-08 -0.798744678 -0.601670086 -6.97328289e-07 -0.798743963 -0.60167098 1.46328318e-07 -0.798744559 -0.601670206 0 -0.798745751 -0.601668835 -7.60612295e-07 -0.798743844 -0.601671159 0 -0.798745155 -0.60166955 -1.0113655e-06 0.798746049 0.601668179 -1.0113655e-06 0.798746049 0.601668179 -1.0113655e-06 0.798746049 0.601668179 0 0.798744619 0.601670265 1.32096193e-06 0.798743427 0.601671755 4.25816467e-07 0.798742354 0.601673245 2.19696676e-06 0.798738003 0.601678908 2.19696676e-06 0.798738003 0.601678908 -1.12990666e-08 0.798744738 0.601670027 -1.12990666e-08 0.798744738 0.601670027 -4.69225689e-08 0.798744678 0.601670086 2.67308837e-06 0.798745751 0.601668596 -6.76770469e-07 0.798744261 0.601670861 0 0.798744142 0.601670742 2.57266805e-07 0.798747182 0.601666749 0 0.798744559 0.601670265 0 0.798744917 0.601669788 -2.57266748e-07 0.798745632 0.601668775 0 0.798744559 0.601670146 6.76767741e-07 0.798744559 0.601670384 -9.57847774e-08 0.798744738 0.601670086 1.61194475e-06 0.798744917 0.601669669 5.5861733e-08 0.7987445 0.601670384 -1 -5.22582226e-08 0 -1 -5.22582226e-08 0 -1 -5.22582226e-08 0 -1 1.04516445e-07 0 -0.999354243 -0.00692203175 0.0352586135 -0.999354243 -0.00692203175 0.0352586135 -0.999354243 -0.00692203175 0.0352586135 -0.999959528 -0.00109392358 0.00892248377 -0.999959528 -0.00109392358 0.00892248377 -0.999959528 -0.00109392358 0.00892248377 0.999354362 -0.00436474802 0.0356604084 0.999354362 -0.00436474802 0.0356604084 0.999354362 -0.00436474802 0.0356604084 0.999959588 -0.00173486664 0.00881801918 0.999959588 -0.00173486664 0.00881801918 0.999959588 -0.00173486664 0.00881801918 1 8.22138554e-06 0 1 8.22138554e-06 0 1 8.22138554e-06 0 1 -4.11068004e-06 0 1 -4.11068004e-06 0 1 -4.11068004e-06 0 0.99999994 1.1994578e-05 0 -0.99999994 0 0 -1 0 0 -1 0 0 -0.99999994 0 0 0 -0.987574697 -0.157149807 0 -0.987574697 -0.157149807 0 -0.987574697 -0.157149807 0 -0.958578765 -0.28482762 0 -0.958578765 -0.28482762 0 -0.958578765 -0.28482762 0 -0.870447099 -0.492262065 0 -0.870447099 -0.492262065 0 -0.870447099 -0.492262065 0 -0.987569273 -0.157184333 0 -0.987569273 -0.157184333 0 -0.987569273 -0.157184333 0.000523256662 -0.968186736 -0.250228226 0.000523256662 -0.968186736 -0.250228226 0.000523256662 -0.968186736 -0.250228226 0 -0.968182504 -0.250245333 0 -0.968182504 -0.250245333 0 -0.968182504 -0.250245333 0 -0.968192697 -0.250205845 0 -0.968192697 -0.250205845 0 -0.968192697 -0.250205845 0 -0.968182385 -0.250245482 0 -0.968182385 -0.250245482 0 -0.968192697 -0.250205845 0 -0.968192697 -0.250205845 0 -0.968182385 -0.250245392 0 -0.968182385 -0.250245392 0 -0.968192637 -0.250205725 0 -0.968192637 -0.250205725 0 -0.968182385 -0.250245392 0 -0.968182385 -0.250245392 0 -0.968192697 -0.250205845 0 -0.968192697 -0.250205845 0 -0.968186915 -0.250228256 0 -0.968186915 -0.250228256 0 -0.968186915 -0.250228256 -0.000720352575 -0.958578467 -0.284827501 -0.000720352575 -0.958578467 -0.284827501 -0.000720352575 -0.958578467 -0.284827501 0 -0.870447099 -0.492262065 0 -0.870432496 -0.492287934 0 -0.870432496 -0.492287934 0 -0.870432496 -0.492287934 0 -0.870450675 -0.492255539 0 -0.870450675 -0.492255539 0 -0.870450556 -0.492255837 0 -0.870432377 -0.492288053 0 -0.870432377 -0.492288053 0 -0.870432377 -0.492288053 0 -0.870432496 -0.492287934 0 -0.870450616 -0.492255718 0 -0.870450616 -0.492255718 0 -0.870450616 -0.492255718 0 -0.870432436 -0.492287725 0 -0.870432436 -0.492287725 0 -0.870450556 -0.492255837 0 -0.870450556 -0.492255837 0 -0.870447099 -0.492262095 0 -0.87044698 -0.492262095 0 0.958582282 0.284815907 0 0.958582282 0.284815907 0 0.958582282 0.284815907 0 0.870444417 0.492266864 0 0.870444417 0.492266864 0 0.870444417 0.492266864 0 0.870444417 0.492266864 0.00123815576 0.987560809 0.157232866 0.00123815576 0.987560809 0.157232866 0.00123815576 0.987560809 0.157232866 -0.000468966726 0.958579361 0.284825474 -0.000468966726 0.958579361 0.284825474 -0.000468966726 0.958579361 0.284825474 0 0.987563431 0.15722093 0 0.987563431 0.15722093 0 0.987563431 0.15722093 0.00388258486 0.570787191 -0.821088791 0.00388258486 0.570787191 -0.821088791 0.00388258486 0.570787191 -0.821088791 0.00373970531 0.571585834 -0.820533752 0.00373970531 0.571585834 -0.820533752 0.00373970531 0.571585834 -0.820533752 0 0.477066666 -0.87886709 0 0.477066666 -0.87886709 0 0.477066666 -0.87886709 0.0711838454 0.488411009 -0.869705439 0.0711838454 0.488411009 -0.869705439 0.0711838454 0.488411009 -0.869705439 0.0697902218 0.490823179 -0.868459582 0.0697902218 0.490823179 -0.868459582 0.0697902218 0.490823179 -0.868459582 0.0208982639 0.576524436 -0.816812634 0.0208982639 0.576524436 -0.816812634 0.0208982639 0.576524436 -0.816812634 0.0752090737 0.490633816 -0.868114114 0.0752090737 0.490633816 -0.868114114 0.0752090737 0.490633816 -0.868114114 0.0279647037 0.580886304 -0.813504159 0.0279647037 0.580886304 -0.813504159 0.0279647037 0.580886304 -0.813504159 0.0277833957 0.581014574 -0.813418806 0.0277833957 0.581014574 -0.813418806 0.0277833957 0.581014574 -0.813418806 0.128752917 0.535593152 -0.834603369 0.128752917 0.535593152 -0.834603369 0.128752917 0.535593152 -0.834603369 0.0324233249 0.586289704 -0.809452415 0.0324233249 0.586289704 -0.809452415 0.0324233249 0.586289704 -0.809452415 0.139625326 0.553116798 -0.821319997 0.139625326 0.553116798 -0.821319997 0.139625326 0.553116798 -0.821319997 0.140399233 0.552774966 -0.821418226 0.140399233 0.552774966 -0.821418226 0.140399233 0.552774966 -0.821418226 0.0380839631 0.601233423 -0.798165441 0.0380839631 0.601233423 -0.798165441 0.0380839631 0.601233423 -0.798165441 0 -0.601677537 0.798739076 0 -0.601677537 0.798739076 0 -0.601677537 0.798739076 7.76101501e-07 -0.601671159 0.798743904 -3.10439941e-06 -0.601663649 0.798749566 -3.10439941e-06 -0.601663649 0.798749566 -3.10439941e-06 -0.601663649 0.798749566 -7.7610224e-07 -0.601668596 0.798745811 0.874019265 0.388105124 0.292343527 0.874019265 0.388105124 0.292343527 0.874019265 0.388105124 0.292343527 0.178833231 0.785867572 0.591971993 0.178833231 0.785867572 0.591971993 0.178833231 0.785867572 0.591971993 0.25881952 0.770350158 0.582729042 0.25881952 0.770350158 0.582729042 0.25881952 0.770350158 0.582729042 0.427399874 0.722115159 0.543947637 0.427399874 0.722115159 0.543947637 0.427399874 0.722115159 0.543947637 0.707105517 0.564799368 0.425445259 0.707105517 0.564799368 0.425445259 0.707105517 0.564799368 0.425445259 0.772779584 0.504903197 0.384557277 0.772779584 0.504903197 0.384557277 0.772779584 0.504903197 0.384557277 0.582296908 0.649357975 0.489146858 0.582296908 0.649357975 0.489146858 0.582296908 0.649357975 0.489146858 0.952030122 0.244165674 0.184450194 0.952030122 0.244165674 0.184450194 0.952030122 0.244165674 0.184450194 0.965924442 0.205703422 0.15708667 0.965924442 0.205703422 0.15708667 0.965924442 0.205703422 0.15708667 0.99786216 0.0521986336 0.0393241495 0.99786216 0.0521986336 0.0393241495 0.99786216 0.0521986336 0.0393241495 -0.998735964 -0.0401538722 -0.0302361604 -0.998735964 -0.0401538722 -0.0302361604 -0.998735964 -0.0401538722 -0.0302361604 -0.965923667 -0.206524089 -0.156010434 -0.965923667 -0.206524089 -0.156010434 -0.965923667 -0.206524089 -0.156010434 -0.756731629 -0.522054315 -0.393467218 -0.756731629 -0.522054315 -0.393467218 -0.756731629 -0.522054315 -0.393467218 -0.848010242 -0.423303217 -0.318893403 -0.848010242 -0.423303217 -0.318893403 -0.848010242 -0.423303217 -0.318893403 -0.951724589 -0.245179772 -0.184681386 -0.951724589 -0.245179772 -0.184681386 -0.951724589 -0.245179772 -0.184681386 -0.590216041 -0.643960297 -0.486785531 -0.590216041 -0.643960297 -0.486785531 -0.590216041 -0.643960297 -0.486785531 -0.707095444 -0.564816058 -0.425439566 -0.707095444 -0.564816058 -0.425439566 -0.707095444 -0.564816058 -0.425439566 -0.485476404 -0.698269904 -0.52605319 -0.485476404 -0.698269904 -0.52605319 -0.485476404 -0.698269904 -0.52605319 -0.25882113 -0.771440685 -0.581283927 -0.25882113 -0.771440685 -0.581283927 -0.25882113 -0.771440685 -0.581283927 -0.242574617 -0.774890423 -0.583697081 -0.242574617 -0.774890423 -0.583697081 -0.242574617 -0.774890423 -0.583697081 1 0 0 1 0 0 1 0 0 0.99999994 0 0 1 1.66484224e-05 0 1 1.66484224e-05 0 1 1.66484224e-05 0 1 -2.97672977e-06 0 1 -2.97672977e-06 0 1 -2.97672977e-06 0 1 -3.76073103e-06 0 1 0 0 1 0 0 1 0 0 1 0 0 1 0 0 1 0 0 1 1.00904481e-06 0 1 0 0 1 0 0 1 0 0 1 2.13167345e-06 0 1 -1.66004775e-05 0 1 -1.66004775e-05 0 1 -1.66004775e-05 0 0.99999994 4.32187608e-06 0 1 1.17767559e-05 0 1 0 0 0.99999994 -3.22459323e-06 0 1 0 0 1 0 0 1 0 0 1 0 0 1 0 0 1 0 0 1 0 0 1 2.71875297e-06 0 0.99999994 -1.9748536e-06 0 0.99999994 0 0 1 -1.10452329e-05 0 1 -1.10452329e-05 0 1 0 0 1 0 0 1 -1.11685972e-06 0 1 -2.12316621e-07 0 1 -2.12316621e-07 0 1 -2.12316621e-07 0 1 4.17962328e-05 0 1 4.17962328e-05 0 1 4.17962328e-05 0 1 0 0 1 0 0 1 0 0 1 7.00343253e-06 0 1 -2.88454612e-05 0 1 -2.88454612e-05 0 1 -2.88454612e-05 0 1 0 0 1 0 0 1 0 0 1 1.27029455e-06 0 1 -2.13167345e-06 0 1 1.60572893e-06 0 1 -2.91517108e-06 0 0.99999994 0 0 1 0 0 1 0 0 1 0 0 1 -5.4207685e-06 0 0.99999994 1.03637667e-05 0 0.99999994 1.03637667e-05 0 0.99999994 1.03637667e-05 0 0.99999994 -1.44639625e-05 0 0.99999994 -1.44639625e-05 0 0.99999994 -1.44639625e-05 0 1 7.42906195e-06 0 0.99999994 -1.95109169e-06 0 1 3.67389407e-06 0 1 -1.38340909e-06 0 1 -1.38340909e-06 0 1 -1.38340909e-06 0 1 0 0 1 0 0 1 0 0 1 0 0 1 0 0 1 0 0 1 0 0 1 0 0 1 3.73536227e-06 0 1 0 0 1 0 0 1 4.8320012e-06 0 1 -1.01755213e-05 0 1 -1.01755213e-05 0 1 2.35498283e-05 0 1 2.35498283e-05 0 1 2.35498283e-05 0 1 0 0 1 0 0 1 -5.98288989e-06 0 1 7.26892358e-06 0 1 7.26892358e-06 0 1 -7.46207934e-06 0 1 6.58127465e-06 0 1 6.58127465e-06 0 1 6.58127465e-06 0 1 0 0 1 -1.07048504e-06 0 1 1.45758622e-06 0 1 1.36211283e-05 0 1 1.36211283e-05 0 1 1.36211283e-05 0 1 0 0 1 0 0 1 -3.69426448e-06 0 1 0 0 0.99999994 -2.31698959e-06 0 0.99999994 0 0 1 0 0 1 1.07854512e-05 0 1 1.07854512e-05 0 1 1.07854512e-05 0 1 0 0 0.99999994 -2.71911745e-06 0 1 -1.09341784e-06 0 1 4.91572018e-06 0 1 2.17375123e-06 0 1 0 0 0.99999994 -6.96011193e-06 0 -0.99999994 0 0 -0.99999994 0 0 -0.99999994 0 0 -1 0 0 -1 0 0 -1 0 0 -1 0 0 -1 0 0 -1 0 0 -1 0 0 -1 0 0 -0.99999994 -6.77022399e-07 0 -1 1.15874559e-06 0 -1 0 0 -1 0 0 -1 0 0 -0.99999994 -2.80706408e-05 0 -0.99999994 -2.80706408e-05 0 -0.99999994 -2.80706408e-05 0 -1 9.37478944e-06 0 -1 9.37478944e-06 0 -1 0 0 -0.99999994 4.73263935e-06 0 -1 0 0 -1 -1.1661823e-05 0 -1 -1.1661823e-05 0 -1 -1.1661823e-05 0 -0.99999994 2.9622804e-06 0 -0.99999994 2.9622804e-06 0 -1 1.35937648e-06 0 -1 -1.7800329e-06 0 -1 5.83901556e-06 0 -1 0 0 -0.99999994 -9.75545845e-07 0 -1 0 0 -1 -3.02998751e-06 0 -0.99999994 -4.00902718e-06 0 -1 0 0 -1 7.01578483e-06 0 -1 -2.08226606e-06 0 -1 1.16732463e-05 0 -1 1.16732463e-05 0 -1 1.16732463e-05 0 -1 3.21145717e-06 0 -1 -8.74414013e-07 0 -1 0 0 -1 0 0 -0.99999994 0 0 -0.99999994 0 0 -1 1.70264354e-06 0 -1 -1.08687561e-06 0 -1 0 0 -0.99999994 2.78281959e-06 0 -1 0 0 -1 0 0 -1 -1.29425407e-05 0 -1 -1.29425407e-05 0 -1 -1.29425407e-05 0 -0.99999994 0 0 -0.99999994 0 0 -0.99999994 4.25278995e-06 0 -1 9.17240186e-07 0 -1 0 0 -1 0 0 -1 -5.1932825e-06 0 -0.99999994 0 0 -1 0 0 -0.99999994 0 0 -1 -1.93766436e-06 0 -1 -8.31369562e-07 0 -1 -1.90054357e-06 0 -1 1.49997902e-06 0 -1 0 0 -1 0 0 -1 -2.54058909e-06 0 -1 0 0 -1 2.46119271e-06 0 -1 -4.26333781e-06 0 -1 0 0 -1 -1.07048504e-06 0 -1 0 0 -1 -7.5214557e-06 0 -1 6.52931885e-06 0 -1 6.52931885e-06 0 -1 0 0 -1 2.4160006e-06 0 -1 0 0 -1 0 0 -1 0 0 -0.99999994 0 0 -0.99999994 0 0 -1 0 0 -1 0 0 -1 0 0 -0.99999994 0 0 -0.99999994 1.14981594e-06 0 -0.99999994 0 0 -0.99999994 0 0 -0.99999994 0 0 -0.99999994 1.07048425e-06 0 -1 -1.16780311e-05 0 -1 -1.16780311e-05 0 -1 -1.16780311e-05 0 -1 1.45758668e-06 0 -1 0 0 -1 -2.52421478e-06 0 -1 0 0 -1 -4.20205561e-06 0 -1 0 0 -1 0 0 -1 -1.64727817e-06 0 -1 0 0 -1 0 0 0 -0.601668715 0.798745751 0 -0.601668715 0.798745751 0 -0.601668715 0.798745751 0 -0.0525170043 -0.998619974 0 -0.0525170043 -0.998619974 0 -0.0525170043 -0.998619974 0 -0.0525170043 -0.998619974 0 -0.0525172651 -0.998620033 0 -0.0525169745 -0.998620093 0 -0.453828543 0.891089022 0 -0.453828543 0.891089022 0 -0.453828543 0.891089022 0 -0.453830332 0.891088128 0 -0.121688299 0.992568374 0 -0.121688299 0.992568374 0 -0.121688299 0.992568374 0 -0.121687755 0.992568374 0 0.0525172316 0.998620093 0 0.0525172316 0.998620093 0 0.0525172316 0.998620093 0 0.0525172204 0.998620033 0 0.0525171608 0.998620033 0 0.0525171384 0.998620093 0 -0.0901186764 0.995931029 0 -0.0901186764 0.995931029 0 -0.0901186764 0.995931029 0 -0.0901181921 0.995931089 0 -0.303038448 0.952978373 0 -0.303038448 0.952978373 0 -0.303038448 0.952978373 0 -0.303040147 0.952977836 0 -0.435562789 0.900158346 0 -0.435562789 0.900158346 0 -0.435562789 0.900158346 0 -0.435561091 0.900159121 0 -0.614196301 0.789153218 0 -0.614196301 0.789153218 0 -0.614196301 0.789153218 0 -0.614195883 0.789153695 0 -0.862161994 0.506632626 0 -0.862161994 0.506632626 0 -0.862161994 0.506632626 0 -0.862161994 0.506632626 0 -0.998168588 0.0604935884 0 -0.998168588 0.0604935884 0 -0.998168588 0.0604935884 0 -0.998168588 0.0604938529 0 -0.917034149 -0.398808807 0 -0.917034149 -0.398808807 0 -0.917034149 -0.398808807 0 -0.91703254 -0.398812532 0 -0.798744559 -0.601670206 0 -0.798744559 -0.601670206 0 -0.798744559 -0.601670206 0 -0.798744559 -0.601670206 0 -0.615805328 -0.787898302 0 -0.615805328 -0.787898302 0 -0.615805328 -0.787898302 0 -0.615803301 -0.787899852 0 -0.139353633 -0.99024272 0 -0.139353633 -0.99024272 0 -0.139353633 -0.99024272 0 -0.139353633 -0.99024272 0 0.374437273 -0.927252173 0 0.374437273 -0.927252173 0 0.374437273 -0.927252173 0 0.374439001 -0.927251577 0 0.601669908 -0.798744798 0 0.601669908 -0.798744798 0 0.601669908 -0.798744798 0 0.601669908 -0.798744798 0 0.374437869 -0.927251995 0 0.374437869 -0.927251995 0 0.374437869 -0.927251995 0 0.374437839 -0.927252054 0 0.00813208334 -0.999966919 0 0.00813208334 -0.999966919 0 0.00813208334 -0.999966919 0 0.00813213643 -0.999966919 0 -0.139350548 -0.990243137 0 -0.139350548 -0.990243137 0 -0.139350548 -0.990243137 0 -0.139349788 -0.990243137 0 -0.283793986 -0.958885312 0 -0.283793986 -0.958885312 0 -0.283793986 -0.958885312 0 -0.283792406 -0.958885729 0 -0.615804613 -0.787898839 0 -0.615804613 -0.787898839 0 -0.615804613 -0.787898839 0 -0.615804672 -0.787898839 0 -0.927251399 -0.374439389 0 -0.927251399 -0.374439389 0 -0.927251399 -0.374439389 0 -0.927252352 -0.374437004 0 -0.999966919 -0.00813324843 0 -0.999966919 -0.00813324843 0 -0.999966919 -0.00813324843 0 -0.999966919 -0.00813239533 0 -0.967998564 0.25095582 0 -0.967998564 0.25095582 0 -0.967998564 0.25095582 0 -0.967998564 0.25095582 0 -0.787899494 0.615803897 0 -0.787899494 0.615803897 0 -0.787899494 0.615803897 0 -0.787898362 0.615805328 0 -0.601669788 0.798744857 0 -0.601669788 0.798744857 0 -0.601669788 0.798744857 0 -0.601669908 0.798744798 0 -0.787898183 0.615805566 0 -0.787898183 0.615805566 0 -0.787898183 0.615805566 0 -0.787899673 0.615803719 0 -0.990243018 0.139351502 0 -0.990243018 0.139351502 0 -0.990243018 0.139351502 0 -0.990242839 0.139352292 0 -0.927252114 -0.3744376 0 -0.927252114 -0.3744376 0 -0.927252114 -0.3744376 0 -0.927252114 -0.374437451 0 -0.798744202 -0.601670921 0 -0.798744202 -0.601670921 0 -0.798744202 -0.601670921 0 -0.798744202 -0.601670861 0 -0.649585128 -0.760288835 0 -0.649585128 -0.760288835 0 -0.649585128 -0.760288835 0 -0.649585366 -0.760288715 0 -0.267414004 -0.963581622 0 -0.267414004 -0.963581622 0 -0.267414004 -0.963581622 0 -0.267413706 -0.963581741 0 -0.927251458 -0.374439269 0 -0.927251458 -0.374439269 0 -0.927251458 -0.374439269 0 -0.927252293 -0.374437392 0 -0.990242898 0.139352158 0 -0.990242898 0.139352158 0 -0.990242898 0.139352158 0 -0.990242958 0.139351398 0 -0.787898242 0.615805507 0 -0.787898242 0.615805507 0 -0.787898242 0.615805507 0 -0.787900627 0.615802526 0 -0.374437869 0.927252054 0 -0.374437869 0.927252054 0 -0.374437869 0.927252054 0 -0.374437392 0.927252293 0 0.139350906 0.990243018 0 0.139350906 0.990243018 0 0.139350906 0.990243018 0 0.139350906 0.990243018 0 0.615808666 0.787895679 0 0.615808666 0.787895679 0 0.615808666 0.787895679 0 0.615807593 0.787896514 0 0.927250028 0.374442756 0 0.927250028 0.374442756 0 0.927250028 0.374442756 0 0.92725122 0.374439687 0 0.990242481 -0.139354825 0 0.990242481 -0.139354825 0 0.990242481 -0.139354825 0 0.990242422 -0.139355406 0 0.787898898 -0.615804613 0 0.787898898 -0.615804613 0 0.787898898 -0.615804613 0 0.787899911 -0.615803301 0 0.374437392 -0.927252293 0 0.374437392 -0.927252293 0 0.374437392 -0.927252293 0 0.374437869 -0.927252054 0 -0.13935329 -0.99024266 0 -0.13935329 -0.99024266 0 -0.13935329 -0.99024266 0 -0.139353484 -0.99024266 0 -0.615803301 -0.787899911 0 -0.615803301 -0.787899911 0 -0.615803301 -0.787899911 0 -0.615804613 -0.787898898 0 -0.927250981 -0.374440432 0 -0.927250981 -0.374440432 0 -0.927250981 -0.374440432 0 -0.927251995 -0.374437928 0 -0.99024266 0.139353484 0 -0.99024266 0.139353484 0 -0.99024266 0.139353484 0 -0.990242898 0.139352068 0 -0.78789854 0.615805089 0 -0.78789854 0.615805089 0 -0.78789854 0.615805089 0 -0.787899911 0.615803301 0 -0.374437958 0.927251995 0 -0.374437958 0.927251995 0 -0.374437958 0.927251995 0 -0.374437869 0.927252054 0 0.139353245 0.99024272 0 0.139353245 0.99024272 0 0.139353245 0.99024272 0 0.139353275 0.99024272 0 0.615804076 0.787899375 0 0.615804076 0.787899375 0 0.615804076 0.787899375 0 0.615804136 0.787899315 0 0.927251458 0.374439299 0 0.927251458 0.374439299 0 0.927251458 0.374439299 0 0.927252233 0.374437451 0 0.990242839 -0.139352396 0 0.990242839 -0.139352396 0 0.990242839 -0.139352396 0 0.990242898 -0.139351666 0 0.787898898 -0.615804613 0 0.787898898 -0.615804613 0 0.787898898 -0.615804613 0 0.787899911 -0.615803301 0 0.374437749 -0.927251995 0 0.374437749 -0.927251995 0 0.374437749 -0.927251995 0 0.374437749 -0.927251995 0 -0.139353111 -0.99024272 0 -0.139353111 -0.99024272 0 -0.139353111 -0.99024272 0 -0.139353111 -0.99024272 0 -0.615804493 -0.787899017 0 -0.615804493 -0.787899017 0 -0.615804493 -0.787899017 0 -0.61580497 -0.7878986 0 -0.927250981 -0.374440432 0 -0.927250981 -0.374440432 0 -0.927250981 -0.374440432 0 -0.927251637 -0.374438494 0 -0.990242898 0.139352158 0 -0.990242898 0.139352158 0 -0.990242898 0.139352158 0 -0.990242958 0.139351398 0 -0.787897587 0.615806341 0 -0.787897587 0.615806341 0 -0.787897587 0.615806341 0 -0.787899911 0.615803301 0 -0.374438286 0.927251816 0 -0.374438286 0.927251816 0 -0.374438286 0.927251816 0 -0.374437392 0.927252293 0 0.139352635 0.990242839 0 0.139352635 0.990242839 0 0.139352635 0.990242839 0 0.139352456 0.990242898 0 0.615804613 0.787898898 0 0.615804613 0.787898898 0 0.615804613 0.787898898 0 0.615804613 0.787898898 0 0.927252293 0.374437392 0 0.927252293 0.374437392 0 0.927252293 0.374437392 0 0.927250564 0.374441624 0 0.99024266 -0.139353484 0 0.99024266 -0.139353484 0 0.99024266 -0.139353484 0 0.990242541 -0.139354065 0 0.787898898 -0.615804613 0 0.787898898 -0.615804613 0 0.787898898 -0.615804613 0 0.787899911 -0.615803301 0 0.374438286 -0.927251816 0 0.374438286 -0.927251816 0 0.374438286 -0.927251816 0 0.374437869 -0.927252054 0 -0.139353961 -0.9902426 0 -0.139353961 -0.9902426 0 -0.139353961 -0.9902426 0 -0.139353782 -0.99024266 0 -0.615804613 -0.787898898 0 -0.615804613 -0.787898898 0 -0.615804613 -0.787898898 0 -0.615802944 -0.787900209 0 -0.927251935 -0.374438077 0 -0.927251935 -0.374438077 0 -0.927251935 -0.374438077 0 -0.927251637 -0.374438494 0 -0.990242541 0.139354065 0 -0.990242541 0.139354065 0 -0.990242541 0.139354065 0 -0.990242898 0.139352158 0 -0.787898898 0.615804613 0 -0.787898898 0.615804613 0 -0.787898898 0.615804613 0 -0.787899911 0.615803301 0 -0.374438494 0.927251637 0 -0.374438494 0.927251637 0 -0.374438494 0.927251637 0 -0.374439478 0.927251339 0 0.139354154 0.990242541 0 0.139354154 0.990242541 0 0.139354154 0.990242541 0 0.139353782 0.99024266 0 0.615804613 0.787898898 0 0.615804613 0.787898898 0 0.615804613 0.787898898 0 0.615803301 0.787899911 0 0.927251637 0.374438494 0 0.927251637 0.374438494 0 0.927251637 0.374438494 0 0.927252769 0.3744362 0 0.990242898 -0.139352158 0 0.990242898 -0.139352158 0 0.990242898 -0.139352158 0 0.990242898 -0.139352158 0 0.787897587 -0.615806341 0 0.787897587 -0.615806341 0 0.787897587 -0.615806341 0 0.787900209 -0.615802944 0 0.374438286 -0.927251816 0 0.374438286 -0.927251816 0 0.374438286 -0.927251816 0 0.374438494 -0.927251637 0 -0.139351785 -0.990242958 0 -0.139351785 -0.990242958 0 -0.139351785 -0.990242958 0 -0.139352456 -0.990242898 0 -0.615804613 -0.787898898 0 -0.615804613 -0.787898898 0 -0.615804613 -0.787898898 0 -0.615803301 -0.787899911 0 -0.927252293 -0.374437392 0 -0.927252293 -0.374437392 0 -0.927252293 -0.374437392 0 -0.927252293 -0.374437392 0 -0.990242898 0.139352158 0 -0.990242898 0.139352158 0 -0.990242898 0.139352158 0 -0.990242958 0.139351398 0 -0.787898242 0.615805507 0 -0.787898242 0.615805507 0 -0.787898242 0.615805507 0 -0.787900627 0.615802526 0 -0.374437869 0.927252054 0 -0.374437869 0.927252054 0 -0.374437869 0.927252054 0 -0.374437392 0.927252293 0 0.139350235 0.990243077 0 0.139350235 0.990243077 0 0.139350235 0.990243077 0 0.139350235 0.990243077 0 0.615807593 0.787896514 0 0.615807593 0.787896514 0 0.615807593 0.787896514 0 0.615807593 0.787896514 0 0.927249551 0.374443918 0 0.927249551 0.374443918 0 0.927249551 0.374443918 0 0.92725122 0.374439687 0 0.990242541 -0.139354065 0 0.990242541 -0.139354065 0 0.990242541 -0.139354065 0 0.990242302 -0.139356166 0 0.787898898 -0.615804613 0 0.787898898 -0.615804613 0 0.787898898 -0.615804613 0 0.787898898 -0.615804613 0 0.374439001 -0.927251518 0 0.374439001 -0.927251518 0 0.374439001 -0.927251518 0 0.374439001 -0.927251518 0 -0.13935329 -0.99024266 0 -0.13935329 -0.99024266 0 -0.13935329 -0.99024266 0 -0.13935329 -0.99024266 0 -0.615803957 -0.787899375 0 -0.615803957 -0.787899375 0 -0.615803957 -0.787899375 0 -0.615803957 -0.787899375 6.20880473e-06 -0.601670802 0.798744082 0 -0.601669848 0.798744977 6.20881747e-06 -0.601668656 0.798745751 7.76101444e-07 -0.601669729 0.798744977 -3.10441897e-06 -0.601673484 0.798742175 -3.10441897e-06 -0.601673484 0.798742175 0 -0.601671338 0.798743784 -0.0381191857 0.598130047 -0.800491929 -0.0381191857 0.598130047 -0.800491929 -0.0381191857 0.598130047 -0.800491929 -0.0371192396 0.598261654 -0.80044055 -0.0371192396 0.598261654 -0.80044055 -0.0371192396 0.598261654 -0.80044055 -0.147790343 0.595063686 -0.789972901 -0.147790343 0.595063686 -0.789972901 -0.147790343 0.595063686 -0.789972901 -0.133170381 0.537904859 -0.832420528 -0.133170381 0.537904859 -0.832420528 -0.133170381 0.537904859 -0.832420528 -0.130420953 0.539340138 -0.831927001 -0.130420953 0.539340138 -0.831927001 -0.130420953 0.539340138 -0.831927001 -0.0309701115 0.584549308 -0.810766935 -0.0309701115 0.584549308 -0.810766935 -0.0309701115 0.584549308 -0.810766935 -0.13040714 0.534737289 -0.834895194 -0.13040714 0.534737289 -0.834895194 -0.13040714 0.534737289 -0.834895194 -0.0254791714 0.578906536 -0.814995825 -0.0254791714 0.578906536 -0.814995825 -0.0254791714 0.578906536 -0.814995825 -0.0253307428 0.579048157 -0.814899802 -0.0253307428 0.579048157 -0.814899802 -0.0253307428 0.579048157 -0.814899802 -0.0743376315 0.492119342 -0.867347956 -0.0743376315 0.492119342 -0.867347956 -0.0743376315 0.492119342 -0.867347956 -0.0187197421 0.575351 -0.817692339 -0.0187197421 0.575351 -0.817692339 -0.0187197421 0.575351 -0.817692339 -0.0524083562 0.483429641 -0.873812973 -0.0524083562 0.483429641 -0.873812973 -0.0524083562 0.483429641 -0.873812973 -0.0526894256 0.48273471 -0.874180198 -0.0526894256 0.48273471 -0.874180198 -0.0526894256 0.48273471 -0.874180198 0 0.570811093 -0.82108146 0 0.570811093 -0.82108146 0 0.570811093 -0.82108146 -0.983878493 0.14284645 0.107601881 -0.983878493 0.14284645 0.107601881 -0.983878493 0.14284645 0.107601881 -0.965923905 0.205551341 0.157288 -0.965923905 0.205551341 0.157288 -0.965923905 0.205551341 0.157288 -0.707104921 0.563514233 0.427146703 -0.707104921 0.563514233 0.427146703 -0.707104921 0.563514233 0.427146703 -0.812981009 0.465101182 0.350346565 -0.812981009 0.465101182 0.350346565 -0.812981009 0.465101182 0.350346565 -0.904067278 0.341375768 0.257147938 -0.904067278 0.341375768 0.257147938 -0.904067278 0.341375768 0.257147938 -0.065337725 0.797037959 0.600384414 -0.065337725 0.797037959 0.600384414 -0.065337725 0.797037959 0.600384414 -0.305913299 0.759176135 0.574515998 -0.305913299 0.759176135 0.574515998 -0.305913299 0.759176135 0.574515998 -0.258819669 0.771211267 0.581588805 -0.258819669 0.771211267 0.581588805 -0.258819669 0.771211267 0.581588805 -0.485905796 0.69811213 0.525865972 -0.485905796 0.69811213 0.525865972 -0.485905796 0.69811213 0.525865972 -0.634567022 0.617323995 0.465011507 -0.634567022 0.617323995 0.465011507 -0.634567022 0.617323995 0.465011507 0.529959023 -0.677354276 -0.510230184 0.529959023 -0.677354276 -0.510230184 0.529959023 -0.677354276 -0.510230184 0.258817166 -0.771528423 -0.581169069 0.258817166 -0.771528423 -0.581169069 0.258817166 -0.771528423 -0.581169069 0.306894869 -0.759939432 -0.572981417 0.306894869 -0.759939432 -0.572981417 0.306894869 -0.759939432 -0.572981417 0.0501618832 -0.797739744 -0.600911856 0.0501618832 -0.797739744 -0.600911856 0.0501618832 -0.797739744 -0.600911856 0.653692067 -0.604350805 -0.45546329 0.653692067 -0.604350805 -0.45546329 0.653692067 -0.604350805 -0.45546329 0.707106769 -0.564465702 -0.42588526 0.707106769 -0.564465702 -0.42588526 0.707106769 -0.564465702 -0.42588526 0.807135463 -0.471551955 -0.355205655 0.807135463 -0.471551955 -0.355205655 0.807135463 -0.471551955 -0.355205655 0.965925038 -0.206732884 -0.155725643 0.965925038 -0.206732884 -0.155725643 0.965925038 -0.206732884 -0.155725643 0.970124781 -0.19369328 -0.14608489 0.970124781 -0.19369328 -0.14608489 0.970124781 -0.19369328 -0.14608489 0.874277711 -0.387731582 -0.292066306 0.874277711 -0.387731582 -0.292066306 0.874277711 -0.387731582 -0.292066306 -0.99999994 0 0 -0.99999994 0 0 -0.99999994 0 0 -1 -9.01420663e-07 0 -1 -9.01420663e-07 0 -1 -9.01420663e-07 0 -1 1.00562424e-07 0 -1 0 0 -0.99999994 2.46491627e-08 0 -1 0 0 -1 -2.36427937e-07 0 -1 -2.36427937e-07 0 -1 0 0 -1 0 0 -1 -8.09848828e-08 0 -0.99999994 -1.2342835e-07 0 -1 0 0 -1 0 0 -1 0 0 -1 0 0 -1 0 0 -0.99999994 1.03669981e-06 0 -1 -5.8592434e-08 0 -1 0 0 -1 0 0 -0.99999994 -7.11335559e-08 0 -1 0 0 -1 1.89374219e-07 0 -0.99999994 2.50564199e-07 0 -1 0 0 -1 -2.50563744e-07 0 -1 2.50987426e-07 0 -1 -4.25587103e-07 0 -0.99999994 7.69343611e-09 0 -1 -2.45198862e-07 0 -1 0 0 -1 8.69326584e-08 0 -1 0 0 -1 0 0 -1 0 0 -0.99999994 8.69631123e-08 0 -1 0 0 -0.99999994 0 0 -1 -3.19245657e-07 0 -1 2.71718903e-07 0 -1 1.00225907e-06 0 -1 6.74090685e-08 0 -0.99999994 -9.29966077e-08 0 -0.99999994 -8.85997906e-08 0 -1 0 0 -1 2.15035641e-07 0 -1 2.15035641e-07 0 -1 0 0 -0.99999994 -5.15937813e-07 0 -1 3.63312068e-07 0 -1 -6.4950747e-08 0 -1 0 0 -1 0 0 -1 0 0 -1 0 0 -1 0 0 -1 0 0 -1 -7.55000187e-08 0 -1 0 0 -1 0 0 -1 0 0 -1 -3.20516307e-07 0 -1 -3.20516307e-07 0 -1 4.70091038e-07 0 -0.99999994 0 0 -1 0 0 -1 4.55495694e-08 0 -1 -7.93934092e-08 0 -1 0 0 -1 9.05579967e-08 0 -1 2.508955e-08 0 -1 -3.07877229e-07 0 -1 -3.07877229e-07 0 -1 1.26130601e-07 0 -1 0 0 -1 -6.3105368e-08 0 -1 5.63239894e-07 0 -1 -1.7508566e-07 0 -1 0 0 -1 0 0 -1 5.14774428e-08 0 -1 0 0 -1 0 0 -1 0 0 -1 -1.95098835e-07 0 -1 7.76938748e-07 0 -0.99999994 2.70117244e-08 0 -1 0 0 -1 -5.87614366e-08 0 -0.99999994 1.60258253e-07 0 -0.99999994 -6.69052653e-08 0 -1 0 0 1 -3.19029234e-14 0 1 -3.19029234e-14 0 1 -3.19029234e-14 0 0.99999994 0 0 1 0 0 1 -2.7798405e-14 0 1 0 0 1 0 0 1 -4.9092715e-14 0 1 0 -1.33597721e-14 1 7.94110261e-14 -2.02838539e-14 1 0 0 1 0 0 1 0 0 1 0 0 1 -2.36810541e-14 7.63387186e-17 0.99999994 0 -6.25590142e-14 0.99999994 2.06083103e-13 0 1 -4.48467652e-13 3.15892264e-14 1 6.20202471e-14 1.27446922e-13 1 2.05117363e-13 0 0.99999994 -4.80501835e-14 0 1 -1.8643761e-14 0 1 0 0 1 0 0 1 0 0 1 2.02562881e-14 0 0.99999994 2.94276119e-14 0 1 1.15467897e-13 -1.96947421e-15 1 1.15467897e-13 -1.96947421e-15 1 1.15467897e-13 -1.96947421e-15 1 0 -6.44926481e-14 1 0 0 1 0 0 1 2.82076283e-13 0 1 0 0 1 0 0 1 0 0 0.99999994 0 0 1 -3.6574842e-14 0 1 0 0 1 0 0 0.99999994 -7.78277843e-15 -2.79862587e-15 1 4.43259761e-14 2.25101309e-16 0.99999994 -3.39398716e-14 8.96048944e-16 1 0 0 1 0 0 1 1.13969199e-11 0 0.99999994 -4.84558877e-15 2.46065056e-16 1 -5.47452878e-14 0 0.99999994 -2.47091464e-13 0 0.99999994 -2.47091464e-13 0 0.99999994 -3.0886433e-14 0 1 0 7.39854819e-14 1 0 7.39854819e-14 1 0 0 1 0 0 1 0 0 1 0 -5.52796656e-15 1 4.82606685e-13 -9.79010059e-13 1 0 -9.44160462e-12 1 -1.89288638e-14 0 1 1.58822049e-14 0 1 0 0 1 0 0 1 6.25130644e-13 0 1 6.25130644e-13 0 1 0 0 1 0 0 1 0 0 1 4.73834703e-14 0 1 4.73834703e-14 0 1 4.73834703e-14 0 0.99999994 3.49324587e-14 0 1 0 0 1 4.33101736e-14 0 1 -8.91520066e-14 -7.20281751e-15 1 -1.51641571e-13 -1.56347357e-14 1 1.11193647e-13 0 1 -9.80686344e-14 0 1 0 0 1 0 0 1 1.08598636e-14 -2.30342055e-14 1 0 0 1 0 0 1 0 0 1 0 0 1 -1.61957087e-14 0 1 -2.53713659e-14 0 1 0 0 1 0 0 0.99999994 1.01295018e-14 0 1 0 0 1 -5.50488305e-14 0 1 0 0 0.99999994 1.72629177e-14 0 1 -9.23825632e-14 0 0 -0.0525169671 -0.998620033 0 -0.0525169671 -0.998620033 0 -0.0525169671 -0.998620033 0 -0.0525169782 -0.998619974 0 -0.0525171906 -0.998620033 0 -0.0525172018 -0.998619974 0 -0.601669192 0.798745394 0 -0.601669192 0.798745394 0 -0.267413557 -0.9635818 0 -0.267413557 -0.9635818 0 -0.267413557 -0.9635818 0 -0.267413855 -0.963581741 0 -0.649585426 -0.760288596 0 -0.649585426 -0.760288596 0 -0.649585426 -0.760288596 0 -0.649586022 -0.760288 0 -0.798744678 -0.601670086 0 -0.798744678 -0.601670086 0 -0.798744678 -0.601670086 0 -0.798744738 -0.601670146 0 -0.927251995 -0.37443772 0 -0.927251995 -0.37443772 0 -0.927251995 -0.37443772 0 -0.927252054 -0.37443772 0 -0.990242958 0.139351875 0 -0.990242958 0.139351875 0 -0.990242958 0.139351875 0 -0.990242958 0.139351875 0 -0.787899137 0.615804255 0 -0.787899137 0.615804255 0 -0.787899137 0.615804255 0 -0.787899077 0.615804374 0 -0.601670325 0.798744559 0 -0.601670325 0.798744559 0 -0.601670325 0.798744559 0 -0.601670086 0.798744678 0 -0.787899196 0.615804255 0 -0.787899196 0.615804255 0 -0.787899196 0.615804255 0 -0.787899315 0.615803957 0 -0.967998385 0.250956506 0 -0.967998385 0.250956506 0 -0.967998385 0.250956506 0 -0.967998564 0.25095585 0 -0.999966919 -0.00813240279 0 -0.999966919 -0.00813240279 0 -0.999966919 -0.00813240279 0 -0.999966919 -0.00813240185 0 -0.927251756 -0.374438405 0 -0.927251756 -0.374438405 0 -0.927251756 -0.374438405 0 -0.927251935 -0.374438137 0 -0.615804195 -0.787899137 0 -0.615804195 -0.787899137 0 -0.615804195 -0.787899137 0 -0.615804195 -0.787899256 0 -0.283793569 -0.958885431 0 -0.283793569 -0.958885431 0 -0.283793569 -0.958885431 0 -0.283793658 -0.958885372 0 -0.139350101 -0.990243196 0 -0.139350101 -0.990243196 0 -0.139350101 -0.990243196 0 -0.139350086 -0.990243196 0 0.00813212246 -0.99996686 0 0.00813212246 -0.99996686 0 0.00813212246 -0.99996686 0 0.00813212246 -0.999966919 0 0.374438137 -0.927251935 0 0.374438137 -0.927251935 0 0.374438137 -0.927251935 0 0.374438137 -0.927251935 0 0.601669967 -0.798744619 0 0.601669967 -0.798744619 0 0.601669967 -0.798744619 0 0.601670265 -0.798744559 0 0.374438435 -0.927251756 0 0.374438435 -0.927251756 0 0.374438435 -0.927251756 0 0.374438465 -0.927251756 0 -0.139353618 -0.99024272 0 -0.139353618 -0.99024272 0 -0.139353618 -0.99024272 0 -0.139353633 -0.99024272 0 -0.615804255 -0.787899196 0 -0.615804255 -0.787899196 0 -0.615804255 -0.787899196 0 -0.615803242 -0.787899911 0 -0.79874444 -0.601670384 0 -0.79874444 -0.601670384 0 -0.79874444 -0.601670384 0 -0.798744857 -0.601669848 0 -0.917033434 -0.398810476 0 -0.917033434 -0.398810476 0 -0.917033434 -0.398810476 0 -0.917034149 -0.398808599 0 -0.998168528 0.0604937859 0 -0.998168528 0.0604937859 0 -0.998168528 0.0604937859 0 -0.998168588 0.0604937859 0 -0.862162113 0.506632388 0 -0.862162113 0.506632388 0 -0.862162113 0.506632388 0 -0.862162173 0.506632388 0 -0.614196062 0.789153516 0 -0.614196062 0.789153516 0 -0.614196062 0.789153516 0 -0.614196181 0.789153457 0 -0.435562283 0.900158584 0 -0.435562283 0.900158584 0 -0.435562283 0.900158584 0 -0.435562283 0.900158584 0 -0.303039223 0.952978075 0 -0.303039223 0.952978075 0 -0.303039223 0.952978075 0 -0.303039253 0.952978075 0 -0.0901183188 0.995931029 0 -0.0901183188 0.995931029 0 -0.0901183188 0.995931029 0 -0.0901183113 0.995931029 0 0.0525172427 0.998619974 0 0.0525172427 0.998619974 0 0.0525172427 0.998619974 0 0.0525172576 0.998619974 0 0.0525170602 0.998620033 0 0.0525170863 0.998620093 0 -0.12168815 0.992568374 0 -0.12168815 0.992568374 0 -0.12168815 0.992568374 0 -0.121688411 0.992568374 0 -0.453828692 0.891088843 0 -0.453828692 0.891088843 0 -0.453828692 0.891088843 0 -0.453828692 0.891088843 0 0.615807295 0.787896812 0 0.615807295 0.787896812 0 0.615807295 0.787896812 0 0.61580658 0.787897289 0 0.139350981 0.990243018 0 0.139350981 0.990243018 0 0.139350981 0.990243018 0 0.139350981 0.990243018 0 -0.374437898 0.927252054 0 -0.374437898 0.927252054 0 -0.374437898 0.927252054 0 -0.374438405 0.927251875 0 -0.787899494 0.615803957 0 -0.787899494 0.615803957 0 -0.787899494 0.615803957 0 -0.78789866 0.615804791 0 -0.990242958 0.139351889 0 -0.990242958 0.139351889 0 -0.990242958 0.139351889 0 -0.990242958 0.139351889 0 -0.927252293 -0.374437392 0 -0.927252293 -0.374437392 0 -0.927252293 -0.374437392 0 -0.927252293 -0.374437392 0 -0.615803897 -0.787899375 0 -0.615803897 -0.787899375 0 -0.615803897 -0.787899375 0 -0.615803242 -0.787899911 0 -0.139353469 -0.99024266 0 -0.139353469 -0.99024266 0 -0.139353469 -0.99024266 0 -0.139353111 -0.990242839 0 0.374438345 -0.927251875 0 0.374438345 -0.927251875 0 0.374438345 -0.927251875 0 0.374437928 -0.927252054 0 0.787898779 -0.615804791 0 0.787898779 -0.615804791 0 0.787898779 -0.615804791 0 0.787899375 -0.615803957 0 0.990242481 -0.139354348 0 0.990242481 -0.139354348 0 0.990242481 -0.139354348 0 0.99024266 -0.139354393 0 0.927250862 0.37444064 0 0.927250862 0.37444064 0 0.927250862 0.37444064 0 0.927250862 0.374440581 0 0.615803897 0.787899375 0 0.615803897 0.787899375 0 0.615803897 0.787899375 0 0.615803778 0.787899613 0 0.139353231 0.99024272 0 0.139353231 0.99024272 0 0.139353231 0.99024272 0 0.139353141 0.99024272 0 -0.374438226 0.927251875 0 -0.374438226 0.927251875 0 -0.374438226 0.927251875 0 -0.374438405 0.927251875 0 -0.787899137 0.615804374 0 -0.787899137 0.615804374 0 -0.787899137 0.615804374 0 -0.787899077 0.615804374 0 -0.99024272 0.139353231 0 -0.99024272 0.139353231 0 -0.99024272 0.139353231 0 -0.99024272 0.139353216 0 -0.927251637 -0.374438494 0 -0.927251637 -0.374438494 0 -0.927251637 -0.374438494 0 -0.927251637 -0.374438494 0 -0.615804613 -0.787898898 0 -0.615804613 -0.787898898 0 -0.615804613 -0.787898898 0 -0.615804374 -0.787899017 0 -0.139353022 -0.990242839 0 -0.139353022 -0.990242839 0 -0.139353022 -0.990242839 0 -0.139353052 -0.99024272 0 0.374438107 -0.927251935 0 0.374438107 -0.927251935 0 0.374438107 -0.927251935 0 0.374438226 -0.927251875 0 0.787899256 -0.615804136 0 0.787899256 -0.615804136 0 0.787899256 -0.615804136 0 0.787899256 -0.615804195 0 0.990242839 -0.139352232 0 0.990242839 -0.139352232 0 0.990242839 -0.139352232 0 0.990242898 -0.139352188 0 0.927252114 0.374437571 0 0.927252114 0.374437571 0 0.927252114 0.374437571 0 0.927252114 0.374437571 0 0.61580497 0.7878986 0 0.61580497 0.7878986 0 0.61580497 0.7878986 0 0.61580503 0.7878986 0 0.139352277 0.990242839 0 0.139352277 0.990242839 0 0.139352277 0.990242839 0 0.139352649 0.990242839 0 -0.374437898 0.927252054 0 -0.374437898 0.927252054 0 -0.374437898 0.927252054 0 -0.374437928 0.927252054 0 -0.787899494 0.615803957 0 -0.787899494 0.615803957 0 -0.787899494 0.615803957 0 -0.787899375 0.615803957 0 -0.990242958 0.139351889 0 -0.990242958 0.139351889 0 -0.990242958 0.139351889 0 -0.990242958 0.139351889 0 -0.927252769 -0.3744362 0 -0.927252769 -0.3744362 0 -0.927252769 -0.3744362 0 -0.927251637 -0.374438494 0 -0.615802944 -0.787900269 0 -0.615802944 -0.787900269 0 -0.615802944 -0.787900269 0 -0.615804195 -0.787899196 0 -0.139353752 -0.99024272 0 -0.139353752 -0.99024272 0 -0.139353752 -0.99024272 0 -0.139353931 -0.99024266 0 0.374438345 -0.927251875 0 0.374438345 -0.927251875 0 0.374438345 -0.927251875 0 0.374438405 -0.927251875 0 0.787899494 -0.615803957 0 0.787899494 -0.615803957 0 0.787899494 -0.615803957 0 0.787899375 -0.615803957 0 0.990242481 -0.139354348 0 0.990242481 -0.139354348 0 0.990242481 -0.139354348 0 0.990242839 -0.139353052 0 0.927251101 0.374440134 0 0.927251101 0.374440134 0 0.927251101 0.374440134 0 0.927251995 0.374437779 0 0.615803003 0.78790009 0 0.615803003 0.78790009 0 0.615803003 0.78790009 0 0.615804434 0.787899077 0 0.139353365 0.99024272 0 0.139353365 0.99024272 0 0.139353365 0.99024272 0 0.13935411 0.990242541 0 -0.374438465 0.927251637 0 -0.374438465 0.927251637 0 -0.374438465 0.927251637 0 -0.374438435 0.927251756 0 -0.787900567 0.615802467 0 -0.787900567 0.615802467 0 -0.787900567 0.615802467 0 -0.787897825 0.615805864 0 -0.990243018 0.139351726 0 -0.990243018 0.139351726 0 -0.990243018 0.139351726 0 -0.9902426 0.139354408 0 -0.927251518 -0.374439031 0 -0.927251518 -0.374439031 0 -0.927251518 -0.374439031 0 -0.927251518 -0.374439031 0 -0.615803838 -0.787899435 0 -0.615803838 -0.787899435 0 -0.615803838 -0.787899435 0 -0.615805209 -0.787898481 0 -0.139352232 -0.990242898 0 -0.139352232 -0.990242898 0 -0.139352232 -0.990242898 0 -0.139352232 -0.990242898 0 0.374438167 -0.927251875 0 0.374438167 -0.927251875 0 0.374438167 -0.927251875 0 0.374439061 -0.927251518 0 0.787899196 -0.615804255 0 0.787899196 -0.615804255 0 0.787899196 -0.615804255 0 0.787899196 -0.615804315 0 0.990242958 -0.139351845 0 0.990242958 -0.139351845 0 0.990242958 -0.139351845 0 0.990242958 -0.13935186 0 0.92725265 0.374436319 0 0.92725265 0.374436319 0 0.92725265 0.374436319 0 0.92725265 0.374436319 0 0.615806878 0.78789717 0 0.615806878 0.78789717 0 0.615806878 0.78789717 0 0.615807533 0.787896633 0 0.13935034 0.990243077 0 0.13935034 0.990243077 0 0.13935034 0.990243077 0 0.13935034 0.990243077 0 -0.374437392 0.927252173 0 -0.374437392 0.927252173 0 -0.374437392 0.927252173 0 -0.374438405 0.927251875 0 -0.787899494 0.615803957 0 -0.787899494 0.615803957 0 -0.787899494 0.615803957 0 -0.787899375 0.615803957 0 -0.990242958 0.139351889 0 -0.990242958 0.139351889 0 -0.990242958 0.139351889 0 -0.990242958 0.139351889 0 -0.927252173 -0.374437571 0 -0.927252173 -0.374437571 0 -0.927252173 -0.374437571 0 -0.927252173 -0.374437571 0 -0.615804315 -0.787899137 0 -0.615804315 -0.787899137 0 -0.615804315 -0.787899137 0 -0.615804374 -0.787899137 0 -0.139353111 -0.990242839 0 -0.139353111 -0.990242839 0 -0.139353111 -0.990242839 0 -0.13935329 -0.99024266 0 0.374438941 -0.927251518 0 0.374438941 -0.927251518 0 0.374438941 -0.927251518 0 0.374438941 -0.927251637 0 0.78789854 -0.615805149 0 0.78789854 -0.615805149 0 0.78789854 -0.615805149 0 0.787899196 -0.615804315 0 0.990242362 -0.139355525 0 0.990242362 -0.139355525 0 0.990242362 -0.139355525 0 0.9902426 -0.139354199 0 0.927250862 0.37444064 0 0.927250862 0.37444064 0 0.927250862 0.37444064 0 0.927249968 0.374442935 2.48351589e-05 -0.121689565 0.992568195 2.48351589e-05 -0.121689565 0.992568195 2.48351589e-05 -0.121689565 0.992568195 -3.88054195e-06 -0.121690057 0.992568135 -3.88054195e-06 -0.121690057 0.992568135 1.24175076e-05 -0.121686138 0.992568612 1.24175076e-05 -0.121686138 0.992568612 1.24175076e-05 -0.121686138 0.992568612 0 -0.121687695 0.992568552 0 -0.121687695 0.992568552 -6.20882611e-06 -0.12169338 0.992567778 0 -0.121690601 0.992568016 0 0.121715628 -0.992564976 0 0.121715628 -0.992564976 0 0.121715628 -0.992564976 0 0.12168736 -0.992568433 0 0.12168736 -0.992568433 0 0.12168736 -0.992568433 -1.24180124e-05 0.121661015 -0.992571712 -1.24180124e-05 0.121661015 -0.992571712 -1.24180124e-05 0.121661015 -0.992571712 0 0.121691905 -0.992567897 0 0.121691905 -0.992567897 0 0.121699825 -0.992567003 0 0.121688351 -0.992568374 0 0.121688351 -0.992568374 -0.25881651 0.958747923 0.117542937 -0.25881651 0.958747923 0.117542937 -0.25881651 0.958747923 0.117542937 -0.258820504 0.95874685 0.117543012 -0.707107484 0.701850951 0.0860472098 -0.707107484 0.701850951 0.0860472098 -0.707107484 0.701850951 0.0860472098 -0.707107067 0.701851428 0.0860473141 -0.965925694 0.256896138 0.0314956531 -0.965925694 0.256896138 0.0314956531 -0.965925694 0.256896138 0.0314956531 -0.965925276 0.256897688 0.0314957127 0.965927422 -0.25688979 -0.0314952545 0.965927422 -0.25688979 -0.0314952545 0.965927422 -0.25688979 -0.0314952545 0.965925932 -0.256895155 -0.0314951912 0.707107484 -0.70185101 -0.0860470608 0.707107484 -0.70185101 -0.0860470608 0.707107484 -0.70185101 -0.0860470608 0.70710963 -0.701848865 -0.086047031 0.258817881 -0.958747685 -0.117542803 0.258817881 -0.958747685 -0.117542803 0.258817881 -0.958747685 -0.117542803 0.258827716 -0.958744943 -0.117542729 0.258827716 -0.958744943 -0.117542729 0.258827716 -0.958744943 -0.117542729 0 0.121688969 -0.992568314 0 0.121688969 -0.992568314 0 0.121688969 -0.992568314 0 -0.121689372 0.992568254 0 -0.121689372 0.992568254 -1 1.33232845e-07 0 -1 1.33232845e-07 0 -1 1.33232845e-07 0 -1 1.45345552e-07 0 -1 1.45345552e-07 0 -0.99999994 0 0 -0.99999994 0 0 -1 1.09366113e-06 0 -1 0 0 -1 0 0 -1 0 0 -1 0 0 -1 4.38547261e-07 0 -1 -1.89871491e-06 0 -0.99999994 0 0 1 0 0 1 0 0 1 0 0 1 0 0 1 0 0 1 0 0 1 0 0 1 0 0 1 0 0 0.99999994 0 0 0.99999994 0 0 0.99999994 0 0 1 0 0 0.99999994 0 0 1 0 0 0 -0.11049141 -0.993877053 0 -0.11049141 -0.993877053 0 -0.11049141 -0.993877053 0 -0.110491514 -0.993877053 0 -0.544789553 -0.838572681 0 -0.544789553 -0.838572681 0 -0.544789553 -0.838572681 0 -0.54478991 -0.838572562 0 -0.86319381 -0.504872799 0 -0.86319381 -0.504872799 0 -0.86319381 -0.504872799 0 -0.863196731 -0.504867733 0 -0.956357479 -0.292198807 0 -0.956357479 -0.292198807 0 -0.956357479 -0.292198807 0 -0.956357777 -0.2921983 0 -0.929370761 -0.369147658 0 -0.929370761 -0.369147658 0 -0.929370761 -0.369147658 0 -0.929370701 -0.369147778 0 -0.857076705 -0.515188813 0 -0.857076705 -0.515188813 0 -0.857076705 -0.515188813 0 -0.857076824 -0.515188575 0 -0.81225127 -0.583307683 0 -0.81225127 -0.583307683 0 -0.81225127 -0.583307683 0 -0.812251568 -0.583307326 0 -0.992568314 -0.121688955 0 -0.992568314 -0.121688955 0 -0.992568314 -0.121688955 0 -0.992568195 -0.121689394 0 -0.997236848 0.0742882043 0 -0.997236848 0.0742882043 0 -0.997236848 0.0742882043 0 -0.99723649 0.0742921606 0 -0.892897546 0.450259864 0 -0.892897546 0.450259864 0 -0.892897546 0.450259864 0 -0.892899275 0.450256497 0 -0.652621388 0.757684112 0 -0.652621388 0.757684112 0 -0.652621388 0.757684112 0 -0.652617455 0.757687509 0 -0.312992781 0.94975549 0 -0.312992781 0.94975549 0 -0.312992781 0.94975549 0 -0.312990636 0.949756205 0 0.121686868 -0.992568493 0 0.121686868 -0.992568493 0 0.121686868 -0.992568493 0 0.121691279 -0.992568076 4.96694956e-05 0.121671639 -0.992570341 4.96694956e-05 0.121671639 -0.992570341 4.96694956e-05 0.121671639 -0.992570341 -1.86265461e-05 0.121688396 -0.992568314 -1.86265461e-05 0.121688396 -0.992568314 -1.86265461e-05 0.121688396 -0.992568314 0 0.121699229 -0.992567062 0 0.121699229 -0.992567062 0 0.121699229 -0.992567062 0 0.121689551 -0.992568254 0 -0.12169452 0.992567539 0 -0.12169452 0.992567539 0 -0.12169452 0.992567539 1.5522071e-06 -0.121689931 0.992568135 3.10441533e-06 -0.121686868 0.992568493 -3.10439646e-06 -0.121686131 0.992568672 0.25882107 0.958746731 0.11754337 0.25882107 0.958746731 0.11754337 0.25882107 0.958746731 0.11754337 0.258815467 0.958748281 0.117542878 0.707104743 0.701853693 0.0860469863 0.707104743 0.701853693 0.0860469863 0.707104743 0.701853693 0.0860469863 0.707105339 0.701853216 0.0860469043 0.965928555 0.256885439 0.0314957313 0.965928555 0.256885439 0.0314957313 0.965928555 0.256885439 0.0314957313 0.965924442 0.256900817 0.0314954408 0.965924442 0.256900817 0.0314954408 0.965924442 0.256900817 0.0314954408 -0.965918839 -0.256921619 -0.0314965732 -0.965918839 -0.256921619 -0.0314965732 -0.965918839 -0.256921619 -0.0314965732 -0.965925753 -0.256895661 -0.0314967707 -0.965925753 -0.256895661 -0.0314967707 -0.965925753 -0.256895661 -0.0314967707 -0.707102358 -0.701856196 -0.0860467553 -0.707102358 -0.701856196 -0.0860467553 -0.707102358 -0.701856196 -0.0860467553 -0.707117856 -0.701840639 -0.086048156 -0.707117856 -0.701840639 -0.086048156 -0.707117856 -0.701840639 -0.086048156 -0.258825719 -0.958745718 -0.117541298 -0.258825719 -0.958745718 -0.117541298 -0.258825719 -0.958745718 -0.117541298 -0.258824855 -0.95874536 -0.117545754 0 -0.121689297 0.992568254 0 -0.121689297 0.992568254 0 0.121688619 -0.992568314 0 0.121688619 -0.992568314 0 0.121689089 -0.992568314 1 0 0 1 0 0 1 0 0 1 2.08912843e-06 0 1 2.08912843e-06 0 1 2.08912843e-06 0 1 0 0 1 0 0 1 0 0 0.99999994 0 0 0.99999994 0 0 0.99999994 0 0 1 -6.21151776e-06 0 0.99999994 2.57474971e-06 0 1 0 0 -1 5.32931381e-07 0 -1 5.32931381e-07 0 -1 5.32931381e-07 0 -1 2.6577473e-07 0 -1 2.6577473e-07 0 -0.99999994 0 0 -0.99999994 0 0 -1 0 0 -1 8.37930941e-07 0 -1 0 0 -1 0 0 -1 0 0 -1 0 0 -1 0 0 -0.99999994 0 0 0 -0.312990457 0.949756205 0 -0.312990457 0.949756205 0 -0.312990457 0.949756205 0 -0.312993467 0.949755311 0 -0.652618885 0.757686377 0 -0.652618885 0.757686377 0 -0.652618885 0.757686377 0 -0.652620852 0.757684648 0 -0.892899215 0.450256705 0 -0.892899215 0.450256705 0 -0.892899215 0.450256705 0 -0.892896771 0.450261444 0 -0.99723649 0.0742923841 0 -0.99723649 0.0742923841 0 -0.99723649 0.0742923841 0 -0.997236788 0.0742881298 0 -0.992568254 -0.121689476 0 -0.992568254 -0.121689476 0 -0.992568254 -0.121689476 0 -0.992568314 -0.12168888 0 -0.812251747 -0.583306968 0 -0.812251747 -0.583306968 0 -0.812251747 -0.583306968 0 -0.812251627 -0.583307266 0 -0.857077062 -0.515188277 0 -0.857077062 -0.515188277 0 -0.857077062 -0.515188277 0 -0.857076406 -0.51518923 0 -0.929369688 -0.369150251 0 -0.929369688 -0.369150251 0 -0.929369688 -0.369150251 0 -0.929371536 -0.369145513 0 -0.956357419 -0.292199612 0 -0.956357419 -0.292199612 0 -0.956357419 -0.292199612 0 -0.956357777 -0.292198062 0 -0.863192856 -0.504874229 0 -0.863192856 -0.504874229 0 -0.863192856 -0.504874229 0 -0.863196731 -0.504867733 0 -0.544789553 -0.838572681 0 -0.544789553 -0.838572681 0 -0.544789553 -0.838572681 0 -0.544787228 -0.83857429 0 -0.110491358 -0.993877053 0 -0.110491358 -0.993877053 0 -0.110491358 -0.993877053 0 -0.110492103 -0.993877053 </float_array>
          <technique_common>
            <accessor count="6151" offset="0" source="#mesh_0-normals-array" stride="3">
              <param name="X" type="float" />
              <param name="Y" type="float" />
              <param name="Z" type="float" />
            </accessor>
          </technique_common>
        </source>
        <vertices id="mesh_0-vertices">
          <input semantic="POSITION" source="#mesh_0-positions" />
        </vertices>
        <polylist count="3472" material="defaultMaterial">
          <input offset="0" semantic="VERTEX" source="#mesh_0-vertices" />
          <input offset="0" semantic="NORMAL" source="#mesh_0-normals" />
          <vcount>3 3 3 3 3 3 3 3 3 3 3 3 3 3 3 3 3 3 3 3 3 3 3 3 3 3 3 3 3 3 3 3 3 3 3 3 3 3 3 3 3 3 3 3 3 3 3 3 3 3 3 3 3 3 3 3 3 3 3 3 3 3 3 3 3 3 3 3 3 3 3 3 3 3 3 3 3 3 3 3 3 3 3 3 3 3 3 3 3 3 3 3 3 3 3 3 3 3 3 3 3 3 3 3 3 3 3 3 3 3 3 3 3 3 3 3 3 3 3 3 3 3 3 3 3 3 3 3 3 3 3 3 3 3 3 3 3 3 3 3 3 3 3 3 3 3 3 3 3 3 3 3 3 3 3 3 3 3 3 3 3 3 3 3 3 3 3 3 3 3 3 3 3 3 3 3 3 3 3 3 3 3 3 3 3 3 3 3 3 3 3 3 3 3 3 3 3 3 3 3 3 3 3 3 3 3 3 3 3 3 3 3 3 3 3 3 3 3 3 3 3 3 3 3 3 3 3 3 3 3 3 3 3 3 3 3 3 3 3 3 3 3 3 3 3 3 3 3 3 3 3 3 3 3 3 3 3 3 3 3 3 3 3 3 3 3 3 3 3 3 3 3 3 3 3 3 3 3 3 3 3 3 3 3 3 3 3 3 3 3 3 3 3 3 3 3 3 3 3 3 3 3 3 3 3 3 3 3 3 3 3 3 3 3 3 3 3 3 3 3 3 3 3 3 3 3 3 3 3 3 3 3 3 3 3 3 3 3 3 3 3 3 3 3 3 3 3 3 3 3 3 3 3 3 3 3 3 3 3 3 3 3 3 3 3 3 3 3 3 3 3 3 3 3 3 3 3 3 3 3 3 3 3 3 3 3 3 3 3 3 3 3 3 3 3 3 3 3 3 3 3 3 3 3 3 3 3 3 3 3 3 3 3 3 3 3 3 3 3 3 3 3 3 3 3 3 3 3 3 3 3 3 3 3 3 3 3 3 3 3 3 3 3 3 3 3 3 3 3 3 3 3 3 3 3 3 3 3 3 3 3 3 3 3 3 3 3 3 3 3 3 3 3 3 3 3 3 3 3 3 3 3 3 3 3 3 3 3 3 3 3 3 3 3 3 3 3 3 3 3 3 3 3 3 3 3 3 3 3 3 3 3 3 3 3 3 3 3 3 3 3 3 3 3 3 3 3 3 3 3 3 3 3 3 3 3 3 3 3 3 3 3 3 3 3 3 3 3 3 3 3 3 3 3 3 3 3 3 3 3 3 3 3 3 3 3 3 3 3 3 3 3 3 3 3 3 3 3 3 3 3 3 3 3 3 3 3 3 3 3 3 3 3 3 3 3 3 3 3 3 3 3 3 3 3 3 3 3 3 3 3 3 3 3 3 3 3 3 3 3 3 3 3 3 3 3 3 3 3 3 3 3 3 3 3 3 3 3 3 3 3 3 3 3 3 3 3 3 3 3 3 3 3 3 3 3 3 3 3 3 3 3 3 3 3 3 3 3 3 3 3 3 3 3 3 3 3 3 3 3 3 3 3 3 3 3 3 3 3 3 3 3 3 3 3 3 3 3 3 3 3 3 3 3 3 3 3 3 3 3 3 3 3 3 3 3 3 3 3 3 3 3 3 3 3 3 3 3 3 3 3 3 3 3 3 3 3 3 3 3 3 3 3 3 3 3 3 3 3 3 3 3 3 3 3 3 3 3 3 3 3 3 3 3 3 3 3 3 3 3 3 3 3 3 3 3 3 3 3 3 3 3 3 3 3 3 3 3 3 3 3 3 3 3 3 3 3 3 3 3 3 3 3 3 3 3 3 3 3 3 3 3 3 3 3 3 3 3 3 3 3 3 3 3 3 3 3 3 3 3 3 3 3 3 3 3 3 3 3 3 3 3 3 3 3 3 3 3 3 3 3 3 3 3 3 3 3 3 3 3 3 3 3 3 3 3 3 3 3 3 3 3 3 3 3 3 3 3 3 3 3 3 3 3 3 3 3 3 3 3 3 3 3 3 3 3 3 3 3 3 3 3 3 3 3 3 3 3 3 3 3 3 3 3 3 3 3 3 3 3 3 3 3 3 3 3 3 3 3 3 3 3 3 3 3 3 3 3 3 3 3 3 3 3 3 3 3 3 3 3 3 3 3 3 3 3 3 3 3 3 3 3 3 3 3 3 3 3 3 3 3 3 3 3 3 3 3 3 3 3 3 3 3 3 3 3 3 3 3 3 3 3 3 3 3 3 3 3 3 3 3 3 3 3 3 3 3 3 3 3 3 3 3 3 3 3 3 3 3 3 3 3 3 3 3 3 3 3 3 3 3 3 3 3 3 3 3 3 3 3 3 3 3 3 3 3 3 3 3 3 3 3 3 3 3 3 3 3 3 3 3 3 3 3 3 3 3 3 3 3 3 3 3 3 3 3 3 3 3 3 3 3 3 3 3 3 3 3 3 3 3 3 3 3 3 3 3 3 3 3 3 3 3 3 3 3 3 3 3 3 3 3 3 3 3 3 3 3 3 3 3 3 3 3 3 3 3 3 3 3 3 3 3 3 3 3 3 3 3 3 3 3 3 3 3 3 3 3 3 3 3 3 3 3 3 3 3 3 3 3 3 3 3 3 3 3 3 3 3 3 3 3 3 3 3 3 3 3 3 3 3 3 3 3 3 3 3 3 3 3 3 3 3 3 3 3 3 3 3 3 3 3 3 3 3 3 3 3 3 3 3 3 3 3 3 3 3 3 3 3 3 3 3 3 3 3 3 3 3 3 3 3 3 3 3 3 3 3 3 3 3 3 3 3 3 3 3 3 3 3 3 3 3 3 3 3 3 3 3 3 3 3 3 3 3 3 3 3 3 3 3 3 3 3 3 3 3 3 3 3 3 3 3 3 3 3 3 3 3 3 3 3 3 3 3 3 3 3 3 3 3 3 3 3 3 3 3 3 3 3 3 3 3 3 3 3 3 3 3 3 3 3 3 3 3 3 3 3 3 3 3 3 3 3 3 3 3 3 3 3 3 3 3 3 3 3 3 3 3 3 3 3 3 3 3 3 3 3 3 3 3 3 3 3 3 3 3 3 3 3 3 3 3 3 3 3 3 3 3 3 3 3 3 3 3 3 3 3 3 3 3 3 3 3 3 3 3 3 3 3 3 3 3 3 3 3 3 3 3 3 3 3 3 3 3 3 3 3 3 3 3 3 3 3 3 3 3 3 3 3 3 3 3 3 3 3 3 3 3 3 3 3 3 3 3 3 3 3 3 3 3 3 3 3 3 3 3 3 3 3 3 3 3 3 3 3 3 3 3 3 3 3 3 3 3 3 3 3 3 3 3 3 3 3 3 3 3 3 3 3 3 3 3 3 3 3 3 3 3 3 3 3 3 3 3 3 3 3 3 3 3 3 3 3 3 3 3 3 3 3 3 3 3 3 3 3 3 3 3 3 3 3 3 3 3 3 3 3 3 3 3 3 3 3 3 3 3 3 3 3 3 3 3 3 3 3 3 3 3 3 3 3 3 3 3 3 3 3 3 3 3 3 3 3 3 3 3 3 3 3 3 3 3 3 3 3 3 3 3 3 3 3 3 3 3 3 3 3 3 3 3 3 3 3 3 3 3 3 3 3 3 3 3 3 3 3 3 3 3 3 3 3 3 3 3 3 3 3 3 3 3 3 3 3 3 3 3 3 3 3 3 3 3 3 3 3 3 3 3 3 3 3 3 3 3 3 3 3 3 3 3 3 3 3 3 3 3 3 3 3 3 3 3 3 3 3 3 3 3 3 3 3 3 3 3 3 3 3 3 3 3 3 3 3 3 3 3 3 3 3 3 3 3 3 3 3 3 3 3 3 3 3 3 3 3 3 3 3 3 3 3 3 3 3 3 3 3 3 3 3 3 3 3 3 3 3 3 3 3 3 3 3 3 3 3 3 3 3 3 3 3 3 3 3 3 3 3 3 3 3 3 3 3 3 3 3 3 3 3 3 3 3 3 3 3 3 3 3 3 3 3 3 3 3 3 3 3 3 3 3 3 3 3 3 3 3 3 3 3 3 3 3 3 3 3 3 3 3 3 3 3 3 3 3 3 3 3 3 3 3 3 3 3 3 3 3 3 3 3 3 3 3 3 3 3 3 3 3 3 3 3 3 3 3 3 3 3 3 3 3 3 3 3 3 3 3 3 3 3 3 3 3 3 3 3 3 3 3 3 3 3 3 3 3 3 3 3 3 3 3 3 3 3 3 3 3 3 3 3 3 3 3 3 3 3 3 3 3 3 3 3 3 3 3 3 3 3 3 3 3 3 3 3 3 3 3 3 3 3 3 3 3 3 3 3 3 3 3 3 3 3 3 3 3 3 3 3 3 3 3 3 3 3 3 3 3 3 3 3 3 3 3 3 3 3 3 3 3 3 3 3 3 3 3 3 3 3 3 3 3 3 3 3 3 3 3 3 3 3 3 3 3 3 3 3 3 3 3 3 3 3 3 3 3 3 3 3 3 3 3 3 3 3 3 3 3 3 3 3 3 3 3 3 3 3 3 3 3 3 3 3 3 3 3 3 3 3 3 3 3 3 3 3 3 3 3 3 3 3 3 3 3 3 3 3 3 3 3 3 3 3 3 3 3 3 3 3 3 3 3 3 3 3 3 3 3 3 3 3 3 3 3 3 3 3 3 3 3 3 3 3 3 3 3 3 3 3 3 3 3 3 3 3 3 3 3 3 3 3 3 3 3 3 3 3 3 3 3 3 3 3 3 3 3 3 3 3 3 3 3 3 3 3 3 3 3 3 3 3 3 3 3 3 3 3 3 3 3 3 3 3 3 3 3 3 3 3 3 3 3 3 3 3 3 3 3 3 3 3 3 3 3 3 3 3 3 3 3 3 3 3 3 3 3 3 3 3 3 3 3 3 3 3 3 3 3 3 3 3 3 3 3 3 3 3 3 3 3 3 3 3 3 3 3 3 3 3 3 3 3 3 3 3 3 3 3 3 3 3 3 3 3 3 3 3 3 3 3 3 3 3 3 3 3 3 3 3 3 3 3 3 3 3 3 3 3 3 3 3 3 3 3 3 3 3 3 3 3 3 3 3 3 3 3 3 3 3 3 3 3 3 3 3 3 3 3 3 3 3 3 3 3 3 3 3 3 3 3 3 3 3 3 3 3 3 3 3 3 3 3 3 3 3 3 3 3 3 3 3 3 3 3 3 3 3 3 3 3 3 3 3 3 3 3 3 3 3 3 3 3 3 3 3 3 3 3 3 3 3 3 3 3 3 3 3 3 3 3 3 3 3 3 3 3 3 3 3 3 3 3 3 3 3 3 3 3 3 3 3 3 3 3 3 3 3 3 3 3 3 3 3 3 3 3 3 3 3 3 3 3 3 3 3 3 3 3 3 3 3 3 3 3 3 3 3 3 3 3 3 3 3 3 3 3 3 3 3 3 3 3 3 3 3 3 3 3 3 3 3 3 3 3 3 3 3 3 3 3 3 3 3 3 3 3 3 3 3 3 3 3 3 3 3 3 3 3 3 3 3 3 3 3 3 3 3 3 3 3 3 3 3 3 3 3 3 3 3 3 3 3 3 3 3 3 3 3 3 3 3 3 3 3 3 3 3 3 3 3 3 3 3 3 3 3 3 3 3 3 3 3 3 3 3 3 3 3 3 3 3 3 3 3 3 3 3 3 3 3 3 3 3 3 3 3 3 3 3 3 3 3 3 3 3 3 3 3 3 3 3 3 3 3 3 3 3 3 3 3 3 3 3 3 3 3 3 3 3 3 3 3 3 3 3 3 3 3 3 3 3 3 3 3 3 3 3 3 3 3 3 3 3 3 3 3 3 3 3 3 3 3 3 3 3 3 3 3 3 3 3 3 3 3 3 3 3 3 3 3 3 3 3 3 3 3 3 3 3 3 3 3 3 3 3 3 3 3 3 3 3 3 3 3 3 3 3 3 3 3 3 3 3 3 3 3 3 3 3 3 3 3 3 3 3 3 3 3 3 3 3 3 3 3 3 3 3 3 3 3 3 3 3 3 3 3 3 3 3 3 3 3 3 3 3 3 3 3 3 3 3 3 3 3 3 3 3 3 3 3 3 3 3 3 3 3 3 3 3 3 3 3 3 3 3 3 3 3 3 3 3 3 3 3 3 3 3 3 3 3 3 3 3 3 3 3 3 3 3 3 3 3 3 3 3 3 3 3 3 3 3 3 3 3 3 3 3 3 3 3 3 3 3 3 3 3 3 3 3 3 3 3 3 3 3 3 3 3 3 3 3 3 3 3 3 3 3 3 3 3 3 3 3 3 3 3 3 3 3 3 3 3 3 3 3 3 3 3 3 3 3 3 3 3 3 3 3 3 3 3 3 3 3 3 3 3 3 3 3 3 3 3 3 3 3 3 3 3 3 3 3 3 3 3 3 3 3 3 3 3 3 3 3 3 3 3 3 3 3 3 3 3 3 3 3 3 3 3 3 3 3 3 3 3 3 3 3 3 3 3 3 3 3 3 3 3 3 3 3 3 3 3 3 3 3 3 3 3 3 3 3 3 3 3 3 3 3 3 3 3 3 3 3 3 3 3 3 3 3 3 3 3 3 3 3 3 3 3 3 3 3 3 3 3 3 3 3 3 3 3 3 3 3 3 3 3 3 3 3 3 3 3 3 3 3 3 3 3 3 3 3 3 3 3 3 3 3 3 3 3 3 3 3 3 3 3 3 3 3 3 3 3 3 3 3 3 3 3 3 3 3 3 3 3 3 3 3 3 3 3 3 3 3 3 3 3 3 3 3 3 3 3 3 3 3 3 3 3 3 3 3 3 3 3 3 3 3 3 3 3 3 3 3 3 3 3 3 3 3 3 3 3 3 3 3 3 3 3 3 3 3 3 3 3 3 3 3 3 3 3 3 3 3 3 3 3 3 3 3 3 3 3 3 3 3 3 3 3 3 3 3 3 3 3 3 3 3 3 3 3 3 3 3 3 3 3 3 3 3 3 3 3 3 3 3 3 3 3 3 3 3 3 3 3 3 3 3 3 3 3 3 3 3 3 3 3 3 3 3 3 3 3 3 3 3 3 3 3 3 3 3 3 3 3 3 3 3 3 3 3 3 3 3 3 3 3 3 3 3 3 3 3 3 3 3 3 3 3 3 3 3 3 3 3 3 3 3 3 3 3 3 3 3 3 3 3 3 3 3 3 3 3 3 3 3 3 3 3 3 3 3 3 3 3 3 3 3 3 3 3 3 3 3 3 3 3 3 3 3 3 3 3 3 3 3 3 3 3 3 3 3 3 3 3 3 3 3 3 3 3 3 3 3 3 3 3 3 3 3 3 3 3 3 3 3 3 3 3 3 3 3 3 3 3 3 3 3 3 3 3 3 3 3 3 3 3 3 3 3 3 3 3 3 3 3 3 3 3 3 3 3 3 3 3 3 3 3 3 3 3 3 3 3 3 3 3 3 3 3 3 3 3 3 3 3 3 3 3 3 3 3 3 3 3 3 3 3 3 3 3 3 3 3 3 3 3 3 3 3 3 3 3 3 3 3 3 3 3 3 3 3 3 3 3 3 3 3 3 3 3 3 3 3 3 3 3 3 3 3 3 3 3 3 3 3 3 3 3 3 3 3 3 3 3 3 3 3 3 3 3 3 3 3 3 3 3 3 3 3 3 3 3 3 3 3 3 3 3 3 3 3 3 3 3 3 3 3 3 3 3 3 3 3 3 3 3 3 3 3 3 3 3 3 3 3 3 3 3 3 3 3 3 3 3 3 3 3 3 3 3 3 3 3 3 3 3 3 3 3 3 3 3 3 3 </vcount>
          <p>0 1 2 3 4 5 4 3 6 7 8 9 10 11 12 13 14 15 15 16 13 13 16 17 13 17 12 12 17 18 12 18 10 19 20 21 21 20 22 21 22 9 9 22 23 9 23 24 25 26 27 27 26 28 27 28 29 29 28 30 29 30 31 31 30 32 31 32 33 33 32 19 33 19 34 34 19 21 34 21 35 36 37 38 38 37 39 38 39 26 26 39 40 26 40 28 38 41 42 38 42 36 36 42 43 36 43 44 44 43 45 44 45 46 46 45 47 46 47 48 49 50 51 47 52 48 48 52 53 48 53 54 54 53 55 12 56 57 57 56 58 56 59 58 58 59 60 58 60 61 62 63 64 64 63 65 64 65 66 66 65 67 66 67 49 49 67 68 49 68 50 50 68 69 50 69 70 70 69 71 70 71 72 72 71 73 72 73 11 11 73 74 11 74 12 12 74 75 12 75 56 76 77 2 2 77 78 52 79 53 53 79 80 53 80 81 81 80 82 81 82 83 83 82 84 83 84 85 86 87 88 89 90 91 91 90 92 93 94 95 7 9 96 96 9 24 96 24 97 97 24 98 97 98 99 99 98 100 99 100 101 101 100 14 101 14 102 102 14 13 102 13 95 95 13 103 95 103 93 104 9 105 105 9 8 105 8 5 5 8 106 5 106 3 107 13 108 108 13 12 108 12 109 109 12 110 107 111 13 13 111 112 13 112 103 103 112 113 103 113 114 114 113 115 114 115 116 116 115 117 116 117 118 118 117 119 118 119 57 57 119 120 57 120 12 12 120 121 12 121 110 122 123 64 64 123 61 64 61 62 62 61 60 62 60 63 122 64 124 124 64 66 124 66 125 66 126 127 127 128 66 66 128 129 66 129 125 125 129 130 125 130 131 131 130 132 131 132 133 133 132 134 133 134 135 135 134 136 135 136 137 138 139 81 81 139 140 81 140 141 136 138 137 137 138 81 137 81 142 142 81 83 142 83 143 144 145 78 146 147 148 144 78 149 149 78 150 149 150 151 148 147 152 0 2 153 153 2 78 153 78 148 148 78 145 148 145 146 152 147 154 154 147 155 154 155 156 156 155 157 156 157 158 158 157 159 158 159 160 160 159 161 160 161 162 162 161 163 162 163 150 150 163 164 150 164 151 165 92 150 150 92 90 150 90 162 162 90 166 91 88 89 89 88 87 89 87 90 90 87 167 90 167 166 88 168 86 86 168 35 86 35 169 169 35 21 169 21 170 171 172 9 9 172 173 9 173 21 21 173 174 21 174 170 170 175 169 169 175 176 169 176 177 177 176 178 177 178 179 179 178 180 179 180 181 181 180 182 181 182 104 104 182 183 104 183 9 9 183 184 9 184 171 94 93 6 6 93 185 6 185 4 4 185 186 4 186 5 25 165 26 26 165 150 26 150 38 38 150 78 38 78 41 41 78 77 51 55 49 49 55 53 49 53 66 66 53 81 66 81 126 126 81 141 84 76 85 85 76 2 85 2 83 83 2 1 83 1 143 143 1 0 187 188 189 190 191 192 191 193 192 194 195 196 194 196 197 198 199 200 198 200 201 202 203 204 202 204 205 206 207 208 206 208 209 210 211 212 210 212 213 214 215 216 214 216 217 218 219 220 218 220 221 222 223 224 222 224 225 226 227 228 226 228 229 230 231 232 230 232 233 234 235 236 234 236 237 238 239 240 238 240 241 242 243 244 242 244 245 246 247 248 246 248 249 250 251 252 250 252 253 254 255 256 254 256 257 258 259 260 258 260 261 262 263 264 262 264 265 266 267 268 266 268 269 270 271 272 270 272 273 274 275 276 274 276 277 278 279 280 278 280 281 282 283 284 282 284 285 286 287 288 286 288 289 290 291 292 290 292 293 294 295 296 294 296 297 298 299 300 298 300 301 302 303 304 302 304 305 306 307 308 306 308 309 310 311 312 310 312 313 314 315 316 314 316 317 318 319 320 318 320 321 322 323 324 322 324 325 326 327 328 326 328 329 330 331 332 330 332 333 334 335 336 334 336 337 338 339 340 338 340 341 342 343 344 342 344 345 346 187 189 347 348 349 350 351 352 353 354 355 356 357 358 359 360 353 361 362 363 363 362 364 363 364 354 354 364 365 354 365 355 359 366 367 359 367 360 360 367 368 360 368 369 370 371 372 372 371 373 372 373 374 374 373 375 374 375 376 377 378 379 380 381 377 379 378 382 382 378 383 383 378 384 383 384 385 385 384 386 386 384 387 386 387 388 388 387 389 388 389 390 390 389 391 390 391 392 389 393 391 391 393 394 391 394 395 395 394 396 395 396 347 347 396 397 347 397 348 348 397 398 348 398 349 399 400 401 401 400 402 401 402 403 404 405 406 402 407 403 403 407 408 403 408 409 409 408 410 411 412 413 413 412 414 413 414 415 415 414 416 415 416 417 417 416 418 417 418 419 419 418 404 419 404 420 420 404 406 421 422 423 423 422 424 425 426 408 408 426 427 408 427 428 428 427 429 428 429 421 425 408 430 430 408 407 430 407 431 431 407 432 431 432 433 433 432 434 433 434 435 435 434 436 435 436 437 437 436 438 437 438 424 424 438 439 424 439 423 440 441 413 413 441 400 413 400 411 411 400 399 411 399 412 440 413 442 442 413 415 442 415 443 444 445 395 446 447 415 447 448 415 415 448 449 415 449 443 443 449 450 443 450 451 451 450 452 451 452 453 453 452 454 453 454 455 455 454 456 455 456 457 457 456 458 457 458 395 395 458 459 395 459 444 460 461 462 462 461 463 464 465 466 466 465 349 466 349 467 467 349 398 468 469 375 375 469 470 470 471 375 375 471 472 375 472 466 466 472 473 473 474 466 466 474 475 466 475 464 464 475 476 464 476 477 477 476 478 477 478 479 479 478 480 479 480 481 481 480 482 481 482 483 482 468 483 483 468 375 483 375 484 484 375 373 369 368 370 370 368 485 370 485 371 371 485 486 371 486 373 373 486 487 373 487 484 488 489 490 490 489 491 491 492 490 490 492 493 490 493 359 359 493 494 494 495 359 359 495 496 359 496 366 366 496 497 366 497 498 498 497 499 498 499 500 500 499 501 500 501 502 502 501 503 502 503 488 488 503 504 488 504 489 505 506 507 507 506 508 509 423 510 506 352 508 508 352 351 508 351 511 511 351 350 511 350 510 510 350 512 510 512 509 421 423 428 428 423 509 428 509 513 507 488 505 505 488 490 505 490 514 514 490 515 513 516 517 518 519 520 520 519 521 520 521 516 516 521 522 516 522 517 513 517 428 428 517 523 428 523 524 524 525 428 428 525 526 428 526 408 408 526 527 408 527 528 528 529 408 408 529 530 408 530 410 410 530 531 410 531 532 532 531 533 532 533 405 405 533 534 405 534 406 353 355 359 359 355 535 359 535 536 537 538 490 490 538 539 490 539 515 515 539 540 515 540 518 518 540 541 518 541 519 536 542 359 359 542 543 359 543 490 490 543 544 490 544 537 545 546 358 358 546 547 358 547 356 356 547 548 356 548 361 361 548 549 361 549 362 377 379 380 380 379 550 380 550 551 551 552 380 380 552 553 380 553 358 358 553 554 358 554 545 419 555 417 417 555 556 417 556 557 558 559 391 391 559 560 391 560 392 357 376 358 358 376 375 358 375 380 380 375 466 380 466 381 381 466 467 557 558 417 417 558 391 417 391 415 415 391 395 415 395 446 446 395 445 465 460 349 349 460 462 349 462 347 347 462 463 347 463 395 395 463 561 395 561 457 562 563 564 565 566 567 566 568 567 569 570 571 569 571 572 573 574 575 573 575 576 577 578 579 577 579 580 581 582 583 581 583 584 585 586 587 585 587 588 589 590 591 589 591 592 593 594 595 593 595 596 597 598 599 597 599 600 601 602 603 601 603 604 605 606 607 605 607 608 609 610 611 609 611 612 613 614 615 613 615 616 617 618 619 617 619 620 621 622 623 621 623 624 625 626 627 625 627 628 629 630 631 629 631 632 633 634 635 633 635 636 637 638 639 637 639 640 641 642 643 641 643 644 645 646 647 645 647 648 649 650 651 649 651 652 653 654 655 653 655 656 657 658 659 657 659 660 661 662 663 661 663 664 665 666 667 665 667 668 669 670 671 669 671 672 673 674 675 673 675 676 677 678 679 677 679 680 681 562 564 682 683 684 684 683 685 684 685 686 686 685 687 686 687 688 688 687 689 688 689 690 690 689 691 690 691 692 692 691 693 692 693 694 694 693 695 694 695 696 696 695 697 696 697 698 698 697 699 698 699 700 700 699 701 700 701 702 702 701 703 702 703 704 704 703 705 704 705 706 706 705 707 706 707 708 708 707 709 709 710 708 708 710 711 708 711 712 712 711 713 712 713 714 714 713 715 714 715 716 716 715 717 716 717 718 718 717 719 718 719 720 720 719 721 720 721 722 722 721 723 722 723 724 724 723 725 724 725 726 726 725 727 726 727 728 728 727 729 728 729 730 730 729 731 730 731 732 732 731 733 732 733 734 734 733 735 734 735 736 736 735 737 736 737 682 682 737 738 682 738 683 739 740 741 741 740 742 743 744 745 745 744 746 747 748 749 749 748 750 751 752 753 753 752 754 755 756 757 757 756 758 759 760 761 761 760 762 763 764 765 765 764 766 767 768 769 769 768 770 771 772 773 773 772 774 775 776 777 777 776 778 779 780 781 781 780 782 783 784 785 785 784 786 787 788 789 789 788 790 791 792 793 793 792 794 795 796 797 797 796 798 799 800 801 801 800 802 803 804 805 805 804 806 807 808 809 809 808 810 811 812 813 813 812 814 815 816 817 817 816 818 819 820 821 821 820 822 823 824 825 825 824 826 827 828 829 829 828 830 831 832 833 833 832 834 835 836 837 837 836 838 839 840 841 841 840 842 843 844 845 845 844 846 847 848 849 849 848 850 851 852 853 853 852 854 855 856 857 857 856 858 859 860 861 861 860 862 863 864 865 865 864 866 867 868 869 869 868 870 871 872 873 873 872 874 875 876 877 877 876 878 879 880 881 881 880 882 883 884 885 885 884 886 887 888 889 889 888 890 891 892 893 893 892 894 895 896 897 897 896 898 899 900 901 901 900 902 903 904 905 905 904 906 907 908 909 909 908 910 911 912 913 913 912 914 915 916 917 917 916 918 919 920 921 921 920 922 923 924 925 925 924 926 927 928 929 929 928 930 931 932 933 933 932 934 935 936 937 937 936 938 939 940 941 941 940 942 943 944 945 945 944 946 947 948 949 949 948 950 951 952 953 953 952 954 955 956 957 957 956 958 959 960 961 961 960 962 963 964 965 965 964 966 967 968 969 969 968 970 971 972 973 973 972 974 975 976 977 977 976 978 979 980 981 981 980 982 983 984 985 985 984 986 987 988 989 989 988 990 991 992 993 993 992 994 995 996 997 997 996 998 999 1000 1001 1001 1000 1002 1003 1004 1005 1005 1004 1006 1007 1008 1009 1009 1008 1010 1011 1012 1013 1013 1012 1014 1015 1016 1017 1017 1016 1018 1019 1020 1021 1021 1020 1022 1023 1024 1025 1025 1024 1026 1027 1028 1029 1029 1028 1030 1031 1032 1033 1033 1032 1034 1035 1036 1037 1037 1036 1038 1039 1040 1041 1041 1040 1042 1043 1044 1045 1045 1044 1046 1047 1048 1049 1049 1048 1050 1051 1052 1053 1053 1052 1054 1055 1056 1057 1057 1056 1058 1059 1060 1061 1061 1060 1062 1063 1064 1065 1065 1064 1066 1067 1068 1069 1069 1068 1070 1071 1072 1073 1073 1072 1074 1075 1076 1077 1077 1076 1078 1079 1080 1081 1081 1080 1082 1083 1084 1085 1085 1084 1086 1087 1088 1089 1089 1088 1090 1091 1092 1093 1093 1092 1094 1095 1096 1097 1097 1096 1098 1099 1100 1101 1101 1100 1102 1103 1104 1105 1105 1104 1106 1107 1108 1109 1109 1108 1110 1111 1112 1113 1113 1112 1114 1115 1116 1117 1117 1116 1118 1119 1120 1121 1121 1120 1122 1123 1124 1125 1126 1127 1128 1129 1130 1131 1132 1133 1134 1135 1136 1137 1138 1139 1140 1141 1142 1143 1144 1145 1146 1147 1148 1149 1150 1151 1152 1153 1154 1155 1156 1157 1158 1159 1160 1161 1162 1163 1164 1165 1166 1167 1168 1169 1170 1171 1172 1173 1174 1175 1176 1177 1178 1179 1180 1181 1182 1183 1184 1185 1186 1187 1188 1189 1190 1191 1192 1193 1194 1195 1196 1197 1198 1199 1200 1201 1202 1203 1204 1205 1206 1207 1208 1209 1210 1211 1212 1213 1214 1215 1216 1217 1218 1219 1220 1221 1222 1223 1224 1225 1226 1227 1228 1229 1230 1231 1232 1233 1234 1235 1236 1237 1238 1239 1240 1241 1242 1243 1244 1245 1246 1247 1248 1249 1250 1251 1252 1253 1254 1255 1256 1257 1258 1259 1260 1261 1262 1263 1264 1265 1266 1267 1268 1269 1270 1271 1272 1273 1274 1275 1276 1277 1278 1279 1280 1281 1282 1283 1284 1285 1286 1287 1288 1289 1290 1291 1292 1293 1294 1295 1296 1297 1298 1299 1300 1301 1302 1303 1304 1305 1306 1307 1308 1309 1310 1311 1312 1313 1314 1315 1316 1317 1318 1319 1320 1321 1322 1323 1324 1325 1326 1327 1328 1329 1330 1331 1332 1333 1334 1335 1336 1337 1338 1339 1340 1341 1342 1343 1344 1345 1346 1347 1348 1349 1350 1351 1352 1353 1354 1355 1356 1357 1358 1359 1360 1361 1362 1363 1364 1365 1366 1367 1368 1369 1370 1371 1372 1373 1374 1375 1376 1377 1378 1379 1380 1381 1382 1383 1384 1385 1386 1387 1388 1389 1390 1391 1392 1393 1394 1395 1396 1397 1398 1399 1400 1401 1402 1403 1404 1405 1406 1407 1408 1409 1410 1411 1412 1413 1414 1415 1416 1417 1418 1419 1420 1421 1422 1423 1424 1425 1426 1427 1428 1429 1430 1431 1432 1433 1434 1435 1436 1437 1437 1436 1438 1437 1438 1439 1439 1438 1440 1439 1440 1441 1441 1440 1442 1441 1442 1443 1443 1442 1444 1443 1444 1445 1445 1444 1446 1445 1446 1447 1447 1446 1448 1447 1448 1449 1449 1448 1450 1449 1450 1451 1451 1450 1452 1451 1452 1453 1453 1452 1454 1453 1454 1455 1455 1454 1456 1455 1456 1457 1457 1456 1458 1457 1458 1459 1459 1458 1460 1459 1460 1461 1461 1460 1462 1461 1462 1463 1463 1462 1464 1463 1464 1465 1465 1464 1466 1465 1466 1467 1467 1466 1468 1467 1468 1469 1469 1468 1470 1469 1470 1471 1471 1470 1472 1471 1472 1473 1473 1472 1474 1473 1474 1475 1475 1474 1476 1475 1476 1477 1477 1476 1478 1477 1478 1479 1479 1478 1480 1479 1480 1481 1481 1480 1482 1481 1482 1483 1483 1482 1484 1483 1484 1485 1485 1484 1486 1485 1486 1487 1487 1486 1488 1487 1488 1489 1489 1488 1490 1489 1490 1435 1435 1490 1436 1491 1492 1493 1494 1495 1496 1497 1498 1499 1500 1501 1502 1503 1504 1505 1506 1507 1508 1509 1510 1511 1512 1513 1514 1515 1516 1517 1518 1519 1520 1521 1522 1523 1524 1525 1526 1527 1528 1529 1530 1531 1532 1533 1534 1535 1536 1537 1538 1539 1540 1541 1542 1543 1544 1545 1546 1547 1548 1549 1550 1551 1552 1553 1554 1555 1556 1557 1558 1559 1560 1561 1562 1563 1564 1565 1566 1567 1568 1569 1570 1571 1572 1573 1574 1575 1576 1577 1578 1579 1580 1581 1582 1583 1584 1585 1586 1587 1588 1589 1590 1591 1592 1593 1594 1595 1596 1597 1598 1599 1600 1601 1602 1603 1604 1605 1606 1607 1608 1609 1610 1611 1612 1613 1614 1615 1616 1617 1618 1619 1620 1621 1622 1623 1624 1625 1626 1627 1628 1629 1630 1631 1632 1633 1634 1635 1636 1637 1638 1639 1640 1641 1642 1643 1644 1645 1646 1647 1648 1649 1650 1651 1652 1653 1654 1655 1656 1657 1658 1659 1660 1661 1662 1663 1664 1665 1666 1667 1668 1669 1670 1671 1672 1673 1674 1675 1676 1677 1678 1679 1680 1681 1682 1683 1684 1685 1686 1687 1688 1689 1690 1691 1692 1693 1694 1695 1696 1697 1698 1699 1700 1701 1702 1703 1704 1705 1706 1707 1708 1709 1710 1711 1712 1713 1714 1715 1716 1717 1718 1719 1720 1721 1722 1723 1724 1725 1726 1727 1728 1729 1730 1731 1732 1733 1734 1735 1736 1737 1738 1739 1740 1741 1742 1743 1744 1745 1745 1744 1746 1747 1748 1749 1749 1748 1750 1751 1752 1753 1753 1752 1754 1755 1756 1757 1757 1756 1758 1759 1760 1761 1761 1760 1762 1763 1764 1765 1765 1764 1766 1767 1768 1769 1769 1768 1770 1771 1772 1773 1773 1772 1774 1775 1776 1777 1777 1776 1778 1779 1780 1781 1781 1780 1782 1783 1784 1785 1785 1784 1786 1787 1788 1789 1789 1788 1790 1791 1792 1793 1793 1792 1794 1795 1796 1797 1797 1796 1798 1799 1800 1801 1801 1800 1802 1803 1804 1805 1805 1804 1806 1807 1808 1809 1809 1808 1810 1811 1812 1813 1813 1812 1814 1815 1816 1817 1817 1816 1818 1819 1820 1821 1821 1820 1822 1823 1824 1825 1825 1824 1826 1827 1828 1829 1829 1828 1830 1831 1832 1833 1833 1832 1834 1835 1836 1837 1837 1836 1838 1839 1840 1841 1841 1840 1842 1843 1844 1845 1845 1844 1846 1847 1848 1849 1849 1848 1850 1851 1852 1853 1853 1852 1854 1855 1856 1857 1857 1856 1858 1859 1860 1861 1861 1860 1862 1863 1864 1865 1865 1864 1866 1867 1868 1869 1869 1868 1870 1871 1872 1873 1873 1872 1874 1875 1876 1877 1877 1876 1878 1879 1880 1881 1881 1880 1882 1883 1884 1885 1885 1884 1886 1887 1888 1889 1890 1891 1892 1893 1894 1895 1896 1897 1898 1899 1900 1901 1902 1903 1904 1905 1906 1907 1908 1909 1910 1911 1912 1913 1914 1915 1916 1917 1918 1919 1920 1921 1922 1923 1924 1925 1926 1927 1928 1929 1930 1931 1932 1933 1934 1935 1936 1937 1938 1939 1940 1941 1942 1943 1944 1945 1946 1947 1948 1949 1950 1951 1952 1953 1954 1955 1956 1957 1958 1959 1960 1961 1962 1963 1964 1965 1966 1967 1968 1969 1970 1971 1972 1973 1974 1975 1976 1977 1978 1979 1980 1981 1982 1983 1984 1985 1986 1987 1988 1989 1990 1991 1992 1993 1994 1995 1996 1997 1998 1999 2000 2001 2002 2003 2004 2005 2006 2007 2008 2009 2010 2011 2012 2013 2014 2015 2016 2017 2018 2019 2020 2021 2022 2023 2024 2025 2026 2027 2028 2029 2030 2031 2032 2033 2034 2035 2036 2037 2038 2039 2040 2041 2042 2043 2044 2045 2046 2047 2048 2049 2050 2051 2052 2053 2054 2055 2056 2057 2058 2059 2060 2061 2062 2063 2064 2065 2066 2067 2068 2069 2070 2071 2072 2073 2074 2075 2076 2077 2078 2079 2080 2081 2082 2083 2084 2085 2086 2087 2088 2089 2090 2091 2092 2093 2094 2095 2096 2097 2098 2099 2100 2101 2102 2103 2104 2105 2106 2107 2108 2109 2110 2111 2111 2110 2112 2113 2114 2115 2115 2114 2116 2117 2118 2119 2120 2121 2122 2123 2124 2125 2123 2125 2126 2127 2128 2129 2127 2129 2130 2131 2132 2133 2131 2133 2134 2135 2136 2137 2135 2137 2138 2139 2140 2141 2139 2141 2142 2143 2144 2145 2143 2145 2146 2147 2148 2149 2147 2149 2150 2151 2152 2153 2151 2153 2154 2155 2156 2157 2155 2157 2158 2159 2160 2161 2159 2161 2162 2163 2164 2165 2163 2165 2166 2167 2168 2169 2167 2169 2170 2171 2172 2173 2171 2173 2174 2175 2176 2177 2175 2177 2178 2179 2180 2181 2179 2181 2182 2183 2184 2185 2183 2185 2186 2187 2188 2189 2187 2189 2190 2191 2192 2193 2191 2193 2194 2195 2196 2197 2195 2197 2198 2199 2200 2201 2199 2201 2202 2203 2204 2205 2203 2205 2206 2207 2208 2209 2207 2209 2210 2211 2212 2213 2211 2213 2214 2215 2216 2217 2215 2217 2218 2219 2220 2221 2219 2221 2222 2223 2224 2225 2223 2225 2226 2227 2228 2229 2227 2229 2230 2231 2232 2233 2231 2233 2234 2235 2236 2237 2235 2237 2238 2239 2240 2241 2239 2241 2242 2243 2244 2245 2243 2245 2246 2247 2248 2249 2247 2249 2250 2251 2252 2253 2251 2253 2254 2255 2256 2257 2255 2257 2258 2259 2260 2261 2259 2261 2262 2263 2264 2265 2263 2265 2266 2267 2268 2269 2267 2269 2270 2271 2272 2273 2271 2273 2274 2275 2276 2277 2275 2277 2278 2120 2279 2121 2280 2281 2282 2282 2281 2283 2284 2285 2286 2286 2285 2287 2288 2289 2290 2290 2289 2291 2292 2293 2294 2294 2293 2295 2296 2297 2298 2298 2297 2299 2300 2301 2302 2302 2301 2303 2304 2305 2306 2306 2305 2307 2308 2309 2310 2310 2309 2311 2312 2313 2314 2314 2313 2315 2316 2317 2318 2318 2317 2319 2320 2321 2322 2322 2321 2323 2324 2325 2326 2326 2325 2327 2328 2329 2330 2330 2329 2331 2332 2333 2334 2334 2333 2335 2336 2337 2338 2338 2337 2339 2340 2341 2342 2342 2341 2343 2344 2345 2346 2346 2345 2347 2348 2349 2350 2350 2349 2351 2352 2353 2354 2354 2353 2355 2356 2357 2358 2358 2357 2359 2360 2361 2362 2362 2361 2363 2364 2365 2366 2366 2365 2367 2368 2369 2370 2370 2369 2371 2372 2373 2374 2374 2373 2375 2376 2377 2378 2378 2377 2379 2380 2381 2382 2382 2381 2383 2384 2385 2386 2386 2385 2387 2388 2389 2390 2390 2389 2391 2392 2393 2394 2394 2393 2395 2396 2397 2398 2398 2397 2399 2400 2401 2402 2402 2401 2403 2404 2405 2406 2406 2405 2407 2408 2409 2410 2410 2409 2411 2412 2413 2414 2414 2413 2415 2416 2417 2418 2418 2417 2419 2420 2421 2422 2422 2421 2423 2424 2425 2426 2426 2425 2427 2428 2429 2430 2430 2429 2431 2432 2433 2434 2434 2433 2435 2436 2437 2438 2438 2437 2439 2440 2441 2442 2442 2441 2443 2444 2445 2446 2446 2445 2447 2448 2449 2450 2450 2449 2451 2452 2453 2454 2454 2453 2455 2456 2457 2458 2458 2457 2459 2460 2461 2462 2462 2461 2463 2464 2465 2466 2466 2465 2467 2468 2469 2470 2470 2469 2471 2472 2473 2474 2474 2473 2475 2476 2477 2478 2478 2477 2479 2480 2481 2482 2482 2481 2483 2484 2485 2486 2486 2485 2487 2488 2489 2490 2490 2489 2491 2492 2493 2494 2494 2493 2495 2496 2497 2498 2498 2497 2499 2500 2501 2502 2502 2501 2503 2504 2505 2506 2506 2505 2507 2508 2509 2510 2510 2509 2511 2512 2513 2514 2514 2513 2515 2516 2517 2518 2518 2517 2519 2520 2521 2522 2522 2521 2523 2524 2525 2526 2526 2525 2527 2528 2529 2530 2530 2529 2531 2532 2533 2534 2534 2533 2535 2536 2537 2538 2538 2537 2539 2540 2541 2542 2542 2541 2543 2544 2545 2546 2546 2545 2547 2548 2549 2550 2550 2549 2551 2552 2553 2554 2555 2556 2557 2558 2559 2560 2558 2560 2561 2562 2563 2564 2562 2564 2565 2566 2567 2568 2566 2568 2569 2570 2571 2572 2572 2571 2573 2574 2575 2576 2577 2578 2579 2580 2581 2582 2580 2582 2583 2584 2585 2586 2584 2586 2587 2588 2589 2590 2588 2590 2591 2592 2593 2594 2592 2594 2595 2596 2597 2598 2596 2598 2599 2600 2601 2602 2600 2602 2603 2604 2605 2606 2604 2606 2607 2608 2609 2610 2608 2610 2611 2612 2613 2614 2612 2614 2615 2616 2617 2618 2616 2618 2619 2620 2621 2622 2620 2622 2623 2624 2625 2626 2624 2626 2627 2628 2576 2575 2629 2630 2631 2632 2633 2634 2577 2635 2578 2636 2637 2638 2639 2640 2641 2639 2641 2642 2643 2644 2645 2643 2645 2646 2647 2648 2649 2647 2649 2650 2651 2652 2653 2651 2653 2654 2655 2656 2657 2655 2657 2658 2659 2660 2661 2659 2661 2662 2663 2664 2665 2663 2665 2666 2667 2668 2669 2667 2669 2670 2671 2672 2673 2671 2673 2674 2675 2676 2677 2675 2677 2678 2679 2680 2681 2679 2681 2682 2683 2684 2685 2683 2685 2686 2687 2688 2689 2687 2689 2690 2691 2692 2693 2691 2693 2694 2695 2696 2697 2695 2697 2698 2699 2700 2701 2699 2701 2702 2703 2704 2705 2703 2705 2706 2707 2708 2709 2707 2709 2710 2711 2712 2713 2711 2713 2714 2715 2716 2717 2715 2717 2718 2719 2720 2721 2722 2723 2724 2724 2723 2725 2726 2727 2728 2728 2727 2729 2730 2731 2732 2732 2731 2733 2734 2735 2736 2736 2735 2737 2738 2739 2740 2740 2739 2741 2742 2743 2744 2744 2743 2745 2746 2747 2748 2748 2747 2749 2750 2751 2752 2752 2751 2753 2754 2755 2756 2756 2755 2757 2758 2759 2760 2760 2759 2761 2762 2763 2764 2764 2763 2765 2766 2767 2768 2768 2767 2769 2770 2771 2772 2773 2774 2775 2774 2776 2775 2777 2778 2779 2777 2779 2780 2781 2782 2783 2781 2783 2784 2785 2786 2787 2785 2787 2788 2789 2790 2791 2789 2791 2792 2793 2794 2795 2793 2795 2796 2797 2798 2799 2797 2799 2800 2801 2802 2803 2801 2803 2804 2805 2806 2807 2805 2807 2808 2809 2810 2811 2809 2811 2812 2813 2814 2815 2813 2815 2816 2817 2818 2819 2817 2819 2820 2821 2822 2823 2821 2823 2824 2825 2826 2827 2825 2827 2828 2829 2830 2831 2829 2831 2832 2833 2834 2835 2833 2835 2836 2837 2838 2839 2837 2839 2840 2841 2842 2843 2841 2843 2844 2845 2846 2847 2845 2847 2848 2849 2850 2851 2849 2851 2852 2853 2854 2855 2853 2855 2856 2857 2858 2859 2857 2859 2860 2861 2862 2863 2861 2863 2864 2865 2866 2867 2865 2867 2868 2869 2870 2871 2869 2871 2872 2873 2874 2875 2873 2875 2876 2877 2878 2879 2877 2879 2880 2881 2882 2883 2881 2883 2884 2885 2886 2887 2885 2887 2888 2889 2770 2772 2890 2891 2892 2892 2891 2893 2894 2895 2896 2896 2895 2897 2898 2899 2900 2900 2899 2901 2902 2903 2904 2904 2903 2905 2906 2907 2908 2908 2907 2909 2910 2911 2912 2912 2911 2913 2914 2915 2916 2916 2915 2917 2918 2919 2920 2920 2919 2921 2922 2923 2924 2924 2923 2925 2926 2927 2928 2928 2927 2929 2930 2931 2932 2932 2931 2933 2934 2935 2936 2936 2935 2937 2938 2939 2940 2940 2939 2941 2942 2943 2944 2944 2943 2945 2946 2947 2948 2948 2947 2949 2950 2951 2952 2952 2951 2953 2954 2955 2956 2956 2955 2957 2958 2959 2960 2960 2959 2961 2962 2963 2964 2964 2963 2965 2966 2967 2968 2968 2967 2969 2970 2971 2972 2972 2971 2973 2974 2975 2976 2976 2975 2977 2978 2979 2980 2980 2979 2981 2982 2983 2984 2984 2983 2985 2986 2987 2988 2989 2990 2991 2992 2993 2994 2995 2996 2997 2998 2999 3000 3001 3002 3003 3004 3005 3006 3007 3008 3009 3010 3011 3012 3013 3014 3015 3016 3017 3018 3019 3020 3021 3022 3023 3024 3025 3026 3027 3028 3029 3030 3031 3032 3033 3034 3035 3036 3037 3038 3039 3040 3041 3042 3043 3044 3045 3046 3047 3048 3049 3050 3051 3052 3053 3054 3055 3056 3057 3058 3059 3060 3061 3062 3063 3064 3065 3066 3067 3068 3069 3070 3071 3072 3073 3074 3075 3076 3077 3078 3079 3080 3081 3082 3083 3084 3085 3086 3087 3088 3089 3090 3091 3092 3093 3093 3092 3094 3095 3096 3097 3097 3096 3098 3099 3100 3101 3102 3103 3104 3105 3106 3107 3108 3109 3110 3111 3112 3113 3114 3115 3116 3117 3118 3119 3120 3121 3122 3123 3124 3125 3126 3127 3128 3129 3130 3131 3132 3133 3134 3135 3136 3137 3138 3139 3140 3141 3142 3143 3144 3145 3146 3147 3148 3149 3150 3151 3152 3153 3154 3155 3156 3157 3158 3159 3160 3161 3162 3163 3164 3165 3166 3167 3168 3169 3170 3171 3172 3173 3174 3175 3176 3177 3178 3179 3180 3181 3182 3183 3184 3185 3186 3187 3188 3189 3190 3191 3192 3193 3194 3195 3196 3197 3198 3199 3200 3201 3202 3203 3204 3205 3206 3207 3208 3209 3209 3208 3210 3211 3212 3213 3213 3212 3214 3215 3216 3217 3218 3219 3220 3220 3219 3221 3222 3223 3224 3224 3223 3225 3226 3227 3228 3228 3227 3229 3230 3231 3232 3232 3231 3233 3234 3235 3236 3236 3235 3237 3238 3239 3240 3240 3239 3241 3242 3243 3244 3244 3243 3245 3246 3247 3248 3248 3247 3249 3250 3251 3252 3252 3251 3253 3254 3255 3256 3256 3255 3257 3258 3259 3260 3260 3259 3261 3262 3263 3264 3264 3263 3265 3266 3267 3268 3268 3267 3269 3270 3271 3272 3273 3274 3275 3276 3277 3278 3279 3280 3281 3279 3281 3282 3283 3284 3278 3278 3284 3285 3278 3285 3276 3286 3287 3288 3288 3287 3289 3288 3289 3290 3290 3291 3292 3293 3294 3295 3296 3297 3298 3283 3299 3284 3284 3300 3301 3284 3301 3302 3303 3304 3305 3304 3306 3305 3305 3306 3302 3305 3302 3307 3307 3302 3301 3295 3294 3308 3309 3310 3311 3311 3310 3312 3311 3312 3291 3313 3314 3315 3316 3317 3318 3319 3320 3321 3302 3322 3323 3302 3323 3324 3294 3325 3308 3308 3325 3326 3308 3326 3327 3327 3326 3303 3327 3303 3328 3328 3303 3305 3329 3330 3331 3298 3297 3332 3332 3297 3333 3332 3333 3331 3331 3333 3334 3331 3334 3329 3335 3334 3336 3335 3336 3286 3286 3336 3337 3286 3338 3287 3339 3340 3341 3341 3340 3342 3341 3342 3343 3343 3342 3344 3345 3346 3347 3323 3348 3324 3324 3348 3349 3324 3349 3295 3295 3349 3350 3295 3350 3293 3344 3351 3343 3343 3351 3352 3353 3352 3309 3309 3354 3355 3309 3356 3310 3310 3356 3357 3310 3357 3278 3346 3358 3347 3347 3358 3359 3347 3359 3360 3351 3361 3354 3354 3361 3362 3354 3362 3363 3363 3362 3364 3363 3364 3327 3327 3364 3365 3327 3365 3308 3298 3366 3296 3296 3366 3345 3296 3345 3341 3341 3345 3347 3341 3347 3339 3359 3367 3360 3360 3367 3368 3360 3368 3335 3335 3368 3369 3335 3370 3330 3371 3372 3373 3374 3375 3371 3376 3377 3378 3378 3377 3379 3378 3379 3380 3381 3374 3382 3382 3374 3371 3382 3371 3383 3383 3371 3373 3382 3384 3381 3385 3386 3387 3385 3387 3388 3379 3389 3380 3380 3389 3390 3391 3390 3392 3392 3390 3388 3392 3388 3393 3393 3388 3387 3394 3395 3396 3396 3395 3397 3398 3399 3400 3398 3400 3401 3402 3403 3404 3402 3404 3405 3406 3407 3408 3409 3410 3411 3412 3413 3414 3414 3413 3415 3416 3417 3418 3419 3420 3421 3422 3423 3424 3422 3424 3425 3426 3427 3428 3426 3428 3429 3430 3431 3432 3432 3431 3433 3434 3435 3436 3437 3438 3439 3439 3438 3440 3439 3440 3441 3442 3443 3444 3444 3443 3445 3444 3445 3446 3447 3448 3449 3450 3444 3446 3450 3446 3435 3435 3446 3451 3435 3451 3436 3440 3452 3441 3441 3452 3453 3441 3453 3454 3454 3453 3434 3454 3434 3455 3455 3434 3436 3456 3457 3458 3458 3457 3459 3460 3461 3462 3462 3461 3463 3464 3465 3466 3466 3465 3467 3468 3469 3470 3470 3469 3471 3472 3473 3474 3474 3473 3475 3476 3477 3478 3478 3477 3479 3480 3481 3482 3482 3481 3483 3484 3485 3486 3486 3485 3487 3488 3489 3490 3490 3489 3491 3492 3493 3494 3494 3493 3495 3496 3497 3498 3498 3497 3499 3500 3501 3502 3503 3504 3505 3506 3507 3508 3508 3507 3509 3510 3511 3512 3513 3514 3515 3516 3517 3518 3519 3520 3521 3522 3523 3524 3524 3523 3525 3526 3527 3528 3528 3527 3529 3530 3531 3532 3533 3534 3535 3536 3537 3538 3539 3540 3541 3542 3543 3544 3545 3546 3547 3548 3549 3550 3551 3552 3553 3554 3555 3556 3556 3555 3557 3558 3559 3560 3560 3559 3561 3562 3563 3564 3565 3566 3567 3568 3569 3570 3570 3569 3571 3572 3573 3574 3575 3576 3577 3578 3579 3580 3580 3579 3581 3582 3583 3584 3584 3583 3585 3586 3587 3588 3589 3590 3591 3592 3593 3594 3595 3596 3597 3598 3599 3600 3601 3602 3603 3604 3605 3606 3607 3608 3609 3610 3611 3612 3613 3614 3615 3616 3617 3618 3619 3620 3621 3622 3623 3624 3624 3623 3625 3626 3627 3628 3629 3630 3631 3632 3633 3634 3635 3636 3637 3638 3639 3640 3640 3639 3641 3642 3643 3644 3645 3646 3647 3648 3649 3650 3651 3652 3653 3654 3655 3656 3657 3658 3659 3660 3661 3662 3662 3661 3663 3664 3665 3666 3667 3668 3669 3670 3671 3672 3673 3674 3675 3676 3677 3678 3679 3680 3681 3682 3683 3684 3684 3683 3685 3686 3687 3688 3688 3687 3689 3690 3691 3692 3693 3694 3695 3696 3697 3698 3699 3700 3701 3702 3703 3704 3705 3706 3707 3708 3709 3710 3711 3712 3713 3714 3715 3716 3717 3718 3719 3720 3721 3722 3723 3724 3725 3726 3727 3728 3728 3727 3729 3730 3731 3732 3733 3734 3735 3736 3737 3738 3739 3740 3741 3742 3743 3744 3745 3746 3747 3748 3749 3750 3750 3749 3751 3752 3753 3754 3754 3753 3755 3756 3757 3758 3758 3757 3759 3760 3761 3762 3762 3761 3763 3764 3765 3766 3766 3765 3767 3768 3769 3770 3771 3772 3773 3774 3775 3776 3777 3778 3779 3780 3781 3782 3783 3784 3785 3786 3787 3788 3789 3790 3791 3792 3793 3794 3794 3793 3795 3796 3797 3798 3798 3797 3799 3800 3801 3802 3802 3801 3803 3804 3805 3806 3806 3805 3807 3808 3809 3810 3810 3809 3811 3812 3813 3814 3814 3813 3815 3816 3817 3818 3818 3817 3819 3820 3821 3822 3822 3821 3823 3824 3825 3826 3826 3825 3827 3828 3829 3830 3830 3829 3831 3832 3833 3834 3834 3833 3835 3836 3837 3838 3838 3837 3839 3840 3841 3842 3842 3841 3843 3844 3845 3846 3846 3845 3847 3848 3849 3850 3850 3849 3851 3852 3853 3854 3854 3853 3855 3856 3857 3858 3859 3860 3861 3862 3863 3864 3864 3863 3865 3866 3867 3868 3868 3867 3869 3870 3871 3872 3872 3871 3873 3874 3875 3876 3876 3875 3877 3878 3879 3880 3880 3879 3881 3882 3883 3884 3884 3883 3885 3886 3887 3888 3888 3887 3889 3890 3891 3892 3892 3891 3893 3894 3895 3896 3896 3895 3897 3898 3899 3900 3901 3902 3903 3904 3905 3906 3906 3905 3907 3908 3909 3910 3911 3912 3913 3914 3915 3916 3916 3915 3917 3918 3919 3920 3920 3919 3921 3922 3923 3924 3924 3923 3925 3926 3927 3928 3928 3927 3929 3930 3931 3932 3932 3931 3933 3934 3935 3936 3936 3935 3937 3938 3939 3940 3940 3939 3941 3942 3943 3944 3944 3943 3945 3946 3947 3948 3949 3950 3951 3952 3953 3954 3955 3956 3957 3958 3959 3960 3960 3959 3961 3962 3963 3964 3964 3963 3965 3966 3967 3968 3969 3970 3971 3972 3973 3974 3974 3973 3975 3976 3977 3978 3978 3977 3979 3980 3981 3982 3982 3981 3983 3984 3985 3986 3987 3988 3989 3990 3991 3992 3992 3991 3993 3994 3995 3996 3997 3998 3999 4000 4001 4002 4002 4001 4003 4004 4005 4006 4007 4008 4009 4010 4011 4012 4013 4014 4015 4016 4017 4018 4018 4017 4019 4020 4021 4022 4022 4021 4023 4024 4025 4026 4027 4028 4029 4030 4031 4032 4032 4031 4033 4034 4035 4036 4036 4035 4037 4038 4039 4040 4041 4042 4043 4044 4045 4046 4047 4048 4049 4050 4051 4052 4051 4050 4053 4053 4054 4055 4053 4055 4056 4057 4058 4059 4060 4061 4062 4063 4064 4065 4066 4067 4059 4059 4067 4068 4059 4068 4069 4070 4071 4072 4072 4071 4073 4074 4055 4075 4076 4055 4077 4076 4077 4078 4065 4064 4077 4079 4080 4081 4079 4081 4078 4082 4083 4054 4084 4085 4086 4087 4088 4089 4090 4091 4092 4092 4091 4093 4092 4093 4094 4095 4096 4097 4097 4096 4098 4097 4098 4099 4099 4100 4101 4101 4102 4099 4099 4102 4094 4099 4094 4103 4104 4094 4105 4106 4107 4108 4052 4072 4109 4052 4109 4054 4054 4109 4110 4050 4111 4082 4112 4113 4114 4115 4116 4117 4068 4097 4069 4069 4097 4118 4069 4118 4119 4120 4121 4094 4094 4122 4123 4094 4123 4057 4057 4123 4124 4057 4125 4061 4126 4127 4128 4129 4130 4131 4132 4133 4134 4134 4133 4135 4134 4135 4136 4136 4135 4137 4138 4137 4139 4139 4137 4140 4090 4092 4141 4141 4092 4142 4132 4142 4143 4144 4145 4146 4083 4147 4148 4083 4148 4149 4149 4148 4150 4149 4151 4152 4152 4151 4153 4119 4118 4154 4154 4118 4155 4154 4155 4156 4156 4155 4139 4156 4139 4157 4158 4063 4072 4072 4063 4065 4107 4065 4159 4159 4065 4160 4159 4160 4161 4161 4160 4162 4163 4164 4165 4166 4162 4167 4166 4167 4168 4169 4151 4170 4170 4151 4171 4170 4171 4172 4172 4171 4173 4172 4173 4140 4140 4174 4165 4140 4166 4139 4139 4166 4168 4139 4168 4157 4175 4176 4177 4177 4176 4178 4179 4180 4181 4181 4180 4182 4183 4184 4185 4185 4184 4186 4187 4188 4189 4190 4191 4192 4193 4194 4195 4196 4197 4198 3470 3471 4199 4199 3471 4200 4199 4200 4177 4177 4200 4175 4201 4202 4203 4204 4205 4206 4207 4208 4209 4210 4211 4212 4213 4214 4215 4216 4217 4218 4219 4220 4221 4222 4223 4224 4183 4185 4225 4225 4185 4226 4225 4226 3475 3475 4226 3474 4227 4228 4229 4230 4231 4232 4233 4234 4235 4236 4237 4238 4239 4240 4241 4242 4243 4244 4245 4246 4247 4248 4249 4250 4251 4252 4253 4254 4255 4256 4257 4258 4259 4260 4261 4262 4263 4264 4265 4265 4264 4266 4267 4268 4269 4269 4268 4270 4271 4272 4273 4273 4272 4274 4275 4276 4277 4277 4276 4278 4279 4280 4281 4281 4280 4282 4283 4284 4285 4285 4284 4286 4287 4288 4289 4289 4288 4290 4291 4292 4293 4293 4292 4294 4295 4296 4297 4297 4296 4298 4299 4300 4301 4301 4300 4302 4303 4304 4305 4305 4304 4306 4307 4308 4309 4309 4308 4310 4311 4312 4313 4313 4312 4314 4315 4316 4317 4317 4316 4318 4319 4320 4321 4321 4320 4322 4323 4324 4325 4325 4324 4326 4327 4328 4329 4329 4328 4330 4329 4330 4331 4331 4330 4332 4331 4332 4333 4334 4331 4335 4335 4331 4333 4335 4333 4336 4336 4333 4337 4336 4337 4338 4338 4337 4339 4338 4339 4340 4340 4339 4341 4340 4341 4342 4342 4341 4343 4342 4343 4344 4345 4342 4346 4346 4342 4344 4346 4344 4347 4347 4344 4348 4347 4348 4349 4349 4350 4347 4347 4350 4351 4347 4351 4329 4329 4351 4352 4329 4352 4327 4353 4354 4355 4353 4355 4356 4355 4357 4356 4356 4357 4358 4359 4358 4360 4361 4358 4362 4361 4362 4363 4363 4362 4364 4363 4364 4365 4365 4366 4363 4363 4366 4367 4363 4367 4368 4368 4367 4369 4368 4369 4370 4370 4371 4368 4368 4371 4372 4368 4372 4373 4373 4372 4374 4373 4374 4353 4353 4374 4375 4353 4375 4354 4376 4377 4378 4378 4377 4379 4380 4381 4382 4383 4384 4385 4386 4387 4388 4389 4390 4391 4392 4393 4394 4395 4396 4397 4394 4398 3270 3270 4397 3274 4379 4377 4399 4399 4377 4400 4399 4400 4401 4401 4400 4402 4403 4404 4405 4406 4407 4408 4409 4410 4411 4412 4413 4414 4415 4416 4417 4418 4419 4420 4421 4422 4423 4424 4420 4425 4423 4426 4427 4428 4425 4429 4427 4430 4431 4432 4429 4433 4431 4434 4435 4436 4437 4438 4439 4440 4441 4409 4411 4442 4443 4444 4445 4442 4446 4447 4447 4446 4448 4449 4450 4451 4451 4450 4452 4453 4454 4455 4456 4452 4457 4455 4458 4459 4459 4458 4460 4459 4460 4461 4462 4463 4464 4465 4466 4467 4465 4467 4468 4469 4470 4471 4472 4473 4474 4475 4476 4477 4478 4479 4480 4481 4482 4483 4484 4485 4486 4487 4488 4489 4490 4491 4492 4493 4494 4495 4496 4497 4498 4499 4500 4501 4502 4503 4504 4505 4506 4507 4508 4509 4510 4511 4512 4513 4514 4515 4516 4517 4518 4519 4520 4521 4522 4522 4521 4523 4524 4525 4526 4526 4525 4527 4526 4527 4266 4266 4527 4265 4528 4529 4530 4531 4532 4533 4534 4535 4536 4537 4538 4539 4540 4541 4542 4543 4544 4545 4546 4547 4548 4549 4550 4551 4552 4553 4554 4555 4556 4557 4558 4559 4560 4561 4562 4563 4564 4565 4566 4567 4568 4569 4570 4571 4572 4573 4574 4575 4576 4577 4578 4579 4580 4581 4582 4583 4584 4585 4586 4587 4588 4589 4590 4590 4589 4591 4592 4593 4594 4595 4596 4597 4589 4598 4591 4591 4598 4599 4591 4599 4600 4600 4599 4601 4600 4601 4602 4603 4604 4596 4596 4604 4605 4596 4605 4606 4606 4605 4607 4588 4590 4608 4608 4590 4609 4610 4611 4612 4597 4609 4613 4614 4613 4594 4602 4601 4615 4615 4601 4616 4615 4616 4607 4607 4616 4617 4607 4617 4606 4618 4619 4620 4621 4622 4623 4623 4622 4624 4623 4624 4625 4624 4626 4625 4625 4627 4628 4625 4629 4630 4630 4629 4631 4632 4633 4634 4635 4636 4637 4638 4639 4640 4640 4639 4614 4640 4614 4641 4641 4597 4596 4642 4643 4644 4645 4596 4646 4623 4647 4621 4621 4647 4648 4621 4648 4649 4649 4648 4650 4649 4650 4639 4639 4650 4651 4639 4651 4614 4631 4652 4630 4630 4652 4620 4630 4620 4653 4653 4620 4634 4653 4634 4654 4654 4634 4633 4640 4655 4638 4638 4655 4656 4638 4656 4619 4657 4658 4659 4660 4661 4662 4634 4663 4632 4632 4663 4664 4632 4664 4596 4596 4664 4665 4596 4665 4646 4666 4667 4668 4668 4667 4669 4670 4671 4623 4671 4672 4623 4623 4672 4673 4623 4673 4647 4674 4668 4675 4675 4668 4669 4675 4669 4676 4676 4669 4677 4676 4677 4678 4668 4679 4666 4666 4679 4680 4666 4681 4682 4683 4684 4685 4678 4686 4687 4678 4687 4688 4689 4687 4690 4681 4691 4682 4692 4693 4694 4692 4694 4695 4695 4694 4696 4695 4696 4672 4672 4696 4697 4672 4697 4673 4698 4699 4700 4623 4701 4689 4623 4689 4670 4670 4689 4690 4701 4702 4689 4688 4702 4703 4689 4703 4704 4704 4703 4705 4704 4705 4706 4705 4707 4706 4708 4709 4710 4706 4711 4625 4625 4711 4712 4625 4712 4713 4713 4714 4625 4625 4714 4715 4625 4715 4623 4623 4715 4716 4623 4716 4717 4718 4719 4720 4721 4722 4723 4724 4725 4726 4727 4720 4728 4728 4720 4729 4728 4729 4723 4723 4729 4730 4723 4730 4721 4731 4732 4733 4734 4735 4736 4733 4737 4738 4725 4739 4726 4726 4739 4740 4726 4740 4723 4727 4741 4720 4742 4743 4744 4720 4745 4746 4746 4745 4747 4746 4747 4748 4748 4732 4749 4740 4750 4723 4723 4750 4751 4723 4751 4733 4731 4752 4732 4732 4752 4753 4732 4753 4754 4738 4755 4733 4733 4755 4756 4733 4756 4723 4723 4756 4757 4758 4759 4760 4749 4732 4761 4761 4732 4754 4761 4754 4762 4762 4754 4763 4762 4763 4724 4720 4719 4764 4765 4766 4746 4746 4766 4767 4746 4767 4742 4720 4767 4768 4720 4768 4718 4765 4746 4769 4769 4746 4770 4769 4770 4771 4719 4772 4764 4773 4774 4775 4764 4776 4777 4777 4776 4778 4777 4778 4770 4770 4778 4779 4770 4779 4771 4770 4780 4781 4770 4781 4782 4780 4770 4783 4783 4770 4746 4783 4746 4784 4781 4785 4782 4782 4785 4786 4782 4786 4787 4787 4786 4788 4787 4788 4789 4789 4788 4790 4749 4791 4748 4748 4791 4792 4748 4792 4746 4746 4792 4793 4746 4793 4784 4784 4793 4794 4784 4794 4795 4794 4796 4795 4795 4796 4797 4795 4797 4798 4797 4799 4798 4798 4800 4801 4798 4801 4802 4802 4801 4803 4802 4803 4804 4804 4803 4805 4804 4805 4790 4790 4805 4806 4790 4806 4789 4807 4808 4762 4809 4810 4726 4724 4726 4762 4762 4726 4811 4762 4811 4807 4810 4812 4726 4726 4812 4813 4726 4813 4811 4814 4815 4816 4816 4815 4817 4818 4819 4820 4808 4817 4821 4808 4821 4762 4726 4822 4809 4809 4822 4823 4809 4823 4824 4824 4823 4825 4824 4825 4826 4826 4825 4827 4826 4827 4828 4828 4827 4829 4828 4829 4814 4814 4829 4830 4814 4830 4815 4831 4832 4833 4833 4832 4521 4834 4835 4836 4836 4835 4837 4836 4837 4838 4838 4837 4839 4840 4841 4842 4842 4841 4843 4844 4845 4846 4846 4845 4847 4848 4849 4850 4850 4849 4851 4850 4851 4852 4852 4851 4853 4854 4855 4856 4856 4855 4857 4858 4859 4860 4860 4859 4861 4862 4863 4864 4863 4865 4864 4866 4867 4868 4866 4868 4869 4870 4871 4872 4870 4872 4873 4874 4875 4876 4874 4876 4877 4878 4879 4880 4878 4880 4881 4882 4883 4884 4884 4883 4885 4886 4887 4888 4886 4888 4889 4890 4891 4892 4890 4892 4893 4894 4895 4896 4894 4896 4897 4898 4899 4900 4900 4899 4901 4902 4903 4904 4904 4903 4905 4906 4907 4908 4908 4907 4909 4910 4911 4912 4912 4911 4913 4914 4915 4916 4916 4915 4917 4918 4919 4920 4920 4919 4921 4922 4923 4924 4924 4923 4925 4926 4927 4928 4928 4927 4929 4930 4931 4932 4932 4931 4933 4934 4935 4936 4936 4935 4937 4938 4939 4940 4940 4939 4941 4942 4943 4944 4942 4944 4945 4946 4947 4948 4946 4948 4949 4950 4951 4952 4950 4952 4953 4954 4955 4956 4956 4955 4957 4958 4959 4960 4958 4960 4961 4962 4963 4964 4962 4964 4965 4966 4967 4968 4968 4967 4969 4970 4971 4972 4972 4971 4973 4974 4975 4976 4976 4975 4977 4978 4979 4980 4980 4979 4981 4982 4983 4984 4984 4983 4985 4986 4987 4988 4988 4987 4989 4990 4991 4992 4992 4991 4993 4994 4995 4996 4996 4995 4997 4998 4999 5000 5000 4999 5001 5002 5003 5004 5004 5003 5005 5006 5007 5008 5008 5007 5009 5010 5011 5012 5012 5011 5013 5014 5015 5016 5016 5015 5017 5018 5019 5020 5020 5019 5021 5022 5023 5024 5024 5023 5025 5026 5027 5028 5028 5027 5029 5030 5031 5032 5032 5031 5033 5034 5035 5036 5036 5035 5037 5038 5039 5040 5040 5039 5041 5042 5043 5044 5044 5043 5045 5046 5047 5048 5048 5047 5049 5050 5051 5052 5052 5051 5053 5054 5055 5056 5056 5055 5057 5058 5059 5060 5060 5059 5061 5062 5063 5064 5064 5063 5065 5066 5067 5068 5068 5067 5069 5070 5071 5072 5072 5071 5073 5074 5075 5076 5076 5075 5077 5078 5079 5080 5080 5079 5081 5082 5083 5084 5084 5083 5085 5086 5087 5088 5088 5087 5089 5090 5091 5092 5092 5091 5093 5094 5095 5096 5096 5095 5097 5098 5099 5100 5100 5099 5101 5102 5103 5104 5104 5103 5105 5106 5107 5108 5108 5107 5109 5110 5111 5112 5112 5111 5113 5114 5115 5116 5116 5115 5117 5118 5119 5120 5120 5119 5121 5122 5123 5124 5124 5123 5125 5126 5127 5128 5128 5127 5129 5130 5131 5132 5132 5131 5133 5134 5135 5136 5136 5135 5137 5138 5139 5140 5140 5139 5141 5142 5143 5144 5144 5143 5145 5146 5147 5148 5148 5147 5149 5150 5151 5152 5152 5151 5153 5154 5155 5156 5156 5155 5157 5158 5159 5160 5160 5159 5161 5162 5163 5164 5164 5163 5165 5166 5167 5168 5168 5167 5169 5170 5171 5172 5172 5171 5173 5174 5175 5176 5176 5175 5177 5178 5179 5180 5180 5179 5181 5182 5183 5184 5184 5183 5185 5186 5187 5188 5188 5187 5189 5190 5191 5192 5192 5191 5193 5194 5195 5196 5196 5195 5197 5198 5199 5200 5200 5199 5201 5202 5203 5204 5204 5203 5205 4264 4263 5206 5206 4263 5207 5206 5207 5208 5208 5207 5209 5210 5209 5211 5211 5209 5212 5213 5214 5215 5216 5217 5218 5219 5220 5221 5222 5223 5224 5225 5226 5227 5228 5229 5230 5231 5232 5233 5234 5235 5236 5237 5238 5239 5240 5241 5242 5243 5244 5245 5246 5247 5248 5249 5250 5251 5252 5253 5254 5255 5256 5257 5258 5259 5260 5261 5262 5263 5264 5265 5266 5267 5268 5269 5270 5271 5272 5273 5274 5275 5276 5277 5278 5279 5280 5281 5282 5283 5284 5285 5286 5287 5288 5289 5290 5291 5292 5293 5294 5295 5296 5297 5298 5299 5300 5301 5302 5303 5304 5305 5306 5307 5308 5309 5310 5311 5312 5313 5314 5315 5316 5317 5318 5319 5320 5320 5319 5321 5318 5322 5319 5319 5322 5323 5319 5323 5324 5325 5326 5324 5327 5328 5317 5317 5328 5329 5317 5329 5330 5330 5329 5331 5330 5331 5332 5333 5334 5335 5335 5334 5336 5335 5336 5337 5332 5334 5338 5323 5339 5324 5324 5339 5340 5324 5340 5335 5333 5341 5334 5334 5341 5342 5334 5342 5343 5337 5344 5335 5335 5344 5345 5335 5345 5324 5324 5345 5346 5324 5346 5347 5327 5317 5347 5347 5317 5348 5347 5348 5324 5324 5348 5349 5324 5349 5325 5338 5334 5350 5350 5334 5343 5350 5343 5321 5321 5343 5351 5321 5351 5320 5317 5316 5352 5353 5330 5354 5354 5330 5355 5354 5355 5356 5353 5357 5330 5330 5357 5358 5330 5358 5317 5317 5358 5359 5317 5359 5315 5316 5360 5352 5352 5360 5361 5352 5361 5362 5362 5361 5363 5362 5363 5355 5355 5363 5364 5355 5364 5356 5355 5365 5366 5355 5366 5367 5366 5368 5367 5367 5368 5369 5367 5369 5370 5370 5369 5371 5370 5371 5372 5372 5371 5373 5374 5375 5376 5376 5375 5377 5376 5377 5378 5378 5377 5379 5378 5379 5373 5373 5379 5380 5373 5380 5372 5381 5382 5374 5374 5382 5383 5374 5383 5375 5365 5355 5384 5384 5355 5330 5384 5330 5385 5338 5386 5332 5332 5386 5387 5332 5387 5330 5330 5387 5388 5330 5388 5385 5385 5388 5389 5385 5389 5381 5381 5389 5390 5381 5390 5382 5391 5392 5319 5319 5392 5393 5319 5394 5391 5391 5394 5395 5391 5395 5396 5396 5395 5397 5396 5397 5398 5398 5397 5399 5398 5399 5400 5400 5399 5401 5400 5401 5402 5393 5403 5319 5319 5403 5404 5319 5404 5321 5321 5404 5405 5321 5405 5406 5401 5407 5402 5402 5407 5408 5402 5408 5409 5409 5408 5410 5409 5410 5406 5406 5410 5411 5406 5411 5321 5412 5413 5414 5414 5413 5415 5413 5416 5415 5415 5416 5417 5415 5417 5418 5418 5417 5419 5418 5419 5420 5412 5414 5421 5421 5414 5422 5421 5422 5423 5424 5425 5426 5426 5425 5427 5426 5427 5428 5422 5429 5423 5423 5429 5430 5423 5430 5427 5427 5430 5431 5427 5431 5428 5420 5419 5432 5432 5419 5433 5432 5433 5424 5424 5433 5434 5424 5434 5425 5435 5436 5437 5437 5436 5438 5437 5438 5439 5440 5441 5442 5442 5441 5443 5444 5445 5427 5427 5445 5446 5427 5446 5423 5423 5446 5447 5423 5447 5448 5448 5447 5449 5438 5450 5439 5439 5450 5451 5439 5451 5452 5452 5451 5440 5452 5440 5453 5453 5440 5442 5443 5441 5454 5454 5441 5455 5454 5455 5456 5457 5458 5456 5456 5458 5459 5456 5459 5454 5454 5459 5460 5454 5460 5427 5427 5460 5461 5427 5461 5444 5462 5463 5456 5456 5463 5464 5456 5464 5457 5465 5466 5437 5467 5468 5469 5465 5437 5470 5466 5471 5437 5437 5471 5472 5437 5472 5435 5435 5472 5473 5435 5473 5474 5474 5473 5475 5474 5475 5476 5476 5475 5448 5476 5448 5462 5462 5448 5449 5462 5449 5463 5477 5467 5478 5478 5467 5469 5478 5469 5479 5479 5469 5480 5479 5480 5481 5482 5483 5484 5468 5467 5484 5484 5467 5485 5484 5485 5482 5480 5486 5481 5481 5486 5487 5481 5487 5488 5488 5487 5489 5482 5490 5483 5483 5490 5491 5483 5491 5492 5492 5491 5493 5492 5493 5466 5466 5493 5494 5466 5494 5471 5495 5496 5437 5437 5496 5488 5437 5488 5470 5470 5488 5489 5497 5498 5439 5439 5498 5499 5439 5499 5437 5437 5499 5500 5437 5500 5495 5501 5502 5439 5439 5502 5503 5439 5503 5497 5496 5504 5488 5488 5504 5505 5488 5505 5506 5506 5505 5507 5506 5507 5501 5501 5507 5508 5501 5508 5502 5509 5510 5511 5511 5510 5512 5511 5512 5513 5513 5512 5514 5515 5516 5212 5212 5516 5211 5517 5518 5519 5517 5519 5520 5521 5522 5523 5521 5523 5524 5525 5526 5527 5527 5526 5528 5529 5530 5531 5529 5531 5532 5533 5534 5535 5533 5535 5536 5537 5538 5539 5537 5539 5540 5541 5542 5543 5543 5542 5544 5545 5546 5547 5547 5546 5548 5549 5550 5551 5551 5550 5552 5553 5554 5555 5555 5554 5556 5557 5558 5559 5559 5558 5560 5561 5562 5563 5563 5562 5564 5565 5566 5567 5567 5566 5568 5569 5570 5571 5571 5570 5572 5573 5574 5575 5575 5574 5576 5577 5578 5579 5579 5578 5580 5581 5582 5583 5583 5582 5584 5585 5586 5587 5585 5587 5588 5589 5590 5591 5589 5591 5592 5593 5594 5595 5593 5595 5596 5597 5598 5599 5599 5598 5600 5601 5602 5603 5601 5603 5604 5605 5606 5607 5605 5607 5608 5609 5610 5611 5609 5611 5612 5613 5614 5615 5615 5614 5616 5617 5618 5619 5619 5618 5620 5621 5622 5623 5622 5624 5623 5625 5626 5627 5625 5627 5628 5629 5630 5631 5631 5630 5632 5631 5632 5633 5633 5632 5634 5635 5636 5637 5637 5636 5638 5639 5640 5641 5641 5640 5642 5643 5644 5645 5645 5644 5646 5647 5648 5649 5649 5648 5650 5651 5652 5653 5653 5652 5654 5655 5656 5657 5657 5656 5658 5659 5660 5661 5661 5660 5662 5663 5664 5665 5665 5664 5666 5667 5668 5669 5669 5668 5670 5671 5672 5673 5673 5672 5674 5675 5676 5677 5677 5676 5678 5679 5680 5681 5681 5680 5682 5683 5684 5685 5685 5684 5686 5687 5688 5689 5689 5688 5690 5691 5692 5693 5693 5692 5694 5695 5696 5697 5697 5696 5698 5699 5700 5701 5701 5700 5702 5703 5704 5705 5705 5704 5706 5707 5708 5709 5709 5708 5710 5711 5712 5713 5713 5712 5714 5715 5716 5717 5717 5716 5718 5719 5720 5721 5721 5720 5722 5723 5724 5725 5725 5724 5726 5727 5728 5729 5729 5728 5730 5731 5732 5733 5733 5732 5734 5735 5736 5737 5737 5736 5738 5739 5740 5741 5741 5740 5742 5743 5744 5745 5745 5744 5746 5747 5748 5749 5749 5748 5750 5751 5752 5753 5753 5752 5754 5755 5756 5757 5757 5756 5758 5759 5760 5761 5761 5760 5762 5763 5764 5765 5765 5764 5766 5767 5768 5769 5769 5768 5770 5771 5772 5773 5773 5772 5774 5775 5776 5777 5777 5776 5778 5779 5780 5781 5781 5780 5782 5783 5784 5785 5785 5784 5786 5787 5788 5789 5789 5788 5790 5791 5792 5793 5793 5792 5794 5795 5796 5797 5797 5796 5798 5799 5800 5801 5801 5800 5802 5803 5804 5805 5805 5804 5806 5807 5808 5809 5809 5808 5810 5811 5812 5813 5813 5812 5814 5815 5816 5817 5817 5816 5818 5819 5820 5821 5821 5820 5822 5823 5824 5825 5825 5824 5826 5827 5828 5829 5829 5828 5830 5831 5832 5833 5833 5832 5834 5835 5836 5837 5837 5836 5838 5839 5840 5841 5841 5840 5842 5843 5844 5845 5845 5844 5846 5847 5848 5849 5849 5848 5850 5851 5852 5853 5853 5852 5854 5855 5856 5857 5857 5856 5858 5859 5860 5861 5861 5860 5862 5863 5864 5865 5865 5864 5866 5867 5868 5869 5869 5868 5870 5871 5872 5873 5873 5872 5874 5875 5876 5877 5877 5876 5878 5879 5880 5881 5881 5880 5882 5883 5884 5885 5886 3749 5887 5888 5889 5890 5891 5887 5892 5891 5892 5893 5893 5892 5894 5895 5896 5897 5898 5899 5900 5901 5902 5903 5904 5900 5905 5904 5905 5906 5907 5905 5908 5909 5910 5911 5909 5911 5912 5913 5914 5915 5913 5915 5916 5917 5918 5919 5917 5919 5920 5921 5922 5923 5923 5922 5924 5925 5926 5927 5927 5926 5928 5929 5930 5931 5932 5933 5934 5935 5936 5937 5937 5936 5899 5938 5939 5894 5894 5939 5893 5940 5941 5942 5940 5943 5944 5945 5946 5944 5944 5946 5947 5944 5947 5940 5940 5947 5948 5940 5948 5941 5949 5950 5951 5951 5950 5952 5951 5952 5953 5953 5952 5940 5953 5940 5954 5954 5940 5942 5955 5956 5957 5958 5959 5960 5961 5962 5963 5964 5965 5966 5966 5965 5955 5966 5955 5967 5967 5955 5957 5967 5957 5968 5963 5969 5961 5961 5969 5958 5961 5958 5957 5957 5958 5960 5957 5960 5968 5970 5971 5972 5970 5972 5973 5974 5975 5976 5974 5976 5977 5978 5979 5980 5978 5980 5981 5982 5983 5984 5984 5983 5985 5986 5987 5988 5988 5987 5989 5990 5991 5992 5992 5991 5993 5994 5995 5996 5996 5995 5997 5998 5999 6000 6000 5999 6001 6002 6003 6004 6002 6004 6005 6006 6007 6008 6006 6008 6009 6010 6011 6012 6010 6012 6013 6014 6015 6016 6014 6016 6017 6018 6019 6020 6020 6019 6021 6022 6023 6024 6025 6026 6027 6028 6029 6030 6030 6029 6031 6032 6033 6034 6034 6033 6035 6034 6035 6036 6036 6035 6037 6036 6037 3794 3794 6037 3792 6038 6039 6040 6038 6040 6041 6042 6043 6044 6042 6044 6045 6046 6047 6048 6049 6050 6051 6052 6053 6054 6055 6056 6057 6058 6059 6060 6061 6062 6063 6064 6065 6066 6066 6065 6067 6068 6069 6032 6032 6069 6033 6070 6071 6031 6031 6071 6072 6073 6074 6075 6076 6077 6078 6079 6080 6081 6082 6083 6084 6084 6083 6073 6084 6073 6085 6085 6073 6075 6085 6075 6086 6081 6087 6079 6079 6087 6076 6079 6076 6075 6075 6076 6078 6075 6078 6086 6088 6089 6090 6088 6091 6092 6093 6094 6092 6092 6094 6095 6092 6095 6088 6088 6095 6096 6088 6096 6089 6097 6098 6099 6099 6098 6100 6099 6100 6101 6101 6100 6088 6101 6088 6102 6102 6088 6090 6103 6104 6105 6103 6105 6106 6107 6108 6109 6107 6109 6110 6111 6112 6113 6111 6113 6114 6115 6116 6117 6115 6117 6118 6119 6120 6121 6121 6120 6122 6123 6124 6125 6125 6124 6126 6127 6128 6129 6129 6128 6130 6131 6132 6133 6133 6132 6134 6135 6136 6137 6137 6136 6138 6139 6140 6141 6139 6141 6142 6143 6144 6145 6143 6145 6146 6147 6148 6149 6147 6149 6150 </p>
        </polylist>
      </mesh>
    </geometry>
  </library_geometries>
  <library_controllers>
  </library_controllers>
  <library_visual_scenes>
    <visual_scene id="_ySTL_BINARY_" name="&lt;STL_BINARY&gt;">
      <node id="node" name="" type="NODE">
        <matrix sid="matrix">1 0 0 0 0 1 0 0 0 0 1 0 0 0 0 1</matrix>
        <instance_geometry url="#mesh_0">
          <bind_material>
            <technique_common>
              <instance_material symbol="defaultMaterial" target="#DefaultMaterial">
              </instance_material>
            </technique_common>
          </bind_material>
        </instance_geometry>
      </node>
    </visual_scene>
  </library_visual_scenes>
  <scene>
    <instance_visual_scene url="#_ySTL_BINARY_" />
  </scene>
</COLLADA>
