<?xml version="1.0" encoding="UTF-8" standalone="no" ?>
<COLLADA xmlns="http://www.collada.org/2005/11/COLLADASchema" version="1.4.1">
  <asset>
    <contributor>
      <author>Assimp</author>
      <authoring_tool>Assimp Exporter</authoring_tool>
    </contributor>
    <created>2025-07-10T07:28:13</created>
    <modified>2025-07-10T07:28:13</modified>
    <unit name="meter" meter="1" />
    <up_axis>Y_UP</up_axis>
  </asset>
  <library_images>
  </library_images>
  <library_effects>
    <effect id="DefaultMaterial-fx" name="DefaultMaterial">
      <profile_COMMON>
        <technique sid="standard">
          <phong>
            <ambient>
              <color sid="ambient">0.0500000007   0.0500000007   0.0500000007   1</color>
            </ambient>
            <diffuse>
              <color sid="diffuse">1   1   1   1</color>
            </diffuse>
            <specular>
              <color sid="specular">1   1   1   1</color>
            </specular>
          </phong>
        </technique>
      </profile_COMMON>
    </effect>
  </library_effects>
  <library_materials>
    <material id="DefaultMaterial" name="DefaultMaterial">
      <instance_effect url="#DefaultMaterial-fx"/>
    </material>
  </library_materials>
  <library_geometries>
    <geometry id="mesh_0" name="" >
      <mesh>
        <source id="mesh_0-positions" name="mesh_0-positions">
          <float_array id="mesh_0-positions-array" count="33462"> 0.100249991 -0.263710588 -0.104999997 0.100249991 -0.263710588 -0.125 0.12399742 -0.25 -0.104999997 0.124999993 -0.249421164 -0.125 0.12399742 -0.25 -0.104999997 0.124999993 -0.249421164 -0.125 0.124999993 -0.249421164 -0.104999997 0.124999993 -0.249421164 -0.104999997 0.124999993 -0.249421164 -0.125 0.126002565 -0.25 -0.104999997 0.149749994 -0.263710588 -0.125 0.149749994 -0.263710588 -0.104999997 0.295000017 -0.249421164 0.104999997 0.295000017 -0.249421164 0.125 0.293997437 -0.25 0.104999997 0.293997437 -0.25 0.104999997 0.295000017 -0.249421164 0.125 0.270249993 -0.263710588 0.125 0.270249993 -0.263710588 0.104999997 0.319750011 -0.263710588 0.104999997 0.319750011 -0.263710588 0.125 0.296002567 -0.25 0.104999997 0.295000017 -0.249421164 0.125 0.295000017 -0.249421164 0.104999997 0.345710576 0.100250006 -0.104999997 0.345710576 0.100250006 -0.125 0.331999987 0.12399742 -0.104999997 0.331421167 0.125 -0.125 0.331999987 0.12399742 -0.104999997 0.331421167 0.125 -0.125 0.331421167 0.125 -0.104999997 0.345710576 0.149749994 -0.125 0.345710576 0.149749994 -0.104999997 0.331421167 0.125 -0.125 0.331999987 0.12600258 -0.104999997 0.331421167 0.125 -0.125 0.331999987 0.12600258 -0.104999997 0.331421167 0.125 -0.104999997 0.345710576 -0.0697500035 -0.104999997 0.345710576 -0.0697500035 -0.125 0.331999987 -0.0460025817 -0.104999997 0.331421167 -0.0450000018 -0.125 0.331999987 -0.0460025817 -0.104999997 0.331421167 -0.0450000018 -0.125 0.331421167 -0.0450000018 -0.104999997 0.345710576 -0.0202500038 -0.125 0.345710576 -0.0202500038 -0.104999997 0.331421167 -0.0450000018 -0.125 0.331999987 -0.0439974256 -0.104999997 0.331421167 -0.0450000018 -0.125 0.331999987 -0.0439974256 -0.104999997 0.331421167 -0.0450000018 -0.104999997 0.0742894188 0.149749994 0.125 0.0742894188 0.149749994 0.104999997 0.0885788351 0.125 0.125 0.0879999995 0.12600258 0.104999997 0.0885788351 0.125 0.104999997 0.0742894188 0.100250006 0.104999997 0.0742894188 0.100250006 0.125 0.0879999995 0.12399742 0.104999997 0.0885788351 0.125 0.125 0.0885788351 0.125 0.104999997 0.0885788351 -0.0450000018 0.104999997 0.0885788351 -0.0450000018 0.125 0.0879999995 -0.0439974256 0.104999997 0.0742894188 -0.0202500038 0.125 0.0742894188 -0.0202500038 0.104999997 0.0742894188 -0.0697500035 0.104999997 0.0742894188 -0.0697500035 0.125 0.0879999995 -0.0460025817 0.104999997 0.0885788351 -0.0450000018 0.125 0.0885788351 -0.0450000018 0.104999997 0.331999987 -0.214000016 -0.0100000007 0.375500023 -0.212099999 -0.0100000007 0.328299999 -0.212099999 -0.0100000007 0.377999991 -0.0775000006 -0.0100000007 0.375500023 -0.0879000053 -0.0100000007 0.331999987 -0.222499996 -0.0100000007 0.377999991 -0.222499996 -0.0100000007 0.331999987 -0.0775000006 -0.0100000007 0.331999987 -0.0859999955 -0.0100000007 0.328299999 -0.0879000053 -0.0100000007 0.326000005 -0.0859999955 -0.0100000007 0.326000005 -0.214000016 -0.0100000007 0.0879999995 -0.0859999955 -0.0100000007 0.0444999933 -0.0879000053 -0.0100000007 0.0916999951 -0.0879000053 -0.0100000007 0.0444999933 -0.212099999 -0.0100000007 0.0879999995 -0.214000016 -0.0100000007 0.0916999951 -0.212099999 -0.0100000007 0.0939999968 -0.214000016 -0.0100000007 0.0939999968 -0.0859999955 -0.0100000007 0.0879999995 -0.0775000006 -0.0100000007 0.0420000069 -0.0775000006 -0.0100000007 0.0420000069 -0.222499996 -0.0100000007 0.0879999995 -0.222499996 -0.0100000007 0.329716384 0.181480497 0.149999991 0.353250027 0.136691347 0.149999991 0.359999985 0.138500005 0.149999991 0.106519498 0.197716385 0.149999991 0.117999993 0.199999988 0.149999991 0.0925000012 0.199999988 0.149999991 0.076837495 -0.298750013 0.149999991 0.0925000012 -0.298750013 0.149999991 0.0925000012 -0.246500015 0.149999991 0.0667499974 -0.203308672 0.149999991 0.0716913417 -0.208250001 0.149999991 0.0879999995 -0.129999995 0.149999991 0.0879999995 -0.219999999 0.149999991 0.0734999999 -0.215000004 0.149999991 0.0902836099 -0.231480509 0.149999991 0.0716913417 -0.221750006 0.149999991 0.0920688659 -0.235085651 0.149999991 0.0920688659 -0.235085651 0.149999991 0.0667499974 -0.22669135 0.149999991 0.032425005 -0.246500015 0.149999991 0.0600000061 -0.228500009 0.149999991 0.0532499924 -0.22669135 0.149999991 0.0320000052 -0.246000007 0.149999991 0.0483086556 -0.221750006 0.149999991 0.0465000086 -0.215000004 0.149999991 0.0320000052 -0.129999995 0.149999991 0.0483086556 -0.208250001 0.149999991 0.0532499924 -0.203308672 0.149999991 0.0600000061 -0.201499999 0.149999991 0.0320000052 0.0399999991 0.149999991 0.0879999995 0.0399999991 0.149999991 0.0600000061 0.111499995 0.149999991 0.0595675744 0.172432438 0.149999991 0.0320000052 0.140000001 0.149999991 0.0483086556 0.131750003 0.149999991 0.0734999999 0.125 0.149999991 0.0716913417 0.118249997 0.149999991 0.0667499974 0.113308653 0.149999991 0.0532499924 0.113308653 0.149999991 0.0483086556 0.118249997 0.149999991 0.0465000086 0.125 0.149999991 0.0532499924 0.136691347 0.149999991 0.0600000061 0.138500005 0.149999991 0.0919999927 0.199999988 0.149999991 0.0667499974 0.136691347 0.149999991 0.0716913417 0.131750003 0.149999991 0.0879999995 0.169999987 0.149999991 0.0734999999 0.125 0.149999991 0.0879999995 0.169999987 0.149999991 0.0902836099 0.181480497 0.149999991 0.0902836099 0.181480497 0.149999991 0.096786797 0.191213205 0.149999991 0.0667499974 -0.033308655 0.149999991 0.0716913417 -0.0382499993 0.149999991 0.0734999999 -0.0450000018 0.149999991 0.0716913417 -0.0517500043 0.149999991 0.0465000086 -0.0450000018 0.149999991 0.0483086556 -0.0517500043 0.149999991 0.0483086556 -0.0382499993 0.149999991 0.0532499924 -0.033308655 0.149999991 0.0600000061 -0.0314999968 0.149999991 0.0667499974 -0.0566913411 0.149999991 0.0600000061 -0.0584999993 0.149999991 0.0532499924 -0.0566913411 0.149999991 0.136691347 -0.27124998 0.149999991 0.138500005 -0.277999997 0.149999991 0.209999993 -0.298750013 0.149999991 0.136691347 -0.284749985 0.149999991 0.131749988 -0.289691329 0.149999991 0.124999993 -0.291500002 0.149999991 0.118249997 -0.289691329 0.149999991 0.113308653 -0.284749985 0.149999991 0.111499995 -0.277999997 0.149999991 0.113308653 -0.27124998 0.149999991 0.118249997 -0.266308665 0.149999991 0.131749988 -0.266308665 0.149999991 0.209999993 -0.25 0.149999991 0.124999993 -0.264499992 0.149999991 0.117999993 -0.25 0.149999991 0.106519498 -0.247716397 0.149999991 0.096786797 -0.241213202 0.149999991 0.306691349 -0.284749985 0.149999991 0.343162477 -0.298750013 0.149999991 0.308499992 -0.277999997 0.149999991 0.359999985 -0.278941184 0.149999991 0.306691349 -0.27124998 0.149999991 0.283308655 -0.284749985 0.149999991 0.281499982 -0.277999997 0.149999991 0.301750004 -0.266308665 0.149999991 0.313480496 -0.247716397 0.149999991 0.295000017 -0.264499992 0.149999991 0.302000016 -0.25 0.149999991 0.288249999 -0.266308665 0.149999991 0.283308655 -0.27124998 0.149999991 0.359999985 -0.246500015 0.149999991 0.32321319 -0.241213202 0.149999991 0.301750004 -0.289691329 0.149999991 0.295000017 -0.291500002 0.149999991 0.288249999 -0.289691329 0.149999991 0.348308653 -0.0517500043 0.149999991 0.346500009 -0.0450000018 0.149999991 0.331999987 -0.129999995 0.149999991 0.331999987 0.0399999991 0.149999991 0.348308653 0.131750003 0.149999991 0.331999987 0.169999987 0.149999991 0.346500009 0.125 0.149999991 0.348308653 0.118249997 0.149999991 0.302000016 0.199999988 0.149999991 0.313480496 0.197716385 0.149999991 0.328000009 0.199999988 0.149999991 0.32321319 0.191213205 0.149999991 0.359999985 0.17279999 0.149999991 0.38075 0.155162498 0.149999991 0.366750032 0.136691347 0.149999991 0.371691346 0.131750003 0.149999991 0.37349999 0.125 0.149999991 0.371691346 0.118249997 0.149999991 0.38075 0.0399999991 0.149999991 0.366750032 0.113308653 0.149999991 0.359999985 0.0399999991 0.149999991 0.359999985 0.111499995 0.149999991 0.353250027 0.113308653 0.149999991 0.388000011 0.0399999991 0.149999991 0.388000011 0.149000004 0.149999991 0.38075 -0.129999995 0.149999991 0.38075 -0.246500015 0.149999991 0.388000011 -0.246000007 0.149999991 0.38075 -0.254529446 0.149999991 0.387575001 -0.246500015 0.149999991 0.353250027 -0.203308672 0.149999991 0.359999985 -0.129999995 0.149999991 0.359999985 -0.201499999 0.149999991 0.366750032 -0.203308672 0.149999991 0.366750032 -0.22669135 0.149999991 0.359999985 -0.228500009 0.149999991 0.353250027 -0.22669135 0.149999991 0.329716384 -0.231480509 0.149999991 0.348308653 -0.221750006 0.149999991 0.331999987 -0.219999999 0.149999991 0.346500009 -0.215000004 0.149999991 0.348308653 -0.208250001 0.149999991 0.371691346 -0.208250001 0.149999991 0.37349999 -0.215000004 0.149999991 0.371691346 -0.221750006 0.149999991 0.348308653 -0.0382499993 0.149999991 0.353250027 -0.033308655 0.149999991 0.359999985 -0.0314999968 0.149999991 0.366750032 -0.033308655 0.149999991 0.366750032 -0.0566913411 0.149999991 0.359999985 -0.0584999993 0.149999991 0.353250027 -0.0566913411 0.149999991 0.371691346 -0.0382499993 0.149999991 0.37349999 -0.0450000018 0.149999991 0.371691346 -0.0517500043 0.149999991 0.337000012 -0.306000024 0.149999991 0.209999993 -0.306000024 0.149999991 0.0925000012 -0.306000024 0.149999991 0.0829999968 -0.306000024 0.149999991 0.388000011 -0.129999995 0.149999991 0.107999995 -0.200000018 -0.157499999 0.118499994 -0.200000018 -0.157499999 0.107999995 -0.200000018 -0.149999991 0.118499994 -0.200000018 -0.149999991 0.301499993 -0.200000018 -0.157499999 0.312000006 -0.200000018 -0.157499999 0.301499993 -0.200000018 -0.149999991 0.312000006 -0.200000018 -0.149999991 0.0483086556 0.131750003 -0.149999991 0.0465000086 0.125 -0.149999991 0.0320000052 0.149000004 -0.149999991 0.283308655 -0.27124998 -0.149999991 0.281499982 -0.277999997 -0.149999991 0.209999993 -0.298750013 -0.149999991 0.328000009 0.199999988 -0.149999991 0.353250027 0.136691347 -0.149999991 0.348308653 0.131750003 -0.149999991 0.281018198 0.18714793 -0.149999991 0.279413581 0.192250103 -0.149999991 0.276501715 0.196729138 -0.149999991 0.272266537 0.199999988 -0.149999991 0.330763817 0.136922345 -0.149999991 0.331999987 0.129999995 -0.149999991 0.346500009 0.125 -0.149999991 0.331999987 0.0399999991 -0.149999991 0.326142132 0.144142136 -0.149999991 0.318922341 0.148763821 -0.149999991 0.312000006 0.150000006 -0.149999991 0.281499982 0.150000006 -0.149999991 0.281499982 0.181827575 -0.149999991 0.348308653 -0.0382499993 -0.149999991 0.346500009 -0.0450000018 -0.149999991 0.331999987 -0.129999995 -0.149999991 0.312000006 -0.200000018 -0.149999991 0.322000027 -0.197320506 -0.149999991 0.359999985 -0.246500015 -0.149999991 0.301499993 -0.200000018 -0.149999991 0.331999987 -0.180000007 -0.149999991 0.359999985 -0.129999995 -0.149999991 0.348308653 -0.208250001 -0.149999991 0.353250027 -0.203308672 -0.149999991 0.32932049 -0.190000013 -0.149999991 0.359999985 -0.201499999 -0.149999991 0.346500009 -0.215000004 -0.149999991 0.348308653 -0.221750006 -0.149999991 0.353250027 -0.22669135 -0.149999991 0.359999985 -0.228500009 -0.149999991 0.301750004 -0.289691329 -0.149999991 0.306691349 -0.284749985 -0.149999991 0.336529434 -0.298750013 -0.149999991 0.283308655 -0.284749985 -0.149999991 0.288249999 -0.289691329 -0.149999991 0.295000017 -0.291500002 -0.149999991 0.359999985 -0.278800011 -0.149999991 0.308499992 -0.277999997 -0.149999991 0.306691349 -0.27124998 -0.149999991 0.301750004 -0.266308665 -0.149999991 0.271499991 -0.247320518 -0.149999991 0.288249999 -0.266308665 -0.149999991 0.278820515 -0.240000024 -0.149999991 0.295000017 -0.264499992 -0.149999991 0.284179479 -0.209999993 -0.149999991 0.291500002 -0.2026795 -0.149999991 0.281499982 -0.219999999 -0.149999991 0.281499982 -0.230000004 -0.149999991 0.113308653 -0.27124998 -0.149999991 0.111499995 -0.277999997 -0.149999991 0.0925000012 -0.298750013 -0.149999991 0.113308653 -0.284749985 -0.149999991 0.136691347 -0.284749985 -0.149999991 0.138500005 -0.277999997 -0.149999991 0.118249997 -0.266308665 -0.149999991 0.0925000012 -0.246500015 -0.149999991 0.124999993 -0.264499992 -0.149999991 0.118249997 -0.289691329 -0.149999991 0.124999993 -0.291500002 -0.149999991 0.131749988 -0.289691329 -0.149999991 0.131749988 -0.266308665 -0.149999991 0.141179487 -0.240000024 -0.149999991 0.136691347 -0.27124998 -0.149999991 0.148499995 -0.247320518 -0.149999991 0.158500001 -0.25 -0.149999991 0.209999993 -0.25 -0.149999991 0.261500001 -0.25 -0.149999991 0.138500005 -0.230000004 -0.149999991 0.138500005 -0.219999999 -0.149999991 0.0980000049 -0.197320506 -0.149999991 0.107999995 -0.200000018 -0.149999991 0.118499994 -0.200000018 -0.149999991 0.1285 -0.2026795 -0.149999991 0.135820508 -0.209999993 -0.149999991 0.0600000061 -0.228500009 -0.149999991 0.0667499974 -0.22669135 -0.149999991 0.0716913417 -0.221750006 -0.149999991 0.032425005 -0.246500015 -0.149999991 0.0532499924 -0.203308672 -0.149999991 0.0483086556 -0.208250001 -0.149999991 0.0320000052 -0.129999995 -0.149999991 0.0465000086 -0.215000004 -0.149999991 0.0320000052 -0.246000007 -0.149999991 0.0483086556 -0.221750006 -0.149999991 0.0532499924 -0.22669135 -0.149999991 0.0734999999 -0.215000004 -0.149999991 0.0716913417 -0.208250001 -0.149999991 0.0906794891 -0.190000013 -0.149999991 0.0667499974 -0.203308672 -0.149999991 0.0600000061 -0.201499999 -0.149999991 0.0879999995 -0.129999995 -0.149999991 0.0879999995 -0.180000007 -0.149999991 0.0600000061 -0.0314999968 -0.149999991 0.0532499924 -0.033308655 -0.149999991 0.0320000052 0.0399999991 -0.149999991 0.0483086556 -0.0382499993 -0.149999991 0.0465000086 -0.0450000018 -0.149999991 0.0483086556 -0.0517500043 -0.149999991 0.0667499974 -0.0566913411 -0.149999991 0.0600000061 -0.0584999993 -0.149999991 0.0532499924 -0.0566913411 -0.149999991 0.0716913417 -0.0517500043 -0.149999991 0.0734999999 -0.0450000018 -0.149999991 0.0879999995 0.0399999991 -0.149999991 0.0716913417 -0.0382499993 -0.149999991 0.0667499974 -0.033308655 -0.149999991 0.0532499924 0.113308653 -0.149999991 0.0600000061 0.111499995 -0.149999991 0.0483086556 0.118249997 -0.149999991 0.0716913417 0.131750003 -0.149999991 0.0667499974 0.136691347 -0.149999991 0.0925000012 0.199999988 -0.149999991 0.0919999927 0.199999988 -0.149999991 0.0600000061 0.138500005 -0.149999991 0.0532499924 0.136691347 -0.149999991 0.147733465 0.199999988 -0.149999991 0.14350985 0.196741953 -0.149999991 0.140589625 0.192257106 -0.149999991 0.138987184 0.187176049 -0.149999991 0.138500005 0.181827575 -0.149999991 0.0667499974 0.113308653 -0.149999991 0.0716913417 0.118249997 -0.149999991 0.0879999995 0.129999995 -0.149999991 0.0734999999 0.125 -0.149999991 0.0906794891 0.140000001 -0.149999991 0.0980000049 0.147320509 -0.149999991 0.107999995 0.150000006 -0.149999991 0.138500005 0.150000006 -0.149999991 0.0925000012 -0.306000024 -0.149999991 0.0829999968 -0.306000024 -0.149999991 0.076837495 -0.298750013 -0.149999991 0.328000009 -0.306000024 -0.149999991 0.38075 -0.246500015 -0.149999991 0.38075 -0.26116249 -0.149999991 0.348308653 0.118249997 -0.149999991 0.353250027 0.113308653 -0.149999991 0.359999985 0.0399999991 -0.149999991 0.359999985 0.111499995 -0.149999991 0.38075 0.0399999991 -0.149999991 0.366750032 0.113308653 -0.149999991 0.38075 0.155162498 -0.149999991 0.366750032 0.136691347 -0.149999991 0.359999985 0.138500005 -0.149999991 0.371691346 0.118249997 -0.149999991 0.37349999 0.125 -0.149999991 0.371691346 0.131750003 -0.149999991 0.366750032 -0.22669135 -0.149999991 0.366750032 -0.203308672 -0.149999991 0.38075 -0.129999995 -0.149999991 0.371691346 -0.221750006 -0.149999991 0.37349999 -0.215000004 -0.149999991 0.371691346 -0.208250001 -0.149999991 0.348308653 -0.0517500043 -0.149999991 0.353250027 -0.0566913411 -0.149999991 0.359999985 -0.0584999993 -0.149999991 0.366750032 -0.0566913411 -0.149999991 0.366750032 -0.033308655 -0.149999991 0.359999985 -0.0314999968 -0.149999991 0.353250027 -0.033308655 -0.149999991 0.371691346 -0.0517500043 -0.149999991 0.37349999 -0.0450000018 -0.149999991 0.371691346 -0.0382499993 -0.149999991 0.388000011 0.149000004 -0.149999991 0.388000011 0.0399999991 -0.149999991 0.388000011 -0.129999995 -0.149999991 0.388000011 -0.246500015 -0.149999991 0.388000011 -0.255000025 -0.149999991 0.209999993 -0.306000024 -0.149999991 0.388000011 0.100250006 0.104999997 0.388000011 0.0852499977 0.104999997 0.345710576 0.100250006 0.104999997 0.331999987 0.0852499977 0.104999997 0.331999987 0.12399742 0.104999997 0.388000011 0.0852499977 -0.104999997 0.388000011 0.100250006 -0.104999997 0.331999987 0.0852499977 -0.104999997 0.345710576 0.100250006 -0.104999997 0.331999987 0.12399742 -0.104999997 0.0320000052 -0.0202500038 0.104999997 0.0320000052 -0.00524999993 0.104999997 0.0742894188 -0.0202500038 0.104999997 0.0879999995 -0.00524999993 0.104999997 0.0879999995 -0.0439974256 0.104999997 0.0320000052 -0.190249994 -0.104999997 0.0420000069 -0.190249994 -0.104999997 0.0320000052 -0.175250009 -0.104999997 0.0420000069 -0.175250009 -0.104999997 0.0320000052 -0.0847499892 0.104999997 0.0320000052 -0.0697500035 0.104999997 0.0879999995 -0.0847499892 0.104999997 0.0742894188 -0.0697500035 0.104999997 0.0879999995 -0.0460025817 0.104999997 0.0320000052 -0.00524999993 -0.104999997 0.0320000052 -0.0202500038 -0.104999997 0.0879999995 -0.00524999993 -0.104999997 0.0742894188 -0.0202500038 -0.104999997 0.0879999995 -0.0439974256 -0.104999997 0.377999991 -0.0847499892 -0.104999997 0.388000011 -0.0847499892 -0.104999997 0.377999991 -0.0775000006 -0.104999997 0.388000011 -0.0697500035 -0.104999997 0.331999987 -0.0775000006 -0.104999997 0.345710576 -0.0697500035 -0.104999997 0.331999987 -0.0460025817 -0.104999997 0.255250007 -0.306000024 -0.104999997 0.270249993 -0.306000024 -0.104999997 0.255250007 -0.25 -0.104999997 0.270249993 -0.263710588 -0.104999997 0.293997437 -0.25 -0.104999997 0.388000011 -0.0697500035 0.104999997 0.388000011 -0.0847499892 0.104999997 0.345710576 -0.0697500035 0.104999997 0.331999987 -0.0847499892 0.104999997 0.331999987 -0.0460025817 0.104999997 0.270249993 -0.306000024 0.104999997 0.255250007 -0.306000024 0.104999997 0.270249993 -0.263710588 0.104999997 0.255250007 -0.25 0.104999997 0.293997437 -0.25 0.104999997 0.377999991 -0.222499996 -0.0100000007 0.377999991 -0.222499996 -0.104999997 0.377999991 -0.190249994 -0.104999997 0.377999991 -0.175250009 -0.129999995 0.377999991 -0.0847499892 -0.129999995 0.377999991 -0.175250009 -0.104999997 0.377999991 -0.0847499892 -0.104999997 0.377999991 -0.0775000006 -0.104999997 0.377999991 -0.0775000006 -0.0100000007 0.0420000069 -0.0775000006 -0.0100000007 0.0420000069 -0.0775000006 -0.104999997 0.0420000069 -0.222499996 -0.0100000007 0.0420000069 -0.0847499892 -0.104999997 0.0420000069 -0.0847499892 -0.129999995 0.0420000069 -0.175250009 -0.129999995 0.0420000069 -0.175250009 -0.104999997 0.0420000069 -0.190249994 -0.104999997 0.0420000069 -0.222499996 -0.104999997 0.164749995 -0.306000024 0.104999997 0.149749994 -0.306000024 0.104999997 0.164749995 -0.25 0.104999997 0.149749994 -0.263710588 0.104999997 0.126002565 -0.25 0.104999997 0.326000005 -0.214000016 0.104999997 0.326000005 -0.0859999955 0.104999997 0.331999987 -0.175250009 0.104999997 0.331999987 -0.0859999955 0.104999997 0.331999242 -0.214000016 0.104999997 0.345710576 -0.190249994 0.104999997 0.388000011 -0.190249994 0.104999997 0.388000011 -0.175250009 0.104999997 0.388000011 -0.00524999993 0.104999997 0.388000011 -0.0202500038 0.104999997 0.331999987 -0.00524999993 0.104999997 0.345710576 -0.0202500038 0.104999997 0.331999987 -0.0439974256 0.104999997 0.0742894188 -0.239750013 0.104999997 0.0879999995 -0.216002584 0.104999997 0.0879999995 -0.25 0.104999997 0.0320000052 -0.246000007 0.104999997 0.0320000052 -0.239750013 0.104999997 0.100249991 -0.306000024 0.104999997 0.0852499977 -0.306000024 0.104999997 0.100249991 -0.263710588 0.104999997 0.0852499977 -0.254750013 0.104999997 0.12399742 -0.25 0.104999997 0.0394375101 -0.254750013 0.104999997 0.0320000052 0.0852499977 0.104999997 0.0320000052 0.100250006 0.104999997 0.0879999995 0.0852499977 0.104999997 0.0742894188 0.100250006 0.104999997 0.0879999995 0.12399742 0.104999997 0.0402875096 0.149749994 0.104999997 0.0530375019 0.164749995 0.104999997 0.0742894188 0.149749994 0.104999997 0.0879999995 0.164749995 0.104999997 0.0879999995 0.12600258 0.104999997 0.149749994 -0.306000024 -0.104999997 0.164749995 -0.306000024 -0.104999997 0.149749994 -0.263710588 -0.104999997 0.164749995 -0.25 -0.104999997 0.126002565 -0.25 -0.104999997 0.377999991 -0.190249994 -0.104999997 0.388000011 -0.190249994 -0.104999997 0.377999991 -0.175250009 -0.104999997 0.388000011 -0.175250009 -0.104999997 0.388000011 -0.0202500038 -0.104999997 0.388000011 -0.00524999993 -0.104999997 0.345710576 -0.0202500038 -0.104999997 0.331999987 -0.00524999993 -0.104999997 0.331999987 -0.0439974256 -0.104999997 0.0742894188 -0.239750013 -0.104999997 0.0320000052 -0.239750013 -0.104999997 0.0320000052 -0.246000007 -0.104999997 0.12399742 -0.25 -0.104999997 0.0879999995 -0.25 -0.104999997 0.100249991 -0.263710588 -0.104999997 0.0852499977 -0.254750013 -0.104999997 0.100249991 -0.306000024 -0.104999997 0.0852499977 -0.306000024 -0.104999997 0.0879999995 -0.222499996 -0.104999997 0.0842487067 -0.222499996 -0.104999997 0.0394375101 -0.254750013 -0.104999997 0.0320000052 0.100250006 -0.104999997 0.0320000052 0.0852499977 -0.104999997 0.0742894188 0.100250006 -0.104999997 0.0879999995 0.0852499977 -0.104999997 0.0879999995 0.12399742 -0.104999997 0.0505294129 0.164749995 -0.104999997 0.0328823589 0.149749994 -0.104999997 0.0879999995 0.164749995 -0.104999997 0.0742894188 0.149749994 -0.104999997 0.0879999995 0.12600258 -0.104999997 0.331999987 -0.25 0.104999997 0.331999987 -0.25 -0.104999997 0.331999987 -0.222499996 -0.0100000007 0.331999987 -0.222499996 -0.104999997 0.331999987 -0.216002584 0.104999997 0.331999987 -0.214000016 -0.0100000007 0.331999987 -0.216002584 0.104999997 0.331999987 -0.214000016 -0.0100000007 0.331999242 -0.214000016 0.104999997 0.12399742 -0.25 0.104999997 0.0879999995 -0.25 0.104999997 0.255250007 -0.25 -0.104999997 0.164749995 -0.25 -0.104999997 0.164749995 -0.25 -0.129999995 0.255250007 -0.25 -0.129999995 0.0879999995 -0.25 -0.104999997 0.12399742 -0.25 -0.104999997 0.126002565 -0.25 -0.104999997 0.255250007 -0.25 0.104999997 0.293997437 -0.25 0.104999997 0.293997437 -0.25 -0.104999997 0.296002567 -0.25 0.104999997 0.296002567 -0.25 -0.104999997 0.331999987 -0.25 0.104999997 0.331999987 -0.25 -0.104999997 0.255250007 -0.25 0.129999995 0.164749995 -0.25 0.129999995 0.164749995 -0.25 0.104999997 0.126002565 -0.25 0.104999997 0.0320000052 -0.246000007 -0.104999997 0.0320000052 -0.239750013 -0.104999997 0.0320000052 -0.239750013 -0.125 0.0320000052 -0.190249994 -0.125 0.0320000052 -0.129999995 -0.149999991 0.0320000052 -0.246000007 -0.149999991 0.0320000052 -0.0847499892 -0.104999997 0.0320000052 -0.0697500035 -0.104999997 0.0320000052 -0.0847499892 -0.129999995 0.0320000052 -0.0697500035 -0.125 0.0320000052 -0.190249994 -0.104999997 0.0320000052 -0.175250009 -0.104999997 0.0320000052 -0.175250009 -0.129999995 0.0320000052 0.0399999991 -0.149999991 0.0320000052 -0.0202500038 -0.125 0.0320000052 0.0852499977 -0.104999997 0.0320000052 0.100250006 -0.104999997 0.0320000052 0.0852499977 -0.129999995 0.0320000052 0.100250006 -0.125 0.0320000052 -0.0202500038 -0.104999997 0.0320000052 -0.00524999993 -0.104999997 0.0320000052 -0.00524999993 -0.129999995 0.0320000052 0.149000004 -0.149999991 0.0320000052 0.149000004 -0.125 0.328000009 -0.306000024 -0.104999997 0.319750011 -0.306000024 -0.104999997 0.328000009 -0.306000024 -0.149999991 0.319750011 -0.306000024 -0.125 0.209999993 -0.306000024 -0.149999991 0.270249993 -0.306000024 -0.125 0.164749995 -0.306000024 -0.104999997 0.149749994 -0.306000024 -0.104999997 0.164749995 -0.306000024 -0.129999995 0.149749994 -0.306000024 -0.125 0.100249991 -0.306000024 -0.125 0.0829999968 -0.306000024 -0.149999991 0.0925000012 -0.306000024 -0.149999991 0.270249993 -0.306000024 -0.104999997 0.255250007 -0.306000024 -0.104999997 0.255250007 -0.306000024 -0.129999995 0.100249991 -0.306000024 -0.104999997 0.0852499977 -0.306000024 -0.104999997 0.0852499977 -0.306000024 -0.129999995 0.0829999968 -0.306000024 -0.129999995 0.117999993 0.199999988 0.149999991 0.117999993 0.199999988 0.167500004 0.302000016 0.199999988 0.167500004 0.0919999927 0.199999988 -0.149999991 0.302000016 0.199999988 0.149999991 0.0925000012 0.199999988 -0.149999991 0.147733465 0.199999988 -0.149999991 0.0925000012 0.199999988 0.149999991 0.0919999927 0.199999988 0.149999991 0.328000009 0.199999988 0.149999991 0.328000009 0.199999988 -0.129999995 0.269353926 0.199999988 -0.151531368 0.272266537 0.199999988 -0.149999991 0.328000009 0.199999988 -0.149999991 0.150281608 0.199999988 -0.151401803 0.153500006 0.199999988 -0.15200001 0.266499996 0.199999988 -0.15200001 0.331999242 -0.214000016 0.104999997 0.331421167 -0.215000004 0.104999997 0.331999987 -0.216002584 0.104999997 0.0880007446 -0.214000016 0.104999997 0.0879999995 -0.216002584 0.104999997 0.0885788351 -0.215000004 0.104999997 0.0320000052 -0.190249994 -0.104999997 0.0320000052 -0.190249994 -0.125 0.0420000069 -0.190249994 -0.104999997 0.0742894188 -0.190249994 -0.125 0.0742894188 -0.190249994 -0.104999997 0.388000011 -0.254750013 -0.104999997 0.388000011 -0.239750013 -0.104999997 0.334749997 -0.254750013 -0.104999997 0.345710576 -0.239750013 -0.104999997 0.334749997 -0.300262511 -0.104999997 0.328000009 -0.306000024 -0.104999997 0.319750011 -0.263710588 -0.104999997 0.319750011 -0.306000024 -0.104999997 0.335751295 -0.222499996 -0.104999997 0.331999987 -0.222499996 -0.104999997 0.331999987 -0.25 -0.104999997 0.296002567 -0.25 -0.104999997 0.153500006 0.199999988 -0.15200001 0.266499996 0.199999988 -0.15200001 0.153500006 0.194733873 -0.158325806 0.266499996 0.194733873 -0.158325806 0.153500006 0.194733873 -0.158325806 0.266499996 0.194733873 -0.158325806 0.153500006 0.191238433 -0.161718249 0.266499996 0.191238433 -0.161718249 0.153500006 0.191238433 -0.161718249 0.266499996 0.191238433 -0.161718249 0.153500006 0.184633285 -0.166877538 0.266499996 0.184633285 -0.166877538 0.153500006 0.184633285 -0.166877538 0.266499996 0.184633285 -0.166877538 0.153500006 0.178063422 -0.17075716 0.266499996 0.178063422 -0.17075716 0.153500006 0.178063422 -0.17075716 0.266499996 0.178063422 -0.17075716 0.153500006 0.172942802 -0.173081338 0.266499996 0.172942802 -0.173081338 0.153500006 0.172942802 -0.173081338 0.266499996 0.172942802 -0.173081338 0.153500006 0.163010731 -0.176114425 0.266499996 0.163010731 -0.176114425 0.153500006 0.163010731 -0.176114425 0.266499996 0.163010731 -0.176114425 0.153500006 0.160199106 -0.176652402 0.266499996 0.160199106 -0.176652402 0.153500006 0.160199106 -0.176652402 0.266499996 0.160199106 -0.176652402 0.153500006 0.149999648 -0.177500159 0.266499996 0.149999648 -0.177500159 0.107999995 0.129999995 -0.17750001 0.153500006 0.129999995 -0.17750001 0.15870586 0.11992383 -0.17750001 0.274113476 0.0906986445 -0.17750001 0.26716578 0.110936582 -0.17750001 0.266499996 0.129999995 -0.17750001 0.254023314 0.127822056 -0.17750001 0.266499996 0.149999648 -0.177500159 0.23611021 0.139525265 -0.17750001 0.21536766 0.144777998 -0.17750001 0.266499996 0.149999648 -0.177500159 0.21536766 0.144777998 -0.17750001 0.153500006 0.149999648 -0.177500159 0.153500006 0.149999648 -0.177500159 0.194043443 0.143011019 -0.17750001 0.194043443 0.143011019 -0.17750001 0.174448371 0.13441582 -0.17750001 0.14852187 0.101105466 -0.17750001 0.144999996 0.0800000057 -0.17750001 0.107999995 -0.180000007 -0.17750001 0.14852187 0.0588945337 -0.17750001 0.15870586 0.0400761738 -0.17750001 0.174448371 0.0255841762 -0.17750001 0.118499994 -0.180000007 -0.17750001 0.312000006 -0.180000007 -0.17750001 0.23611021 0.0204747319 -0.17750001 0.254023314 0.0321779437 -0.17750001 0.26716578 0.0490634181 -0.17750001 0.274113476 0.0693013519 -0.17750001 0.312000006 0.129999638 -0.17750001 0.282000005 0.129999638 -0.17750001 0.273215741 -0.191715732 -0.17750001 0.266858995 -0.200000018 -0.17750001 0.21536766 0.0152220074 -0.17750001 0.26286298 -0.209647253 -0.17750001 0.261500001 -0.230000004 -0.17750001 0.158500001 -0.230000004 -0.17750001 0.158500001 -0.219999999 -0.17750001 0.157137036 -0.209647253 -0.17750001 0.261500001 -0.219999999 -0.17750001 0.26286298 -0.209647253 -0.17750001 0.301499993 -0.180000007 -0.17750001 0.291147232 -0.181362957 -0.17750001 0.281499982 -0.185358986 -0.17750001 0.153141007 -0.200000018 -0.17750001 0.146784276 -0.191715732 -0.17750001 0.194043443 0.0169889834 -0.17750001 0.138500005 -0.185358986 -0.17750001 0.128852755 -0.181362957 -0.17750001 0.312000006 0.149999648 -0.157499999 0.282000005 0.149999827 -0.157499999 0.312000006 0.149999827 -0.15200001 0.312000006 0.149999827 -0.15200001 0.282000005 0.149999827 -0.157499999 0.282000005 0.149999917 -0.15200001 0.124999993 -0.249421164 0.104999997 0.124999993 -0.249421164 0.125 0.12399742 -0.25 0.104999997 0.12399742 -0.25 0.104999997 0.124999993 -0.249421164 0.125 0.100249991 -0.263710588 0.125 0.100249991 -0.263710588 0.104999997 0.149749994 -0.263710588 0.104999997 0.149749994 -0.263710588 0.125 0.126002565 -0.25 0.104999997 0.124999993 -0.249421164 0.125 0.124999993 -0.249421164 0.104999997 0.270249993 -0.263710588 -0.104999997 0.270249993 -0.263710588 -0.125 0.293997437 -0.25 -0.104999997 0.295000017 -0.249421164 -0.125 0.293997437 -0.25 -0.104999997 0.295000017 -0.249421164 -0.125 0.295000017 -0.249421164 -0.104999997 0.295000017 -0.249421164 -0.104999997 0.295000017 -0.249421164 -0.125 0.296002567 -0.25 -0.104999997 0.319750011 -0.263710588 -0.125 0.319750011 -0.263710588 -0.104999997 0.331999987 -0.00524999993 -0.104999997 0.331999987 -0.00524999993 -0.129999995 0.331999987 0.0852499977 -0.129999995 0.331999987 0.125334203 -0.104999997 0.331999987 0.125334203 0.104999997 0.331999987 0.12399742 -0.104999997 0.331999987 0.0852499977 -0.104999997 0.331999987 0.0852499977 0.129999995 0.331999987 -0.00524999993 0.129999995 0.331999987 0.0852499977 0.104999997 0.331999987 -0.00524999993 0.104999997 0.331999987 -0.0775000006 -0.0100000007 0.331999987 -0.0439974256 -0.104999997 0.331999987 0.12399742 0.104999997 0.331999987 -0.0460025817 -0.104999997 0.331999987 -0.0775000006 -0.104999997 0.331999987 -0.175250009 0.129999995 0.331999987 -0.175250009 0.104999997 0.331999987 -0.0847499892 0.129999995 0.331999987 -0.0859999955 0.104999997 0.331999987 -0.0847499892 0.104999997 0.331999987 -0.0859999955 -0.0100000007 0.331999987 -0.0460025817 0.104999997 0.331999987 -0.0439974256 0.104999997 0.377999991 -0.222499996 -0.104999997 0.377999991 -0.222499996 -0.0100000007 0.335751295 -0.222499996 -0.104999997 0.331999987 -0.222499996 -0.0100000007 0.331999987 -0.222499996 -0.104999997 0.345710576 -0.0697500035 0.125 0.345710576 -0.0697500035 0.104999997 0.331421167 -0.0450000018 0.125 0.331999987 -0.0460025817 0.104999997 0.331421167 -0.0450000018 0.125 0.331999987 -0.0460025817 0.104999997 0.331421167 -0.0450000018 0.104999997 0.345710576 -0.0202500038 0.104999997 0.345710576 -0.0202500038 0.125 0.331999987 -0.0439974256 0.104999997 0.331421167 -0.0450000018 0.125 0.331999987 -0.0439974256 0.104999997 0.331421167 -0.0450000018 0.125 0.331421167 -0.0450000018 0.104999997 0.345710576 0.100250006 0.125 0.345710576 0.100250006 0.104999997 0.331421167 0.125 0.125 0.331999987 0.12399742 0.104999997 0.331421167 0.125 0.125 0.331999987 0.12399742 0.104999997 0.331421167 0.125 0.104999997 0.345710576 0.149749994 0.104999997 0.345710576 0.149749994 0.125 0.331999987 0.12600258 0.104999997 0.331421167 0.125 0.125 0.331999987 0.12600258 0.104999997 0.331421167 0.125 0.125 0.331421167 0.125 0.104999997 0.331999987 0.164749995 -0.104999997 0.331999987 0.164749995 -0.129999995 0.331999987 0.19659999 -0.129999995 0.331999987 0.19659999 0.129999995 0.331999987 0.164749995 0.129999995 0.331999987 0.164749995 0.104999997 0.331999987 0.12600258 0.104999997 0.331999987 0.12600258 -0.104999997 0.0879999995 0.164749995 0.104999997 0.0879999995 0.164749995 0.129999995 0.0879999995 0.19659999 0.129999995 0.0879999995 -0.00524999993 0.129999995 0.0879999995 0.0852499977 0.129999995 0.0879999995 -0.00524999993 0.104999997 0.0879999995 0.0852499977 0.104999997 0.0879999995 -0.0859999955 -0.0100000007 0.0879999995 -0.0859999955 0.104999997 0.0879999995 -0.0775000006 -0.0100000007 0.0879999995 0.0852499977 -0.104999997 0.0879999995 -0.175250009 0.104999997 0.0879999995 -0.175250009 0.129999995 0.0879999995 -0.0460025817 -0.104999997 0.0879999995 -0.0775000006 -0.104999997 0.0879999995 0.19659999 -0.129999995 0.0879999995 0.164749995 -0.129999995 0.0879999995 0.164749995 -0.104999997 0.0879999995 0.0852499977 -0.129999995 0.0879999995 -0.00524999993 -0.129999995 0.0879999995 -0.00524999993 -0.104999997 0.0879999995 -0.0439974256 -0.104999997 0.0879999995 -0.0847499892 0.129999995 0.0879999995 -0.0847499892 0.104999997 0.0879999995 -0.0460025817 0.104999997 0.0879999995 -0.0439974256 0.104999997 0.0879999995 0.12600258 0.104999997 0.0879999995 0.12600258 -0.104999997 0.0879999995 0.12399742 0.104999997 0.0879999995 0.12399742 -0.104999997 0.0742894188 0.149749994 -0.104999997 0.0742894188 0.149749994 -0.125 0.0879999995 0.12600258 -0.104999997 0.0885788351 0.125 -0.125 0.0885788351 0.125 -0.104999997 0.0742894188 0.100250006 -0.125 0.0742894188 0.100250006 -0.104999997 0.0885788351 0.125 -0.125 0.0879999995 0.12399742 -0.104999997 0.0885788351 0.125 -0.104999997 0.0742894188 -0.0202500038 -0.104999997 0.0742894188 -0.0202500038 -0.125 0.0879999995 -0.0439974256 -0.104999997 0.0885788351 -0.0450000018 -0.125 0.0885788351 -0.0450000018 -0.104999997 0.0885788351 -0.0450000018 -0.104999997 0.0885788351 -0.0450000018 -0.125 0.0879999995 -0.0460025817 -0.104999997 0.0742894188 -0.0697500035 -0.125 0.0742894188 -0.0697500035 -0.104999997 0.0879999995 -0.222499996 -0.0100000007 0.0879999995 -0.222499996 -0.104999997 0.0879999995 -0.25 -0.104999997 0.0880007446 -0.214000016 0.104999997 0.0879999995 -0.214000016 -0.0100000007 0.0879999995 -0.216002584 0.104999997 0.0879999995 -0.216002584 0.104999997 0.0879999995 -0.214000016 -0.0100000007 0.0879999995 -0.25 0.104999997 0.0879999995 -0.222499996 -0.104999997 0.0879999995 -0.222499996 -0.0100000007 0.0842487067 -0.222499996 -0.104999997 0.0420000069 -0.222499996 -0.0100000007 0.0420000069 -0.222499996 -0.104999997 0.0885788351 -0.215000004 -0.104999997 0.0842487067 -0.222499996 -0.104999997 0.0742894188 -0.190249994 -0.104999997 0.0420000069 -0.222499996 -0.104999997 0.0420000069 -0.190249994 -0.104999997 0.0742894188 -0.190249994 -0.125 0.0885788351 -0.215000004 -0.125 0.0742894188 -0.190249994 -0.104999997 0.0885788351 -0.215000004 -0.104999997 0.0885788351 -0.215000004 -0.104999997 0.0885788351 -0.215000004 -0.125 0.0842487067 -0.222499996 -0.104999997 0.0742894188 -0.239750013 -0.125 0.0742894188 -0.239750013 -0.104999997 0.0742894188 -0.239750013 -0.125 0.0320000052 -0.239750013 -0.125 0.0742894188 -0.239750013 -0.104999997 0.0320000052 -0.239750013 -0.104999997 0.0885788351 -0.215000004 -0.125 0.0734999999 -0.215000004 -0.125 0.0742894188 -0.239750013 -0.125 0.0716913417 -0.221750006 -0.125 0.0532499924 -0.22669135 -0.125 0.0320000052 -0.239750013 -0.125 0.0600000061 -0.228500009 -0.125 0.0667499974 -0.22669135 -0.125 0.0483086556 -0.221750006 -0.125 0.0465000086 -0.215000004 -0.125 0.0320000052 -0.190249994 -0.125 0.0742894188 -0.190249994 -0.125 0.0667499974 -0.203308672 -0.125 0.0716913417 -0.208250001 -0.125 0.0483086556 -0.208250001 -0.125 0.0532499924 -0.203308672 -0.125 0.0600000061 -0.201499999 -0.125 0.345710576 -0.239750013 -0.104999997 0.345710576 -0.239750013 -0.125 0.335751295 -0.222499996 -0.104999997 0.331421167 -0.215000004 -0.125 0.331421167 -0.215000004 -0.104999997 0.331421167 -0.215000004 -0.125 0.345710576 -0.190249994 -0.125 0.331421167 -0.215000004 -0.104999997 0.345710576 -0.190249994 -0.104999997 0.345710576 -0.190249994 -0.104999997 0.345710576 -0.190249994 -0.125 0.377999991 -0.190249994 -0.104999997 0.388000011 -0.190249994 -0.125 0.388000011 -0.190249994 -0.104999997 0.388000011 -0.239750013 -0.125 0.345710576 -0.239750013 -0.125 0.388000011 -0.239750013 -0.104999997 0.345710576 -0.239750013 -0.104999997 0.371691346 -0.208250001 -0.125 0.37349999 -0.215000004 -0.125 0.388000011 -0.190249994 -0.125 0.388000011 -0.239750013 -0.125 0.371691346 -0.221750006 -0.125 0.366750032 -0.22669135 -0.125 0.345710576 -0.239750013 -0.125 0.359999985 -0.228500009 -0.125 0.353250027 -0.22669135 -0.125 0.331421167 -0.215000004 -0.125 0.348308653 -0.221750006 -0.125 0.346500009 -0.215000004 -0.125 0.348308653 -0.208250001 -0.125 0.345710576 -0.190249994 -0.125 0.353250027 -0.203308672 -0.125 0.359999985 -0.201499999 -0.125 0.366750032 -0.203308672 -0.125 0.331421167 -0.215000004 -0.104999997 0.345710576 -0.190249994 -0.104999997 0.335751295 -0.222499996 -0.104999997 0.377999991 -0.190249994 -0.104999997 0.377999991 -0.222499996 -0.104999997 0.0742894188 -0.0697500035 -0.125 0.0320000052 -0.0697500035 -0.125 0.0742894188 -0.0697500035 -0.104999997 0.0320000052 -0.0697500035 -0.104999997 0.0320000052 -0.0847499892 -0.104999997 0.0420000069 -0.0847499892 -0.104999997 0.0320000052 -0.0697500035 -0.104999997 0.0420000069 -0.0775000006 -0.104999997 0.0742894188 -0.0697500035 -0.104999997 0.0879999995 -0.0775000006 -0.104999997 0.0879999995 -0.0460025817 -0.104999997 0.388000011 -0.0697500035 -0.104999997 0.388000011 -0.0697500035 -0.125 0.345710576 -0.0697500035 -0.104999997 0.345710576 -0.0697500035 -0.125 0.387117624 0.149749994 -0.104999997 0.369470596 0.164749995 -0.104999997 0.345710576 0.149749994 -0.104999997 0.331999987 0.164749995 -0.104999997 0.331999987 0.12600258 -0.104999997 0.388000011 -0.246000007 0.104999997 0.380562514 -0.254750013 0.104999997 0.334749997 -0.254750013 0.104999997 0.296002567 -0.25 0.104999997 0.331999987 -0.25 0.104999997 0.319750011 -0.263710588 0.104999997 0.319750011 -0.306000024 0.104999997 0.334749997 -0.306000024 0.104999997 0.388000011 -0.239750013 0.104999997 0.345710576 -0.239750013 0.104999997 0.331999987 -0.216002584 0.104999997 0.369470596 0.164749995 0.104999997 0.387117624 0.149749994 0.104999997 0.331999987 0.164749995 0.104999997 0.345710576 0.149749994 0.104999997 0.331999987 0.12600258 0.104999997 0.0879999995 -0.0859999955 0.104999997 0.0939999968 -0.0859999955 0.104999997 0.0879999995 -0.175250009 0.104999997 0.0939999968 -0.214000016 0.104999997 0.0320000052 -0.190249994 0.104999997 0.0320000052 -0.175250009 0.104999997 0.0742894188 -0.190249994 0.104999997 0.0880007446 -0.214000016 0.104999997 0.0885788351 -0.215000004 0.104999997 0.0885788351 -0.215000004 0.125 0.0880007446 -0.214000016 0.104999997 0.0880007446 -0.214000016 0.104999997 0.0885788351 -0.215000004 0.125 0.0742894188 -0.190249994 0.125 0.0880007446 -0.214000016 0.104999997 0.0742894188 -0.190249994 0.125 0.0742894188 -0.190249994 0.104999997 0.0742894188 -0.239750013 0.104999997 0.0742894188 -0.239750013 0.125 0.0879999995 -0.216002584 0.104999997 0.0885788351 -0.215000004 0.125 0.0885788351 -0.215000004 0.104999997 0.0320000052 -0.239750013 0.125 0.0742894188 -0.239750013 0.125 0.0320000052 -0.239750013 0.104999997 0.0742894188 -0.239750013 0.104999997 0.0320000052 0.140000001 0.149999991 0.0320000052 0.140000001 0.125 0.0320000052 0.0399999991 0.149999991 0.0320000052 0.100250006 0.125 0.0320000052 -0.175250009 0.129999995 0.0320000052 -0.246000007 0.149999991 0.0320000052 -0.129999995 0.149999991 0.0320000052 -0.0697500035 0.104999997 0.0320000052 -0.0847499892 0.104999997 0.0320000052 -0.0697500035 0.125 0.0320000052 -0.0847499892 0.129999995 0.0320000052 -0.0202500038 0.125 0.0320000052 -0.00524999993 0.129999995 0.0320000052 -0.0202500038 0.104999997 0.0320000052 -0.00524999993 0.104999997 0.0320000052 0.100250006 0.104999997 0.0320000052 0.0852499977 0.104999997 0.0320000052 0.0852499977 0.129999995 0.0320000052 -0.239750013 0.104999997 0.0320000052 -0.246000007 0.104999997 0.0320000052 -0.239750013 0.125 0.0320000052 -0.190249994 0.125 0.0320000052 -0.190249994 0.104999997 0.0320000052 -0.175250009 0.104999997 0.388000011 -0.246000007 0.104999997 0.388000011 -0.239750013 0.104999997 0.388000011 -0.239750013 0.125 0.388000011 -0.0847499892 0.104999997 0.388000011 -0.0697500035 0.104999997 0.388000011 -0.0847499892 0.129999995 0.388000011 -0.0697500035 0.125 0.388000011 -0.190249994 0.125 0.388000011 -0.129999995 0.149999991 0.388000011 -0.246000007 0.149999991 0.388000011 -0.190249994 0.104999997 0.388000011 -0.175250009 0.104999997 0.388000011 -0.175250009 0.129999995 0.388000011 0.0399999991 0.149999991 0.388000011 -0.0202500038 0.125 0.388000011 0.0852499977 0.104999997 0.388000011 0.100250006 0.104999997 0.388000011 0.0852499977 0.129999995 0.388000011 0.100250006 0.125 0.388000011 -0.0202500038 0.104999997 0.388000011 -0.00524999993 0.104999997 0.388000011 -0.00524999993 0.129999995 0.388000011 0.149000004 0.149999991 0.388000011 0.149000004 0.125 0.345710576 -0.239750013 0.125 0.388000011 -0.239750013 0.125 0.345710576 -0.239750013 0.104999997 0.388000011 -0.239750013 0.104999997 0.331421167 -0.215000004 0.104999997 0.331421167 -0.215000004 0.125 0.331999987 -0.216002584 0.104999997 0.331999987 -0.216002584 0.104999997 0.331421167 -0.215000004 0.125 0.345710576 -0.239750013 0.125 0.345710576 -0.239750013 0.104999997 0.345710576 -0.190249994 0.104999997 0.345710576 -0.190249994 0.125 0.331999242 -0.214000016 0.104999997 0.331999242 -0.214000016 0.104999997 0.345710576 -0.190249994 0.125 0.331421167 -0.215000004 0.125 0.331999242 -0.214000016 0.104999997 0.331421167 -0.215000004 0.125 0.331421167 -0.215000004 0.104999997 0.388000011 -0.190249994 0.125 0.345710576 -0.190249994 0.125 0.388000011 -0.190249994 0.104999997 0.345710576 -0.190249994 0.104999997 0.0742894188 -0.190249994 0.125 0.0320000052 -0.190249994 0.125 0.0742894188 -0.190249994 0.104999997 0.0320000052 -0.190249994 0.104999997 0.371691346 -0.221750006 0.125 0.37349999 -0.215000004 0.125 0.388000011 -0.239750013 0.125 0.331421167 -0.215000004 0.125 0.346500009 -0.215000004 0.125 0.348308653 -0.221750006 0.125 0.345710576 -0.239750013 0.125 0.388000011 -0.190249994 0.125 0.371691346 -0.208250001 0.125 0.366750032 -0.203308672 0.125 0.345710576 -0.190249994 0.125 0.353250027 -0.22669135 0.125 0.359999985 -0.228500009 0.125 0.366750032 -0.22669135 0.125 0.359999985 -0.201499999 0.125 0.353250027 -0.203308672 0.125 0.348308653 -0.208250001 0.125 0.0742894188 -0.239750013 0.125 0.0667499974 -0.22669135 0.125 0.0885788351 -0.215000004 0.125 0.0716913417 -0.221750006 0.125 0.0734999999 -0.215000004 0.125 0.0716913417 -0.208250001 0.125 0.0742894188 -0.190249994 0.125 0.0320000052 -0.239750013 0.125 0.0320000052 -0.190249994 0.125 0.0465000086 -0.215000004 0.125 0.0483086556 -0.208250001 0.125 0.0483086556 -0.221750006 0.125 0.0532499924 -0.22669135 0.125 0.0600000061 -0.228500009 0.125 0.0667499974 -0.203308672 0.125 0.0600000061 -0.201499999 0.125 0.0532499924 -0.203308672 0.125 0.138500005 0.167371362 -0.159154415 0.138500005 0.157722309 -0.16185829 0.138500005 0.150000006 -0.157499999 0.138500005 0.149999648 -0.162500143 0.138500005 0.150000006 -0.157499999 0.138500005 0.149999648 -0.162500143 0.138500005 0.149364918 -0.162499994 0.138500005 0.17622295 -0.154457137 0.138500005 0.150000006 -0.149999991 0.138500005 0.181827575 -0.149999991 0.331999987 0.129999831 -0.15200001 0.331999987 0.129999995 -0.149999991 0.331999987 0.0399999991 -0.149999991 0.331999987 -0.180000007 -0.157499999 0.331999987 0.129999638 -0.157499999 0.331999987 -0.180000007 -0.149999991 0.331999987 -0.129999995 -0.149999991 0.0879999995 -0.180000007 -0.149999991 0.0879999995 -0.129999995 -0.149999991 0.0879999995 -0.180000007 -0.157499999 0.0879999995 0.0399999991 -0.149999991 0.0879999995 0.129999995 -0.157499999 0.0879999995 0.129999995 -0.149999991 0.107999995 0.150000006 -0.157499999 0.107999995 0.150000006 -0.149999991 0.138500005 0.150000006 -0.157499999 0.138500005 0.150000006 -0.149999991 0.388000011 0.149000004 -0.149999991 0.388000011 0.149000004 -0.125 0.388000011 0.0399999991 -0.149999991 0.388000011 0.100250006 -0.125 0.388000011 -0.00524999993 -0.104999997 0.388000011 -0.0202500038 -0.104999997 0.388000011 -0.00524999993 -0.129999995 0.388000011 -0.0202500038 -0.125 0.388000011 0.100250006 -0.104999997 0.388000011 0.0852499977 -0.104999997 0.388000011 0.0852499977 -0.129999995 0.388000011 -0.129999995 -0.149999991 0.388000011 -0.0697500035 -0.125 0.388000011 -0.175250009 -0.104999997 0.388000011 -0.190249994 -0.104999997 0.388000011 -0.175250009 -0.129999995 0.388000011 -0.190249994 -0.125 0.388000011 -0.239750013 -0.125 0.388000011 -0.255000025 -0.149999991 0.388000011 -0.246500015 -0.149999991 0.388000011 -0.0697500035 -0.104999997 0.388000011 -0.0847499892 -0.104999997 0.388000011 -0.0847499892 -0.129999995 0.388000011 -0.239750013 -0.104999997 0.388000011 -0.254750013 -0.104999997 0.388000011 -0.254750013 -0.129999995 0.388000011 -0.255000025 -0.129999995 0.100249991 -0.306000024 0.125 0.149749994 -0.306000024 0.125 0.209999993 -0.306000024 0.149999991 0.319750011 -0.306000024 0.104999997 0.334749997 -0.306000024 0.104999997 0.319750011 -0.306000024 0.125 0.334749997 -0.306000024 0.129999995 0.337000012 -0.306000024 0.149999991 0.337000012 -0.306000024 0.129999995 0.0852499977 -0.306000024 0.104999997 0.100249991 -0.306000024 0.104999997 0.0852499977 -0.306000024 0.129999995 0.0829999968 -0.306000024 0.129999995 0.0829999968 -0.306000024 0.149999991 0.0925000012 -0.306000024 0.149999991 0.255250007 -0.306000024 0.104999997 0.270249993 -0.306000024 0.104999997 0.255250007 -0.306000024 0.129999995 0.270249993 -0.306000024 0.125 0.149749994 -0.306000024 0.104999997 0.164749995 -0.306000024 0.104999997 0.164749995 -0.306000024 0.129999995 0.149749994 -0.306000024 0.125 0.164749995 -0.306000024 0.129999995 0.209999993 -0.306000024 0.149999991 0.0939999968 -0.0859999955 -0.0100000007 0.0939999968 -0.0859999955 0.104999997 0.0879999995 -0.0859999955 -0.0100000007 0.0879999995 -0.0859999955 0.104999997 0.0939999968 -0.214000016 0.104999997 0.0939999968 -0.214000016 -0.0100000007 0.0880007446 -0.214000016 0.104999997 0.0879999995 -0.214000016 -0.0100000007 0.0939999968 -0.214000016 0.104999997 0.0939999968 -0.0859999955 0.104999997 0.0939999968 -0.214000016 -0.0100000007 0.0939999968 -0.0859999955 -0.0100000007 0.326000005 -0.214000016 -0.0100000007 0.326000005 -0.214000016 0.104999997 0.331999987 -0.214000016 -0.0100000007 0.331999242 -0.214000016 0.104999997 0.326000005 -0.0859999955 0.104999997 0.326000005 -0.0859999955 -0.0100000007 0.331999987 -0.0859999955 0.104999997 0.331999987 -0.0859999955 -0.0100000007 0.326000005 -0.214000016 -0.0100000007 0.326000005 -0.0859999955 -0.0100000007 0.326000005 -0.214000016 0.104999997 0.326000005 -0.0859999955 0.104999997 0.0328823589 0.149749994 -0.125 0.0742894188 0.149749994 -0.125 0.0328823589 0.149749994 -0.104999997 0.0742894188 0.149749994 -0.104999997 0.0742894188 0.100250006 -0.125 0.0320000052 0.100250006 -0.125 0.0742894188 0.100250006 -0.104999997 0.0320000052 0.100250006 -0.104999997 0.0885788351 0.125 -0.125 0.0734999999 0.125 -0.125 0.0716913417 0.118249997 -0.125 0.0742894188 0.100250006 -0.125 0.0742894188 0.149749994 -0.125 0.0667499974 0.136691347 -0.125 0.0716913417 0.131750003 -0.125 0.0667499974 0.113308653 -0.125 0.0600000061 0.111499995 -0.125 0.0320000052 0.100250006 -0.125 0.0532499924 0.113308653 -0.125 0.0483086556 0.118249997 -0.125 0.0465000086 0.125 -0.125 0.0320000052 0.149000004 -0.125 0.0483086556 0.131750003 -0.125 0.0328823589 0.149749994 -0.125 0.0532499924 0.136691347 -0.125 0.0600000061 0.138500005 -0.125 0.0320000052 -0.0202500038 -0.125 0.0742894188 -0.0202500038 -0.125 0.0320000052 -0.0202500038 -0.104999997 0.0742894188 -0.0202500038 -0.104999997 0.0885788351 -0.0450000018 -0.125 0.0734999999 -0.0450000018 -0.125 0.0716913417 -0.0517500043 -0.125 0.0742894188 -0.0697500035 -0.125 0.0532499924 -0.0566913411 -0.125 0.0320000052 -0.0697500035 -0.125 0.0600000061 -0.0584999993 -0.125 0.0667499974 -0.0566913411 -0.125 0.0483086556 -0.0517500043 -0.125 0.0465000086 -0.0450000018 -0.125 0.0320000052 -0.0202500038 -0.125 0.0483086556 -0.0382499993 -0.125 0.0532499924 -0.033308655 -0.125 0.0742894188 -0.0202500038 -0.125 0.0600000061 -0.0314999968 -0.125 0.0667499974 -0.033308655 -0.125 0.0716913417 -0.0382499993 -0.125 0.100249991 -0.306000024 -0.125 0.100249991 -0.263710588 -0.125 0.100249991 -0.306000024 -0.104999997 0.100249991 -0.263710588 -0.104999997 0.149749994 -0.263710588 -0.125 0.149749994 -0.306000024 -0.125 0.149749994 -0.263710588 -0.104999997 0.149749994 -0.306000024 -0.104999997 0.136691347 -0.284749985 -0.125 0.149749994 -0.306000024 -0.125 0.138500005 -0.277999997 -0.125 0.149749994 -0.263710588 -0.125 0.136691347 -0.27124998 -0.125 0.131749988 -0.289691329 -0.125 0.124999993 -0.291500002 -0.125 0.100249991 -0.306000024 -0.125 0.118249997 -0.289691329 -0.125 0.113308653 -0.284749985 -0.125 0.100249991 -0.263710588 -0.125 0.131749988 -0.266308665 -0.125 0.124999993 -0.249421164 -0.125 0.124999993 -0.264499992 -0.125 0.111499995 -0.277999997 -0.125 0.113308653 -0.27124998 -0.125 0.118249997 -0.266308665 -0.125 0.388000011 0.100250006 -0.125 0.345710576 0.100250006 -0.125 0.388000011 0.100250006 -0.104999997 0.345710576 0.100250006 -0.104999997 0.387117624 0.149749994 -0.104999997 0.345710576 0.149749994 -0.104999997 0.387117624 0.149749994 -0.125 0.345710576 0.149749994 -0.125 0.388000011 0.100250006 -0.125 0.388000011 0.149000004 -0.125 0.37349999 0.125 -0.125 0.371691346 0.118249997 -0.125 0.366750032 0.113308653 -0.125 0.345710576 0.100250006 -0.125 0.345710576 0.149749994 -0.125 0.359999985 0.138500005 -0.125 0.387117624 0.149749994 -0.125 0.366750032 0.136691347 -0.125 0.371691346 0.131750003 -0.125 0.348308653 0.118249997 -0.125 0.331421167 0.125 -0.125 0.353250027 0.113308653 -0.125 0.359999985 0.111499995 -0.125 0.346500009 0.125 -0.125 0.348308653 0.131750003 -0.125 0.353250027 0.136691347 -0.125 0.345710576 -0.0202500038 -0.125 0.388000011 -0.0202500038 -0.125 0.345710576 -0.0202500038 -0.104999997 0.388000011 -0.0202500038 -0.104999997 0.345710576 -0.0697500035 -0.125 0.388000011 -0.0697500035 -0.125 0.366750032 -0.0566913411 -0.125 0.348308653 -0.0517500043 -0.125 0.331421167 -0.0450000018 -0.125 0.353250027 -0.0566913411 -0.125 0.359999985 -0.0584999993 -0.125 0.346500009 -0.0450000018 -0.125 0.348308653 -0.0382499993 -0.125 0.345710576 -0.0202500038 -0.125 0.366750032 -0.033308655 -0.125 0.388000011 -0.0202500038 -0.125 0.359999985 -0.0314999968 -0.125 0.353250027 -0.033308655 -0.125 0.371691346 -0.0382499993 -0.125 0.37349999 -0.0450000018 -0.125 0.371691346 -0.0517500043 -0.125 0.270249993 -0.306000024 -0.125 0.270249993 -0.263710588 -0.125 0.270249993 -0.306000024 -0.104999997 0.270249993 -0.263710588 -0.104999997 0.319750011 -0.263710588 -0.125 0.319750011 -0.306000024 -0.125 0.319750011 -0.263710588 -0.104999997 0.319750011 -0.306000024 -0.104999997 0.306691349 -0.284749985 -0.125 0.319750011 -0.306000024 -0.125 0.308499992 -0.277999997 -0.125 0.319750011 -0.263710588 -0.125 0.306691349 -0.27124998 -0.125 0.301750004 -0.266308665 -0.125 0.295000017 -0.249421164 -0.125 0.295000017 -0.264499992 -0.125 0.301750004 -0.289691329 -0.125 0.295000017 -0.291500002 -0.125 0.270249993 -0.306000024 -0.125 0.270249993 -0.263710588 -0.125 0.283308655 -0.27124998 -0.125 0.288249999 -0.266308665 -0.125 0.288249999 -0.289691329 -0.125 0.283308655 -0.284749985 -0.125 0.281499982 -0.277999997 -0.125 0.0402875096 0.149749994 0.104999997 0.0742894188 0.149749994 0.104999997 0.0402875096 0.149749994 0.125 0.0742894188 0.149749994 0.125 0.0320000052 0.100250006 0.125 0.0742894188 0.100250006 0.125 0.0320000052 0.100250006 0.104999997 0.0742894188 0.100250006 0.104999997 0.0320000052 0.100250006 0.125 0.0320000052 0.140000001 0.125 0.0465000086 0.125 0.125 0.0734999999 0.125 0.125 0.0716913417 0.131750003 0.125 0.0885788351 0.125 0.125 0.0742894188 0.149749994 0.125 0.0483086556 0.118249997 0.125 0.0532499924 0.113308653 0.125 0.0742894188 0.100250006 0.125 0.0667499974 0.136691347 0.125 0.0600000061 0.138500005 0.125 0.0402875096 0.149749994 0.125 0.0532499924 0.136691347 0.125 0.0483086556 0.131750003 0.125 0.0600000061 0.111499995 0.125 0.0667499974 0.113308653 0.125 0.0716913417 0.118249997 0.125 0.0742894188 -0.0202500038 0.125 0.0320000052 -0.0202500038 0.125 0.0742894188 -0.0202500038 0.104999997 0.0320000052 -0.0202500038 0.104999997 0.0320000052 -0.0697500035 0.125 0.0742894188 -0.0697500035 0.125 0.0320000052 -0.0697500035 0.104999997 0.0742894188 -0.0697500035 0.104999997 0.0734999999 -0.0450000018 0.125 0.0716913417 -0.0382499993 0.125 0.0885788351 -0.0450000018 0.125 0.0320000052 -0.0697500035 0.125 0.0483086556 -0.0517500043 0.125 0.0532499924 -0.0566913411 0.125 0.0742894188 -0.0202500038 0.125 0.0742894188 -0.0697500035 0.125 0.0465000086 -0.0450000018 0.125 0.0320000052 -0.0202500038 0.125 0.0483086556 -0.0382499993 0.125 0.0600000061 -0.0584999993 0.125 0.0667499974 -0.0566913411 0.125 0.0716913417 -0.0517500043 0.125 0.0667499974 -0.033308655 0.125 0.0600000061 -0.0314999968 0.125 0.0532499924 -0.033308655 0.125 0.100249991 -0.263710588 0.125 0.100249991 -0.306000024 0.125 0.100249991 -0.263710588 0.104999997 0.100249991 -0.306000024 0.104999997 0.149749994 -0.306000024 0.125 0.149749994 -0.263710588 0.125 0.149749994 -0.306000024 0.104999997 0.149749994 -0.263710588 0.104999997 0.113308653 -0.284749985 0.125 0.100249991 -0.306000024 0.125 0.111499995 -0.277999997 0.125 0.100249991 -0.263710588 0.125 0.113308653 -0.27124998 0.125 0.118249997 -0.266308665 0.125 0.124999993 -0.249421164 0.125 0.124999993 -0.264499992 0.125 0.118249997 -0.289691329 0.125 0.124999993 -0.291500002 0.125 0.149749994 -0.306000024 0.125 0.149749994 -0.263710588 0.125 0.136691347 -0.27124998 0.125 0.131749988 -0.266308665 0.125 0.131749988 -0.289691329 0.125 0.136691347 -0.284749985 0.125 0.138500005 -0.277999997 0.125 0.345710576 0.100250006 0.125 0.388000011 0.100250006 0.125 0.345710576 0.100250006 0.104999997 0.388000011 0.100250006 0.104999997 0.387117624 0.149749994 0.125 0.345710576 0.149749994 0.125 0.387117624 0.149749994 0.104999997 0.345710576 0.149749994 0.104999997 0.331421167 0.125 0.125 0.346500009 0.125 0.125 0.348308653 0.118249997 0.125 0.345710576 0.100250006 0.125 0.353250027 0.113308653 0.125 0.359999985 0.111499995 0.125 0.388000011 0.100250006 0.125 0.366750032 0.113308653 0.125 0.345710576 0.149749994 0.125 0.353250027 0.136691347 0.125 0.348308653 0.131750003 0.125 0.371691346 0.118249997 0.125 0.37349999 0.125 0.125 0.388000011 0.149000004 0.125 0.371691346 0.131750003 0.125 0.387117624 0.149749994 0.125 0.366750032 0.136691347 0.125 0.359999985 0.138500005 0.125 0.345710576 -0.0697500035 0.125 0.388000011 -0.0697500035 0.125 0.345710576 -0.0697500035 0.104999997 0.388000011 -0.0697500035 0.104999997 0.388000011 -0.0202500038 0.125 0.345710576 -0.0202500038 0.125 0.388000011 -0.0202500038 0.104999997 0.345710576 -0.0202500038 0.104999997 0.331421167 -0.0450000018 0.125 0.346500009 -0.0450000018 0.125 0.348308653 -0.0517500043 0.125 0.345710576 -0.0697500035 0.125 0.345710576 -0.0202500038 0.125 0.388000011 -0.0202500038 0.125 0.366750032 -0.033308655 0.125 0.353250027 -0.0566913411 0.125 0.359999985 -0.0584999993 0.125 0.388000011 -0.0697500035 0.125 0.366750032 -0.0566913411 0.125 0.371691346 -0.0517500043 0.125 0.37349999 -0.0450000018 0.125 0.371691346 -0.0382499993 0.125 0.359999985 -0.0314999968 0.125 0.353250027 -0.033308655 0.125 0.348308653 -0.0382499993 0.125 0.270249993 -0.263710588 0.125 0.270249993 -0.306000024 0.125 0.270249993 -0.263710588 0.104999997 0.270249993 -0.306000024 0.104999997 0.319750011 -0.306000024 0.125 0.319750011 -0.263710588 0.125 0.319750011 -0.306000024 0.104999997 0.319750011 -0.263710588 0.104999997 0.283308655 -0.284749985 0.125 0.270249993 -0.306000024 0.125 0.281499982 -0.277999997 0.125 0.270249993 -0.263710588 0.125 0.283308655 -0.27124998 0.125 0.288249999 -0.266308665 0.125 0.295000017 -0.249421164 0.125 0.295000017 -0.264499992 0.125 0.288249999 -0.289691329 0.125 0.295000017 -0.291500002 0.125 0.319750011 -0.306000024 0.125 0.319750011 -0.263710588 0.125 0.306691349 -0.27124998 0.125 0.301750004 -0.266308665 0.125 0.301750004 -0.289691329 0.125 0.306691349 -0.284749985 0.125 0.308499992 -0.277999997 0.125 0.0420000069 -0.0775000006 -0.0100000007 0.0879999995 -0.0775000006 -0.0100000007 0.0420000069 -0.0775000006 -0.104999997 0.0879999995 -0.0775000006 -0.104999997 0.377999991 -0.0775000006 -0.104999997 0.331999987 -0.0775000006 -0.104999997 0.377999991 -0.0775000006 -0.0100000007 0.331999987 -0.0775000006 -0.0100000007 0.164749995 -0.25 0.129999995 0.255250007 -0.25 0.129999995 0.164749995 -0.306000024 0.129999995 0.255250007 -0.306000024 0.129999995 0.255250007 -0.25 0.129999995 0.255250007 -0.25 0.104999997 0.255250007 -0.306000024 0.129999995 0.255250007 -0.306000024 0.104999997 0.164749995 -0.25 0.104999997 0.164749995 -0.25 0.129999995 0.164749995 -0.306000024 0.104999997 0.164749995 -0.306000024 0.129999995 0.388000011 -0.0847499892 0.129999995 0.331999987 -0.0847499892 0.129999995 0.388000011 -0.0847499892 0.104999997 0.331999987 -0.0847499892 0.104999997 0.331999987 -0.175250009 0.129999995 0.388000011 -0.175250009 0.129999995 0.331999987 -0.175250009 0.104999997 0.388000011 -0.175250009 0.104999997 0.388000011 -0.175250009 0.129999995 0.331999987 -0.175250009 0.129999995 0.388000011 -0.0847499892 0.129999995 0.331999987 -0.0847499892 0.129999995 0.281499982 0.150000006 -0.157499999 0.281499982 0.149364918 -0.162499994 0.281499982 0.149999648 -0.162500143 0.281499982 0.149999648 -0.162500143 0.281499982 0.157722309 -0.16185829 0.281499982 0.150000006 -0.157499999 0.281499982 0.167371362 -0.159154415 0.281499982 0.150000006 -0.149999991 0.281499982 0.17622295 -0.154457137 0.281499982 0.181827575 -0.149999991 0.282000005 0.149999827 -0.157499999 0.281499982 0.150000006 -0.157499999 0.282000005 0.149999917 -0.15200001 0.282000005 0.149999917 -0.15200001 0.281499982 0.150000006 -0.157499999 0.281499982 0.150000006 -0.149999991 0.282000005 0.149999917 -0.15200001 0.281499982 0.150000006 -0.149999991 0.312000006 0.149999827 -0.15200001 0.281499982 0.150000006 -0.149999991 0.312000006 0.150000006 -0.149999991 0.255250007 -0.25 -0.104999997 0.255250007 -0.25 -0.129999995 0.255250007 -0.306000024 -0.104999997 0.255250007 -0.306000024 -0.129999995 0.255250007 -0.25 -0.129999995 0.164749995 -0.25 -0.129999995 0.255250007 -0.306000024 -0.129999995 0.164749995 -0.306000024 -0.129999995 0.164749995 -0.25 -0.129999995 0.164749995 -0.25 -0.104999997 0.164749995 -0.306000024 -0.129999995 0.164749995 -0.306000024 -0.104999997 0.377999991 -0.0847499892 -0.104999997 0.377999991 -0.0847499892 -0.129999995 0.388000011 -0.0847499892 -0.104999997 0.388000011 -0.0847499892 -0.129999995 0.377999991 -0.0847499892 -0.129999995 0.377999991 -0.175250009 -0.129999995 0.388000011 -0.0847499892 -0.129999995 0.388000011 -0.175250009 -0.129999995 0.377999991 -0.175250009 -0.129999995 0.377999991 -0.175250009 -0.104999997 0.388000011 -0.175250009 -0.129999995 0.388000011 -0.175250009 -0.104999997 0.0879999995 -0.00524999993 -0.104999997 0.0879999995 -0.00524999993 -0.129999995 0.0320000052 -0.00524999993 -0.104999997 0.0320000052 -0.00524999993 -0.129999995 0.0879999995 -0.00524999993 -0.129999995 0.0879999995 0.0852499977 -0.129999995 0.0320000052 -0.00524999993 -0.129999995 0.0320000052 0.0852499977 -0.129999995 0.0879999995 0.0852499977 -0.129999995 0.0879999995 0.0852499977 -0.104999997 0.0320000052 0.0852499977 -0.129999995 0.0320000052 0.0852499977 -0.104999997 0.0879999995 -0.0847499892 0.129999995 0.0879999995 -0.175250009 0.129999995 0.0320000052 -0.0847499892 0.129999995 0.0320000052 -0.175250009 0.129999995 0.0879999995 -0.175250009 0.129999995 0.0879999995 -0.175250009 0.104999997 0.0320000052 -0.175250009 0.129999995 0.0320000052 -0.175250009 0.104999997 0.0879999995 -0.0847499892 0.104999997 0.0879999995 -0.0847499892 0.129999995 0.0320000052 -0.0847499892 0.104999997 0.0320000052 -0.0847499892 0.129999995 0.0420000069 -0.175250009 -0.104999997 0.0420000069 -0.175250009 -0.129999995 0.0320000052 -0.175250009 -0.104999997 0.0320000052 -0.175250009 -0.129999995 0.0420000069 -0.175250009 -0.129999995 0.0420000069 -0.0847499892 -0.129999995 0.0320000052 -0.175250009 -0.129999995 0.0320000052 -0.0847499892 -0.129999995 0.0420000069 -0.0847499892 -0.129999995 0.0420000069 -0.0847499892 -0.104999997 0.0320000052 -0.0847499892 -0.129999995 0.0320000052 -0.0847499892 -0.104999997 0.0879999995 0.0852499977 0.129999995 0.0879999995 -0.00524999993 0.129999995 0.0320000052 0.0852499977 0.129999995 0.0320000052 -0.00524999993 0.129999995 0.0879999995 -0.00524999993 0.129999995 0.0879999995 -0.00524999993 0.104999997 0.0320000052 -0.00524999993 0.129999995 0.0320000052 -0.00524999993 0.104999997 0.0879999995 0.0852499977 0.104999997 0.0879999995 0.0852499977 0.129999995 0.0320000052 0.0852499977 0.104999997 0.0320000052 0.0852499977 0.129999995 0.331999987 0.19659999 0.129999995 0.369470596 0.164749995 0.129999995 0.331999987 0.164749995 0.129999995 0.369470596 0.164749995 0.104999997 0.331999987 0.164749995 0.104999997 0.369470596 0.164749995 0.129999995 0.331999987 0.164749995 0.129999995 0.331999987 0.0852499977 -0.104999997 0.331999987 0.0852499977 -0.129999995 0.388000011 0.0852499977 -0.104999997 0.388000011 0.0852499977 -0.129999995 0.331999987 0.0852499977 -0.129999995 0.331999987 -0.00524999993 -0.129999995 0.388000011 0.0852499977 -0.129999995 0.388000011 -0.00524999993 -0.129999995 0.331999987 -0.00524999993 -0.129999995 0.331999987 -0.00524999993 -0.104999997 0.388000011 -0.00524999993 -0.129999995 0.388000011 -0.00524999993 -0.104999997 0.331999987 -0.00524999993 0.129999995 0.331999987 0.0852499977 0.129999995 0.388000011 -0.00524999993 0.129999995 0.388000011 0.0852499977 0.129999995 0.331999987 0.0852499977 0.129999995 0.331999987 0.0852499977 0.104999997 0.388000011 0.0852499977 0.129999995 0.388000011 0.0852499977 0.104999997 0.331999987 -0.00524999993 0.104999997 0.331999987 -0.00524999993 0.129999995 0.388000011 -0.00524999993 0.104999997 0.388000011 -0.00524999993 0.129999995 0.369470596 0.164749995 -0.129999995 0.331999987 0.19659999 -0.129999995 0.331999987 0.164749995 -0.129999995 0.369470596 0.164749995 -0.129999995 0.331999987 0.164749995 -0.129999995 0.369470596 0.164749995 -0.104999997 0.331999987 0.164749995 -0.104999997 0.0879999995 0.19659999 0.129999995 0.0879999995 0.164749995 0.129999995 0.0595675744 0.172432438 0.129999995 0.0530375019 0.164749995 0.129999995 0.0530375019 0.164749995 0.129999995 0.0879999995 0.164749995 0.129999995 0.0530375019 0.164749995 0.104999997 0.0879999995 0.164749995 0.104999997 0.0879999995 0.19659999 -0.129999995 0.0505294129 0.164749995 -0.129999995 0.0879999995 0.164749995 -0.129999995 0.0505294129 0.164749995 -0.104999997 0.0879999995 0.164749995 -0.104999997 0.0505294129 0.164749995 -0.129999995 0.0879999995 0.164749995 -0.129999995 0.158500001 -0.25 -0.149999991 0.158500001 -0.25 -0.157499999 0.209999993 -0.25 -0.149999991 0.261500001 -0.25 -0.157499999 0.261500001 -0.25 -0.149999991 0.138500005 -0.219999999 -0.157499999 0.138500005 -0.230000004 -0.157499999 0.138500005 -0.219999999 -0.149999991 0.138500005 -0.230000004 -0.149999991 0.281499982 -0.219999999 -0.149999991 0.281499982 -0.230000004 -0.149999991 0.281499982 -0.219999999 -0.157499999 0.281499982 -0.230000004 -0.157499999 0.0829999968 -0.306000024 -0.129999995 0.0852499977 -0.306000024 -0.129999995 0.0394375101 -0.254750013 -0.129999995 0.0852499977 -0.254750013 -0.129999995 0.0394375101 -0.254750013 -0.129999995 0.0852499977 -0.254750013 -0.129999995 0.0394375101 -0.254750013 -0.104999997 0.0852499977 -0.254750013 -0.104999997 0.0852499977 -0.254750013 -0.129999995 0.0852499977 -0.306000024 -0.129999995 0.0852499977 -0.254750013 -0.104999997 0.0852499977 -0.306000024 -0.104999997 0.334749997 -0.300262511 -0.129999995 0.334749997 -0.254750013 -0.129999995 0.334749997 -0.300262511 -0.104999997 0.334749997 -0.254750013 -0.104999997 0.334749997 -0.254750013 -0.129999995 0.388000011 -0.254750013 -0.129999995 0.334749997 -0.254750013 -0.104999997 0.388000011 -0.254750013 -0.104999997 0.388000011 -0.255000025 -0.129999995 0.388000011 -0.254750013 -0.129999995 0.334749997 -0.300262511 -0.129999995 0.334749997 -0.254750013 -0.129999995 0.0394375101 -0.254750013 0.104999997 0.0852499977 -0.254750013 0.104999997 0.0394375101 -0.254750013 0.129999995 0.0852499977 -0.254750013 0.129999995 0.0394375101 -0.254750013 0.129999995 0.0852499977 -0.254750013 0.129999995 0.0829999968 -0.306000024 0.129999995 0.0852499977 -0.306000024 0.129999995 0.0852499977 -0.306000024 0.129999995 0.0852499977 -0.254750013 0.129999995 0.0852499977 -0.306000024 0.104999997 0.0852499977 -0.254750013 0.104999997 0.337000012 -0.306000024 0.129999995 0.334749997 -0.306000024 0.129999995 0.380562514 -0.254750013 0.129999995 0.334749997 -0.254750013 0.129999995 0.334749997 -0.254750013 0.104999997 0.334749997 -0.254750013 0.129999995 0.334749997 -0.306000024 0.104999997 0.334749997 -0.306000024 0.129999995 0.380562514 -0.254750013 0.129999995 0.334749997 -0.254750013 0.129999995 0.380562514 -0.254750013 0.104999997 0.334749997 -0.254750013 0.104999997 0.302000016 -0.25 0.149999991 0.302000016 -0.25 0.167500004 0.209999993 -0.25 0.149999991 0.117999993 -0.25 0.167500004 0.117999993 -0.25 0.149999991 0.331999987 -0.219999999 0.149999991 0.331999987 -0.129999995 0.149999991 0.331999987 -0.219999999 0.167500004 0.331999987 0.0399999991 0.149999991 0.331999987 0.169999987 0.167500004 0.331999987 0.169999987 0.149999991 0.0879999995 -0.129999995 0.149999991 0.0879999995 -0.219999999 0.149999991 0.0879999995 -0.219999999 0.167500004 0.0879999995 0.0399999991 0.149999991 0.0879999995 0.169999987 0.167500004 0.0879999995 0.169999987 0.149999991 0.173049554 0.0463152155 0.17750001 0.163376391 0.0619379133 0.17750001 0.0980000049 -0.219999999 0.17750001 0.259148657 0.0708125234 0.17750001 0.322000027 -0.219999999 0.17750001 0.322000027 0.169999987 0.17750001 0.316142142 -0.234142154 0.17750001 0.318629414 -0.231111407 0.17750001 0.223683149 0.031908717 0.17750001 0.0980000049 0.169999987 0.17750001 0.252510846 0.0536783934 0.17750001 0.240131736 0.0400991365 0.17750001 0.321615696 -0.223901808 0.17750001 0.320477605 -0.227653682 0.17750001 0.117999993 0.189999998 0.17750001 0.187713072 0.124758169 0.17750001 0.205386579 0.129786715 0.17750001 0.305901796 -0.239615723 0.17750001 0.30965367 -0.238477603 0.17750001 0.313111395 -0.236629412 0.17750001 0.187713072 0.0352418348 0.17750001 0.187713072 0.0352418348 0.17750001 0.0980000049 -0.219999999 0.17750001 0.0983842909 -0.223901808 0.17750001 0.0983842909 -0.223901808 0.17750001 0.0995224044 -0.227653682 0.17750001 0.101370603 -0.231111407 0.17750001 0.10385786 -0.234142154 0.17750001 0.106888592 -0.236629412 0.17750001 0.106888592 -0.236629412 0.17750001 0.110346332 -0.238477603 0.17750001 0.114098191 -0.239615723 0.17750001 0.205386579 0.0302132927 0.17750001 0.117999993 -0.240000024 0.17750001 0.302000016 -0.240000024 0.17750001 0.160000011 0.0800000057 0.17750001 0.163376391 0.0980620831 0.17750001 0.0983842909 0.173901796 0.17750001 0.173049554 0.113684788 0.17750001 0.0995224044 0.17765367 0.17750001 0.110346332 0.188477606 0.17750001 0.106888592 0.186629385 0.17750001 0.302000016 0.189999998 0.17750001 0.114098191 0.189615712 0.17750001 0.10385786 0.184142143 0.17750001 0.101370603 0.181111395 0.17750001 0.321615696 0.173901796 0.17750001 0.252510846 0.106321611 0.17750001 0.259148657 0.0891874731 0.17750001 0.223683149 0.128091291 0.17750001 0.240131736 0.11990086 0.17750001 0.305901796 0.189615712 0.17750001 0.320477605 0.17765367 0.17750001 0.318629414 0.181111395 0.17750001 0.316142142 0.184142143 0.17750001 0.313111395 0.186629385 0.17750001 0.30965367 0.188477606 0.17750001 0.0916999951 -0.212099999 0.00150000001 0.0444999933 -0.212099999 0.00150000001 0.0916999951 -0.212099999 -0.0100000007 0.0444999933 -0.212099999 -0.0100000007 0.0916999951 -0.212099999 0.00150000001 0.0916999951 -0.212099999 -0.0100000007 0.0916999951 -0.0879000053 0.00150000001 0.0916999951 -0.0879000053 -0.0100000007 0.0444999933 -0.0879000053 0.00150000001 0.0916999951 -0.0879000053 0.00150000001 0.0444999933 -0.0879000053 -0.0100000007 0.0916999951 -0.0879000053 -0.0100000007 0.0444999933 -0.212099999 0.00150000001 0.0444999933 -0.0879000053 0.00150000001 0.0444999933 -0.212099999 -0.0100000007 0.0444999933 -0.0879000053 -0.0100000007 0.0916999951 -0.212099999 0.00150000001 0.0916999951 -0.0879000053 0.00150000001 0.0444999933 -0.212099999 0.00150000001 0.0444999933 -0.0879000053 0.00150000001 0.375500023 -0.212099999 0.00150000001 0.375500023 -0.212099999 -0.0100000007 0.375500023 -0.0879000053 0.00150000001 0.375500023 -0.0879000053 -0.0100000007 0.328299999 -0.0879000053 0.00150000001 0.375500023 -0.0879000053 0.00150000001 0.328299999 -0.0879000053 -0.0100000007 0.375500023 -0.0879000053 -0.0100000007 0.328299999 -0.212099999 0.00150000001 0.328299999 -0.0879000053 0.00150000001 0.328299999 -0.212099999 -0.0100000007 0.328299999 -0.0879000053 -0.0100000007 0.328299999 -0.212099999 0.00150000001 0.328299999 -0.212099999 -0.0100000007 0.375500023 -0.212099999 0.00150000001 0.375500023 -0.212099999 -0.0100000007 0.375500023 -0.212099999 0.00150000001 0.375500023 -0.0879000053 0.00150000001 0.328299999 -0.212099999 0.00150000001 0.328299999 -0.0879000053 0.00150000001 0.183234781 0.0502742082 -0.167500004 0.15870586 0.0400761738 -0.167500004 0.173458174 0.0637305379 -0.167500004 0.14852187 0.0588945337 -0.167500004 0.169999987 0.0800000057 -0.167500004 0.144999996 0.0800000057 -0.167500004 0.173458174 0.096269466 -0.167500004 0.242360681 0.0564885885 -0.167500004 0.254023314 0.0321779437 -0.167500004 0.230000004 0.0453589857 -0.167500004 0.23611021 0.0204747319 -0.167500004 0.214181125 0.0402191244 -0.167500004 0.21536766 0.0152220074 -0.167500004 0.197639316 0.0419577397 -0.167500004 0.194043443 0.0169889834 -0.167500004 0.174448371 0.0255841762 -0.167500004 0.230000004 0.114641011 -0.167500004 0.254023314 0.127822056 -0.167500004 0.242360681 0.103511408 -0.167500004 0.26716578 0.110936582 -0.167500004 0.249125898 0.0883164704 -0.167500004 0.274113476 0.0906986445 -0.167500004 0.249125898 0.0716835335 -0.167500004 0.274113476 0.0693013519 -0.167500004 0.26716578 0.0490634181 -0.167500004 0.14852187 0.101105466 -0.167500004 0.15870586 0.11992383 -0.167500004 0.183234781 0.109725788 -0.167500004 0.174448371 0.13441582 -0.167500004 0.197639316 0.11804226 -0.167500004 0.194043443 0.143011019 -0.167500004 0.214181125 0.119780883 -0.167500004 0.21536766 0.144777998 -0.167500004 0.23611021 0.139525265 -0.167500004 0.144999996 0.0800000057 -0.167500004 0.144999996 0.0800000057 -0.17750001 0.14852187 0.101105466 -0.167500004 0.14852187 0.101105466 -0.17750001 0.14852187 0.101105466 -0.167500004 0.14852187 0.101105466 -0.17750001 0.15870586 0.11992383 -0.167500004 0.15870586 0.11992383 -0.17750001 0.15870586 0.11992383 -0.167500004 0.15870586 0.11992383 -0.17750001 0.174448371 0.13441582 -0.167500004 0.174448371 0.13441582 -0.17750001 0.174448371 0.13441582 -0.167500004 0.174448371 0.13441582 -0.17750001 0.194043443 0.143011019 -0.167500004 0.194043443 0.143011019 -0.17750001 0.194043443 0.143011019 -0.167500004 0.194043443 0.143011019 -0.17750001 0.21536766 0.144777998 -0.167500004 0.21536766 0.144777998 -0.17750001 0.21536766 0.144777998 -0.167500004 0.21536766 0.144777998 -0.17750001 0.23611021 0.139525265 -0.167500004 0.23611021 0.139525265 -0.17750001 0.23611021 0.139525265 -0.167500004 0.23611021 0.139525265 -0.17750001 0.254023314 0.127822056 -0.167500004 0.254023314 0.127822056 -0.17750001 0.254023314 0.127822056 -0.167500004 0.254023314 0.127822056 -0.17750001 0.26716578 0.110936582 -0.167500004 0.26716578 0.110936582 -0.17750001 0.26716578 0.110936582 -0.167500004 0.26716578 0.110936582 -0.17750001 0.274113476 0.0906986445 -0.167500004 0.274113476 0.0906986445 -0.17750001 0.274113476 0.0906986445 -0.167500004 0.274113476 0.0906986445 -0.17750001 0.274113476 0.0693013519 -0.167500004 0.274113476 0.0693013519 -0.17750001 0.274113476 0.0693013519 -0.167500004 0.274113476 0.0693013519 -0.17750001 0.26716578 0.0490634181 -0.167500004 0.26716578 0.0490634181 -0.17750001 0.26716578 0.0490634181 -0.167500004 0.26716578 0.0490634181 -0.17750001 0.254023314 0.0321779437 -0.167500004 0.254023314 0.0321779437 -0.17750001 0.254023314 0.0321779437 -0.167500004 0.254023314 0.0321779437 -0.17750001 0.23611021 0.0204747319 -0.167500004 0.23611021 0.0204747319 -0.17750001 0.23611021 0.0204747319 -0.167500004 0.23611021 0.0204747319 -0.17750001 0.21536766 0.0152220074 -0.167500004 0.21536766 0.0152220074 -0.17750001 0.21536766 0.0152220074 -0.167500004 0.21536766 0.0152220074 -0.17750001 0.194043443 0.0169889834 -0.167500004 0.194043443 0.0169889834 -0.17750001 0.194043443 0.0169889834 -0.167500004 0.194043443 0.0169889834 -0.17750001 0.174448371 0.0255841762 -0.167500004 0.174448371 0.0255841762 -0.17750001 0.174448371 0.0255841762 -0.167500004 0.174448371 0.0255841762 -0.17750001 0.15870586 0.0400761738 -0.167500004 0.15870586 0.0400761738 -0.17750001 0.15870586 0.0400761738 -0.167500004 0.15870586 0.0400761738 -0.17750001 0.14852187 0.0588945337 -0.167500004 0.14852187 0.0588945337 -0.17750001 0.14852187 0.0588945337 -0.167500004 0.14852187 0.0588945337 -0.17750001 0.144999996 0.0800000057 -0.167500004 0.144999996 0.0800000057 -0.17750001 0.1875 0.0800000057 0.233500004 0.190514416 0.0912500024 0.25850001 0.190514416 0.0912500024 0.233500004 0.190514416 0.0912500024 0.233500004 0.190514416 0.0912500024 0.25850001 0.198749989 0.0994855762 0.25850001 0.198749989 0.0994855762 0.233500004 0.198749989 0.0994855762 0.233500004 0.198749989 0.0994855762 0.25850001 0.209999993 0.102500007 0.25850001 0.209999993 0.102500007 0.233500004 0.209999993 0.102500007 0.233500004 0.209999993 0.102500007 0.25850001 0.221249998 0.0994855762 0.25850001 0.221249998 0.0994855762 0.233500004 0.221249998 0.0994855762 0.233500004 0.221249998 0.0994855762 0.25850001 0.229485571 0.0912500024 0.25850001 0.229485571 0.0912500024 0.233500004 0.229485571 0.0912500024 0.233500004 0.229485571 0.0912500024 0.25850001 0.232500002 0.0800000057 0.25850001 0.232500002 0.0800000057 0.233500004 0.232500002 0.0800000057 0.233500004 0.232500002 0.0800000057 0.25850001 0.229485571 0.0687500015 0.25850001 0.229485571 0.0687500015 0.233500004 0.229485571 0.0687500015 0.233500004 0.229485571 0.0687500015 0.25850001 0.221249998 0.0605144277 0.25850001 0.221249998 0.0605144277 0.233500004 0.221249998 0.0605144277 0.233500004 0.221249998 0.0605144277 0.25850001 0.209999993 0.057500001 0.25850001 0.209999993 0.057500001 0.233500004 0.209999993 0.057500001 0.233500004 0.209999993 0.057500001 0.25850001 0.198749989 0.0605144277 0.25850001 0.198749989 0.0605144277 0.233500004 0.198749989 0.0605144277 0.233500004 0.198749989 0.0605144277 0.25850001 0.190514416 0.0687500015 0.25850001 0.190514416 0.0687500015 0.233500004 0.190514416 0.0687500015 0.233500004 0.190514416 0.0687500015 0.25850001 0.1875 0.0800000057 0.25850001 0.1875 0.0800000057 0.233500004 0.1875 0.0800000057 0.25850001 0.198749989 0.0994855762 0.25850001 0.190514416 0.0912500024 0.25850001 0.209999993 0.0800000057 0.25850001 0.1875 0.0800000057 0.25850001 0.190514416 0.0687500015 0.25850001 0.229485571 0.0912500024 0.25850001 0.221249998 0.0994855762 0.25850001 0.209999993 0.102500007 0.25850001 0.221249998 0.0605144277 0.25850001 0.229485571 0.0687500015 0.25850001 0.232500002 0.0800000057 0.25850001 0.198749989 0.0605144277 0.25850001 0.209999993 0.057500001 0.25850001 0.160000011 0.0800000057 0.17750001 0.163376391 0.0980620831 0.185000002 0.163376391 0.0980620831 0.17750001 0.163376391 0.0980620831 0.17750001 0.163376391 0.0980620831 0.185000002 0.173049554 0.113684788 0.185000002 0.173049554 0.113684788 0.17750001 0.173049554 0.113684788 0.17750001 0.173049554 0.113684788 0.185000002 0.187713072 0.124758169 0.185000002 0.187713072 0.124758169 0.17750001 0.187713072 0.124758169 0.17750001 0.187713072 0.124758169 0.185000002 0.205386579 0.129786715 0.185000002 0.205386579 0.129786715 0.17750001 0.205386579 0.129786715 0.17750001 0.205386579 0.129786715 0.185000002 0.223683149 0.128091291 0.185000002 0.223683149 0.128091291 0.17750001 0.223683149 0.128091291 0.17750001 0.223683149 0.128091291 0.185000002 0.240131736 0.11990086 0.185000002 0.240131736 0.11990086 0.17750001 0.240131736 0.11990086 0.17750001 0.240131736 0.11990086 0.185000002 0.252510846 0.106321611 0.185000002 0.252510846 0.106321611 0.17750001 0.252510846 0.106321611 0.17750001 0.252510846 0.106321611 0.185000002 0.259148657 0.0891874731 0.185000002 0.259148657 0.0891874731 0.17750001 0.259148657 0.0891874731 0.17750001 0.259148657 0.0891874731 0.185000002 0.259148657 0.0708125234 0.185000002 0.259148657 0.0708125234 0.17750001 0.259148657 0.0708125234 0.17750001 0.259148657 0.0708125234 0.185000002 0.252510846 0.0536783934 0.185000002 0.252510846 0.0536783934 0.17750001 0.252510846 0.0536783934 0.17750001 0.252510846 0.0536783934 0.185000002 0.240131736 0.0400991365 0.185000002 0.240131736 0.0400991365 0.17750001 0.240131736 0.0400991365 0.17750001 0.240131736 0.0400991365 0.185000002 0.223683149 0.031908717 0.185000002 0.223683149 0.031908717 0.17750001 0.223683149 0.031908717 0.17750001 0.223683149 0.031908717 0.185000002 0.205386579 0.0302132927 0.185000002 0.205386579 0.0302132927 0.17750001 0.205386579 0.0302132927 0.17750001 0.205386579 0.0302132927 0.185000002 0.187713072 0.0352418348 0.185000002 0.187713072 0.0352418348 0.17750001 0.187713072 0.0352418348 0.17750001 0.187713072 0.0352418348 0.185000002 0.173049554 0.0463152155 0.185000002 0.173049554 0.0463152155 0.17750001 0.173049554 0.0463152155 0.17750001 0.173049554 0.0463152155 0.185000002 0.163376391 0.0619379133 0.185000002 0.163376391 0.0619379133 0.17750001 0.163376391 0.0619379133 0.17750001 0.163376391 0.0619379133 0.185000002 0.160000011 0.0800000057 0.185000002 0.160000011 0.0800000057 0.17750001 0.160000011 0.0800000057 0.185000002 0.173049554 0.0463152155 0.185000002 0.113606267 0.0270070918 0.185000002 0.163376391 0.0619379133 0.185000002 0.103455849 0.0526441112 0.185000002 0.160000011 0.0800000057 0.185000002 0.099999994 0.0800000057 0.185000002 0.163376391 0.0980620831 0.185000002 0.205386579 0.0302132927 0.185000002 0.176008135 -0.0246162191 0.185000002 0.187713072 0.0352418348 0.185000002 0.151059046 -0.0128760692 0.185000002 0.129813448 0.00469981786 0.185000002 0.240131736 0.0400991365 0.185000002 0.256835729 -0.0195309743 0.185000002 0.223683149 0.031908717 0.185000002 0.23061195 -0.0280515999 0.185000002 0.203093052 -0.029782936 0.185000002 0.259148657 0.0708125234 0.185000002 0.31227541 0.0395062976 0.185000002 0.252510846 0.0536783934 0.185000002 0.298991859 0.0153436242 0.185000002 0.280116647 -0.00475645438 0.185000002 0.252510846 0.106321611 0.185000002 0.31227541 0.120493703 0.185000002 0.259148657 0.0891874731 0.185000002 0.319132626 0.0937866494 0.185000002 0.319132626 0.0662133396 0.185000002 0.223683149 0.128091291 0.185000002 0.256835729 0.179530978 0.185000002 0.240131736 0.11990086 0.185000002 0.280116647 0.164756462 0.185000002 0.298991859 0.144656375 0.185000002 0.187713072 0.124758169 0.185000002 0.176008135 0.184616223 0.185000002 0.205386579 0.129786715 0.185000002 0.203093052 0.189782947 0.185000002 0.23061195 0.188051596 0.185000002 0.103455849 0.107355893 0.185000002 0.113606267 0.132992908 0.185000002 0.173049554 0.113684788 0.185000002 0.129813448 0.155300185 0.185000002 0.151059046 0.17287606 0.185000002 0.099999994 0.0800000057 0.185000002 0.103455849 0.107355893 0.205000013 0.103455849 0.107355893 0.185000002 0.103455849 0.107355893 0.185000002 0.103455849 0.107355893 0.205000013 0.113606267 0.132992908 0.205000013 0.113606267 0.132992908 0.185000002 0.113606267 0.132992908 0.185000002 0.113606267 0.132992908 0.205000013 0.129813448 0.155300185 0.205000013 0.129813448 0.155300185 0.185000002 0.129813448 0.155300185 0.185000002 0.129813448 0.155300185 0.205000013 0.151059046 0.17287606 0.205000013 0.151059046 0.17287606 0.185000002 0.151059046 0.17287606 0.185000002 0.151059046 0.17287606 0.205000013 0.176008135 0.184616223 0.205000013 0.176008135 0.184616223 0.185000002 0.176008135 0.184616223 0.185000002 0.176008135 0.184616223 0.205000013 0.203093052 0.189782947 0.205000013 0.203093052 0.189782947 0.185000002 0.203093052 0.189782947 0.185000002 0.203093052 0.189782947 0.205000013 0.23061195 0.188051596 0.205000013 0.23061195 0.188051596 0.185000002 0.23061195 0.188051596 0.185000002 0.23061195 0.188051596 0.205000013 0.256835729 0.179530978 0.205000013 0.256835729 0.179530978 0.185000002 0.256835729 0.179530978 0.185000002 0.256835729 0.179530978 0.205000013 0.280116647 0.164756462 0.205000013 0.280116647 0.164756462 0.185000002 0.280116647 0.164756462 0.185000002 0.280116647 0.164756462 0.205000013 0.298991859 0.144656375 0.205000013 0.298991859 0.144656375 0.185000002 0.298991859 0.144656375 0.185000002 0.298991859 0.144656375 0.205000013 0.31227541 0.120493703 0.205000013 0.31227541 0.120493703 0.185000002 0.31227541 0.120493703 0.185000002 0.31227541 0.120493703 0.205000013 0.319132626 0.0937866494 0.205000013 0.319132626 0.0937866494 0.185000002 0.319132626 0.0937866494 0.185000002 0.319132626 0.0937866494 0.205000013 0.319132626 0.0662133396 0.205000013 0.319132626 0.0662133396 0.185000002 0.319132626 0.0662133396 0.185000002 0.319132626 0.0662133396 0.205000013 0.31227541 0.0395062976 0.205000013 0.31227541 0.0395062976 0.185000002 0.31227541 0.0395062976 0.185000002 0.31227541 0.0395062976 0.205000013 0.298991859 0.0153436242 0.205000013 0.298991859 0.0153436242 0.185000002 0.298991859 0.0153436242 0.185000002 0.298991859 0.0153436242 0.205000013 0.280116647 -0.00475645438 0.205000013 0.280116647 -0.00475645438 0.185000002 0.280116647 -0.00475645438 0.185000002 0.280116647 -0.00475645438 0.205000013 0.256835729 -0.0195309743 0.205000013 0.256835729 -0.0195309743 0.185000002 0.256835729 -0.0195309743 0.185000002 0.256835729 -0.0195309743 0.205000013 0.23061195 -0.0280515999 0.205000013 0.23061195 -0.0280515999 0.185000002 0.23061195 -0.0280515999 0.185000002 0.23061195 -0.0280515999 0.205000013 0.203093052 -0.029782936 0.205000013 0.203093052 -0.029782936 0.185000002 0.203093052 -0.029782936 0.185000002 0.203093052 -0.029782936 0.205000013 0.176008135 -0.0246162191 0.205000013 0.176008135 -0.0246162191 0.185000002 0.176008135 -0.0246162191 0.185000002 0.176008135 -0.0246162191 0.205000013 0.151059046 -0.0128760692 0.205000013 0.151059046 -0.0128760692 0.185000002 0.151059046 -0.0128760692 0.185000002 0.151059046 -0.0128760692 0.205000013 0.129813448 0.00469981786 0.205000013 0.129813448 0.00469981786 0.185000002 0.129813448 0.00469981786 0.185000002 0.129813448 0.00469981786 0.205000013 0.113606267 0.0270070918 0.205000013 0.113606267 0.0270070918 0.185000002 0.113606267 0.0270070918 0.185000002 0.113606267 0.0270070918 0.205000013 0.103455849 0.0526441112 0.205000013 0.103455849 0.0526441112 0.185000002 0.103455849 0.0526441112 0.185000002 0.103455849 0.0526441112 0.205000013 0.099999994 0.0800000057 0.205000013 0.099999994 0.0800000057 0.185000002 0.099999994 0.0800000057 0.205000013 0.242360681 0.103511408 0.205000013 0.249125898 0.0883164704 0.205000013 0.31227541 0.120493703 0.205000013 0.242360681 0.0564885885 0.205000013 0.31227541 0.0395062976 0.205000013 0.249125898 0.0716835335 0.205000013 0.319132626 0.0662133396 0.205000013 0.319132626 0.0937866494 0.205000013 0.197639316 0.11804226 0.205000013 0.151059046 0.17287606 0.205000013 0.183234781 0.109725788 0.205000013 0.129813448 0.155300185 0.205000013 0.173458174 0.096269466 0.205000013 0.298991859 0.144656375 0.205000013 0.280116647 0.164756462 0.205000013 0.230000004 0.114641011 0.205000013 0.256835729 0.179530978 0.205000013 0.214181125 0.119780883 0.205000013 0.230000004 0.0453589857 0.205000013 0.280116647 -0.00475645438 0.205000013 0.298991859 0.0153436242 0.205000013 0.197639316 0.0419577397 0.205000013 0.203093052 -0.029782936 0.205000013 0.214181125 0.0402191244 0.205000013 0.23061195 -0.0280515999 0.205000013 0.256835729 -0.0195309743 0.205000013 0.169999987 0.0800000057 0.205000013 0.103455849 0.0526441112 0.205000013 0.173458174 0.0637305379 0.205000013 0.113606267 0.0270070918 0.205000013 0.183234781 0.0502742082 0.205000013 0.113606267 0.132992908 0.205000013 0.103455849 0.107355893 0.205000013 0.099999994 0.0800000057 0.205000013 0.23061195 0.188051596 0.205000013 0.203093052 0.189782947 0.205000013 0.176008135 0.184616223 0.205000013 0.129813448 0.00469981786 0.205000013 0.151059046 -0.0128760692 0.205000013 0.176008135 -0.0246162191 0.205000013 0.169999987 0.0800000057 0.205000013 0.173458174 0.096269466 0.233500004 0.173458174 0.096269466 0.205000013 0.173458174 0.096269466 0.205000013 0.173458174 0.096269466 0.233500004 0.183234781 0.109725788 0.233500004 0.183234781 0.109725788 0.205000013 0.183234781 0.109725788 0.205000013 0.183234781 0.109725788 0.233500004 0.197639316 0.11804226 0.233500004 0.197639316 0.11804226 0.205000013 0.197639316 0.11804226 0.205000013 0.197639316 0.11804226 0.233500004 0.214181125 0.119780883 0.233500004 0.214181125 0.119780883 0.205000013 0.214181125 0.119780883 0.205000013 0.214181125 0.119780883 0.233500004 0.230000004 0.114641011 0.233500004 0.230000004 0.114641011 0.205000013 0.230000004 0.114641011 0.205000013 0.230000004 0.114641011 0.233500004 0.242360681 0.103511408 0.233500004 0.242360681 0.103511408 0.205000013 0.242360681 0.103511408 0.205000013 0.242360681 0.103511408 0.233500004 0.249125898 0.0883164704 0.233500004 0.249125898 0.0883164704 0.205000013 0.249125898 0.0883164704 0.205000013 0.249125898 0.0883164704 0.233500004 0.249125898 0.0716835335 0.233500004 0.249125898 0.0716835335 0.205000013 0.249125898 0.0716835335 0.205000013 0.249125898 0.0716835335 0.233500004 0.242360681 0.0564885885 0.233500004 0.242360681 0.0564885885 0.205000013 0.242360681 0.0564885885 0.205000013 0.242360681 0.0564885885 0.233500004 0.230000004 0.0453589857 0.233500004 0.230000004 0.0453589857 0.205000013 0.230000004 0.0453589857 0.205000013 0.230000004 0.0453589857 0.233500004 0.214181125 0.0402191244 0.233500004 0.214181125 0.0402191244 0.205000013 0.214181125 0.0402191244 0.205000013 0.214181125 0.0402191244 0.233500004 0.197639316 0.0419577397 0.233500004 0.197639316 0.0419577397 0.205000013 0.197639316 0.0419577397 0.205000013 0.197639316 0.0419577397 0.233500004 0.183234781 0.0502742082 0.233500004 0.183234781 0.0502742082 0.205000013 0.183234781 0.0502742082 0.205000013 0.183234781 0.0502742082 0.233500004 0.173458174 0.0637305379 0.233500004 0.173458174 0.0637305379 0.205000013 0.173458174 0.0637305379 0.205000013 0.173458174 0.0637305379 0.233500004 0.169999987 0.0800000057 0.233500004 0.169999987 0.0800000057 0.205000013 0.169999987 0.0800000057 0.233500004 0.198749989 0.0994855762 0.233500004 0.183234781 0.109725788 0.233500004 0.190514416 0.0912500024 0.233500004 0.173458174 0.096269466 0.233500004 0.1875 0.0800000057 0.233500004 0.169999987 0.0800000057 0.233500004 0.190514416 0.0687500015 0.233500004 0.173458174 0.0637305379 0.233500004 0.198749989 0.0605144277 0.233500004 0.229485571 0.0687500015 0.233500004 0.249125898 0.0716835335 0.233500004 0.232500002 0.0800000057 0.233500004 0.249125898 0.0883164704 0.233500004 0.229485571 0.0912500024 0.233500004 0.242360681 0.103511408 0.233500004 0.221249998 0.0994855762 0.233500004 0.230000004 0.114641011 0.233500004 0.209999993 0.102500007 0.233500004 0.214181125 0.119780883 0.233500004 0.197639316 0.11804226 0.233500004 0.183234781 0.0502742082 0.233500004 0.197639316 0.0419577397 0.233500004 0.209999993 0.057500001 0.233500004 0.214181125 0.0402191244 0.233500004 0.221249998 0.0605144277 0.233500004 0.230000004 0.0453589857 0.233500004 0.242360681 0.0564885885 0.233500004 0.169999987 0.0800000057 -0.170499995 0.173458174 0.096269466 -0.167500004 0.173458174 0.096269466 -0.170499995 0.173458174 0.096269466 -0.170499995 0.173458174 0.096269466 -0.167500004 0.183234781 0.109725788 -0.167500004 0.183234781 0.109725788 -0.170499995 0.183234781 0.109725788 -0.170499995 0.183234781 0.109725788 -0.167500004 0.197639316 0.11804226 -0.167500004 0.197639316 0.11804226 -0.170499995 0.197639316 0.11804226 -0.170499995 0.197639316 0.11804226 -0.167500004 0.214181125 0.119780883 -0.167500004 0.214181125 0.119780883 -0.170499995 0.214181125 0.119780883 -0.170499995 0.214181125 0.119780883 -0.167500004 0.230000004 0.114641011 -0.167500004 0.230000004 0.114641011 -0.170499995 0.230000004 0.114641011 -0.170499995 0.230000004 0.114641011 -0.167500004 0.242360681 0.103511408 -0.167500004 0.242360681 0.103511408 -0.170499995 0.242360681 0.103511408 -0.170499995 0.242360681 0.103511408 -0.167500004 0.249125898 0.0883164704 -0.167500004 0.249125898 0.0883164704 -0.170499995 0.249125898 0.0883164704 -0.170499995 0.249125898 0.0883164704 -0.167500004 0.249125898 0.0716835335 -0.167500004 0.249125898 0.0716835335 -0.170499995 0.249125898 0.0716835335 -0.170499995 0.249125898 0.0716835335 -0.167500004 0.242360681 0.0564885885 -0.167500004 0.242360681 0.0564885885 -0.170499995 0.242360681 0.0564885885 -0.170499995 0.242360681 0.0564885885 -0.167500004 0.230000004 0.0453589857 -0.167500004 0.230000004 0.0453589857 -0.170499995 0.230000004 0.0453589857 -0.170499995 0.230000004 0.0453589857 -0.167500004 0.214181125 0.0402191244 -0.167500004 0.214181125 0.0402191244 -0.170499995 0.214181125 0.0402191244 -0.170499995 0.214181125 0.0402191244 -0.167500004 0.197639316 0.0419577397 -0.167500004 0.197639316 0.0419577397 -0.170499995 0.197639316 0.0419577397 -0.170499995 0.197639316 0.0419577397 -0.167500004 0.183234781 0.0502742082 -0.167500004 0.183234781 0.0502742082 -0.170499995 0.183234781 0.0502742082 -0.170499995 0.183234781 0.0502742082 -0.167500004 0.173458174 0.0637305379 -0.167500004 0.173458174 0.0637305379 -0.170499995 0.173458174 0.0637305379 -0.170499995 0.173458174 0.0637305379 -0.167500004 0.169999987 0.0800000057 -0.167500004 0.169999987 0.0800000057 -0.170499995 0.169999987 0.0800000057 -0.167500004 0.232455313 0.0998936743 -0.192499995 0.239128247 0.0871794671 -0.192499995 0.226000011 0.0800000057 -0.192499995 0.239128247 0.0728205293 -0.192499995 0.223856404 0.0719999969 -0.192499995 0.232455313 0.0601063222 -0.192499995 0.217999995 0.0661435872 -0.192499995 0.220638141 0.0519495122 -0.192499995 0.209999993 0.0639999956 -0.192499995 0.206383899 0.0502187349 -0.192499995 0.201999992 0.0661435872 -0.192499995 0.192958057 0.055310484 -0.192499995 0.196143597 0.0719999969 -0.192499995 0.183436304 0.0660583079 -0.192499995 0.194000006 0.0800000057 -0.192499995 0.179999992 0.0800000057 -0.192499995 0.196143597 0.0879999995 -0.192499995 0.183436304 0.093941696 -0.192499995 0.201999992 0.0938564092 -0.192499995 0.192958057 0.104689516 -0.192499995 0.209999993 0.0959999934 -0.192499995 0.206383899 0.109781265 -0.192499995 0.217999995 0.0938564092 -0.192499995 0.220638141 0.108050488 -0.192499995 0.223856404 0.0879999995 -0.192499995 0.179999992 0.0800000057 -0.192499995 0.183436304 0.093941696 -0.170499995 0.183436304 0.093941696 -0.192499995 0.183436304 0.093941696 -0.192499995 0.183436304 0.093941696 -0.170499995 0.192958057 0.104689516 -0.170499995 0.192958057 0.104689516 -0.192499995 0.192958057 0.104689516 -0.192499995 0.192958057 0.104689516 -0.170499995 0.206383899 0.109781265 -0.170499995 0.206383899 0.109781265 -0.192499995 0.206383899 0.109781265 -0.192499995 0.206383899 0.109781265 -0.170499995 0.220638141 0.108050488 -0.170499995 0.220638141 0.108050488 -0.192499995 0.220638141 0.108050488 -0.192499995 0.220638141 0.108050488 -0.170499995 0.232455313 0.0998936743 -0.170499995 0.232455313 0.0998936743 -0.192499995 0.232455313 0.0998936743 -0.192499995 0.232455313 0.0998936743 -0.170499995 0.239128247 0.0871794671 -0.170499995 0.239128247 0.0871794671 -0.192499995 0.239128247 0.0871794671 -0.192499995 0.239128247 0.0871794671 -0.170499995 0.239128247 0.0728205293 -0.170499995 0.239128247 0.0728205293 -0.192499995 0.239128247 0.0728205293 -0.192499995 0.239128247 0.0728205293 -0.170499995 0.232455313 0.0601063222 -0.170499995 0.232455313 0.0601063222 -0.192499995 0.232455313 0.0601063222 -0.192499995 0.232455313 0.0601063222 -0.170499995 0.220638141 0.0519495122 -0.170499995 0.220638141 0.0519495122 -0.192499995 0.220638141 0.0519495122 -0.192499995 0.220638141 0.0519495122 -0.170499995 0.206383899 0.0502187349 -0.170499995 0.206383899 0.0502187349 -0.192499995 0.206383899 0.0502187349 -0.192499995 0.206383899 0.0502187349 -0.170499995 0.192958057 0.055310484 -0.170499995 0.192958057 0.055310484 -0.192499995 0.192958057 0.055310484 -0.192499995 0.192958057 0.055310484 -0.170499995 0.183436304 0.0660583079 -0.170499995 0.183436304 0.0660583079 -0.192499995 0.183436304 0.0660583079 -0.192499995 0.183436304 0.0660583079 -0.170499995 0.179999992 0.0800000057 -0.170499995 0.179999992 0.0800000057 -0.192499995 0.179999992 0.0800000057 -0.170499995 0.206383899 0.0502187349 -0.170499995 0.197639316 0.0419577397 -0.170499995 0.192958057 0.055310484 -0.170499995 0.183234781 0.0502742082 -0.170499995 0.183436304 0.0660583079 -0.170499995 0.173458174 0.0637305379 -0.170499995 0.179999992 0.0800000057 -0.170499995 0.169999987 0.0800000057 -0.170499995 0.183436304 0.093941696 -0.170499995 0.173458174 0.096269466 -0.170499995 0.192958057 0.104689516 -0.170499995 0.183234781 0.109725788 -0.170499995 0.206383899 0.109781265 -0.170499995 0.197639316 0.11804226 -0.170499995 0.214181125 0.119780883 -0.170499995 0.220638141 0.108050488 -0.170499995 0.230000004 0.114641011 -0.170499995 0.232455313 0.0998936743 -0.170499995 0.242360681 0.103511408 -0.170499995 0.239128247 0.0871794671 -0.170499995 0.249125898 0.0883164704 -0.170499995 0.239128247 0.0728205293 -0.170499995 0.249125898 0.0716835335 -0.170499995 0.232455313 0.0601063222 -0.170499995 0.242360681 0.0564885885 -0.170499995 0.220638141 0.0519495122 -0.170499995 0.230000004 0.0453589857 -0.170499995 0.214181125 0.0402191244 -0.170499995 0.346500009 -0.215000004 0.149999991 0.346500009 -0.215000004 0.125 0.348308653 -0.208250001 0.149999991 0.348308653 -0.208250001 0.149999991 0.346500009 -0.215000004 0.125 0.348308653 -0.208250001 0.125 0.348308653 -0.208250001 0.149999991 0.348308653 -0.208250001 0.125 0.353250027 -0.203308672 0.149999991 0.353250027 -0.203308672 0.125 0.353250027 -0.203308672 0.149999991 0.353250027 -0.203308672 0.125 0.359999985 -0.201499999 0.149999991 0.359999985 -0.201499999 0.125 0.359999985 -0.201499999 0.149999991 0.359999985 -0.201499999 0.125 0.366750032 -0.203308672 0.149999991 0.366750032 -0.203308672 0.125 0.366750032 -0.203308672 0.149999991 0.366750032 -0.203308672 0.125 0.371691346 -0.208250001 0.149999991 0.371691346 -0.208250001 0.149999991 0.366750032 -0.203308672 0.125 0.371691346 -0.208250001 0.125 0.371691346 -0.208250001 0.149999991 0.371691346 -0.208250001 0.125 0.37349999 -0.215000004 0.149999991 0.37349999 -0.215000004 0.125 0.37349999 -0.215000004 0.149999991 0.37349999 -0.215000004 0.125 0.371691346 -0.221750006 0.149999991 0.371691346 -0.221750006 0.125 0.371691346 -0.221750006 0.149999991 0.371691346 -0.221750006 0.125 0.366750032 -0.22669135 0.149999991 0.366750032 -0.22669135 0.149999991 0.371691346 -0.221750006 0.125 0.366750032 -0.22669135 0.125 0.366750032 -0.22669135 0.149999991 0.366750032 -0.22669135 0.125 0.359999985 -0.228500009 0.149999991 0.359999985 -0.228500009 0.125 0.359999985 -0.228500009 0.149999991 0.359999985 -0.228500009 0.125 0.353250027 -0.22669135 0.149999991 0.353250027 -0.22669135 0.125 0.353250027 -0.22669135 0.149999991 0.353250027 -0.22669135 0.125 0.348308653 -0.221750006 0.149999991 0.348308653 -0.221750006 0.125 0.348308653 -0.221750006 0.149999991 0.348308653 -0.221750006 0.125 0.346500009 -0.215000004 0.149999991 0.346500009 -0.215000004 0.149999991 0.348308653 -0.221750006 0.125 0.346500009 -0.215000004 0.125 0.0465000086 -0.215000004 0.149999991 0.0465000086 -0.215000004 0.125 0.0483086556 -0.208250001 0.149999991 0.0483086556 -0.208250001 0.125 0.0483086556 -0.208250001 0.149999991 0.0483086556 -0.208250001 0.125 0.0532499924 -0.203308672 0.149999991 0.0532499924 -0.203308672 0.125 0.0532499924 -0.203308672 0.149999991 0.0532499924 -0.203308672 0.125 0.0600000061 -0.201499999 0.149999991 0.0600000061 -0.201499999 0.125 0.0600000061 -0.201499999 0.149999991 0.0600000061 -0.201499999 0.125 0.0667499974 -0.203308672 0.149999991 0.0667499974 -0.203308672 0.125 0.0667499974 -0.203308672 0.149999991 0.0667499974 -0.203308672 0.125 0.0716913417 -0.208250001 0.149999991 0.0716913417 -0.208250001 0.125 0.0716913417 -0.208250001 0.149999991 0.0716913417 -0.208250001 0.125 0.0734999999 -0.215000004 0.149999991 0.0734999999 -0.215000004 0.125 0.0734999999 -0.215000004 0.149999991 0.0734999999 -0.215000004 0.125 0.0716913417 -0.221750006 0.149999991 0.0716913417 -0.221750006 0.125 0.0716913417 -0.221750006 0.149999991 0.0716913417 -0.221750006 0.125 0.0667499974 -0.22669135 0.149999991 0.0667499974 -0.22669135 0.125 0.0667499974 -0.22669135 0.149999991 0.0667499974 -0.22669135 0.125 0.0600000061 -0.228500009 0.149999991 0.0600000061 -0.228500009 0.125 0.0600000061 -0.228500009 0.149999991 0.0600000061 -0.228500009 0.125 0.0532499924 -0.22669135 0.149999991 0.0532499924 -0.22669135 0.125 0.0532499924 -0.22669135 0.149999991 0.0532499924 -0.22669135 0.125 0.0483086556 -0.221750006 0.149999991 0.0483086556 -0.221750006 0.125 0.0483086556 -0.221750006 0.149999991 0.0483086556 -0.221750006 0.125 0.0465000086 -0.215000004 0.149999991 0.0465000086 -0.215000004 0.125 0.281499982 -0.277999997 0.149999991 0.281499982 -0.277999997 0.125 0.283308655 -0.27124998 0.149999991 0.283308655 -0.27124998 0.149999991 0.281499982 -0.277999997 0.125 0.283308655 -0.27124998 0.125 0.283308655 -0.27124998 0.149999991 0.283308655 -0.27124998 0.125 0.288249999 -0.266308665 0.149999991 0.288249999 -0.266308665 0.125 0.288249999 -0.266308665 0.149999991 0.288249999 -0.266308665 0.125 0.295000017 -0.264499992 0.149999991 0.295000017 -0.264499992 0.125 0.295000017 -0.264499992 0.149999991 0.295000017 -0.264499992 0.125 0.301750004 -0.266308665 0.149999991 0.301750004 -0.266308665 0.125 0.301750004 -0.266308665 0.149999991 0.301750004 -0.266308665 0.125 0.306691349 -0.27124998 0.149999991 0.306691349 -0.27124998 0.125 0.306691349 -0.27124998 0.149999991 0.306691349 -0.27124998 0.125 0.308499992 -0.277999997 0.149999991 0.308499992 -0.277999997 0.125 0.308499992 -0.277999997 0.149999991 0.308499992 -0.277999997 0.125 0.306691349 -0.284749985 0.149999991 0.306691349 -0.284749985 0.125 0.306691349 -0.284749985 0.149999991 0.306691349 -0.284749985 0.125 0.301750004 -0.289691329 0.149999991 0.301750004 -0.289691329 0.125 0.301750004 -0.289691329 0.149999991 0.301750004 -0.289691329 0.125 0.295000017 -0.291500002 0.149999991 0.295000017 -0.291500002 0.125 0.295000017 -0.291500002 0.149999991 0.295000017 -0.291500002 0.125 0.288249999 -0.289691329 0.149999991 0.288249999 -0.289691329 0.125 0.288249999 -0.289691329 0.149999991 0.288249999 -0.289691329 0.125 0.283308655 -0.284749985 0.149999991 0.283308655 -0.284749985 0.125 0.283308655 -0.284749985 0.149999991 0.283308655 -0.284749985 0.125 0.281499982 -0.277999997 0.149999991 0.281499982 -0.277999997 0.125 0.346500009 -0.0450000018 0.149999991 0.346500009 -0.0450000018 0.125 0.348308653 -0.0382499993 0.149999991 0.348308653 -0.0382499993 0.149999991 0.346500009 -0.0450000018 0.125 0.348308653 -0.0382499993 0.125 0.348308653 -0.0382499993 0.149999991 0.348308653 -0.0382499993 0.125 0.353250027 -0.033308655 0.149999991 0.353250027 -0.033308655 0.125 0.353250027 -0.033308655 0.149999991 0.353250027 -0.033308655 0.125 0.359999985 -0.0314999968 0.149999991 0.359999985 -0.0314999968 0.125 0.359999985 -0.0314999968 0.149999991 0.359999985 -0.0314999968 0.125 0.366750032 -0.033308655 0.149999991 0.366750032 -0.033308655 0.125 0.366750032 -0.033308655 0.149999991 0.366750032 -0.033308655 0.125 0.371691346 -0.0382499993 0.149999991 0.371691346 -0.0382499993 0.149999991 0.366750032 -0.033308655 0.125 0.371691346 -0.0382499993 0.125 0.371691346 -0.0382499993 0.149999991 0.371691346 -0.0382499993 0.125 0.37349999 -0.0450000018 0.149999991 0.37349999 -0.0450000018 0.125 0.37349999 -0.0450000018 0.149999991 0.37349999 -0.0450000018 0.125 0.371691346 -0.0517500043 0.149999991 0.371691346 -0.0517500043 0.125 0.371691346 -0.0517500043 0.149999991 0.371691346 -0.0517500043 0.125 0.366750032 -0.0566913411 0.149999991 0.366750032 -0.0566913411 0.149999991 0.371691346 -0.0517500043 0.125 0.366750032 -0.0566913411 0.125 0.366750032 -0.0566913411 0.149999991 0.366750032 -0.0566913411 0.125 0.359999985 -0.0584999993 0.149999991 0.359999985 -0.0584999993 0.125 0.359999985 -0.0584999993 0.149999991 0.359999985 -0.0584999993 0.125 0.353250027 -0.0566913411 0.149999991 0.353250027 -0.0566913411 0.125 0.353250027 -0.0566913411 0.149999991 0.353250027 -0.0566913411 0.125 0.348308653 -0.0517500043 0.149999991 0.348308653 -0.0517500043 0.125 0.348308653 -0.0517500043 0.149999991 0.348308653 -0.0517500043 0.125 0.346500009 -0.0450000018 0.149999991 0.346500009 -0.0450000018 0.149999991 0.348308653 -0.0517500043 0.125 0.346500009 -0.0450000018 0.125 0.346500009 0.125 0.149999991 0.346500009 0.125 0.125 0.348308653 0.131750003 0.149999991 0.348308653 0.131750003 0.149999991 0.346500009 0.125 0.125 0.348308653 0.131750003 0.125 0.348308653 0.131750003 0.149999991 0.348308653 0.131750003 0.125 0.353250027 0.136691347 0.149999991 0.353250027 0.136691347 0.125 0.353250027 0.136691347 0.149999991 0.353250027 0.136691347 0.125 0.359999985 0.138500005 0.149999991 0.359999985 0.138500005 0.125 0.359999985 0.138500005 0.149999991 0.359999985 0.138500005 0.125 0.366750032 0.136691347 0.149999991 0.366750032 0.136691347 0.125 0.366750032 0.136691347 0.149999991 0.366750032 0.136691347 0.125 0.371691346 0.131750003 0.149999991 0.371691346 0.131750003 0.149999991 0.366750032 0.136691347 0.125 0.371691346 0.131750003 0.125 0.371691346 0.131750003 0.149999991 0.371691346 0.131750003 0.125 0.37349999 0.125 0.149999991 0.37349999 0.125 0.125 0.37349999 0.125 0.149999991 0.37349999 0.125 0.125 0.371691346 0.118249997 0.149999991 0.371691346 0.118249997 0.125 0.371691346 0.118249997 0.149999991 0.371691346 0.118249997 0.125 0.366750032 0.113308653 0.149999991 0.366750032 0.113308653 0.149999991 0.371691346 0.118249997 0.125 0.366750032 0.113308653 0.125 0.366750032 0.113308653 0.149999991 0.366750032 0.113308653 0.125 0.359999985 0.111499995 0.149999991 0.359999985 0.111499995 0.125 0.359999985 0.111499995 0.149999991 0.359999985 0.111499995 0.125 0.353250027 0.113308653 0.149999991 0.353250027 0.113308653 0.125 0.353250027 0.113308653 0.149999991 0.353250027 0.113308653 0.125 0.348308653 0.118249997 0.149999991 0.348308653 0.118249997 0.125 0.348308653 0.118249997 0.149999991 0.348308653 0.118249997 0.125 0.346500009 0.125 0.149999991 0.346500009 0.125 0.149999991 0.348308653 0.118249997 0.125 0.346500009 0.125 0.125 0.111499995 -0.277999997 0.149999991 0.111499995 -0.277999997 0.125 0.113308653 -0.27124998 0.149999991 0.113308653 -0.27124998 0.125 0.113308653 -0.27124998 0.149999991 0.113308653 -0.27124998 0.125 0.118249997 -0.266308665 0.149999991 0.118249997 -0.266308665 0.125 0.118249997 -0.266308665 0.149999991 0.118249997 -0.266308665 0.125 0.124999993 -0.264499992 0.149999991 0.124999993 -0.264499992 0.125 0.124999993 -0.264499992 0.149999991 0.124999993 -0.264499992 0.125 0.131749988 -0.266308665 0.149999991 0.131749988 -0.266308665 0.125 0.131749988 -0.266308665 0.149999991 0.131749988 -0.266308665 0.125 0.136691347 -0.27124998 0.149999991 0.136691347 -0.27124998 0.125 0.136691347 -0.27124998 0.149999991 0.136691347 -0.27124998 0.125 0.138500005 -0.277999997 0.149999991 0.138500005 -0.277999997 0.125 0.138500005 -0.277999997 0.149999991 0.138500005 -0.277999997 0.125 0.136691347 -0.284749985 0.149999991 0.136691347 -0.284749985 0.125 0.136691347 -0.284749985 0.149999991 0.136691347 -0.284749985 0.125 0.131749988 -0.289691329 0.149999991 0.131749988 -0.289691329 0.125 0.131749988 -0.289691329 0.149999991 0.131749988 -0.289691329 0.125 0.124999993 -0.291500002 0.149999991 0.124999993 -0.291500002 0.125 0.124999993 -0.291500002 0.149999991 0.124999993 -0.291500002 0.125 0.118249997 -0.289691329 0.149999991 0.118249997 -0.289691329 0.125 0.118249997 -0.289691329 0.149999991 0.118249997 -0.289691329 0.125 0.113308653 -0.284749985 0.149999991 0.113308653 -0.284749985 0.125 0.113308653 -0.284749985 0.149999991 0.113308653 -0.284749985 0.125 0.111499995 -0.277999997 0.149999991 0.111499995 -0.277999997 0.125 0.0465000086 -0.0450000018 0.149999991 0.0465000086 -0.0450000018 0.125 0.0483086556 -0.0382499993 0.149999991 0.0483086556 -0.0382499993 0.125 0.0483086556 -0.0382499993 0.149999991 0.0483086556 -0.0382499993 0.125 0.0532499924 -0.033308655 0.149999991 0.0532499924 -0.033308655 0.125 0.0532499924 -0.033308655 0.149999991 0.0532499924 -0.033308655 0.125 0.0600000061 -0.0314999968 0.149999991 0.0600000061 -0.0314999968 0.125 0.0600000061 -0.0314999968 0.149999991 0.0600000061 -0.0314999968 0.125 0.0667499974 -0.033308655 0.149999991 0.0667499974 -0.033308655 0.125 0.0667499974 -0.033308655 0.149999991 0.0667499974 -0.033308655 0.125 0.0716913417 -0.0382499993 0.149999991 0.0716913417 -0.0382499993 0.125 0.0716913417 -0.0382499993 0.149999991 0.0716913417 -0.0382499993 0.125 0.0734999999 -0.0450000018 0.149999991 0.0734999999 -0.0450000018 0.125 0.0734999999 -0.0450000018 0.149999991 0.0734999999 -0.0450000018 0.125 0.0716913417 -0.0517500043 0.149999991 0.0716913417 -0.0517500043 0.125 0.0716913417 -0.0517500043 0.149999991 0.0716913417 -0.0517500043 0.125 0.0667499974 -0.0566913411 0.149999991 0.0667499974 -0.0566913411 0.125 0.0667499974 -0.0566913411 0.149999991 0.0667499974 -0.0566913411 0.125 0.0600000061 -0.0584999993 0.149999991 0.0600000061 -0.0584999993 0.125 0.0600000061 -0.0584999993 0.149999991 0.0600000061 -0.0584999993 0.125 0.0532499924 -0.0566913411 0.149999991 0.0532499924 -0.0566913411 0.125 0.0532499924 -0.0566913411 0.149999991 0.0532499924 -0.0566913411 0.125 0.0483086556 -0.0517500043 0.149999991 0.0483086556 -0.0517500043 0.125 0.0483086556 -0.0517500043 0.149999991 0.0483086556 -0.0517500043 0.125 0.0465000086 -0.0450000018 0.149999991 0.0465000086 -0.0450000018 0.125 0.0465000086 0.125 0.149999991 0.0465000086 0.125 0.125 0.0483086556 0.131750003 0.149999991 0.0483086556 0.131750003 0.125 0.0483086556 0.131750003 0.149999991 0.0483086556 0.131750003 0.125 0.0532499924 0.136691347 0.149999991 0.0532499924 0.136691347 0.125 0.0532499924 0.136691347 0.149999991 0.0532499924 0.136691347 0.125 0.0600000061 0.138500005 0.149999991 0.0600000061 0.138500005 0.125 0.0600000061 0.138500005 0.149999991 0.0600000061 0.138500005 0.125 0.0667499974 0.136691347 0.149999991 0.0667499974 0.136691347 0.125 0.0667499974 0.136691347 0.149999991 0.0667499974 0.136691347 0.125 0.0716913417 0.131750003 0.149999991 0.0716913417 0.131750003 0.125 0.0716913417 0.131750003 0.149999991 0.0716913417 0.131750003 0.125 0.0734999999 0.125 0.149999991 0.0734999999 0.125 0.125 0.0734999999 0.125 0.149999991 0.0734999999 0.125 0.125 0.0716913417 0.118249997 0.149999991 0.0716913417 0.118249997 0.125 0.0716913417 0.118249997 0.149999991 0.0716913417 0.118249997 0.125 0.0667499974 0.113308653 0.149999991 0.0667499974 0.113308653 0.125 0.0667499974 0.113308653 0.149999991 0.0667499974 0.113308653 0.125 0.0600000061 0.111499995 0.149999991 0.0600000061 0.111499995 0.125 0.0600000061 0.111499995 0.149999991 0.0600000061 0.111499995 0.125 0.0532499924 0.113308653 0.149999991 0.0532499924 0.113308653 0.125 0.0532499924 0.113308653 0.149999991 0.0532499924 0.113308653 0.125 0.0483086556 0.118249997 0.149999991 0.0483086556 0.118249997 0.125 0.0483086556 0.118249997 0.149999991 0.0483086556 0.118249997 0.125 0.0465000086 0.125 0.149999991 0.0465000086 0.125 0.125 0.37349999 -0.215000004 -0.149999991 0.37349999 -0.215000004 -0.125 0.371691346 -0.208250001 -0.149999991 0.371691346 -0.208250001 -0.125 0.371691346 -0.208250001 -0.149999991 0.371691346 -0.208250001 -0.125 0.366750032 -0.203308672 -0.149999991 0.366750032 -0.203308672 -0.149999991 0.371691346 -0.208250001 -0.125 0.366750032 -0.203308672 -0.125 0.366750032 -0.203308672 -0.149999991 0.366750032 -0.203308672 -0.125 0.359999985 -0.201499999 -0.149999991 0.359999985 -0.201499999 -0.125 0.359999985 -0.201499999 -0.149999991 0.359999985 -0.201499999 -0.125 0.353250027 -0.203308672 -0.149999991 0.353250027 -0.203308672 -0.125 0.353250027 -0.203308672 -0.149999991 0.353250027 -0.203308672 -0.125 0.348308653 -0.208250001 -0.149999991 0.348308653 -0.208250001 -0.125 0.348308653 -0.208250001 -0.149999991 0.348308653 -0.208250001 -0.125 0.346500009 -0.215000004 -0.149999991 0.346500009 -0.215000004 -0.149999991 0.348308653 -0.208250001 -0.125 0.346500009 -0.215000004 -0.125 0.346500009 -0.215000004 -0.149999991 0.346500009 -0.215000004 -0.125 0.348308653 -0.221750006 -0.149999991 0.348308653 -0.221750006 -0.149999991 0.346500009 -0.215000004 -0.125 0.348308653 -0.221750006 -0.125 0.348308653 -0.221750006 -0.149999991 0.348308653 -0.221750006 -0.125 0.353250027 -0.22669135 -0.149999991 0.353250027 -0.22669135 -0.125 0.353250027 -0.22669135 -0.149999991 0.353250027 -0.22669135 -0.125 0.359999985 -0.228500009 -0.149999991 0.359999985 -0.228500009 -0.125 0.359999985 -0.228500009 -0.149999991 0.359999985 -0.228500009 -0.125 0.366750032 -0.22669135 -0.149999991 0.366750032 -0.22669135 -0.125 0.366750032 -0.22669135 -0.149999991 0.366750032 -0.22669135 -0.125 0.371691346 -0.221750006 -0.149999991 0.371691346 -0.221750006 -0.149999991 0.366750032 -0.22669135 -0.125 0.371691346 -0.221750006 -0.125 0.371691346 -0.221750006 -0.149999991 0.371691346 -0.221750006 -0.125 0.37349999 -0.215000004 -0.149999991 0.37349999 -0.215000004 -0.125 0.0734999999 -0.215000004 -0.149999991 0.0734999999 -0.215000004 -0.125 0.0716913417 -0.208250001 -0.149999991 0.0716913417 -0.208250001 -0.125 0.0716913417 -0.208250001 -0.149999991 0.0716913417 -0.208250001 -0.125 0.0667499974 -0.203308672 -0.149999991 0.0667499974 -0.203308672 -0.125 0.0667499974 -0.203308672 -0.149999991 0.0667499974 -0.203308672 -0.125 0.0600000061 -0.201499999 -0.149999991 0.0600000061 -0.201499999 -0.125 0.0600000061 -0.201499999 -0.149999991 0.0600000061 -0.201499999 -0.125 0.0532499924 -0.203308672 -0.149999991 0.0532499924 -0.203308672 -0.125 0.0532499924 -0.203308672 -0.149999991 0.0532499924 -0.203308672 -0.125 0.0483086556 -0.208250001 -0.149999991 0.0483086556 -0.208250001 -0.125 0.0483086556 -0.208250001 -0.149999991 0.0483086556 -0.208250001 -0.125 0.0465000086 -0.215000004 -0.149999991 0.0465000086 -0.215000004 -0.125 0.0465000086 -0.215000004 -0.149999991 0.0465000086 -0.215000004 -0.125 0.0483086556 -0.221750006 -0.149999991 0.0483086556 -0.221750006 -0.125 0.0483086556 -0.221750006 -0.149999991 0.0483086556 -0.221750006 -0.125 0.0532499924 -0.22669135 -0.149999991 0.0532499924 -0.22669135 -0.125 0.0532499924 -0.22669135 -0.149999991 0.0532499924 -0.22669135 -0.125 0.0600000061 -0.228500009 -0.149999991 0.0600000061 -0.228500009 -0.125 0.0600000061 -0.228500009 -0.149999991 0.0600000061 -0.228500009 -0.125 0.0667499974 -0.22669135 -0.149999991 0.0667499974 -0.22669135 -0.125 0.0667499974 -0.22669135 -0.149999991 0.0667499974 -0.22669135 -0.125 0.0716913417 -0.221750006 -0.149999991 0.0716913417 -0.221750006 -0.125 0.0716913417 -0.221750006 -0.149999991 0.0716913417 -0.221750006 -0.125 0.0734999999 -0.215000004 -0.149999991 0.0734999999 -0.215000004 -0.125 0.308499992 -0.277999997 -0.149999991 0.308499992 -0.277999997 -0.125 0.306691349 -0.27124998 -0.149999991 0.306691349 -0.27124998 -0.125 0.306691349 -0.27124998 -0.149999991 0.306691349 -0.27124998 -0.125 0.301750004 -0.266308665 -0.149999991 0.301750004 -0.266308665 -0.125 0.301750004 -0.266308665 -0.149999991 0.301750004 -0.266308665 -0.125 0.295000017 -0.264499992 -0.149999991 0.295000017 -0.264499992 -0.125 0.295000017 -0.264499992 -0.149999991 0.295000017 -0.264499992 -0.125 0.288249999 -0.266308665 -0.149999991 0.288249999 -0.266308665 -0.125 0.288249999 -0.266308665 -0.149999991 0.288249999 -0.266308665 -0.125 0.283308655 -0.27124998 -0.149999991 0.283308655 -0.27124998 -0.125 0.283308655 -0.27124998 -0.149999991 0.283308655 -0.27124998 -0.125 0.281499982 -0.277999997 -0.149999991 0.281499982 -0.277999997 -0.125 0.281499982 -0.277999997 -0.149999991 0.281499982 -0.277999997 -0.125 0.283308655 -0.284749985 -0.149999991 0.283308655 -0.284749985 -0.149999991 0.281499982 -0.277999997 -0.125 0.283308655 -0.284749985 -0.125 0.283308655 -0.284749985 -0.149999991 0.283308655 -0.284749985 -0.125 0.288249999 -0.289691329 -0.149999991 0.288249999 -0.289691329 -0.125 0.288249999 -0.289691329 -0.149999991 0.288249999 -0.289691329 -0.125 0.295000017 -0.291500002 -0.149999991 0.295000017 -0.291500002 -0.125 0.295000017 -0.291500002 -0.149999991 0.295000017 -0.291500002 -0.125 0.301750004 -0.289691329 -0.149999991 0.301750004 -0.289691329 -0.125 0.301750004 -0.289691329 -0.149999991 0.301750004 -0.289691329 -0.125 0.306691349 -0.284749985 -0.149999991 0.306691349 -0.284749985 -0.125 0.306691349 -0.284749985 -0.149999991 0.306691349 -0.284749985 -0.125 0.308499992 -0.277999997 -0.149999991 0.308499992 -0.277999997 -0.125 0.37349999 -0.0450000018 -0.149999991 0.37349999 -0.0450000018 -0.125 0.371691346 -0.0382499993 -0.149999991 0.371691346 -0.0382499993 -0.125 0.371691346 -0.0382499993 -0.149999991 0.371691346 -0.0382499993 -0.125 0.366750032 -0.033308655 -0.149999991 0.366750032 -0.033308655 -0.149999991 0.371691346 -0.0382499993 -0.125 0.366750032 -0.033308655 -0.125 0.366750032 -0.033308655 -0.149999991 0.366750032 -0.033308655 -0.125 0.359999985 -0.0314999968 -0.149999991 0.359999985 -0.0314999968 -0.125 0.359999985 -0.0314999968 -0.149999991 0.359999985 -0.0314999968 -0.125 0.353250027 -0.033308655 -0.149999991 0.353250027 -0.033308655 -0.125 0.353250027 -0.033308655 -0.149999991 0.353250027 -0.033308655 -0.125 0.348308653 -0.0382499993 -0.149999991 0.348308653 -0.0382499993 -0.125 0.348308653 -0.0382499993 -0.149999991 0.348308653 -0.0382499993 -0.125 0.346500009 -0.0450000018 -0.149999991 0.346500009 -0.0450000018 -0.149999991 0.348308653 -0.0382499993 -0.125 0.346500009 -0.0450000018 -0.125 0.346500009 -0.0450000018 -0.149999991 0.346500009 -0.0450000018 -0.125 0.348308653 -0.0517500043 -0.149999991 0.348308653 -0.0517500043 -0.149999991 0.346500009 -0.0450000018 -0.125 0.348308653 -0.0517500043 -0.125 0.348308653 -0.0517500043 -0.149999991 0.348308653 -0.0517500043 -0.125 0.353250027 -0.0566913411 -0.149999991 0.353250027 -0.0566913411 -0.125 0.353250027 -0.0566913411 -0.149999991 0.353250027 -0.0566913411 -0.125 0.359999985 -0.0584999993 -0.149999991 0.359999985 -0.0584999993 -0.125 0.359999985 -0.0584999993 -0.149999991 0.359999985 -0.0584999993 -0.125 0.366750032 -0.0566913411 -0.149999991 0.366750032 -0.0566913411 -0.125 0.366750032 -0.0566913411 -0.149999991 0.366750032 -0.0566913411 -0.125 0.371691346 -0.0517500043 -0.149999991 0.371691346 -0.0517500043 -0.149999991 0.366750032 -0.0566913411 -0.125 0.371691346 -0.0517500043 -0.125 0.371691346 -0.0517500043 -0.149999991 0.371691346 -0.0517500043 -0.125 0.37349999 -0.0450000018 -0.149999991 0.37349999 -0.0450000018 -0.125 0.37349999 0.125 -0.149999991 0.37349999 0.125 -0.125 0.371691346 0.131750003 -0.149999991 0.371691346 0.131750003 -0.125 0.371691346 0.131750003 -0.149999991 0.371691346 0.131750003 -0.125 0.366750032 0.136691347 -0.149999991 0.366750032 0.136691347 -0.149999991 0.371691346 0.131750003 -0.125 0.366750032 0.136691347 -0.125 0.366750032 0.136691347 -0.149999991 0.366750032 0.136691347 -0.125 0.359999985 0.138500005 -0.149999991 0.359999985 0.138500005 -0.125 0.359999985 0.138500005 -0.149999991 0.359999985 0.138500005 -0.125 0.353250027 0.136691347 -0.149999991 0.353250027 0.136691347 -0.125 0.353250027 0.136691347 -0.149999991 0.353250027 0.136691347 -0.125 0.348308653 0.131750003 -0.149999991 0.348308653 0.131750003 -0.125 0.348308653 0.131750003 -0.149999991 0.348308653 0.131750003 -0.125 0.346500009 0.125 -0.149999991 0.346500009 0.125 -0.149999991 0.348308653 0.131750003 -0.125 0.346500009 0.125 -0.125 0.346500009 0.125 -0.149999991 0.346500009 0.125 -0.125 0.348308653 0.118249997 -0.149999991 0.348308653 0.118249997 -0.149999991 0.346500009 0.125 -0.125 0.348308653 0.118249997 -0.125 0.348308653 0.118249997 -0.149999991 0.348308653 0.118249997 -0.125 0.353250027 0.113308653 -0.149999991 0.353250027 0.113308653 -0.125 0.353250027 0.113308653 -0.149999991 0.353250027 0.113308653 -0.125 0.359999985 0.111499995 -0.149999991 0.359999985 0.111499995 -0.125 0.359999985 0.111499995 -0.149999991 0.359999985 0.111499995 -0.125 0.366750032 0.113308653 -0.149999991 0.366750032 0.113308653 -0.125 0.366750032 0.113308653 -0.149999991 0.366750032 0.113308653 -0.125 0.371691346 0.118249997 -0.149999991 0.371691346 0.118249997 -0.149999991 0.366750032 0.113308653 -0.125 0.371691346 0.118249997 -0.125 0.371691346 0.118249997 -0.149999991 0.371691346 0.118249997 -0.125 0.37349999 0.125 -0.149999991 0.37349999 0.125 -0.125 0.138500005 -0.277999997 -0.149999991 0.138500005 -0.277999997 -0.125 0.136691347 -0.27124998 -0.149999991 0.136691347 -0.27124998 -0.125 0.136691347 -0.27124998 -0.149999991 0.136691347 -0.27124998 -0.125 0.131749988 -0.266308665 -0.149999991 0.131749988 -0.266308665 -0.125 0.131749988 -0.266308665 -0.149999991 0.131749988 -0.266308665 -0.125 0.124999993 -0.264499992 -0.149999991 0.124999993 -0.264499992 -0.125 0.124999993 -0.264499992 -0.149999991 0.124999993 -0.264499992 -0.125 0.118249997 -0.266308665 -0.149999991 0.118249997 -0.266308665 -0.125 0.118249997 -0.266308665 -0.149999991 0.118249997 -0.266308665 -0.125 0.113308653 -0.27124998 -0.149999991 0.113308653 -0.27124998 -0.125 0.113308653 -0.27124998 -0.149999991 0.113308653 -0.27124998 -0.125 0.111499995 -0.277999997 -0.149999991 0.111499995 -0.277999997 -0.125 0.111499995 -0.277999997 -0.149999991 0.111499995 -0.277999997 -0.125 0.113308653 -0.284749985 -0.149999991 0.113308653 -0.284749985 -0.125 0.113308653 -0.284749985 -0.149999991 0.113308653 -0.284749985 -0.125 0.118249997 -0.289691329 -0.149999991 0.118249997 -0.289691329 -0.125 0.118249997 -0.289691329 -0.149999991 0.118249997 -0.289691329 -0.125 0.124999993 -0.291500002 -0.149999991 0.124999993 -0.291500002 -0.125 0.124999993 -0.291500002 -0.149999991 0.124999993 -0.291500002 -0.125 0.131749988 -0.289691329 -0.149999991 0.131749988 -0.289691329 -0.125 0.131749988 -0.289691329 -0.149999991 0.131749988 -0.289691329 -0.125 0.136691347 -0.284749985 -0.149999991 0.136691347 -0.284749985 -0.125 0.136691347 -0.284749985 -0.149999991 0.136691347 -0.284749985 -0.125 0.138500005 -0.277999997 -0.149999991 0.138500005 -0.277999997 -0.125 0.0734999999 -0.0450000018 -0.149999991 0.0734999999 -0.0450000018 -0.125 0.0716913417 -0.0382499993 -0.149999991 0.0716913417 -0.0382499993 -0.125 0.0716913417 -0.0382499993 -0.149999991 0.0716913417 -0.0382499993 -0.125 0.0667499974 -0.033308655 -0.149999991 0.0667499974 -0.033308655 -0.125 0.0667499974 -0.033308655 -0.149999991 0.0667499974 -0.033308655 -0.125 0.0600000061 -0.0314999968 -0.149999991 0.0600000061 -0.0314999968 -0.125 0.0600000061 -0.0314999968 -0.149999991 0.0600000061 -0.0314999968 -0.125 0.0532499924 -0.033308655 -0.149999991 0.0532499924 -0.033308655 -0.125 0.0532499924 -0.033308655 -0.149999991 0.0532499924 -0.033308655 -0.125 0.0483086556 -0.0382499993 -0.149999991 0.0483086556 -0.0382499993 -0.125 0.0483086556 -0.0382499993 -0.149999991 0.0483086556 -0.0382499993 -0.125 0.0465000086 -0.0450000018 -0.149999991 0.0465000086 -0.0450000018 -0.125 0.0465000086 -0.0450000018 -0.149999991 0.0465000086 -0.0450000018 -0.125 0.0483086556 -0.0517500043 -0.149999991 0.0483086556 -0.0517500043 -0.125 0.0483086556 -0.0517500043 -0.149999991 0.0483086556 -0.0517500043 -0.125 0.0532499924 -0.0566913411 -0.149999991 0.0532499924 -0.0566913411 -0.125 0.0532499924 -0.0566913411 -0.149999991 0.0532499924 -0.0566913411 -0.125 0.0600000061 -0.0584999993 -0.149999991 0.0600000061 -0.0584999993 -0.125 0.0600000061 -0.0584999993 -0.149999991 0.0600000061 -0.0584999993 -0.125 0.0667499974 -0.0566913411 -0.149999991 0.0667499974 -0.0566913411 -0.125 0.0667499974 -0.0566913411 -0.149999991 0.0667499974 -0.0566913411 -0.125 0.0716913417 -0.0517500043 -0.149999991 0.0716913417 -0.0517500043 -0.125 0.0716913417 -0.0517500043 -0.149999991 0.0716913417 -0.0517500043 -0.125 0.0734999999 -0.0450000018 -0.149999991 0.0734999999 -0.0450000018 -0.125 0.0734999999 0.125 -0.149999991 0.0734999999 0.125 -0.125 0.0716913417 0.131750003 -0.149999991 0.0716913417 0.131750003 -0.125 0.0716913417 0.131750003 -0.149999991 0.0716913417 0.131750003 -0.125 0.0667499974 0.136691347 -0.149999991 0.0667499974 0.136691347 -0.125 0.0667499974 0.136691347 -0.149999991 0.0667499974 0.136691347 -0.125 0.0600000061 0.138500005 -0.149999991 0.0600000061 0.138500005 -0.125 0.0600000061 0.138500005 -0.149999991 0.0600000061 0.138500005 -0.125 0.0532499924 0.136691347 -0.149999991 0.0532499924 0.136691347 -0.125 0.0532499924 0.136691347 -0.149999991 0.0532499924 0.136691347 -0.125 0.0483086556 0.131750003 -0.149999991 0.0483086556 0.131750003 -0.125 0.0483086556 0.131750003 -0.149999991 0.0483086556 0.131750003 -0.125 0.0465000086 0.125 -0.149999991 0.0465000086 0.125 -0.125 0.0465000086 0.125 -0.149999991 0.0465000086 0.125 -0.125 0.0483086556 0.118249997 -0.149999991 0.0483086556 0.118249997 -0.125 0.0483086556 0.118249997 -0.149999991 0.0483086556 0.118249997 -0.125 0.0532499924 0.113308653 -0.149999991 0.0532499924 0.113308653 -0.125 0.0532499924 0.113308653 -0.149999991 0.0532499924 0.113308653 -0.125 0.0600000061 0.111499995 -0.149999991 0.0600000061 0.111499995 -0.125 0.0600000061 0.111499995 -0.149999991 0.0600000061 0.111499995 -0.125 0.0667499974 0.113308653 -0.149999991 0.0667499974 0.113308653 -0.125 0.0667499974 0.113308653 -0.149999991 0.0667499974 0.113308653 -0.125 0.0716913417 0.118249997 -0.149999991 0.0716913417 0.118249997 -0.125 0.0716913417 0.118249997 -0.149999991 0.0716913417 0.118249997 -0.125 0.0734999999 0.125 -0.149999991 0.0734999999 0.125 -0.125 0.201999992 0.0661435872 -0.170499995 0.196143597 0.0719999969 -0.170499995 0.209999993 0.0800000057 -0.170499995 0.194000006 0.0800000057 -0.170499995 0.196143597 0.0879999995 -0.170499995 0.223856404 0.0719999969 -0.170499995 0.217999995 0.0661435872 -0.170499995 0.209999993 0.0639999956 -0.170499995 0.217999995 0.0938564092 -0.170499995 0.223856404 0.0879999995 -0.170499995 0.226000011 0.0800000057 -0.170499995 0.201999992 0.0938564092 -0.170499995 0.209999993 0.0959999934 -0.170499995 0.194000006 0.0800000057 -0.170499995 0.194000006 0.0800000057 -0.192499995 0.196143597 0.0879999995 -0.170499995 0.196143597 0.0879999995 -0.192499995 0.196143597 0.0879999995 -0.170499995 0.196143597 0.0879999995 -0.192499995 0.201999992 0.0938564092 -0.170499995 0.201999992 0.0938564092 -0.192499995 0.201999992 0.0938564092 -0.170499995 0.201999992 0.0938564092 -0.192499995 0.209999993 0.0959999934 -0.170499995 0.209999993 0.0959999934 -0.192499995 0.209999993 0.0959999934 -0.170499995 0.209999993 0.0959999934 -0.192499995 0.217999995 0.0938564092 -0.170499995 0.217999995 0.0938564092 -0.192499995 0.217999995 0.0938564092 -0.170499995 0.217999995 0.0938564092 -0.192499995 0.223856404 0.0879999995 -0.170499995 0.223856404 0.0879999995 -0.192499995 0.223856404 0.0879999995 -0.170499995 0.223856404 0.0879999995 -0.192499995 0.226000011 0.0800000057 -0.170499995 0.226000011 0.0800000057 -0.192499995 0.226000011 0.0800000057 -0.170499995 0.226000011 0.0800000057 -0.192499995 0.223856404 0.0719999969 -0.170499995 0.223856404 0.0719999969 -0.192499995 0.223856404 0.0719999969 -0.170499995 0.223856404 0.0719999969 -0.192499995 0.217999995 0.0661435872 -0.170499995 0.217999995 0.0661435872 -0.192499995 0.217999995 0.0661435872 -0.170499995 0.217999995 0.0661435872 -0.192499995 0.209999993 0.0639999956 -0.170499995 0.209999993 0.0639999956 -0.192499995 0.209999993 0.0639999956 -0.170499995 0.209999993 0.0639999956 -0.192499995 0.201999992 0.0661435872 -0.170499995 0.201999992 0.0661435872 -0.192499995 0.201999992 0.0661435872 -0.170499995 0.201999992 0.0661435872 -0.192499995 0.196143597 0.0719999969 -0.170499995 0.196143597 0.0719999969 -0.192499995 0.196143597 0.0719999969 -0.170499995 0.196143597 0.0719999969 -0.192499995 0.194000006 0.0800000057 -0.170499995 0.194000006 0.0800000057 -0.192499995 0.0885788351 -0.0450000018 -0.104999997 0.0879999995 -0.0460025817 -0.104999997 0.0879999995 -0.0439974256 -0.104999997 0.0885788351 -0.0450000018 0.104999997 0.0879999995 -0.0439974256 0.104999997 0.0879999995 -0.0460025817 0.104999997 0.0885788351 0.125 -0.104999997 0.0879999995 0.12399742 -0.104999997 0.0879999995 0.12600258 -0.104999997 0.0885788351 0.125 0.104999997 0.0879999995 0.12600258 0.104999997 0.0879999995 0.12399742 0.104999997 0.331421167 -0.0450000018 -0.104999997 0.331999987 -0.0439974256 -0.104999997 0.331999987 -0.0460025817 -0.104999997 0.331421167 -0.0450000018 0.104999997 0.331999987 -0.0460025817 0.104999997 0.331999987 -0.0439974256 0.104999997 0.331999987 0.12399742 -0.104999997 0.331421167 0.125 -0.104999997 0.331999987 0.125334203 -0.104999997 0.331999987 0.12600258 -0.104999997 0.331999987 0.12600258 0.104999997 0.331421167 0.125 0.104999997 0.331999987 0.125334203 0.104999997 0.331999987 0.12399742 0.104999997 0.295000017 -0.249421164 0.104999997 0.293997437 -0.25 0.104999997 0.296002567 -0.25 0.104999997 0.295000017 -0.249421164 -0.104999997 0.296002567 -0.25 -0.104999997 0.293997437 -0.25 -0.104999997 0.124999993 -0.249421164 0.104999997 0.12399742 -0.25 0.104999997 0.126002565 -0.25 0.104999997 0.124999993 -0.249421164 -0.104999997 0.126002565 -0.25 -0.104999997 0.12399742 -0.25 -0.104999997 0.153441444 0.130067617 -0.17749989 0.153500006 0.129999995 -0.17750001 0.107999995 0.129999995 -0.17750001 0.107999995 0.147320509 -0.167500004 0.139363721 0.147310942 -0.167516544 0.107999995 0.144142136 -0.17164214 0.107999995 0.144142136 -0.17164214 0.139363721 0.147310942 -0.167516544 0.139438048 0.147190869 -0.167721272 0.107999995 0.144142136 -0.17164214 0.139438048 0.147190869 -0.167721272 0.107999995 0.140000001 -0.174820513 0.107999995 0.140000001 -0.174820513 0.139438048 0.147190869 -0.167721272 0.140947416 0.145014986 -0.170711741 0.140947416 0.145014986 -0.170711741 0.143861696 0.141311973 -0.173993617 0.107999995 0.140000001 -0.174820513 0.107999995 0.140000001 -0.174820513 0.143861696 0.141311973 -0.173993617 0.144939139 0.140005857 -0.17481713 0.107999995 0.140000001 -0.174820513 0.144939139 0.140005857 -0.17481713 0.107999995 0.137653664 -0.175977588 0.107999995 0.137653664 -0.175977588 0.144939139 0.140005857 -0.17481713 0.149086446 0.135110721 -0.176835984 0.107999995 0.137653664 -0.175977588 0.149086446 0.135110721 -0.176835984 0.107999995 0.129999995 -0.17750001 0.107999995 0.129999995 -0.17750001 0.149086446 0.135110721 -0.176835984 0.151465654 0.132350415 -0.177361399 0.107999995 0.129999995 -0.17750001 0.151465654 0.132350415 -0.177361399 0.153441444 0.130067617 -0.17749989 0.107999995 0.150000006 -0.157499999 0.138500005 0.150000006 -0.157499999 0.107999995 0.148477584 -0.165153667 0.107999995 0.148477584 -0.165153667 0.138500005 0.150000006 -0.157499999 0.138500005 0.149364918 -0.162499994 0.107999995 0.148477584 -0.165153667 0.138500005 0.149364918 -0.162499994 0.107999995 0.147320509 -0.167500004 0.107999995 0.147320509 -0.167500004 0.138500005 0.149364918 -0.162499994 0.139191091 0.147599399 -0.167000592 0.107999995 0.147320509 -0.167500004 0.139191091 0.147599399 -0.167000592 0.139363721 0.147310942 -0.167516544 0.107999995 0.150000006 -0.157499999 0.100346327 0.148477584 -0.157499999 0.107999995 0.150000006 -0.149999991 0.107999995 0.150000006 -0.149999991 0.100346327 0.148477584 -0.157499999 0.0980000049 0.147320509 -0.149999991 0.100346327 0.148477584 -0.157499999 0.0980000049 0.147320509 -0.157499999 0.0980000049 0.147320509 -0.149999991 0.0980000049 0.147320509 -0.149999991 0.0980000049 0.147320509 -0.157499999 0.0938578621 0.144142136 -0.157499999 0.0980000049 0.147320509 -0.149999991 0.0938578621 0.144142136 -0.157499999 0.0906794891 0.140000001 -0.149999991 0.0879999995 0.129999995 -0.157499999 0.0879999995 0.129999995 -0.149999991 0.0895224065 0.137653664 -0.157499999 0.0895224065 0.137653664 -0.157499999 0.0879999995 0.129999995 -0.149999991 0.0906794891 0.140000001 -0.149999991 0.0895224065 0.137653664 -0.157499999 0.0906794891 0.140000001 -0.149999991 0.0906794891 0.140000001 -0.157499999 0.0906794891 0.140000001 -0.157499999 0.0906794891 0.140000001 -0.149999991 0.0938578621 0.144142136 -0.157499999 0.105071068 0.137071073 -0.175977588 0.107999995 0.137653664 -0.175977588 0.107999995 0.129999995 -0.17750001 0.100346327 0.129999995 -0.175977588 0.100928925 0.132928938 -0.175977588 0.107999995 0.129999995 -0.17750001 0.107999995 0.137653664 -0.175977588 0.105071068 0.137071073 -0.175977588 0.107999995 0.140000001 -0.174820513 0.100928925 0.147071064 -0.165153667 0.100346327 0.148477584 -0.157499999 0.107999995 0.150000006 -0.157499999 0.100346327 0.148477584 -0.157499999 0.100928925 0.147071064 -0.165153667 0.0980000049 0.147320509 -0.157499999 0.0906794891 0.140000001 -0.157499999 0.0938578621 0.144142136 -0.157499999 0.0949343666 0.143065631 -0.165153667 0.0879999995 0.129999995 -0.157499999 0.0895224065 0.137653664 -0.157499999 0.0895224065 0.129999995 -0.165153667 0.0909289271 0.137071073 -0.165153667 0.0895224065 0.129999995 -0.165153667 0.0909289271 0.137071073 -0.165153667 0.0906794891 0.129999995 -0.167500004 0.0906794891 0.129999995 -0.167500004 0.0909289271 0.137071073 -0.165153667 0.0949343666 0.135411963 -0.17164214 0.0906794891 0.129999995 -0.167500004 0.0949343666 0.135411963 -0.17164214 0.0938578621 0.129999995 -0.17164214 0.0938578621 0.144142136 -0.157499999 0.0980000049 0.147320509 -0.157499999 0.0949343666 0.143065631 -0.165153667 0.0949343666 0.143065631 -0.165153667 0.0980000049 0.147320509 -0.157499999 0.100928925 0.147071064 -0.165153667 0.0949343666 0.143065631 -0.165153667 0.100928925 0.147071064 -0.165153667 0.0980000049 0.140000001 -0.17164214 0.102588043 0.143065631 -0.17164214 0.0980000049 0.140000001 -0.17164214 0.102588043 0.143065631 -0.17164214 0.102588043 0.135411963 -0.175977588 0.107999995 0.144142136 -0.17164214 0.102588043 0.143065631 -0.17164214 0.107999995 0.147320509 -0.167500004 0.107999995 0.147320509 -0.167500004 0.102588043 0.143065631 -0.17164214 0.100928925 0.147071064 -0.165153667 0.107999995 0.147320509 -0.167500004 0.100928925 0.147071064 -0.165153667 0.107999995 0.148477584 -0.165153667 0.107999995 0.148477584 -0.165153667 0.100928925 0.132928938 -0.175977588 0.100346327 0.129999995 -0.175977588 0.0949343666 0.135411963 -0.17164214 0.0949343666 0.135411963 -0.17164214 0.100346327 0.129999995 -0.175977588 0.0980000049 0.129999995 -0.174820513 0.0949343666 0.135411963 -0.17164214 0.0980000049 0.129999995 -0.174820513 0.0938578621 0.129999995 -0.17164214 0.0895224065 0.137653664 -0.157499999 0.0906794891 0.140000001 -0.157499999 0.0909289271 0.137071073 -0.165153667 0.0909289271 0.137071073 -0.165153667 0.0906794891 0.140000001 -0.157499999 0.0949343666 0.143065631 -0.165153667 0.0909289271 0.137071073 -0.165153667 0.0949343666 0.143065631 -0.165153667 0.0949343666 0.135411963 -0.17164214 0.0980000049 0.140000001 -0.17164214 0.0949343666 0.135411963 -0.17164214 0.0980000049 0.140000001 -0.17164214 0.100928925 0.132928938 -0.175977588 0.102588043 0.135411963 -0.175977588 0.100928925 0.132928938 -0.175977588 0.102588043 0.135411963 -0.175977588 0.107999995 0.129999995 -0.17750001 0.107999995 0.144142136 -0.17164214 0.107999995 0.140000001 -0.174820513 0.102588043 0.143065631 -0.17164214 0.102588043 0.143065631 -0.17164214 0.107999995 0.140000001 -0.174820513 0.105071068 0.137071073 -0.175977588 0.105071068 0.137071073 -0.175977588 0.102588043 0.135411963 -0.175977588 0.105071068 0.137071073 -0.175977588 0.107999995 0.129999995 -0.17750001 0.107999995 0.129999995 -0.17750001 0.107999995 -0.180000007 -0.17750001 0.100346327 0.129999995 -0.175977588 0.100346327 -0.180000007 -0.175977588 0.100346327 0.129999995 -0.175977588 0.100346327 -0.180000007 -0.175977588 0.0980000049 0.129999995 -0.174820513 0.0980000049 -0.180000007 -0.174820513 0.0980000049 0.129999995 -0.174820513 0.0980000049 -0.180000007 -0.174820513 0.0938578621 0.129999995 -0.17164214 0.0938578621 -0.180000007 -0.17164214 0.0938578621 0.129999995 -0.17164214 0.0938578621 -0.180000007 -0.17164214 0.0906794891 0.129999995 -0.167500004 0.0906794891 -0.180000007 -0.167500004 0.0906794891 0.129999995 -0.167500004 0.0906794891 -0.180000007 -0.167500004 0.0895224065 0.129999995 -0.165153667 0.0895224065 -0.180000007 -0.165153667 0.0895224065 0.129999995 -0.165153667 0.0895224065 -0.180000007 -0.165153667 0.0879999995 0.129999995 -0.157499999 0.0879999995 -0.180000007 -0.157499999 0.0879999995 -0.180000007 -0.157499999 0.0895224065 -0.187653676 -0.157499999 0.0879999995 -0.180000007 -0.149999991 0.0879999995 -0.180000007 -0.149999991 0.0895224065 -0.187653676 -0.157499999 0.0906794891 -0.190000013 -0.149999991 0.0895224065 -0.187653676 -0.157499999 0.0906794891 -0.190000013 -0.157499999 0.0906794891 -0.190000013 -0.149999991 0.0906794891 -0.190000013 -0.149999991 0.0906794891 -0.190000013 -0.157499999 0.0938578621 -0.194142148 -0.157499999 0.0906794891 -0.190000013 -0.149999991 0.0938578621 -0.194142148 -0.157499999 0.0980000049 -0.197320506 -0.149999991 0.107999995 -0.200000018 -0.157499999 0.107999995 -0.200000018 -0.149999991 0.100346327 -0.198477596 -0.157499999 0.100346327 -0.198477596 -0.157499999 0.107999995 -0.200000018 -0.149999991 0.0980000049 -0.197320506 -0.149999991 0.100346327 -0.198477596 -0.157499999 0.0980000049 -0.197320506 -0.149999991 0.0980000049 -0.197320506 -0.157499999 0.0980000049 -0.197320506 -0.157499999 0.0980000049 -0.197320506 -0.149999991 0.0938578621 -0.194142148 -0.157499999 0.100928925 -0.18292895 -0.175977588 0.100346327 -0.180000007 -0.175977588 0.107999995 -0.180000007 -0.17750001 0.107999995 -0.187653676 -0.175977588 0.105071068 -0.187071085 -0.175977588 0.107999995 -0.180000007 -0.17750001 0.100346327 -0.180000007 -0.175977588 0.100928925 -0.18292895 -0.175977588 0.0980000049 -0.180000007 -0.174820513 0.0909289271 -0.187071085 -0.165153667 0.0895224065 -0.187653676 -0.157499999 0.0879999995 -0.180000007 -0.157499999 0.0895224065 -0.187653676 -0.157499999 0.0909289271 -0.187071085 -0.165153667 0.0906794891 -0.190000013 -0.157499999 0.0980000049 -0.197320506 -0.157499999 0.0938578621 -0.194142148 -0.157499999 0.0949343666 -0.193065628 -0.165153667 0.107999995 -0.200000018 -0.157499999 0.100346327 -0.198477596 -0.157499999 0.107999995 -0.198477596 -0.165153667 0.100928925 -0.197071075 -0.165153667 0.107999995 -0.198477596 -0.165153667 0.100928925 -0.197071075 -0.165153667 0.107999995 -0.197320506 -0.167500004 0.107999995 -0.197320506 -0.167500004 0.100928925 -0.197071075 -0.165153667 0.102588043 -0.193065628 -0.17164214 0.107999995 -0.197320506 -0.167500004 0.102588043 -0.193065628 -0.17164214 0.107999995 -0.194142148 -0.17164214 0.0938578621 -0.194142148 -0.157499999 0.0906794891 -0.190000013 -0.157499999 0.0949343666 -0.193065628 -0.165153667 0.0949343666 -0.193065628 -0.165153667 0.0906794891 -0.190000013 -0.157499999 0.0909289271 -0.187071085 -0.165153667 0.0949343666 -0.193065628 -0.165153667 0.0909289271 -0.187071085 -0.165153667 0.0980000049 -0.190000013 -0.17164214 0.0949343666 -0.18541196 -0.17164214 0.0980000049 -0.190000013 -0.17164214 0.0949343666 -0.18541196 -0.17164214 0.102588043 -0.18541196 -0.175977588 0.0938578621 -0.180000007 -0.17164214 0.0949343666 -0.18541196 -0.17164214 0.0906794891 -0.180000007 -0.167500004 0.0906794891 -0.180000007 -0.167500004 0.0949343666 -0.18541196 -0.17164214 0.0909289271 -0.187071085 -0.165153667 0.0906794891 -0.180000007 -0.167500004 0.0909289271 -0.187071085 -0.165153667 0.0895224065 -0.180000007 -0.165153667 0.0895224065 -0.180000007 -0.165153667 0.105071068 -0.187071085 -0.175977588 0.107999995 -0.187653676 -0.175977588 0.102588043 -0.193065628 -0.17164214 0.102588043 -0.193065628 -0.17164214 0.107999995 -0.187653676 -0.175977588 0.107999995 -0.190000013 -0.174820513 0.102588043 -0.193065628 -0.17164214 0.107999995 -0.190000013 -0.174820513 0.107999995 -0.194142148 -0.17164214 0.100346327 -0.198477596 -0.157499999 0.0980000049 -0.197320506 -0.157499999 0.100928925 -0.197071075 -0.165153667 0.100928925 -0.197071075 -0.165153667 0.0980000049 -0.197320506 -0.157499999 0.0949343666 -0.193065628 -0.165153667 0.100928925 -0.197071075 -0.165153667 0.0949343666 -0.193065628 -0.165153667 0.102588043 -0.193065628 -0.17164214 0.0980000049 -0.190000013 -0.17164214 0.102588043 -0.193065628 -0.17164214 0.0980000049 -0.190000013 -0.17164214 0.105071068 -0.187071085 -0.175977588 0.102588043 -0.18541196 -0.175977588 0.105071068 -0.187071085 -0.175977588 0.102588043 -0.18541196 -0.175977588 0.107999995 -0.180000007 -0.17750001 0.0938578621 -0.180000007 -0.17164214 0.0980000049 -0.180000007 -0.174820513 0.0949343666 -0.18541196 -0.17164214 0.0949343666 -0.18541196 -0.17164214 0.0980000049 -0.180000007 -0.174820513 0.100928925 -0.18292895 -0.175977588 0.100928925 -0.18292895 -0.175977588 0.102588043 -0.18541196 -0.175977588 0.100928925 -0.18292895 -0.175977588 0.107999995 -0.180000007 -0.17750001 0.107999995 -0.180000007 -0.17750001 0.118499994 -0.180000007 -0.17750001 0.107999995 -0.187653676 -0.175977588 0.118499994 -0.187653676 -0.175977588 0.107999995 -0.187653676 -0.175977588 0.118499994 -0.187653676 -0.175977588 0.107999995 -0.190000013 -0.174820513 0.118499994 -0.190000013 -0.174820513 0.107999995 -0.190000013 -0.174820513 0.118499994 -0.190000013 -0.174820513 0.107999995 -0.194142148 -0.17164214 0.118499994 -0.194142148 -0.17164214 0.107999995 -0.194142148 -0.17164214 0.118499994 -0.194142148 -0.17164214 0.107999995 -0.197320506 -0.167500004 0.118499994 -0.197320506 -0.167500004 0.107999995 -0.197320506 -0.167500004 0.118499994 -0.197320506 -0.167500004 0.107999995 -0.198477596 -0.165153667 0.107999995 -0.198477596 -0.165153667 0.118499994 -0.197320506 -0.167500004 0.118499994 -0.198477596 -0.165153667 0.107999995 -0.198477596 -0.165153667 0.118499994 -0.198477596 -0.165153667 0.107999995 -0.200000018 -0.157499999 0.118499994 -0.200000018 -0.157499999 0.1285 -0.2026795 -0.149999991 0.118499994 -0.200000018 -0.149999991 0.118499994 -0.200000018 -0.157499999 0.118499994 -0.200000018 -0.157499999 0.123676375 -0.200681478 -0.157499999 0.1285 -0.2026795 -0.149999991 0.1285 -0.2026795 -0.149999991 0.123676375 -0.200681478 -0.157499999 0.1285 -0.2026795 -0.157499999 0.1285 -0.2026795 -0.149999991 0.1285 -0.2026795 -0.157499999 0.135820508 -0.209999993 -0.149999991 0.135820508 -0.209999993 -0.149999991 0.1285 -0.2026795 -0.157499999 0.132642135 -0.205857873 -0.157499999 0.138500005 -0.219999999 -0.157499999 0.138500005 -0.219999999 -0.149999991 0.137818515 -0.214823633 -0.157499999 0.137818515 -0.214823633 -0.157499999 0.138500005 -0.219999999 -0.149999991 0.135820508 -0.209999993 -0.149999991 0.137818515 -0.214823633 -0.157499999 0.135820508 -0.209999993 -0.149999991 0.135820508 -0.209999993 -0.157499999 0.135820508 -0.209999993 -0.157499999 0.135820508 -0.209999993 -0.149999991 0.132642135 -0.205857873 -0.157499999 0.141179487 -0.219999999 -0.167500004 0.140022412 -0.219999999 -0.165153667 0.139289051 -0.214429587 -0.165153667 0.118499994 -0.197320506 -0.167500004 0.118499994 -0.194142148 -0.17164214 0.125192508 -0.195023239 -0.17164214 0.126871839 -0.18875584 -0.175977588 0.128852755 -0.181362957 -0.17750001 0.138500005 -0.185358986 -0.17750001 0.134673163 -0.191987276 -0.175977588 0.134673163 -0.191987276 -0.175977588 0.138500005 -0.185358986 -0.17750001 0.146784276 -0.191715732 -0.17750001 0.141372308 -0.1971277 -0.175977588 0.141372308 -0.1971277 -0.175977588 0.146784276 -0.191715732 -0.17750001 0.153141007 -0.200000018 -0.17750001 0.146512747 -0.203826845 -0.175977588 0.146512747 -0.203826845 -0.175977588 0.153141007 -0.200000018 -0.17750001 0.157137036 -0.209647253 -0.17750001 0.149744153 -0.211628154 -0.175977588 0.118499994 -0.180000007 -0.17750001 0.128852755 -0.181362957 -0.17750001 0.118499994 -0.187653676 -0.175977588 0.126871839 -0.18875584 -0.175977588 0.118499994 -0.187653676 -0.175977588 0.126871839 -0.18875584 -0.175977588 0.118499994 -0.190000013 -0.174820513 0.118499994 -0.190000013 -0.174820513 0.126871839 -0.18875584 -0.175977588 0.118499994 -0.194142148 -0.17164214 0.157137036 -0.209647253 -0.17750001 0.158500001 -0.219999999 -0.17750001 0.149744153 -0.211628154 -0.175977588 0.150846332 -0.219999999 -0.175977588 0.149744153 -0.211628154 -0.175977588 0.150846332 -0.219999999 -0.175977588 0.148499995 -0.219999999 -0.174820513 0.118499994 -0.194142148 -0.17164214 0.126871839 -0.18875584 -0.175977588 0.125192508 -0.195023239 -0.17164214 0.125192508 -0.195023239 -0.17164214 0.126871839 -0.18875584 -0.175977588 0.134673163 -0.191987276 -0.175977588 0.131428927 -0.197606444 -0.17164214 0.131428927 -0.197606444 -0.17164214 0.134673163 -0.191987276 -0.175977588 0.141372308 -0.1971277 -0.175977588 0.13678427 -0.201715738 -0.17164214 0.13678427 -0.201715738 -0.17164214 0.141372308 -0.1971277 -0.175977588 0.146512747 -0.203826845 -0.175977588 0.140893579 -0.207071081 -0.17164214 0.140893579 -0.207071081 -0.17164214 0.146512747 -0.203826845 -0.175977588 0.149744153 -0.211628154 -0.175977588 0.143476784 -0.2133075 -0.17164214 0.143476784 -0.2133075 -0.17164214 0.149744153 -0.211628154 -0.175977588 0.148499995 -0.219999999 -0.174820513 0.143476784 -0.2133075 -0.17164214 0.148499995 -0.219999999 -0.174820513 0.14435786 -0.219999999 -0.17164214 0.118499994 -0.200000018 -0.157499999 0.118499994 -0.198477596 -0.165153667 0.124070406 -0.199210957 -0.165153667 0.124070406 -0.199210957 -0.165153667 0.118499994 -0.198477596 -0.165153667 0.118499994 -0.197320506 -0.167500004 0.118499994 -0.197320506 -0.167500004 0.125192508 -0.195023239 -0.17164214 0.124070406 -0.199210957 -0.165153667 0.124070406 -0.199210957 -0.165153667 0.125192508 -0.195023239 -0.17164214 0.131428927 -0.197606444 -0.17164214 0.129261196 -0.201361045 -0.165153667 0.129261196 -0.201361045 -0.165153667 0.131428927 -0.197606444 -0.17164214 0.13678427 -0.201715738 -0.17164214 0.13371864 -0.204781368 -0.165153667 0.13371864 -0.204781368 -0.165153667 0.13678427 -0.201715738 -0.17164214 0.140893579 -0.207071081 -0.17164214 0.137138948 -0.209238812 -0.165153667 0.137138948 -0.209238812 -0.165153667 0.140893579 -0.207071081 -0.17164214 0.143476784 -0.2133075 -0.17164214 0.139289051 -0.214429587 -0.165153667 0.139289051 -0.214429587 -0.165153667 0.143476784 -0.2133075 -0.17164214 0.14435786 -0.219999999 -0.17164214 0.139289051 -0.214429587 -0.165153667 0.14435786 -0.219999999 -0.17164214 0.141179487 -0.219999999 -0.167500004 0.123676375 -0.200681478 -0.157499999 0.123676375 -0.200681478 -0.157499999 0.124070406 -0.199210957 -0.165153667 0.129261196 -0.201361045 -0.165153667 0.1285 -0.2026795 -0.157499999 0.1285 -0.2026795 -0.157499999 0.129261196 -0.201361045 -0.165153667 0.13371864 -0.204781368 -0.165153667 0.132642135 -0.205857873 -0.157499999 0.132642135 -0.205857873 -0.157499999 0.13371864 -0.204781368 -0.165153667 0.137138948 -0.209238812 -0.165153667 0.135820508 -0.209999993 -0.157499999 0.135820508 -0.209999993 -0.157499999 0.137138948 -0.209238812 -0.165153667 0.139289051 -0.214429587 -0.165153667 0.137818515 -0.214823633 -0.157499999 0.137818515 -0.214823633 -0.157499999 0.139289051 -0.214429587 -0.165153667 0.140022412 -0.219999999 -0.165153667 0.138500005 -0.219999999 -0.157499999 0.158500001 -0.219999999 -0.17750001 0.158500001 -0.230000004 -0.17750001 0.150846332 -0.219999999 -0.175977588 0.150846332 -0.230000004 -0.175977588 0.150846332 -0.219999999 -0.175977588 0.150846332 -0.230000004 -0.175977588 0.148499995 -0.219999999 -0.174820513 0.148499995 -0.230000004 -0.174820513 0.148499995 -0.219999999 -0.174820513 0.148499995 -0.230000004 -0.174820513 0.14435786 -0.219999999 -0.17164214 0.14435786 -0.230000004 -0.17164214 0.14435786 -0.219999999 -0.17164214 0.14435786 -0.230000004 -0.17164214 0.141179487 -0.219999999 -0.167500004 0.141179487 -0.230000004 -0.167500004 0.141179487 -0.219999999 -0.167500004 0.141179487 -0.230000004 -0.167500004 0.140022412 -0.219999999 -0.165153667 0.140022412 -0.230000004 -0.165153667 0.140022412 -0.219999999 -0.165153667 0.140022412 -0.230000004 -0.165153667 0.138500005 -0.219999999 -0.157499999 0.138500005 -0.230000004 -0.157499999 0.158500001 -0.25 -0.157499999 0.158500001 -0.25 -0.149999991 0.150846332 -0.248477593 -0.157499999 0.150846332 -0.248477593 -0.157499999 0.158500001 -0.25 -0.149999991 0.148499995 -0.247320518 -0.149999991 0.150846332 -0.248477593 -0.157499999 0.148499995 -0.247320518 -0.149999991 0.148499995 -0.247320518 -0.157499999 0.148499995 -0.247320518 -0.157499999 0.148499995 -0.247320518 -0.149999991 0.14435786 -0.24414213 -0.157499999 0.14435786 -0.24414213 -0.157499999 0.148499995 -0.247320518 -0.149999991 0.141179487 -0.240000024 -0.157499999 0.141179487 -0.240000024 -0.157499999 0.148499995 -0.247320518 -0.149999991 0.141179487 -0.240000024 -0.149999991 0.141179487 -0.240000024 -0.157499999 0.141179487 -0.240000024 -0.149999991 0.140022412 -0.237653688 -0.157499999 0.140022412 -0.237653688 -0.157499999 0.141179487 -0.240000024 -0.149999991 0.138500005 -0.230000004 -0.149999991 0.140022412 -0.237653688 -0.157499999 0.138500005 -0.230000004 -0.149999991 0.138500005 -0.230000004 -0.157499999 0.151428938 -0.232928932 -0.175977588 0.150846332 -0.230000004 -0.175977588 0.158500001 -0.230000004 -0.17750001 0.158500001 -0.237653688 -0.175977588 0.155571073 -0.237071082 -0.175977588 0.158500001 -0.230000004 -0.17750001 0.150846332 -0.230000004 -0.175977588 0.151428938 -0.232928932 -0.175977588 0.148499995 -0.230000004 -0.174820513 0.141428933 -0.237071082 -0.165153667 0.140022412 -0.237653688 -0.157499999 0.138500005 -0.230000004 -0.157499999 0.140022412 -0.237653688 -0.157499999 0.141428933 -0.237071082 -0.165153667 0.141179487 -0.240000024 -0.157499999 0.148499995 -0.247320518 -0.157499999 0.14435786 -0.24414213 -0.157499999 0.14543438 -0.24306564 -0.165153667 0.158500001 -0.25 -0.157499999 0.150846332 -0.248477593 -0.157499999 0.158500001 -0.248477593 -0.165153667 0.151428938 -0.247071072 -0.165153667 0.158500001 -0.248477593 -0.165153667 0.151428938 -0.247071072 -0.165153667 0.158500001 -0.247320518 -0.167500004 0.158500001 -0.247320518 -0.167500004 0.151428938 -0.247071072 -0.165153667 0.153088033 -0.24306564 -0.17164214 0.158500001 -0.247320518 -0.167500004 0.153088033 -0.24306564 -0.17164214 0.158500001 -0.24414213 -0.17164214 0.14435786 -0.24414213 -0.157499999 0.141179487 -0.240000024 -0.157499999 0.14543438 -0.24306564 -0.165153667 0.14543438 -0.24306564 -0.165153667 0.141179487 -0.240000024 -0.157499999 0.141428933 -0.237071082 -0.165153667 0.14543438 -0.24306564 -0.165153667 0.141428933 -0.237071082 -0.165153667 0.148499995 -0.240000024 -0.17164214 0.148499995 -0.240000024 -0.17164214 0.141428933 -0.237071082 -0.165153667 0.14543438 -0.235411957 -0.17164214 0.148499995 -0.240000024 -0.17164214 0.14543438 -0.235411957 -0.17164214 0.153088033 -0.235411957 -0.175977588 0.14435786 -0.230000004 -0.17164214 0.14543438 -0.235411957 -0.17164214 0.141179487 -0.230000004 -0.167500004 0.141179487 -0.230000004 -0.167500004 0.14543438 -0.235411957 -0.17164214 0.141428933 -0.237071082 -0.165153667 0.141179487 -0.230000004 -0.167500004 0.141428933 -0.237071082 -0.165153667 0.140022412 -0.230000004 -0.165153667 0.140022412 -0.230000004 -0.165153667 0.141428933 -0.237071082 -0.165153667 0.138500005 -0.230000004 -0.157499999 0.155571073 -0.237071082 -0.175977588 0.158500001 -0.237653688 -0.175977588 0.153088033 -0.24306564 -0.17164214 0.153088033 -0.24306564 -0.17164214 0.158500001 -0.237653688 -0.175977588 0.158500001 -0.240000024 -0.174820513 0.153088033 -0.24306564 -0.17164214 0.158500001 -0.240000024 -0.174820513 0.158500001 -0.24414213 -0.17164214 0.150846332 -0.248477593 -0.157499999 0.148499995 -0.247320518 -0.157499999 0.151428938 -0.247071072 -0.165153667 0.151428938 -0.247071072 -0.165153667 0.148499995 -0.247320518 -0.157499999 0.14543438 -0.24306564 -0.165153667 0.151428938 -0.247071072 -0.165153667 0.14543438 -0.24306564 -0.165153667 0.153088033 -0.24306564 -0.17164214 0.148499995 -0.240000024 -0.17164214 0.153088033 -0.24306564 -0.17164214 0.148499995 -0.240000024 -0.17164214 0.155571073 -0.237071082 -0.175977588 0.153088033 -0.235411957 -0.175977588 0.155571073 -0.237071082 -0.175977588 0.153088033 -0.235411957 -0.175977588 0.158500001 -0.230000004 -0.17750001 0.14435786 -0.230000004 -0.17164214 0.148499995 -0.230000004 -0.174820513 0.14543438 -0.235411957 -0.17164214 0.14543438 -0.235411957 -0.17164214 0.148499995 -0.230000004 -0.174820513 0.151428938 -0.232928932 -0.175977588 0.151428938 -0.232928932 -0.175977588 0.153088033 -0.235411957 -0.175977588 0.151428938 -0.232928932 -0.175977588 0.158500001 -0.230000004 -0.17750001 0.261500001 -0.25 -0.157499999 0.158500001 -0.25 -0.157499999 0.261500001 -0.248477593 -0.165153667 0.158500001 -0.248477593 -0.165153667 0.261500001 -0.248477593 -0.165153667 0.158500001 -0.248477593 -0.165153667 0.261500001 -0.247320518 -0.167500004 0.261500001 -0.247320518 -0.167500004 0.158500001 -0.248477593 -0.165153667 0.158500001 -0.247320518 -0.167500004 0.261500001 -0.247320518 -0.167500004 0.158500001 -0.247320518 -0.167500004 0.261500001 -0.24414213 -0.17164214 0.158500001 -0.24414213 -0.17164214 0.261500001 -0.24414213 -0.17164214 0.158500001 -0.24414213 -0.17164214 0.261500001 -0.240000024 -0.174820513 0.158500001 -0.240000024 -0.174820513 0.261500001 -0.240000024 -0.174820513 0.158500001 -0.240000024 -0.174820513 0.261500001 -0.237653688 -0.175977588 0.158500001 -0.237653688 -0.175977588 0.261500001 -0.237653688 -0.175977588 0.158500001 -0.237653688 -0.175977588 0.261500001 -0.230000004 -0.17750001 0.158500001 -0.230000004 -0.17750001 0.281499982 -0.230000004 -0.157499999 0.281499982 -0.230000004 -0.149999991 0.27997759 -0.237653688 -0.157499999 0.27997759 -0.237653688 -0.157499999 0.281499982 -0.230000004 -0.149999991 0.278820515 -0.240000024 -0.149999991 0.27997759 -0.237653688 -0.157499999 0.278820515 -0.240000024 -0.149999991 0.278820515 -0.240000024 -0.157499999 0.278820515 -0.240000024 -0.157499999 0.278820515 -0.240000024 -0.149999991 0.275642127 -0.24414213 -0.157499999 0.275642127 -0.24414213 -0.157499999 0.278820515 -0.240000024 -0.149999991 0.271499991 -0.247320518 -0.149999991 0.275642127 -0.24414213 -0.157499999 0.271499991 -0.247320518 -0.149999991 0.271499991 -0.247320518 -0.157499999 0.271499991 -0.247320518 -0.157499999 0.271499991 -0.247320518 -0.149999991 0.269153684 -0.248477593 -0.157499999 0.269153684 -0.248477593 -0.157499999 0.271499991 -0.247320518 -0.149999991 0.261500001 -0.25 -0.149999991 0.269153684 -0.248477593 -0.157499999 0.261500001 -0.25 -0.149999991 0.261500001 -0.25 -0.157499999 0.264428914 -0.237071082 -0.175977588 0.261500001 -0.237653688 -0.175977588 0.261500001 -0.230000004 -0.17750001 0.269153684 -0.230000004 -0.175977588 0.268571049 -0.232928932 -0.175977588 0.261500001 -0.230000004 -0.17750001 0.261500001 -0.237653688 -0.175977588 0.264428914 -0.237071082 -0.175977588 0.261500001 -0.240000024 -0.174820513 0.268571049 -0.247071072 -0.165153667 0.269153684 -0.248477593 -0.157499999 0.261500001 -0.25 -0.157499999 0.269153684 -0.248477593 -0.157499999 0.268571049 -0.247071072 -0.165153667 0.271499991 -0.247320518 -0.157499999 0.278820515 -0.240000024 -0.157499999 0.275642127 -0.24414213 -0.157499999 0.274565637 -0.24306564 -0.165153667 0.281499982 -0.230000004 -0.157499999 0.27997759 -0.237653688 -0.157499999 0.27997759 -0.230000004 -0.165153667 0.278571069 -0.237071082 -0.165153667 0.27997759 -0.230000004 -0.165153667 0.278571069 -0.237071082 -0.165153667 0.278820515 -0.230000004 -0.167500004 0.278820515 -0.230000004 -0.167500004 0.278571069 -0.237071082 -0.165153667 0.274565637 -0.235411957 -0.17164214 0.278820515 -0.230000004 -0.167500004 0.274565637 -0.235411957 -0.17164214 0.275642127 -0.230000004 -0.17164214 0.275642127 -0.24414213 -0.157499999 0.271499991 -0.247320518 -0.157499999 0.274565637 -0.24306564 -0.165153667 0.274565637 -0.24306564 -0.165153667 0.271499991 -0.247320518 -0.157499999 0.268571049 -0.247071072 -0.165153667 0.274565637 -0.24306564 -0.165153667 0.268571049 -0.247071072 -0.165153667 0.271499991 -0.240000024 -0.17164214 0.266911954 -0.24306564 -0.17164214 0.271499991 -0.240000024 -0.17164214 0.266911954 -0.24306564 -0.17164214 0.266911954 -0.235411957 -0.175977588 0.261500001 -0.24414213 -0.17164214 0.266911954 -0.24306564 -0.17164214 0.261500001 -0.247320518 -0.167500004 0.261500001 -0.247320518 -0.167500004 0.266911954 -0.24306564 -0.17164214 0.268571049 -0.247071072 -0.165153667 0.261500001 -0.247320518 -0.167500004 0.268571049 -0.247071072 -0.165153667 0.261500001 -0.248477593 -0.165153667 0.261500001 -0.248477593 -0.165153667 0.268571049 -0.247071072 -0.165153667 0.261500001 -0.25 -0.157499999 0.268571049 -0.232928932 -0.175977588 0.269153684 -0.230000004 -0.175977588 0.274565637 -0.235411957 -0.17164214 0.274565637 -0.235411957 -0.17164214 0.269153684 -0.230000004 -0.175977588 0.271499991 -0.230000004 -0.174820513 0.274565637 -0.235411957 -0.17164214 0.271499991 -0.230000004 -0.174820513 0.275642127 -0.230000004 -0.17164214 0.27997759 -0.237653688 -0.157499999 0.278820515 -0.240000024 -0.157499999 0.278571069 -0.237071082 -0.165153667 0.278571069 -0.237071082 -0.165153667 0.278820515 -0.240000024 -0.157499999 0.274565637 -0.24306564 -0.165153667 0.278571069 -0.237071082 -0.165153667 0.274565637 -0.24306564 -0.165153667 0.274565637 -0.235411957 -0.17164214 0.271499991 -0.240000024 -0.17164214 0.274565637 -0.235411957 -0.17164214 0.271499991 -0.240000024 -0.17164214 0.268571049 -0.232928932 -0.175977588 0.266911954 -0.235411957 -0.175977588 0.268571049 -0.232928932 -0.175977588 0.266911954 -0.235411957 -0.175977588 0.261500001 -0.230000004 -0.17750001 0.261500001 -0.24414213 -0.17164214 0.261500001 -0.240000024 -0.174820513 0.266911954 -0.24306564 -0.17164214 0.266911954 -0.24306564 -0.17164214 0.261500001 -0.240000024 -0.174820513 0.264428914 -0.237071082 -0.175977588 0.266911954 -0.24306564 -0.17164214 0.264428914 -0.237071082 -0.175977588 0.266911954 -0.235411957 -0.175977588 0.266911954 -0.235411957 -0.175977588 0.264428914 -0.237071082 -0.175977588 0.261500001 -0.230000004 -0.17750001 0.281499982 -0.219999999 -0.157499999 0.281499982 -0.230000004 -0.157499999 0.27997759 -0.219999999 -0.165153667 0.27997759 -0.230000004 -0.165153667 0.27997759 -0.219999999 -0.165153667 0.27997759 -0.230000004 -0.165153667 0.278820515 -0.219999999 -0.167500004 0.278820515 -0.230000004 -0.167500004 0.278820515 -0.219999999 -0.167500004 0.278820515 -0.230000004 -0.167500004 0.275642127 -0.219999999 -0.17164214 0.275642127 -0.230000004 -0.17164214 0.275642127 -0.219999999 -0.17164214 0.275642127 -0.230000004 -0.17164214 0.271499991 -0.219999999 -0.174820513 0.271499991 -0.230000004 -0.174820513 0.271499991 -0.219999999 -0.174820513 0.271499991 -0.230000004 -0.174820513 0.269153684 -0.219999999 -0.175977588 0.269153684 -0.230000004 -0.175977588 0.269153684 -0.219999999 -0.175977588 0.269153684 -0.230000004 -0.175977588 0.261500001 -0.219999999 -0.17750001 0.261500001 -0.230000004 -0.17750001 0.281499982 -0.219999999 -0.149999991 0.281499982 -0.219999999 -0.157499999 0.284179479 -0.209999993 -0.149999991 0.284179479 -0.209999993 -0.149999991 0.281499982 -0.219999999 -0.157499999 0.282181472 -0.214823633 -0.157499999 0.282181472 -0.214823633 -0.157499999 0.284179479 -0.209999993 -0.157499999 0.284179479 -0.209999993 -0.149999991 0.284179479 -0.209999993 -0.149999991 0.284179479 -0.209999993 -0.157499999 0.287357867 -0.205857873 -0.157499999 0.284179479 -0.209999993 -0.149999991 0.287357867 -0.205857873 -0.157499999 0.291500002 -0.2026795 -0.149999991 0.291500002 -0.2026795 -0.149999991 0.287357867 -0.205857873 -0.157499999 0.291500002 -0.2026795 -0.157499999 0.291500002 -0.2026795 -0.149999991 0.291500002 -0.2026795 -0.157499999 0.301499993 -0.200000018 -0.149999991 0.301499993 -0.200000018 -0.149999991 0.291500002 -0.2026795 -0.157499999 0.296323627 -0.200681478 -0.157499999 0.301499993 -0.200000018 -0.149999991 0.296323627 -0.200681478 -0.157499999 0.301499993 -0.200000018 -0.157499999 0.301499993 -0.197320506 -0.167500004 0.301499993 -0.198477596 -0.165153667 0.295929581 -0.199210957 -0.165153667 0.278820515 -0.219999999 -0.167500004 0.275642127 -0.219999999 -0.17164214 0.276523203 -0.2133075 -0.17164214 0.270255834 -0.211628154 -0.175977588 0.26286298 -0.209647253 -0.17750001 0.266858995 -0.200000018 -0.17750001 0.27348724 -0.203826845 -0.175977588 0.27348724 -0.203826845 -0.175977588 0.266858995 -0.200000018 -0.17750001 0.273215741 -0.191715732 -0.17750001 0.278627694 -0.1971277 -0.175977588 0.278627694 -0.1971277 -0.175977588 0.273215741 -0.191715732 -0.17750001 0.281499982 -0.185358986 -0.17750001 0.285326838 -0.191987276 -0.175977588 0.285326838 -0.191987276 -0.175977588 0.281499982 -0.185358986 -0.17750001 0.291147232 -0.181362957 -0.17750001 0.293128163 -0.18875584 -0.175977588 0.261500001 -0.219999999 -0.17750001 0.26286298 -0.209647253 -0.17750001 0.269153684 -0.219999999 -0.175977588 0.270255834 -0.211628154 -0.175977588 0.269153684 -0.219999999 -0.175977588 0.270255834 -0.211628154 -0.175977588 0.271499991 -0.219999999 -0.174820513 0.271499991 -0.219999999 -0.174820513 0.270255834 -0.211628154 -0.175977588 0.275642127 -0.219999999 -0.17164214 0.291147232 -0.181362957 -0.17750001 0.301499993 -0.180000007 -0.17750001 0.293128163 -0.18875584 -0.175977588 0.301499993 -0.187653676 -0.175977588 0.293128163 -0.18875584 -0.175977588 0.301499993 -0.187653676 -0.175977588 0.301499993 -0.190000013 -0.174820513 0.275642127 -0.219999999 -0.17164214 0.270255834 -0.211628154 -0.175977588 0.276523203 -0.2133075 -0.17164214 0.276523203 -0.2133075 -0.17164214 0.270255834 -0.211628154 -0.175977588 0.27348724 -0.203826845 -0.175977588 0.279106438 -0.207071081 -0.17164214 0.279106438 -0.207071081 -0.17164214 0.27348724 -0.203826845 -0.175977588 0.278627694 -0.1971277 -0.175977588 0.283215731 -0.201715738 -0.17164214 0.283215731 -0.201715738 -0.17164214 0.278627694 -0.1971277 -0.175977588 0.285326838 -0.191987276 -0.175977588 0.28857106 -0.197606444 -0.17164214 0.28857106 -0.197606444 -0.17164214 0.285326838 -0.191987276 -0.175977588 0.293128163 -0.18875584 -0.175977588 0.294807494 -0.195023239 -0.17164214 0.294807494 -0.195023239 -0.17164214 0.293128163 -0.18875584 -0.175977588 0.301499993 -0.190000013 -0.174820513 0.294807494 -0.195023239 -0.17164214 0.301499993 -0.190000013 -0.174820513 0.301499993 -0.194142148 -0.17164214 0.281499982 -0.219999999 -0.157499999 0.27997759 -0.219999999 -0.165153667 0.280710936 -0.214429587 -0.165153667 0.280710936 -0.214429587 -0.165153667 0.27997759 -0.219999999 -0.165153667 0.278820515 -0.219999999 -0.167500004 0.278820515 -0.219999999 -0.167500004 0.276523203 -0.2133075 -0.17164214 0.280710936 -0.214429587 -0.165153667 0.280710936 -0.214429587 -0.165153667 0.276523203 -0.2133075 -0.17164214 0.279106438 -0.207071081 -0.17164214 0.282861054 -0.209238812 -0.165153667 0.282861054 -0.209238812 -0.165153667 0.279106438 -0.207071081 -0.17164214 0.283215731 -0.201715738 -0.17164214 0.282861054 -0.209238812 -0.165153667 0.283215731 -0.201715738 -0.17164214 0.286281347 -0.204781368 -0.165153667 0.286281347 -0.204781368 -0.165153667 0.283215731 -0.201715738 -0.17164214 0.28857106 -0.197606444 -0.17164214 0.290738791 -0.201361045 -0.165153667 0.290738791 -0.201361045 -0.165153667 0.28857106 -0.197606444 -0.17164214 0.294807494 -0.195023239 -0.17164214 0.295929581 -0.199210957 -0.165153667 0.295929581 -0.199210957 -0.165153667 0.294807494 -0.195023239 -0.17164214 0.301499993 -0.194142148 -0.17164214 0.295929581 -0.199210957 -0.165153667 0.301499993 -0.194142148 -0.17164214 0.301499993 -0.197320506 -0.167500004 0.282181472 -0.214823633 -0.157499999 0.282181472 -0.214823633 -0.157499999 0.280710936 -0.214429587 -0.165153667 0.282861054 -0.209238812 -0.165153667 0.284179479 -0.209999993 -0.157499999 0.284179479 -0.209999993 -0.157499999 0.282861054 -0.209238812 -0.165153667 0.286281347 -0.204781368 -0.165153667 0.284179479 -0.209999993 -0.157499999 0.286281347 -0.204781368 -0.165153667 0.287357867 -0.205857873 -0.157499999 0.287357867 -0.205857873 -0.157499999 0.286281347 -0.204781368 -0.165153667 0.290738791 -0.201361045 -0.165153667 0.287357867 -0.205857873 -0.157499999 0.290738791 -0.201361045 -0.165153667 0.291500002 -0.2026795 -0.157499999 0.291500002 -0.2026795 -0.157499999 0.290738791 -0.201361045 -0.165153667 0.295929581 -0.199210957 -0.165153667 0.296323627 -0.200681478 -0.157499999 0.296323627 -0.200681478 -0.157499999 0.295929581 -0.199210957 -0.165153667 0.301499993 -0.198477596 -0.165153667 0.301499993 -0.200000018 -0.157499999 0.301499993 -0.180000007 -0.17750001 0.312000006 -0.180000007 -0.17750001 0.301499993 -0.187653676 -0.175977588 0.312000006 -0.187653676 -0.175977588 0.301499993 -0.187653676 -0.175977588 0.312000006 -0.187653676 -0.175977588 0.301499993 -0.190000013 -0.174820513 0.312000006 -0.190000013 -0.174820513 0.301499993 -0.190000013 -0.174820513 0.312000006 -0.190000013 -0.174820513 0.301499993 -0.194142148 -0.17164214 0.312000006 -0.194142148 -0.17164214 0.301499993 -0.194142148 -0.17164214 0.312000006 -0.194142148 -0.17164214 0.301499993 -0.197320506 -0.167500004 0.312000006 -0.197320506 -0.167500004 0.301499993 -0.197320506 -0.167500004 0.312000006 -0.197320506 -0.167500004 0.301499993 -0.198477596 -0.165153667 0.312000006 -0.198477596 -0.165153667 0.301499993 -0.198477596 -0.165153667 0.312000006 -0.198477596 -0.165153667 0.301499993 -0.200000018 -0.157499999 0.312000006 -0.200000018 -0.157499999 0.326142132 -0.194142148 -0.157499999 0.32932049 -0.190000013 -0.149999991 0.322000027 -0.197320506 -0.157499999 0.322000027 -0.197320506 -0.157499999 0.32932049 -0.190000013 -0.149999991 0.322000027 -0.197320506 -0.149999991 0.322000027 -0.197320506 -0.157499999 0.322000027 -0.197320506 -0.149999991 0.31965369 -0.198477596 -0.157499999 0.31965369 -0.198477596 -0.157499999 0.322000027 -0.197320506 -0.149999991 0.312000006 -0.200000018 -0.149999991 0.31965369 -0.198477596 -0.157499999 0.312000006 -0.200000018 -0.149999991 0.312000006 -0.200000018 -0.157499999 0.331999987 -0.180000007 -0.157499999 0.331999987 -0.180000007 -0.149999991 0.330477595 -0.187653676 -0.157499999 0.330477595 -0.187653676 -0.157499999 0.331999987 -0.180000007 -0.149999991 0.32932049 -0.190000013 -0.149999991 0.330477595 -0.187653676 -0.157499999 0.32932049 -0.190000013 -0.149999991 0.32932049 -0.190000013 -0.157499999 0.32932049 -0.190000013 -0.157499999 0.32932049 -0.190000013 -0.149999991 0.326142132 -0.194142148 -0.157499999 0.281499982 0.150000006 -0.157499999 0.282000005 0.149999827 -0.157499999 0.281499982 0.149364918 -0.162499994 0.281499982 0.149364918 -0.162499994 0.282000005 0.149999827 -0.157499999 0.282000005 0.148749083 -0.164462194 0.281499982 0.149364918 -0.162499994 0.282000005 0.148749083 -0.164462194 0.280808896 0.147599399 -0.167000592 0.280808896 0.147599399 -0.167000592 0.282000005 0.148749083 -0.164462194 0.282000005 0.144075215 -0.171708748 0.280808896 0.147599399 -0.167000592 0.282000005 0.144075215 -0.171708748 0.279052585 0.145014986 -0.170711741 0.282000005 0.136784837 -0.176313981 0.275060862 0.140005857 -0.17481713 0.282000005 0.144075215 -0.171708748 0.282000005 0.144075215 -0.171708748 0.275060862 0.140005857 -0.17481713 0.278175652 0.143861875 -0.171916947 0.282000005 0.144075215 -0.171708748 0.278175652 0.143861875 -0.171916947 0.279052585 0.145014986 -0.170711741 0.266499996 0.129999995 -0.17750001 0.266558558 0.130067617 -0.17749989 0.282000005 0.129999638 -0.17750001 0.282000005 0.129999638 -0.17750001 0.266558558 0.130067617 -0.17749989 0.268534362 0.132350415 -0.177361399 0.282000005 0.129999638 -0.17750001 0.268534362 0.132350415 -0.177361399 0.282000005 0.136784837 -0.176313981 0.282000005 0.136784837 -0.176313981 0.268534362 0.132350415 -0.177361399 0.272837609 0.137362823 -0.176095396 0.282000005 0.136784837 -0.176313981 0.272837609 0.137362823 -0.176095396 0.275060862 0.140005857 -0.17481713 0.314928919 -0.187071085 -0.175977588 0.312000006 -0.187653676 -0.175977588 0.312000006 -0.180000007 -0.17750001 0.31965369 -0.180000007 -0.175977588 0.319071084 -0.18292895 -0.175977588 0.312000006 -0.180000007 -0.17750001 0.312000006 -0.187653676 -0.175977588 0.314928919 -0.187071085 -0.175977588 0.312000006 -0.190000013 -0.174820513 0.319071084 -0.197071075 -0.165153667 0.31965369 -0.198477596 -0.157499999 0.312000006 -0.200000018 -0.157499999 0.31965369 -0.198477596 -0.157499999 0.319071084 -0.197071075 -0.165153667 0.322000027 -0.197320506 -0.157499999 0.32932049 -0.190000013 -0.157499999 0.326142132 -0.194142148 -0.157499999 0.325065613 -0.193065628 -0.165153667 0.331999987 -0.180000007 -0.157499999 0.330477595 -0.187653676 -0.157499999 0.330477595 -0.180000007 -0.165153667 0.329071045 -0.187071085 -0.165153667 0.330477595 -0.180000007 -0.165153667 0.329071045 -0.187071085 -0.165153667 0.32932049 -0.180000007 -0.167500004 0.32932049 -0.180000007 -0.167500004 0.329071045 -0.187071085 -0.165153667 0.325065613 -0.18541196 -0.17164214 0.32932049 -0.180000007 -0.167500004 0.325065613 -0.18541196 -0.17164214 0.326142132 -0.180000007 -0.17164214 0.326142132 -0.194142148 -0.157499999 0.322000027 -0.197320506 -0.157499999 0.325065613 -0.193065628 -0.165153667 0.325065613 -0.193065628 -0.165153667 0.322000027 -0.197320506 -0.157499999 0.319071084 -0.197071075 -0.165153667 0.325065613 -0.193065628 -0.165153667 0.319071084 -0.197071075 -0.165153667 0.322000027 -0.190000013 -0.17164214 0.317411959 -0.193065628 -0.17164214 0.322000027 -0.190000013 -0.17164214 0.317411959 -0.193065628 -0.17164214 0.317411959 -0.18541196 -0.175977588 0.312000006 -0.194142148 -0.17164214 0.317411959 -0.193065628 -0.17164214 0.312000006 -0.197320506 -0.167500004 0.312000006 -0.197320506 -0.167500004 0.317411959 -0.193065628 -0.17164214 0.319071084 -0.197071075 -0.165153667 0.312000006 -0.197320506 -0.167500004 0.319071084 -0.197071075 -0.165153667 0.312000006 -0.198477596 -0.165153667 0.312000006 -0.198477596 -0.165153667 0.319071084 -0.18292895 -0.175977588 0.31965369 -0.180000007 -0.175977588 0.325065613 -0.18541196 -0.17164214 0.325065613 -0.18541196 -0.17164214 0.31965369 -0.180000007 -0.175977588 0.322000027 -0.180000007 -0.174820513 0.325065613 -0.18541196 -0.17164214 0.322000027 -0.180000007 -0.174820513 0.326142132 -0.180000007 -0.17164214 0.330477595 -0.187653676 -0.157499999 0.32932049 -0.190000013 -0.157499999 0.329071045 -0.187071085 -0.165153667 0.329071045 -0.187071085 -0.165153667 0.32932049 -0.190000013 -0.157499999 0.325065613 -0.193065628 -0.165153667 0.329071045 -0.187071085 -0.165153667 0.325065613 -0.193065628 -0.165153667 0.325065613 -0.18541196 -0.17164214 0.322000027 -0.190000013 -0.17164214 0.325065613 -0.18541196 -0.17164214 0.322000027 -0.190000013 -0.17164214 0.319071084 -0.18292895 -0.175977588 0.317411959 -0.18541196 -0.175977588 0.319071084 -0.18292895 -0.175977588 0.317411959 -0.18541196 -0.175977588 0.312000006 -0.180000007 -0.17750001 0.312000006 -0.194142148 -0.17164214 0.312000006 -0.190000013 -0.174820513 0.317411959 -0.193065628 -0.17164214 0.317411959 -0.193065628 -0.17164214 0.312000006 -0.190000013 -0.174820513 0.314928919 -0.187071085 -0.175977588 0.317411959 -0.193065628 -0.17164214 0.314928919 -0.187071085 -0.175977588 0.317411959 -0.18541196 -0.175977588 0.317411959 -0.18541196 -0.175977588 0.314928919 -0.187071085 -0.175977588 0.312000006 -0.180000007 -0.17750001 0.312000006 0.137653321 -0.175977588 0.312000006 0.129999638 -0.17750001 0.282000005 0.129999638 -0.17750001 0.282000005 0.148749083 -0.164462194 0.282000005 0.149999827 -0.157499999 0.312000006 0.149999648 -0.157499999 0.312000006 0.149999648 -0.157499999 0.312000006 0.148477226 -0.165153667 0.282000005 0.148749083 -0.164462194 0.282000005 0.148749083 -0.164462194 0.312000006 0.148477226 -0.165153667 0.312000006 0.144141778 -0.17164214 0.282000005 0.148749083 -0.164462194 0.312000006 0.144141778 -0.17164214 0.282000005 0.144075215 -0.171708748 0.282000005 0.144075215 -0.171708748 0.312000006 0.144141778 -0.17164214 0.312000006 0.137653321 -0.175977588 0.282000005 0.144075215 -0.171708748 0.312000006 0.137653321 -0.175977588 0.282000005 0.136784837 -0.176313981 0.282000005 0.136784837 -0.176313981 0.312000006 0.137653321 -0.175977588 0.282000005 0.129999638 -0.17750001 0.331999987 0.129999638 -0.157499999 0.331999987 -0.180000007 -0.157499999 0.330477595 0.129999638 -0.165153667 0.330477595 -0.180000007 -0.165153667 0.330477595 0.129999638 -0.165153667 0.330477595 -0.180000007 -0.165153667 0.32932049 0.129999638 -0.167500004 0.32932049 -0.180000007 -0.167500004 0.32932049 0.129999638 -0.167500004 0.32932049 -0.180000007 -0.167500004 0.326142132 0.129999638 -0.17164214 0.326142132 -0.180000007 -0.17164214 0.326142132 0.129999638 -0.17164214 0.326142132 -0.180000007 -0.17164214 0.322000027 0.129999638 -0.174820513 0.322000027 -0.180000007 -0.174820513 0.322000027 0.129999638 -0.174820513 0.322000027 -0.180000007 -0.174820513 0.31965369 0.129999638 -0.175977588 0.31965369 -0.180000007 -0.175977588 0.31965369 0.129999638 -0.175977588 0.31965369 -0.180000007 -0.175977588 0.312000006 0.129999638 -0.17750001 0.312000006 -0.180000007 -0.17750001 0.319071084 0.13292858 -0.175977588 0.31965369 0.129999638 -0.175977588 0.312000006 0.129999638 -0.17750001 0.31965369 0.129999638 -0.175977588 0.319071084 0.13292858 -0.175977588 0.322000027 0.129999638 -0.174820513 0.329071045 0.137070701 -0.165153667 0.330477595 0.137653321 -0.157499999 0.331999987 0.129999638 -0.157499999 0.326142132 0.144141778 -0.157499999 0.330477595 0.137653321 -0.157499999 0.325065613 0.143065274 -0.165153667 0.329071045 0.137070701 -0.165153667 0.325065613 0.143065274 -0.165153667 0.329071045 0.137070701 -0.165153667 0.322000027 0.139999643 -0.17164214 0.325065613 0.135411605 -0.17164214 0.322000027 0.139999643 -0.17164214 0.325065613 0.135411605 -0.17164214 0.317411959 0.135411605 -0.175977588 0.326142132 0.129999638 -0.17164214 0.325065613 0.135411605 -0.17164214 0.32932049 0.129999638 -0.167500004 0.32932049 0.129999638 -0.167500004 0.325065613 0.135411605 -0.17164214 0.329071045 0.137070701 -0.165153667 0.32932049 0.129999638 -0.167500004 0.329071045 0.137070701 -0.165153667 0.330477595 0.129999638 -0.165153667 0.330477595 0.129999638 -0.165153667 0.312000006 0.149999648 -0.157499999 0.31965369 0.148477226 -0.157499999 0.312000006 0.148477226 -0.165153667 0.319071084 0.147070706 -0.165153667 0.312000006 0.148477226 -0.165153667 0.319071084 0.147070706 -0.165153667 0.312000006 0.144141778 -0.17164214 0.317411959 0.143065274 -0.17164214 0.312000006 0.144141778 -0.17164214 0.317411959 0.143065274 -0.17164214 0.312000006 0.137653321 -0.175977588 0.314928919 0.137070701 -0.175977588 0.312000006 0.137653321 -0.175977588 0.314928919 0.137070701 -0.175977588 0.312000006 0.129999638 -0.17750001 0.31965369 0.148477226 -0.157499999 0.326142132 0.144141778 -0.157499999 0.319071084 0.147070706 -0.165153667 0.325065613 0.143065274 -0.165153667 0.319071084 0.147070706 -0.165153667 0.325065613 0.143065274 -0.165153667 0.317411959 0.143065274 -0.17164214 0.322000027 0.139999643 -0.17164214 0.317411959 0.143065274 -0.17164214 0.322000027 0.139999643 -0.17164214 0.314928919 0.137070701 -0.175977588 0.317411959 0.135411605 -0.175977588 0.314928919 0.137070701 -0.175977588 0.317411959 0.135411605 -0.175977588 0.312000006 0.129999638 -0.17750001 0.326142132 0.129999638 -0.17164214 0.322000027 0.129999638 -0.174820513 0.325065613 0.135411605 -0.17164214 0.325065613 0.135411605 -0.17164214 0.322000027 0.129999638 -0.174820513 0.319071084 0.13292858 -0.175977588 0.319071084 0.13292858 -0.175977588 0.317411959 0.135411605 -0.175977588 0.319071084 0.13292858 -0.175977588 0.312000006 0.129999638 -0.17750001 0.330763817 0.136921987 -0.15200001 0.331999987 0.129999831 -0.15200001 0.331999987 0.129999638 -0.157499999 0.31965369 0.148477226 -0.157499999 0.312000006 0.149999648 -0.157499999 0.312000006 0.149999827 -0.15200001 0.331999987 0.129999638 -0.157499999 0.330477595 0.137653321 -0.157499999 0.330763817 0.136921987 -0.15200001 0.330763817 0.136921987 -0.15200001 0.330477595 0.137653321 -0.157499999 0.326142132 0.144141778 -0.157499999 0.330763817 0.136921987 -0.15200001 0.326142132 0.144141778 -0.157499999 0.326142132 0.144141778 -0.15200001 0.326142132 0.144141778 -0.15200001 0.326142132 0.144141778 -0.157499999 0.31965369 0.148477226 -0.157499999 0.326142132 0.144141778 -0.15200001 0.31965369 0.148477226 -0.157499999 0.318922341 0.148763478 -0.15200001 0.318922341 0.148763478 -0.15200001 0.31965369 0.148477226 -0.157499999 0.312000006 0.149999827 -0.15200001 0.318922341 0.148763478 -0.15200001 0.312000006 0.149999827 -0.15200001 0.312000006 0.150000006 -0.149999991 0.330763817 0.136922345 -0.149999991 0.331999987 0.129999995 -0.149999991 0.331999987 0.129999831 -0.15200001 0.330763817 0.136921987 -0.15200001 0.330763817 0.136922345 -0.149999991 0.330763817 0.136922345 -0.149999991 0.330763817 0.136921987 -0.15200001 0.326142132 0.144141778 -0.15200001 0.326142132 0.144142136 -0.149999991 0.326142132 0.144142136 -0.149999991 0.326142132 0.144141778 -0.15200001 0.318922341 0.148763478 -0.15200001 0.326142132 0.144142136 -0.149999991 0.318922341 0.148763478 -0.15200001 0.318922341 0.148763821 -0.149999991 0.318922341 0.148763821 -0.149999991 0.318922341 0.148763478 -0.15200001 0.312000006 0.150000006 -0.149999991 0.266499996 0.191238433 -0.161718249 0.266499996 0.194733873 -0.158325806 0.271721661 0.194054425 -0.157678843 0.266499996 0.194733873 -0.158325806 0.266499996 0.199999988 -0.15200001 0.271721661 0.194054425 -0.157678843 0.271721661 0.194054425 -0.157678843 0.266499996 0.199999988 -0.15200001 0.269353926 0.199999988 -0.151531368 0.271721661 0.194054425 -0.157678843 0.269353926 0.199999988 -0.151531368 0.272266537 0.199999988 -0.149999991 0.266499996 0.191238433 -0.161718249 0.271721661 0.194054425 -0.157678843 0.266499996 0.184633285 -0.166877538 0.266499996 0.184633285 -0.166877538 0.271721661 0.194054425 -0.157678843 0.271721661 0.184107259 -0.166100696 0.266499996 0.184633285 -0.166877538 0.271721661 0.184107259 -0.166100696 0.266499996 0.178063422 -0.17075716 0.266499996 0.178063422 -0.17075716 0.271721661 0.184107259 -0.166100696 0.271721661 0.172594339 -0.172210261 0.266499996 0.178063422 -0.17075716 0.271721661 0.172594339 -0.172210261 0.266499996 0.172942802 -0.173081338 0.266499996 0.172942802 -0.173081338 0.271721661 0.172594339 -0.172210261 0.266499996 0.163010731 -0.176114425 0.266499996 0.163010731 -0.176114425 0.271721661 0.172594339 -0.172210261 0.271721661 0.160044193 -0.175727084 0.266499996 0.163010731 -0.176114425 0.271721661 0.160044193 -0.175727084 0.266499996 0.160199106 -0.176652402 0.266499996 0.160199106 -0.176652402 0.271721661 0.160044193 -0.175727084 0.271721661 0.149999648 -0.176562086 0.266499996 0.160199106 -0.176652402 0.271721661 0.149999648 -0.176562086 0.266499996 0.149999648 -0.177500159 0.281499982 0.157722309 -0.16185829 0.281499982 0.149999648 -0.162500143 0.280610502 0.149999648 -0.167588905 0.280610502 0.179076076 -0.158670664 0.281499982 0.167371362 -0.159154415 0.280610502 0.169261426 -0.163879007 0.280610502 0.169261426 -0.163879007 0.281499982 0.167371362 -0.159154415 0.281499982 0.157722309 -0.16185829 0.280610502 0.158562526 -0.166877061 0.280610502 0.158562526 -0.166877061 0.279413581 0.192250103 -0.149999991 0.281018198 0.18714793 -0.149999991 0.280610502 0.187555984 -0.151491076 0.280610502 0.187555984 -0.151491076 0.281018198 0.18714793 -0.149999991 0.281499982 0.181827575 -0.149999991 0.280610502 0.187555984 -0.151491076 0.281499982 0.181827575 -0.149999991 0.280610502 0.179076076 -0.158670664 0.280610502 0.179076076 -0.158670664 0.281499982 0.181827575 -0.149999991 0.281499982 0.17622295 -0.154457137 0.281499982 0.17622295 -0.154457137 0.272266537 0.199999988 -0.149999991 0.276501715 0.196729138 -0.149999991 0.277156562 0.191515774 -0.155261576 0.277156562 0.191515774 -0.155261576 0.276501715 0.196729138 -0.149999991 0.279413581 0.192250103 -0.149999991 0.272266537 0.199999988 -0.149999991 0.277156562 0.191515774 -0.155261576 0.271721661 0.194054425 -0.157678843 0.271721661 0.194054425 -0.157678843 0.277156562 0.191515774 -0.155261576 0.277156562 0.182141811 -0.163198113 0.271721661 0.184107259 -0.166100696 0.271721661 0.184107259 -0.166100696 0.277156562 0.182141811 -0.163198113 0.277156562 0.171292305 -0.168955624 0.271721661 0.172594339 -0.172210261 0.271721661 0.172594339 -0.172210261 0.277156562 0.171292305 -0.168955624 0.277156562 0.159465373 -0.172269791 0.271721661 0.160044193 -0.175727084 0.271721661 0.160044193 -0.175727084 0.277156562 0.159465373 -0.172269791 0.277156562 0.149999648 -0.173056692 0.271721661 0.149999648 -0.176562086 0.279413581 0.192250103 -0.149999991 0.280610502 0.187555984 -0.151491076 0.277156562 0.191515774 -0.155261576 0.277156562 0.191515774 -0.155261576 0.280610502 0.187555984 -0.151491076 0.280610502 0.179076076 -0.158670664 0.277156562 0.182141811 -0.163198113 0.277156562 0.182141811 -0.163198113 0.280610502 0.179076076 -0.158670664 0.280610502 0.169261426 -0.163879007 0.277156562 0.171292305 -0.168955624 0.277156562 0.171292305 -0.168955624 0.280610502 0.169261426 -0.163879007 0.280610502 0.158562526 -0.166877061 0.277156562 0.159465373 -0.172269791 0.277156562 0.159465373 -0.172269791 0.280610502 0.158562526 -0.166877061 0.280610502 0.149999648 -0.167588905 0.277156562 0.149999648 -0.173056692 0.266499996 0.149999648 -0.177500159 0.271721661 0.149999648 -0.176562086 0.272837609 0.137362823 -0.176095396 0.272837609 0.137362823 -0.176095396 0.268534362 0.132350415 -0.177361399 0.266499996 0.149999648 -0.177500159 0.266499996 0.149999648 -0.177500159 0.268534362 0.132350415 -0.177361399 0.266558558 0.130067617 -0.17749989 0.266499996 0.149999648 -0.177500159 0.266558558 0.130067617 -0.17749989 0.266499996 0.129999995 -0.17750001 0.280808896 0.147599399 -0.167000592 0.279052585 0.145014986 -0.170711741 0.277156562 0.149999648 -0.173056692 0.277156562 0.149999648 -0.173056692 0.279052585 0.145014986 -0.170711741 0.278175652 0.143861875 -0.171916947 0.277156562 0.149999648 -0.173056692 0.278175652 0.143861875 -0.171916947 0.271721661 0.149999648 -0.176562086 0.271721661 0.149999648 -0.176562086 0.278175652 0.143861875 -0.171916947 0.275060862 0.140005857 -0.17481713 0.271721661 0.149999648 -0.176562086 0.275060862 0.140005857 -0.17481713 0.272837609 0.137362823 -0.176095396 0.277156562 0.149999648 -0.173056692 0.280610502 0.149999648 -0.167588905 0.280808896 0.147599399 -0.167000592 0.280808896 0.147599399 -0.167000592 0.280610502 0.149999648 -0.167588905 0.281499982 0.149999648 -0.162500143 0.280808896 0.147599399 -0.167000592 0.281499982 0.149999648 -0.162500143 0.281499982 0.149364918 -0.162499994 0.138987184 0.187176049 -0.149999991 0.140589625 0.192257106 -0.149999991 0.1393895 0.187555984 -0.151491076 0.1393895 0.187555984 -0.151491076 0.140589625 0.192257106 -0.149999991 0.14350985 0.196741953 -0.149999991 0.138987184 0.187176049 -0.149999991 0.1393895 0.187555984 -0.151491076 0.138500005 0.181827575 -0.149999991 0.138500005 0.181827575 -0.149999991 0.1393895 0.187555984 -0.151491076 0.1393895 0.179076076 -0.158670664 0.138500005 0.181827575 -0.149999991 0.1393895 0.179076076 -0.158670664 0.138500005 0.17622295 -0.154457137 0.138500005 0.17622295 -0.154457137 0.1393895 0.179076076 -0.158670664 0.1393895 0.169261426 -0.163879007 0.138500005 0.167371362 -0.159154415 0.138500005 0.167371362 -0.159154415 0.1393895 0.169261426 -0.163879007 0.1393895 0.158562526 -0.166877061 0.138500005 0.157722309 -0.16185829 0.138500005 0.149999648 -0.162500143 0.138500005 0.157722309 -0.16185829 0.1393895 0.149999648 -0.167588905 0.1393895 0.158562526 -0.166877061 0.1393895 0.149999648 -0.167588905 0.1393895 0.158562526 -0.166877061 0.142843425 0.149999648 -0.173056692 0.148278356 0.149999648 -0.176562086 0.142843425 0.149999648 -0.173056692 0.142843425 0.159465373 -0.172269791 0.153500006 0.149999648 -0.177500159 0.148278356 0.149999648 -0.176562086 0.148278356 0.160044193 -0.175727084 0.153500006 0.178063422 -0.17075716 0.153500006 0.172942802 -0.173081338 0.148278356 0.172594339 -0.172210261 0.148278356 0.172594339 -0.172210261 0.153500006 0.172942802 -0.173081338 0.153500006 0.163010731 -0.176114425 0.148278356 0.172594339 -0.172210261 0.153500006 0.163010731 -0.176114425 0.148278356 0.160044193 -0.175727084 0.148278356 0.160044193 -0.175727084 0.153500006 0.163010731 -0.176114425 0.153500006 0.160199106 -0.176652402 0.148278356 0.160044193 -0.175727084 0.153500006 0.160199106 -0.176652402 0.153500006 0.149999648 -0.177500159 0.153500006 0.178063422 -0.17075716 0.148278356 0.172594339 -0.172210261 0.153500006 0.184633285 -0.166877538 0.153500006 0.184633285 -0.166877538 0.148278356 0.172594339 -0.172210261 0.148278356 0.184107259 -0.166100696 0.153500006 0.184633285 -0.166877538 0.148278356 0.184107259 -0.166100696 0.153500006 0.191238433 -0.161718249 0.153500006 0.191238433 -0.161718249 0.148278356 0.184107259 -0.166100696 0.148278356 0.194054425 -0.157678843 0.153500006 0.191238433 -0.161718249 0.148278356 0.194054425 -0.157678843 0.153500006 0.194733873 -0.158325806 0.153500006 0.194733873 -0.158325806 0.148278356 0.194054425 -0.157678843 0.150281608 0.199999988 -0.151401803 0.153500006 0.194733873 -0.158325806 0.150281608 0.199999988 -0.151401803 0.153500006 0.199999988 -0.15200001 0.148278356 0.160044193 -0.175727084 0.148278356 0.160044193 -0.175727084 0.142843425 0.159465373 -0.172269791 0.142843425 0.171292305 -0.168955624 0.148278356 0.172594339 -0.172210261 0.148278356 0.172594339 -0.172210261 0.142843425 0.171292305 -0.168955624 0.142843425 0.182141811 -0.163198113 0.148278356 0.184107259 -0.166100696 0.148278356 0.184107259 -0.166100696 0.142843425 0.182141811 -0.163198113 0.142843425 0.191515774 -0.155261576 0.148278356 0.194054425 -0.157678843 0.148278356 0.194054425 -0.157678843 0.142843425 0.191515774 -0.155261576 0.147733465 0.199999988 -0.149999991 0.148278356 0.194054425 -0.157678843 0.147733465 0.199999988 -0.149999991 0.150281608 0.199999988 -0.151401803 0.142843425 0.159465373 -0.172269791 0.142843425 0.159465373 -0.172269791 0.1393895 0.158562526 -0.166877061 0.1393895 0.169261426 -0.163879007 0.142843425 0.171292305 -0.168955624 0.142843425 0.171292305 -0.168955624 0.1393895 0.169261426 -0.163879007 0.1393895 0.179076076 -0.158670664 0.142843425 0.182141811 -0.163198113 0.142843425 0.182141811 -0.163198113 0.1393895 0.179076076 -0.158670664 0.1393895 0.187555984 -0.151491076 0.142843425 0.191515774 -0.155261576 0.142843425 0.191515774 -0.155261576 0.1393895 0.187555984 -0.151491076 0.14350985 0.196741953 -0.149999991 0.142843425 0.191515774 -0.155261576 0.14350985 0.196741953 -0.149999991 0.147733465 0.199999988 -0.149999991 0.153500006 0.129999995 -0.17750001 0.153441444 0.130067617 -0.17749989 0.153500006 0.149999648 -0.177500159 0.153500006 0.149999648 -0.177500159 0.153441444 0.130067617 -0.17749989 0.151465654 0.132350415 -0.177361399 0.153500006 0.149999648 -0.177500159 0.151465654 0.132350415 -0.177361399 0.148278356 0.149999648 -0.176562086 0.138500005 0.149364918 -0.162499994 0.138500005 0.149999648 -0.162500143 0.139191091 0.147599399 -0.167000592 0.139191091 0.147599399 -0.167000592 0.138500005 0.149999648 -0.162500143 0.1393895 0.149999648 -0.167588905 0.139191091 0.147599399 -0.167000592 0.1393895 0.149999648 -0.167588905 0.139363721 0.147310942 -0.167516544 0.142843425 0.149999648 -0.173056692 0.140947416 0.145014986 -0.170711741 0.1393895 0.149999648 -0.167588905 0.1393895 0.149999648 -0.167588905 0.140947416 0.145014986 -0.170711741 0.139438048 0.147190869 -0.167721272 0.1393895 0.149999648 -0.167588905 0.139438048 0.147190869 -0.167721272 0.139363721 0.147310942 -0.167516544 0.151465654 0.132350415 -0.177361399 0.149086446 0.135110721 -0.176835984 0.148278356 0.149999648 -0.176562086 0.148278356 0.149999648 -0.176562086 0.149086446 0.135110721 -0.176835984 0.144939139 0.140005857 -0.17481713 0.148278356 0.149999648 -0.176562086 0.144939139 0.140005857 -0.17481713 0.142843425 0.149999648 -0.173056692 0.142843425 0.149999648 -0.173056692 0.144939139 0.140005857 -0.17481713 0.143861696 0.141311973 -0.173993617 0.142843425 0.149999648 -0.173056692 0.143861696 0.141311973 -0.173993617 0.140947416 0.145014986 -0.170711741 0.302000016 -0.25 0.167500004 0.302000016 -0.25 0.149999991 0.307852715 -0.249423549 0.167500004 0.307852715 -0.249423549 0.167500004 0.302000016 -0.25 0.149999991 0.313480496 -0.247716397 0.149999991 0.307852715 -0.249423549 0.167500004 0.313480496 -0.247716397 0.149999991 0.313480496 -0.247716397 0.167500004 0.313480496 -0.247716397 0.167500004 0.313480496 -0.247716397 0.149999991 0.318667114 -0.244944081 0.167500004 0.318667114 -0.244944081 0.167500004 0.313480496 -0.247716397 0.149999991 0.32321319 -0.241213202 0.149999991 0.318667114 -0.244944081 0.167500004 0.32321319 -0.241213202 0.149999991 0.32321319 -0.241213202 0.167500004 0.32321319 -0.241213202 0.167500004 0.32321319 -0.241213202 0.149999991 0.326944113 -0.236667112 0.167500004 0.326944113 -0.236667112 0.167500004 0.32321319 -0.241213202 0.149999991 0.329716384 -0.231480509 0.149999991 0.326944113 -0.236667112 0.167500004 0.329716384 -0.231480509 0.149999991 0.329716384 -0.231480509 0.167500004 0.329716384 -0.231480509 0.167500004 0.329716384 -0.231480509 0.149999991 0.331423551 -0.225852713 0.167500004 0.331423551 -0.225852713 0.167500004 0.329716384 -0.231480509 0.149999991 0.331999987 -0.219999999 0.149999991 0.331423551 -0.225852713 0.167500004 0.331999987 -0.219999999 0.149999991 0.331999987 -0.219999999 0.167500004 0.331999987 0.169999987 0.167500004 0.331999987 0.169999987 0.149999991 0.331423551 0.175852701 0.167500004 0.331423551 0.175852701 0.167500004 0.331999987 0.169999987 0.149999991 0.329716384 0.181480497 0.149999991 0.331423551 0.175852701 0.167500004 0.329716384 0.181480497 0.149999991 0.329716384 0.181480497 0.167500004 0.329716384 0.181480497 0.167500004 0.329716384 0.181480497 0.149999991 0.326944113 0.186667114 0.167500004 0.326944113 0.186667114 0.167500004 0.329716384 0.181480497 0.149999991 0.32321319 0.191213205 0.149999991 0.326944113 0.186667114 0.167500004 0.32321319 0.191213205 0.149999991 0.32321319 0.191213205 0.167500004 0.32321319 0.191213205 0.167500004 0.32321319 0.191213205 0.149999991 0.318667114 0.194944084 0.167500004 0.318667114 0.194944084 0.167500004 0.32321319 0.191213205 0.149999991 0.313480496 0.197716385 0.149999991 0.318667114 0.194944084 0.167500004 0.313480496 0.197716385 0.149999991 0.313480496 0.197716385 0.167500004 0.313480496 0.197716385 0.167500004 0.313480496 0.197716385 0.149999991 0.307852715 0.199423566 0.167500004 0.307852715 0.199423566 0.167500004 0.313480496 0.197716385 0.149999991 0.302000016 0.199999988 0.149999991 0.307852715 0.199423566 0.167500004 0.302000016 0.199999988 0.149999991 0.302000016 0.199999988 0.167500004 0.117999993 0.199999988 0.167500004 0.117999993 0.199999988 0.149999991 0.112147287 0.199423566 0.167500004 0.112147287 0.199423566 0.167500004 0.117999993 0.199999988 0.149999991 0.106519498 0.197716385 0.149999991 0.112147287 0.199423566 0.167500004 0.106519498 0.197716385 0.149999991 0.106519498 0.197716385 0.167500004 0.106519498 0.197716385 0.167500004 0.106519498 0.197716385 0.149999991 0.101332888 0.194944084 0.167500004 0.101332888 0.194944084 0.167500004 0.106519498 0.197716385 0.149999991 0.096786797 0.191213205 0.149999991 0.101332888 0.194944084 0.167500004 0.096786797 0.191213205 0.149999991 0.096786797 0.191213205 0.167500004 0.096786797 0.191213205 0.167500004 0.096786797 0.191213205 0.149999991 0.0930559039 0.186667114 0.167500004 0.0930559039 0.186667114 0.167500004 0.096786797 0.191213205 0.149999991 0.0902836099 0.181480497 0.149999991 0.0930559039 0.186667114 0.167500004 0.0902836099 0.181480497 0.149999991 0.0902836099 0.181480497 0.167500004 0.0902836099 0.181480497 0.167500004 0.0902836099 0.181480497 0.149999991 0.0885764435 0.175852701 0.167500004 0.0885764435 0.175852701 0.167500004 0.0902836099 0.181480497 0.149999991 0.0879999995 0.169999987 0.149999991 0.0885764435 0.175852701 0.167500004 0.0879999995 0.169999987 0.149999991 0.0879999995 0.169999987 0.167500004 0.0879999995 -0.219999999 0.167500004 0.0879999995 -0.219999999 0.149999991 0.0885764435 -0.225852713 0.167500004 0.0885764435 -0.225852713 0.167500004 0.0879999995 -0.219999999 0.149999991 0.0902836099 -0.231480509 0.149999991 0.0885764435 -0.225852713 0.167500004 0.0902836099 -0.231480509 0.149999991 0.0902836099 -0.231480509 0.167500004 0.0902836099 -0.231480509 0.167500004 0.0902836099 -0.231480509 0.149999991 0.0930559039 -0.236667112 0.167500004 0.0930559039 -0.236667112 0.167500004 0.0902836099 -0.231480509 0.149999991 0.0920688659 -0.235085651 0.149999991 0.0930559039 -0.236667112 0.167500004 0.0920688659 -0.235085651 0.149999991 0.096786797 -0.241213202 0.167500004 0.096786797 -0.241213202 0.167500004 0.0920688659 -0.235085651 0.149999991 0.096786797 -0.241213202 0.149999991 0.096786797 -0.241213202 0.167500004 0.096786797 -0.241213202 0.149999991 0.101332888 -0.244944081 0.167500004 0.101332888 -0.244944081 0.167500004 0.096786797 -0.241213202 0.149999991 0.106519498 -0.247716397 0.149999991 0.101332888 -0.244944081 0.167500004 0.106519498 -0.247716397 0.149999991 0.106519498 -0.247716397 0.167500004 0.106519498 -0.247716397 0.167500004 0.106519498 -0.247716397 0.149999991 0.112147287 -0.249423549 0.167500004 0.112147287 -0.249423549 0.167500004 0.106519498 -0.247716397 0.149999991 0.117999993 -0.25 0.149999991 0.112147287 -0.249423549 0.167500004 0.117999993 -0.25 0.149999991 0.117999993 -0.25 0.167500004 0.388000011 0.149000004 0.149999991 0.388000011 0.149000004 0.125 0.387117624 0.149749994 0.125 0.387117624 0.149749994 0.104999997 0.369470596 0.164749995 0.104999997 0.387117624 0.149749994 0.125 0.369470596 0.164749995 0.129999995 0.388000011 0.149000004 0.149999991 0.38075 0.155162498 0.149999991 0.331999987 0.19659999 -0.129999995 0.328000009 0.199999988 -0.129999995 0.331999987 0.19659999 0.129999995 0.328000009 0.199999988 0.149999991 0.359999985 0.17279999 0.149999991 0.0595675744 0.172432438 0.149999991 0.0595675744 0.172432438 0.129999995 0.0320000052 0.140000001 0.149999991 0.0530375019 0.164749995 0.129999995 0.0320000052 0.140000001 0.125 0.0402875096 0.149749994 0.125 0.0402875096 0.149749994 0.104999997 0.0530375019 0.164749995 0.104999997 0.334749997 -0.300262511 -0.104999997 0.328000009 -0.306000024 -0.104999997 0.334749997 -0.300262511 -0.129999995 0.328000009 -0.306000024 -0.149999991 0.336529434 -0.298750013 -0.149999991 0.359999985 -0.278800011 -0.149999991 0.388000011 -0.255000025 -0.129999995 0.38075 -0.26116249 -0.149999991 0.388000011 -0.255000025 -0.149999991 0.0394375101 -0.254750013 -0.104999997 0.0320000052 -0.246000007 -0.104999997 0.0394375101 -0.254750013 -0.129999995 0.0320000052 -0.246000007 -0.149999991 0.0829999968 -0.306000024 -0.149999991 0.0829999968 -0.306000024 -0.129999995 0.076837495 -0.298750013 -0.149999991 0.032425005 -0.246500015 -0.149999991 0.032425005 -0.246500015 -0.149999991 0.0394375101 -0.254750013 -0.129999995 0.0320000052 -0.246000007 -0.149999991 0.0919999927 0.199999988 -0.149999991 0.0320000052 0.149000004 -0.149999991 0.0328823589 0.149749994 -0.125 0.0320000052 0.149000004 -0.125 0.0595675744 0.172432438 0.129999995 0.0595675744 0.172432438 0.149999991 0.0879999995 0.19659999 0.129999995 0.0919999927 0.199999988 0.149999991 0.0879999995 0.19659999 -0.129999995 0.0505294129 0.164749995 -0.129999995 0.0505294129 0.164749995 -0.129999995 0.0505294129 0.164749995 -0.104999997 0.0328823589 0.149749994 -0.104999997 0.0320000052 -0.246000007 0.104999997 0.0394375101 -0.254750013 0.104999997 0.0320000052 -0.246000007 0.149999991 0.0394375101 -0.254750013 0.129999995 0.0320000052 -0.246000007 0.149999991 0.0394375101 -0.254750013 0.129999995 0.032425005 -0.246500015 0.149999991 0.032425005 -0.246500015 0.149999991 0.0829999968 -0.306000024 0.129999995 0.076837495 -0.298750013 0.149999991 0.0829999968 -0.306000024 0.149999991 0.328000009 0.199999988 -0.149999991 0.369470596 0.164749995 -0.104999997 0.387117624 0.149749994 -0.104999997 0.369470596 0.164749995 -0.129999995 0.387117624 0.149749994 -0.125 0.38075 0.155162498 -0.149999991 0.388000011 0.149000004 -0.149999991 0.388000011 0.149000004 -0.149999991 0.387117624 0.149749994 -0.125 0.388000011 0.149000004 -0.125 0.380562514 -0.254750013 0.104999997 0.388000011 -0.246000007 0.104999997 0.380562514 -0.254750013 0.129999995 0.388000011 -0.246000007 0.149999991 0.380562514 -0.254750013 0.129999995 0.388000011 -0.246000007 0.149999991 0.387575001 -0.246500015 0.149999991 0.387575001 -0.246500015 0.149999991 0.38075 -0.254529446 0.149999991 0.359999985 -0.278941184 0.149999991 0.337000012 -0.306000024 0.129999995 0.343162477 -0.298750013 0.149999991 0.337000012 -0.306000024 0.149999991 0.0879999995 0.169999987 0.167500004 0.0879999995 -0.219999999 0.167500004 0.089339748 -0.219999999 0.172499999 0.089339748 0.169999987 0.172499999 0.089339748 0.169999987 0.172499999 0.089339748 -0.219999999 0.172499999 0.0930000022 -0.219999999 0.176160261 0.0930000022 0.169999987 0.176160261 0.0930000022 0.169999987 0.176160261 0.0930000022 -0.219999999 0.176160261 0.0980000049 -0.219999999 0.17750001 0.0980000049 0.169999987 0.17750001 0.0980000049 -0.219999999 0.17750001 0.0930000022 -0.219999999 0.176160261 0.0934803635 -0.224877268 0.176160261 0.0930000022 -0.219999999 0.176160261 0.089339748 -0.219999999 0.172499999 0.0898904428 -0.225591347 0.172499999 0.089339748 -0.219999999 0.172499999 0.0879999995 -0.219999999 0.167500004 0.0885764435 -0.225852713 0.167500004 0.0898904428 -0.225591347 0.172499999 0.0898904428 -0.225591347 0.172499999 0.0885764435 -0.225852713 0.167500004 0.0902836099 -0.231480509 0.167500004 0.0915213749 -0.23096782 0.172499999 0.0915213749 -0.23096782 0.172499999 0.0902836099 -0.231480509 0.167500004 0.0930559039 -0.236667112 0.167500004 0.0941698626 -0.235922799 0.172499999 0.0941698626 -0.235922799 0.172499999 0.0930559039 -0.236667112 0.167500004 0.096786797 -0.241213202 0.167500004 0.0977341384 -0.240265861 0.172499999 0.0977341384 -0.240265861 0.172499999 0.096786797 -0.241213202 0.167500004 0.101332888 -0.244944081 0.167500004 0.102077208 -0.243830144 0.172499999 0.102077208 -0.243830144 0.172499999 0.101332888 -0.244944081 0.167500004 0.106519498 -0.247716397 0.167500004 0.107032195 -0.246478632 0.172499999 0.107032195 -0.246478632 0.172499999 0.106519498 -0.247716397 0.167500004 0.112147287 -0.249423549 0.167500004 0.107032195 -0.246478632 0.172499999 0.112147287 -0.249423549 0.167500004 0.11240866 -0.248109564 0.172499999 0.11240866 -0.248109564 0.172499999 0.112147287 -0.249423549 0.167500004 0.117999993 -0.25 0.167500004 0.117999993 -0.248660281 0.172499999 0.0934803635 -0.224877268 0.176160261 0.0934803635 -0.224877268 0.176160261 0.0898904428 -0.225591347 0.172499999 0.0915213749 -0.23096782 0.172499999 0.0949030071 -0.229567081 0.176160261 0.0949030071 -0.229567081 0.176160261 0.0915213749 -0.23096782 0.172499999 0.0941698626 -0.235922799 0.172499999 0.0972132534 -0.233889282 0.176160261 0.0972132534 -0.233889282 0.176160261 0.0941698626 -0.235922799 0.172499999 0.0977341384 -0.240265861 0.172499999 0.100322329 -0.237677678 0.176160261 0.100322329 -0.237677678 0.176160261 0.0977341384 -0.240265861 0.172499999 0.102077208 -0.243830144 0.172499999 0.100322329 -0.237677678 0.176160261 0.102077208 -0.243830144 0.172499999 0.104110748 -0.240786731 0.176160261 0.104110748 -0.240786731 0.176160261 0.102077208 -0.243830144 0.172499999 0.107032195 -0.246478632 0.172499999 0.108432911 -0.243097007 0.176160261 0.108432911 -0.243097007 0.176160261 0.107032195 -0.246478632 0.172499999 0.11240866 -0.248109564 0.172499999 0.113122746 -0.244519651 0.176160261 0.113122746 -0.244519651 0.176160261 0.11240866 -0.248109564 0.172499999 0.117999993 -0.248660281 0.172499999 0.117999993 -0.24499999 0.176160261 0.0983842909 -0.223901808 0.17750001 0.0983842909 -0.223901808 0.17750001 0.0934803635 -0.224877268 0.176160261 0.0949030071 -0.229567081 0.176160261 0.0995224044 -0.227653682 0.17750001 0.0995224044 -0.227653682 0.17750001 0.0949030071 -0.229567081 0.176160261 0.0972132534 -0.233889282 0.176160261 0.101370603 -0.231111407 0.17750001 0.101370603 -0.231111407 0.17750001 0.0972132534 -0.233889282 0.176160261 0.100322329 -0.237677678 0.176160261 0.10385786 -0.234142154 0.17750001 0.10385786 -0.234142154 0.17750001 0.100322329 -0.237677678 0.176160261 0.104110748 -0.240786731 0.176160261 0.106888592 -0.236629412 0.17750001 0.106888592 -0.236629412 0.17750001 0.104110748 -0.240786731 0.176160261 0.108432911 -0.243097007 0.176160261 0.110346332 -0.238477603 0.17750001 0.110346332 -0.238477603 0.17750001 0.108432911 -0.243097007 0.176160261 0.113122746 -0.244519651 0.176160261 0.114098191 -0.239615723 0.17750001 0.114098191 -0.239615723 0.17750001 0.113122746 -0.244519651 0.176160261 0.117999993 -0.24499999 0.176160261 0.117999993 -0.240000024 0.17750001 0.117999993 0.189999998 0.17750001 0.117999993 0.195000008 0.176160261 0.113122746 0.194519624 0.176160261 0.117999993 0.195000008 0.176160261 0.117999993 0.198660254 0.172499999 0.11240866 0.198109567 0.172499999 0.117999993 0.198660254 0.172499999 0.117999993 0.199999988 0.167500004 0.112147287 0.199423566 0.167500004 0.11240866 0.198109567 0.172499999 0.11240866 0.198109567 0.172499999 0.112147287 0.199423566 0.167500004 0.106519498 0.197716385 0.167500004 0.107032195 0.196478635 0.172499999 0.107032195 0.196478635 0.172499999 0.106519498 0.197716385 0.167500004 0.101332888 0.194944084 0.167500004 0.102077208 0.193830132 0.172499999 0.102077208 0.193830132 0.172499999 0.101332888 0.194944084 0.167500004 0.096786797 0.191213205 0.167500004 0.0977341384 0.190265864 0.172499999 0.0977341384 0.190265864 0.172499999 0.096786797 0.191213205 0.167500004 0.0930559039 0.186667114 0.167500004 0.0941698626 0.185922772 0.172499999 0.0941698626 0.185922772 0.172499999 0.0930559039 0.186667114 0.167500004 0.0902836099 0.181480497 0.167500004 0.0915213749 0.180967808 0.172499999 0.0915213749 0.180967808 0.172499999 0.0902836099 0.181480497 0.167500004 0.0885764435 0.175852701 0.167500004 0.0898904428 0.175591335 0.172499999 0.0898904428 0.175591335 0.172499999 0.0885764435 0.175852701 0.167500004 0.0879999995 0.169999987 0.167500004 0.089339748 0.169999987 0.172499999 0.113122746 0.194519624 0.176160261 0.113122746 0.194519624 0.176160261 0.11240866 0.198109567 0.172499999 0.107032195 0.196478635 0.172499999 0.108432911 0.193096995 0.176160261 0.108432911 0.193096995 0.176160261 0.107032195 0.196478635 0.172499999 0.102077208 0.193830132 0.172499999 0.104110748 0.190786734 0.176160261 0.104110748 0.190786734 0.176160261 0.102077208 0.193830132 0.172499999 0.0977341384 0.190265864 0.172499999 0.100322329 0.187677667 0.176160261 0.100322329 0.187677667 0.176160261 0.0977341384 0.190265864 0.172499999 0.0941698626 0.185922772 0.172499999 0.0972132534 0.183889255 0.176160261 0.0972132534 0.183889255 0.176160261 0.0941698626 0.185922772 0.172499999 0.0915213749 0.180967808 0.172499999 0.0972132534 0.183889255 0.176160261 0.0915213749 0.180967808 0.172499999 0.0949030071 0.179567069 0.176160261 0.0949030071 0.179567069 0.176160261 0.0915213749 0.180967808 0.172499999 0.0898904428 0.175591335 0.172499999 0.0934803635 0.174877256 0.176160261 0.0934803635 0.174877256 0.176160261 0.0898904428 0.175591335 0.172499999 0.089339748 0.169999987 0.172499999 0.0930000022 0.169999987 0.176160261 0.114098191 0.189615712 0.17750001 0.114098191 0.189615712 0.17750001 0.113122746 0.194519624 0.176160261 0.108432911 0.193096995 0.176160261 0.110346332 0.188477606 0.17750001 0.110346332 0.188477606 0.17750001 0.108432911 0.193096995 0.176160261 0.104110748 0.190786734 0.176160261 0.106888592 0.186629385 0.17750001 0.106888592 0.186629385 0.17750001 0.104110748 0.190786734 0.176160261 0.100322329 0.187677667 0.176160261 0.10385786 0.184142143 0.17750001 0.10385786 0.184142143 0.17750001 0.100322329 0.187677667 0.176160261 0.0972132534 0.183889255 0.176160261 0.101370603 0.181111395 0.17750001 0.101370603 0.181111395 0.17750001 0.0972132534 0.183889255 0.176160261 0.0949030071 0.179567069 0.176160261 0.0995224044 0.17765367 0.17750001 0.0995224044 0.17765367 0.17750001 0.0949030071 0.179567069 0.176160261 0.0934803635 0.174877256 0.176160261 0.0983842909 0.173901796 0.17750001 0.0983842909 0.173901796 0.17750001 0.0934803635 0.174877256 0.176160261 0.0930000022 0.169999987 0.176160261 0.0980000049 0.169999987 0.17750001 0.117999993 -0.25 0.167500004 0.302000016 -0.25 0.167500004 0.302000016 -0.248660281 0.172499999 0.117999993 -0.248660281 0.172499999 0.117999993 -0.248660281 0.172499999 0.302000016 -0.248660281 0.172499999 0.302000016 -0.24499999 0.176160261 0.117999993 -0.24499999 0.176160261 0.117999993 -0.24499999 0.176160261 0.302000016 -0.24499999 0.176160261 0.302000016 -0.240000024 0.17750001 0.117999993 -0.240000024 0.17750001 0.302000016 0.199999988 0.167500004 0.117999993 0.199999988 0.167500004 0.117999993 0.198660254 0.172499999 0.302000016 0.198660254 0.172499999 0.302000016 0.198660254 0.172499999 0.117999993 0.198660254 0.172499999 0.117999993 0.195000008 0.176160261 0.302000016 0.195000008 0.176160261 0.302000016 0.195000008 0.176160261 0.117999993 0.195000008 0.176160261 0.117999993 0.189999998 0.17750001 0.302000016 0.189999998 0.17750001 0.302000016 -0.240000024 0.17750001 0.302000016 -0.24499999 0.176160261 0.306877255 -0.244519651 0.176160261 0.302000016 -0.24499999 0.176160261 0.302000016 -0.248660281 0.172499999 0.307591319 -0.248109564 0.172499999 0.302000016 -0.248660281 0.172499999 0.302000016 -0.25 0.167500004 0.307852715 -0.249423549 0.167500004 0.307591319 -0.248109564 0.172499999 0.307591319 -0.248109564 0.172499999 0.307852715 -0.249423549 0.167500004 0.313480496 -0.247716397 0.167500004 0.312967837 -0.246478632 0.172499999 0.312967837 -0.246478632 0.172499999 0.313480496 -0.247716397 0.167500004 0.318667114 -0.244944081 0.167500004 0.317922801 -0.243830144 0.172499999 0.317922801 -0.243830144 0.172499999 0.318667114 -0.244944081 0.167500004 0.32321319 -0.241213202 0.167500004 0.317922801 -0.243830144 0.172499999 0.32321319 -0.241213202 0.167500004 0.322265863 -0.240265861 0.172499999 0.322265863 -0.240265861 0.172499999 0.32321319 -0.241213202 0.167500004 0.326944113 -0.236667112 0.167500004 0.322265863 -0.240265861 0.172499999 0.326944113 -0.236667112 0.167500004 0.325830132 -0.235922799 0.172499999 0.325830132 -0.235922799 0.172499999 0.326944113 -0.236667112 0.167500004 0.329716384 -0.231480509 0.167500004 0.325830132 -0.235922799 0.172499999 0.329716384 -0.231480509 0.167500004 0.328478634 -0.23096782 0.172499999 0.328478634 -0.23096782 0.172499999 0.329716384 -0.231480509 0.167500004 0.331423551 -0.225852713 0.167500004 0.328478634 -0.23096782 0.172499999 0.331423551 -0.225852713 0.167500004 0.330109566 -0.225591347 0.172499999 0.330109566 -0.225591347 0.172499999 0.331423551 -0.225852713 0.167500004 0.331999987 -0.219999999 0.167500004 0.330660284 -0.219999999 0.172499999 0.302000016 -0.24499999 0.176160261 0.307591319 -0.248109564 0.172499999 0.306877255 -0.244519651 0.176160261 0.306877255 -0.244519651 0.176160261 0.307591319 -0.248109564 0.172499999 0.312967837 -0.246478632 0.172499999 0.306877255 -0.244519651 0.176160261 0.312967837 -0.246478632 0.172499999 0.311567098 -0.243097007 0.176160261 0.311567098 -0.243097007 0.176160261 0.312967837 -0.246478632 0.172499999 0.317922801 -0.243830144 0.172499999 0.315889269 -0.240786731 0.176160261 0.315889269 -0.240786731 0.176160261 0.317922801 -0.243830144 0.172499999 0.322265863 -0.240265861 0.172499999 0.315889269 -0.240786731 0.176160261 0.322265863 -0.240265861 0.172499999 0.319677651 -0.237677678 0.176160261 0.319677651 -0.237677678 0.176160261 0.322265863 -0.240265861 0.172499999 0.325830132 -0.235922799 0.172499999 0.322786748 -0.233889282 0.176160261 0.322786748 -0.233889282 0.176160261 0.325830132 -0.235922799 0.172499999 0.328478634 -0.23096782 0.172499999 0.325096995 -0.229567081 0.176160261 0.325096995 -0.229567081 0.176160261 0.328478634 -0.23096782 0.172499999 0.330109566 -0.225591347 0.172499999 0.326519638 -0.224877268 0.176160261 0.326519638 -0.224877268 0.176160261 0.330109566 -0.225591347 0.172499999 0.330660284 -0.219999999 0.172499999 0.326519638 -0.224877268 0.176160261 0.330660284 -0.219999999 0.172499999 0.326999992 -0.219999999 0.176160261 0.305901796 -0.239615723 0.17750001 0.305901796 -0.239615723 0.17750001 0.306877255 -0.244519651 0.176160261 0.311567098 -0.243097007 0.176160261 0.30965367 -0.238477603 0.17750001 0.30965367 -0.238477603 0.17750001 0.311567098 -0.243097007 0.176160261 0.315889269 -0.240786731 0.176160261 0.313111395 -0.236629412 0.17750001 0.313111395 -0.236629412 0.17750001 0.315889269 -0.240786731 0.176160261 0.319677651 -0.237677678 0.176160261 0.313111395 -0.236629412 0.17750001 0.319677651 -0.237677678 0.176160261 0.316142142 -0.234142154 0.17750001 0.316142142 -0.234142154 0.17750001 0.319677651 -0.237677678 0.176160261 0.322786748 -0.233889282 0.176160261 0.318629414 -0.231111407 0.17750001 0.318629414 -0.231111407 0.17750001 0.322786748 -0.233889282 0.176160261 0.325096995 -0.229567081 0.176160261 0.320477605 -0.227653682 0.17750001 0.320477605 -0.227653682 0.17750001 0.325096995 -0.229567081 0.176160261 0.326519638 -0.224877268 0.176160261 0.321615696 -0.223901808 0.17750001 0.321615696 -0.223901808 0.17750001 0.326519638 -0.224877268 0.176160261 0.326999992 -0.219999999 0.176160261 0.322000027 -0.219999999 0.17750001 0.322000027 0.169999987 0.17750001 0.326999992 0.169999987 0.176160261 0.326519638 0.174877256 0.176160261 0.326999992 0.169999987 0.176160261 0.330660284 0.169999987 0.172499999 0.330109566 0.175591335 0.172499999 0.330660284 0.169999987 0.172499999 0.331999987 0.169999987 0.167500004 0.331423551 0.175852701 0.167500004 0.330660284 0.169999987 0.172499999 0.331423551 0.175852701 0.167500004 0.330109566 0.175591335 0.172499999 0.330109566 0.175591335 0.172499999 0.331423551 0.175852701 0.167500004 0.329716384 0.181480497 0.167500004 0.330109566 0.175591335 0.172499999 0.329716384 0.181480497 0.167500004 0.328478634 0.180967808 0.172499999 0.328478634 0.180967808 0.172499999 0.329716384 0.181480497 0.167500004 0.326944113 0.186667114 0.167500004 0.328478634 0.180967808 0.172499999 0.326944113 0.186667114 0.167500004 0.325830132 0.185922772 0.172499999 0.325830132 0.185922772 0.172499999 0.326944113 0.186667114 0.167500004 0.32321319 0.191213205 0.167500004 0.325830132 0.185922772 0.172499999 0.32321319 0.191213205 0.167500004 0.322265863 0.190265864 0.172499999 0.322265863 0.190265864 0.172499999 0.32321319 0.191213205 0.167500004 0.318667114 0.194944084 0.167500004 0.317922801 0.193830132 0.172499999 0.317922801 0.193830132 0.172499999 0.318667114 0.194944084 0.167500004 0.313480496 0.197716385 0.167500004 0.317922801 0.193830132 0.172499999 0.313480496 0.197716385 0.167500004 0.312967837 0.196478635 0.172499999 0.312967837 0.196478635 0.172499999 0.313480496 0.197716385 0.167500004 0.307852715 0.199423566 0.167500004 0.312967837 0.196478635 0.172499999 0.307852715 0.199423566 0.167500004 0.307591319 0.198109567 0.172499999 0.307591319 0.198109567 0.172499999 0.307852715 0.199423566 0.167500004 0.302000016 0.199999988 0.167500004 0.302000016 0.198660254 0.172499999 0.326519638 0.174877256 0.176160261 0.326519638 0.174877256 0.176160261 0.330109566 0.175591335 0.172499999 0.328478634 0.180967808 0.172499999 0.325096995 0.179567069 0.176160261 0.325096995 0.179567069 0.176160261 0.328478634 0.180967808 0.172499999 0.325830132 0.185922772 0.172499999 0.322786748 0.183889255 0.176160261 0.322786748 0.183889255 0.176160261 0.325830132 0.185922772 0.172499999 0.322265863 0.190265864 0.172499999 0.319677651 0.187677667 0.176160261 0.319677651 0.187677667 0.176160261 0.322265863 0.190265864 0.172499999 0.317922801 0.193830132 0.172499999 0.315889269 0.190786734 0.176160261 0.315889269 0.190786734 0.176160261 0.317922801 0.193830132 0.172499999 0.312967837 0.196478635 0.172499999 0.311567098 0.193096995 0.176160261 0.311567098 0.193096995 0.176160261 0.312967837 0.196478635 0.172499999 0.307591319 0.198109567 0.172499999 0.306877255 0.194519624 0.176160261 0.306877255 0.194519624 0.176160261 0.307591319 0.198109567 0.172499999 0.302000016 0.198660254 0.172499999 0.302000016 0.195000008 0.176160261 0.322000027 0.169999987 0.17750001 0.326519638 0.174877256 0.176160261 0.321615696 0.173901796 0.17750001 0.321615696 0.173901796 0.17750001 0.326519638 0.174877256 0.176160261 0.325096995 0.179567069 0.176160261 0.320477605 0.17765367 0.17750001 0.320477605 0.17765367 0.17750001 0.325096995 0.179567069 0.176160261 0.322786748 0.183889255 0.176160261 0.320477605 0.17765367 0.17750001 0.322786748 0.183889255 0.176160261 0.318629414 0.181111395 0.17750001 0.318629414 0.181111395 0.17750001 0.322786748 0.183889255 0.176160261 0.319677651 0.187677667 0.176160261 0.316142142 0.184142143 0.17750001 0.316142142 0.184142143 0.17750001 0.319677651 0.187677667 0.176160261 0.315889269 0.190786734 0.176160261 0.313111395 0.186629385 0.17750001 0.313111395 0.186629385 0.17750001 0.315889269 0.190786734 0.176160261 0.311567098 0.193096995 0.176160261 0.30965367 0.188477606 0.17750001 0.30965367 0.188477606 0.17750001 0.311567098 0.193096995 0.176160261 0.306877255 0.194519624 0.176160261 0.305901796 0.189615712 0.17750001 0.305901796 0.189615712 0.17750001 0.306877255 0.194519624 0.176160261 0.302000016 0.195000008 0.176160261 0.302000016 0.189999998 0.17750001 0.331999987 -0.219999999 0.167500004 0.331999987 0.169999987 0.167500004 0.330660284 0.169999987 0.172499999 0.330660284 -0.219999999 0.172499999 0.330660284 -0.219999999 0.172499999 0.330660284 0.169999987 0.172499999 0.326999992 0.169999987 0.176160261 0.326999992 -0.219999999 0.176160261 0.326999992 -0.219999999 0.176160261 0.326999992 0.169999987 0.176160261 0.322000027 0.169999987 0.17750001 0.322000027 -0.219999999 0.17750001 0.578876793 -0.331999987 0.0748749971 0.580250025 -0.331999987 0.0800000057 0.620000005 -0.331999987 0.0648749992 0.678876758 -0.331999987 0.0748749971 0.680249989 -0.331999987 0.0800000057 0.822720587 -0.331999987 0.0648749992 0.620000005 -0.331999987 -0.144999996 0.664874971 -0.331999987 -0.088876754 0.710000038 -0.331999987 -0.144999996 0.670000017 -0.331999987 -0.0902500004 0.680249989 -0.331999987 -0.0800000057 0.678876758 -0.331999987 -0.0748749971 0.675125003 -0.331999987 -0.0711232349 0.670000017 -0.331999987 -0.0697499961 0.664874971 -0.331999987 -0.0711232349 0.661123276 -0.331999987 -0.0748749971 0.659750044 -0.331999987 -0.0800000057 0.661123276 -0.331999987 -0.0851249993 0.822720587 -0.331999987 -0.109999999 0.730000019 -0.331999987 -0.109999999 0.678876758 -0.331999987 -0.0851249993 0.719999969 -0.331999987 -0.112679489 0.675125003 -0.331999987 -0.088876754 0.712679505 -0.331999987 -0.120000005 0.670000017 -0.331999987 -0.0902500004 0.710000038 -0.331999987 -0.129999995 0.659750044 -0.331999987 0.0800000057 0.661123276 -0.331999987 0.0748749971 0.822720587 -0.331999987 0.109999999 0.730000019 -0.331999987 0.109999999 0.719999969 -0.331999987 0.112679489 0.678876758 -0.331999987 0.0851249993 0.712679505 -0.331999987 0.120000005 0.675125003 -0.331999987 0.088876754 0.710000038 -0.331999987 0.129999995 0.710000038 -0.331999987 0.144999996 0.670000017 -0.331999987 0.0902500004 0.620000005 -0.331999987 0.144999996 0.664874971 -0.331999987 0.088876754 0.661123276 -0.331999987 0.0851249993 0.664874971 -0.331999987 0.0711232349 0.670000017 -0.331999987 0.0697499961 0.675125003 -0.331999987 0.0711232349 0.675125003 -0.331999987 0.0711232349 0.578876793 -0.331999987 0.0851249993 0.575125039 -0.331999987 0.088876754 0.569999993 -0.331999987 0.0902500004 0.0949999988 -0.331999987 0.144999996 0.564875007 -0.331999987 0.088876754 0.561123252 -0.331999987 0.0851249993 0.0949999988 -0.331999987 0.0648749992 0.559750021 -0.331999987 0.0800000057 0.561123252 -0.331999987 0.0748749971 0.564875007 -0.331999987 0.0711232349 0.0949999988 -0.331999987 0.0648749992 0.564875007 -0.331999987 0.0711232349 0.569999993 -0.331999987 0.0697499961 0.569999993 -0.331999987 0.0697499961 0.575125039 -0.331999987 0.0711232349 0.575125039 -0.331999987 -0.088876754 0.578876793 -0.331999987 -0.0851249993 0.580250025 -0.331999987 -0.0800000057 0.578876793 -0.331999987 -0.0748749971 0.575125039 -0.331999987 -0.0711232349 0.203947544 -0.331999987 -0.0596065521 0.402618647 -0.331999987 -0.019606553 0.569999993 -0.331999987 -0.0697499961 0.559750021 -0.331999987 -0.0800000057 0.561123252 -0.331999987 -0.0851249993 0.0949999988 -0.331999987 -0.144999996 0.564875007 -0.331999987 -0.088876754 0.564875007 -0.331999987 -0.088876754 0.569999993 -0.331999987 -0.0902500004 0.416615427 -0.331999987 0.00883182697 0.410870969 -0.331999987 0.0158481188 0.410870969 -0.331999987 -0.0158481188 0.416615427 -0.331999987 -0.00883182697 0.418671072 -0.331999987 7.04887537e-13 0.418671072 -0.331999987 7.04887537e-13 0.416615427 -0.331999987 0.00883182697 0.181925207 -0.331999987 -0.0485616401 0.187330171 -0.331999987 -0.0554749928 0.195174336 -0.331999987 -0.0594090968 0.402618647 -0.331999987 0.019606553 0.203947544 -0.331999987 0.0596065521 0.0949999988 -0.331999987 0.0648749992 0.203947544 -0.331999987 0.0596065521 0.195174336 -0.331999987 0.0594090968 0.195174336 -0.331999987 0.0594090968 0.187330171 -0.331999987 0.0554749928 0.564875007 -0.331999987 -0.0711232349 0.561123252 -0.331999987 -0.0748749971 0.181925207 -0.331999987 0.0485616401 0.179999992 -0.331999987 0.0400000028 0.179999992 -0.331999987 -0.0400000028 0.835576355 -0.342320859 0.108976953 0.835576355 -0.342320859 -0.108976953 0.925123692 -0.267181724 0.0925483182 0.925123692 -0.267181724 -0.0925483182 0.942340791 -0.25273487 0.0766152665 0.935216188 -0.258713126 0.0873143151 0.944906592 -0.250581861 0.0628402755 0.944906592 -0.250581861 0.0628402755 0.935216188 -0.258713126 0.0873143151 0.944906592 -0.250581861 -0.0628402755 0.942340791 -0.25273487 -0.0766152665 0.942340791 -0.25273487 -0.0766152665 0.925123692 -0.267181724 -0.0925483182 0.935216188 -0.258713126 -0.0873143151 0.915481925 -0.255691051 0.0925483182 0.825934529 -0.330830216 0.108976953 0.925123692 -0.267181724 0.0925483182 0.835576355 -0.342320859 0.108976953 0.915481925 -0.255691051 0.0925483182 0.925123692 -0.267181724 0.0925483182 0.935216188 -0.258713126 0.0873143151 0.925574362 -0.247222483 0.0873143151 0.925574362 -0.247222483 0.0873143151 0.935216188 -0.258713126 0.0873143151 0.942340791 -0.25273487 0.0766152665 0.932698965 -0.241244212 0.0766152665 0.932698965 -0.241244212 0.0766152665 0.942340791 -0.25273487 0.0766152665 0.944906592 -0.250581861 0.0628402755 0.935264826 -0.239091203 0.0628402755 0.935264826 -0.239091203 -0.0628402755 0.935264826 -0.239091203 0.0628402755 0.944906592 -0.250581861 -0.0628402755 0.944906592 -0.250581861 0.0628402755 0.935264826 -0.239091203 -0.0628402755 0.944906592 -0.250581861 -0.0628402755 0.942340791 -0.25273487 -0.0766152665 0.935264826 -0.239091203 -0.0628402755 0.942340791 -0.25273487 -0.0766152665 0.932698965 -0.241244212 -0.0766152665 0.932698965 -0.241244212 -0.0766152665 0.942340791 -0.25273487 -0.0766152665 0.935216188 -0.258713126 -0.0873143151 0.925574362 -0.247222483 -0.0873143151 0.925574362 -0.247222483 -0.0873143151 0.935216188 -0.258713126 -0.0873143151 0.925123692 -0.267181724 -0.0925483182 0.915481925 -0.255691051 -0.0925483182 0.825934529 -0.330830216 -0.108976953 0.915481925 -0.255691051 -0.0925483182 0.835576355 -0.342320859 -0.108976953 0.925123692 -0.267181724 -0.0925483182 0.825934529 -0.330830216 -0.108976953 0.825934529 -0.330830216 0.108976953 0.915481925 -0.255691051 -0.0925483182 0.915481925 -0.255691051 0.0925483182 0.932698965 -0.241244212 -0.0766152665 0.925574362 -0.247222483 -0.0873143151 0.935264826 -0.239091203 -0.0628402755 0.935264826 -0.239091203 -0.0628402755 0.925574362 -0.247222483 -0.0873143151 0.935264826 -0.239091203 0.0628402755 0.932698965 -0.241244212 0.0766152665 0.925574362 -0.247222483 0.0873143151 0.561123252 -0.34375 -0.0851249993 0.558308661 -0.347000003 -0.0867500007 0.564875007 -0.34375 -0.088876754 0.564875007 -0.34375 -0.088876754 0.558308661 -0.347000003 -0.0867500007 0.563250005 -0.347000003 -0.091691345 0.564875007 -0.34375 -0.088876754 0.563250005 -0.347000003 -0.091691345 0.569999993 -0.34375 -0.0902500004 0.569999993 -0.34375 -0.0902500004 0.563250005 -0.347000003 -0.091691345 0.569999993 -0.347000003 -0.0935000032 0.569999993 -0.34375 -0.0902500004 0.569999993 -0.347000003 -0.0935000032 0.575125039 -0.34375 -0.088876754 0.57674998 -0.347000003 -0.091691345 0.575125039 -0.34375 -0.088876754 0.57674998 -0.347000003 -0.091691345 0.578876793 -0.34375 -0.0851249993 0.581691384 -0.347000003 -0.0867500007 0.578876793 -0.34375 -0.0851249993 0.581691384 -0.347000003 -0.0867500007 0.580250025 -0.34375 -0.0800000057 0.583500028 -0.347000003 -0.0800000057 0.580250025 -0.34375 -0.0800000057 0.583500028 -0.347000003 -0.0800000057 0.578876793 -0.34375 -0.0748749971 0.578876793 -0.34375 -0.0748749971 0.583500028 -0.347000003 -0.0800000057 0.581691384 -0.347000003 -0.0732500032 0.578876793 -0.34375 -0.0748749971 0.581691384 -0.347000003 -0.0732500032 0.575125039 -0.34375 -0.0711232349 0.575125039 -0.34375 -0.0711232349 0.581691384 -0.347000003 -0.0732500032 0.57674998 -0.347000003 -0.0683086514 0.575125039 -0.34375 -0.0711232349 0.57674998 -0.347000003 -0.0683086514 0.569999993 -0.34375 -0.0697499961 0.569999993 -0.347000003 -0.0665000007 0.569999993 -0.34375 -0.0697499961 0.569999993 -0.347000003 -0.0665000007 0.564875007 -0.34375 -0.0711232349 0.564875007 -0.34375 -0.0711232349 0.569999993 -0.347000003 -0.0665000007 0.563250005 -0.347000003 -0.0683086514 0.564875007 -0.34375 -0.0711232349 0.563250005 -0.347000003 -0.0683086514 0.561123252 -0.34375 -0.0748749971 0.561123252 -0.34375 -0.0748749971 0.563250005 -0.347000003 -0.0683086514 0.558308661 -0.347000003 -0.0732500032 0.561123252 -0.34375 -0.0748749971 0.558308661 -0.347000003 -0.0732500032 0.559750021 -0.34375 -0.0800000057 0.559750021 -0.34375 -0.0800000057 0.558308661 -0.347000003 -0.0732500032 0.556500018 -0.347000003 -0.0800000057 0.559750021 -0.34375 -0.0800000057 0.556500018 -0.347000003 -0.0800000057 0.561123252 -0.34375 -0.0851249993 0.561123252 -0.34375 -0.0851249993 0.556500018 -0.347000003 -0.0800000057 0.558308661 -0.347000003 -0.0867500007 0.661123276 -0.34375 -0.0851249993 0.658308625 -0.347000003 -0.0867500007 0.664874971 -0.34375 -0.088876754 0.664874971 -0.34375 -0.088876754 0.658308625 -0.347000003 -0.0867500007 0.663250029 -0.347000003 -0.091691345 0.664874971 -0.34375 -0.088876754 0.663250029 -0.347000003 -0.091691345 0.670000017 -0.34375 -0.0902500004 0.670000017 -0.347000003 -0.0935000032 0.670000017 -0.34375 -0.0902500004 0.670000017 -0.347000003 -0.0935000032 0.675125003 -0.34375 -0.088876754 0.675125003 -0.34375 -0.088876754 0.670000017 -0.347000003 -0.0935000032 0.676750004 -0.347000003 -0.091691345 0.675125003 -0.34375 -0.088876754 0.676750004 -0.347000003 -0.091691345 0.678876758 -0.34375 -0.0851249993 0.678876758 -0.34375 -0.0851249993 0.676750004 -0.347000003 -0.091691345 0.681691289 -0.347000003 -0.0867500007 0.678876758 -0.34375 -0.0851249993 0.681691289 -0.347000003 -0.0867500007 0.680249989 -0.34375 -0.0800000057 0.680249989 -0.34375 -0.0800000057 0.681691289 -0.347000003 -0.0867500007 0.683500051 -0.347000003 -0.0800000057 0.680249989 -0.34375 -0.0800000057 0.683500051 -0.347000003 -0.0800000057 0.678876758 -0.34375 -0.0748749971 0.678876758 -0.34375 -0.0748749971 0.683500051 -0.347000003 -0.0800000057 0.681691289 -0.347000003 -0.0732500032 0.678876758 -0.34375 -0.0748749971 0.681691289 -0.347000003 -0.0732500032 0.675125003 -0.34375 -0.0711232349 0.675125003 -0.34375 -0.0711232349 0.681691289 -0.347000003 -0.0732500032 0.676750004 -0.347000003 -0.0683086514 0.675125003 -0.34375 -0.0711232349 0.676750004 -0.347000003 -0.0683086514 0.670000017 -0.34375 -0.0697499961 0.670000017 -0.34375 -0.0697499961 0.676750004 -0.347000003 -0.0683086514 0.670000017 -0.347000003 -0.0665000007 0.670000017 -0.34375 -0.0697499961 0.670000017 -0.347000003 -0.0665000007 0.664874971 -0.34375 -0.0711232349 0.663250029 -0.347000003 -0.0683086514 0.664874971 -0.34375 -0.0711232349 0.663250029 -0.347000003 -0.0683086514 0.661123276 -0.34375 -0.0748749971 0.661123276 -0.34375 -0.0748749971 0.663250029 -0.347000003 -0.0683086514 0.658308625 -0.347000003 -0.0732500032 0.661123276 -0.34375 -0.0748749971 0.658308625 -0.347000003 -0.0732500032 0.659750044 -0.34375 -0.0800000057 0.656499982 -0.347000003 -0.0800000057 0.659750044 -0.34375 -0.0800000057 0.656499982 -0.347000003 -0.0800000057 0.661123276 -0.34375 -0.0851249993 0.658308625 -0.347000003 -0.0867500007 0.561123252 -0.34375 0.0748749971 0.558308661 -0.347000003 0.0732500032 0.564875007 -0.34375 0.0711232349 0.563250005 -0.347000003 0.0683086514 0.564875007 -0.34375 0.0711232349 0.563250005 -0.347000003 0.0683086514 0.569999993 -0.34375 0.0697499961 0.569999993 -0.34375 0.0697499961 0.563250005 -0.347000003 0.0683086514 0.569999993 -0.347000003 0.0665000007 0.569999993 -0.34375 0.0697499961 0.569999993 -0.347000003 0.0665000007 0.575125039 -0.34375 0.0711232349 0.575125039 -0.34375 0.0711232349 0.569999993 -0.347000003 0.0665000007 0.57674998 -0.347000003 0.0683086514 0.575125039 -0.34375 0.0711232349 0.57674998 -0.347000003 0.0683086514 0.578876793 -0.34375 0.0748749971 0.581691384 -0.347000003 0.0732500032 0.578876793 -0.34375 0.0748749971 0.581691384 -0.347000003 0.0732500032 0.580250025 -0.34375 0.0800000057 0.580250025 -0.34375 0.0800000057 0.581691384 -0.347000003 0.0732500032 0.583500028 -0.347000003 0.0800000057 0.580250025 -0.34375 0.0800000057 0.583500028 -0.347000003 0.0800000057 0.578876793 -0.34375 0.0851249993 0.578876793 -0.34375 0.0851249993 0.583500028 -0.347000003 0.0800000057 0.581691384 -0.347000003 0.0867500007 0.578876793 -0.34375 0.0851249993 0.581691384 -0.347000003 0.0867500007 0.575125039 -0.34375 0.088876754 0.575125039 -0.34375 0.088876754 0.581691384 -0.347000003 0.0867500007 0.57674998 -0.347000003 0.091691345 0.575125039 -0.34375 0.088876754 0.57674998 -0.347000003 0.091691345 0.569999993 -0.34375 0.0902500004 0.569999993 -0.347000003 0.0935000032 0.569999993 -0.34375 0.0902500004 0.569999993 -0.347000003 0.0935000032 0.564875007 -0.34375 0.088876754 0.563250005 -0.347000003 0.091691345 0.564875007 -0.34375 0.088876754 0.563250005 -0.347000003 0.091691345 0.561123252 -0.34375 0.0851249993 0.561123252 -0.34375 0.0851249993 0.563250005 -0.347000003 0.091691345 0.558308661 -0.347000003 0.0867500007 0.561123252 -0.34375 0.0851249993 0.558308661 -0.347000003 0.0867500007 0.559750021 -0.34375 0.0800000057 0.556500018 -0.347000003 0.0800000057 0.559750021 -0.34375 0.0800000057 0.556500018 -0.347000003 0.0800000057 0.561123252 -0.34375 0.0748749971 0.561123252 -0.34375 0.0748749971 0.556500018 -0.347000003 0.0800000057 0.558308661 -0.347000003 0.0732500032 0.661123276 -0.34375 0.0748749971 0.658308625 -0.347000003 0.0732500032 0.664874971 -0.34375 0.0711232349 0.664874971 -0.34375 0.0711232349 0.658308625 -0.347000003 0.0732500032 0.663250029 -0.347000003 0.0683086514 0.664874971 -0.34375 0.0711232349 0.663250029 -0.347000003 0.0683086514 0.670000017 -0.34375 0.0697499961 0.670000017 -0.347000003 0.0665000007 0.670000017 -0.34375 0.0697499961 0.670000017 -0.347000003 0.0665000007 0.675125003 -0.34375 0.0711232349 0.676750004 -0.347000003 0.0683086514 0.675125003 -0.34375 0.0711232349 0.676750004 -0.347000003 0.0683086514 0.678876758 -0.34375 0.0748749971 0.678876758 -0.34375 0.0748749971 0.676750004 -0.347000003 0.0683086514 0.681691289 -0.347000003 0.0732500032 0.678876758 -0.34375 0.0748749971 0.681691289 -0.347000003 0.0732500032 0.680249989 -0.34375 0.0800000057 0.680249989 -0.34375 0.0800000057 0.681691289 -0.347000003 0.0732500032 0.683500051 -0.347000003 0.0800000057 0.680249989 -0.34375 0.0800000057 0.683500051 -0.347000003 0.0800000057 0.678876758 -0.34375 0.0851249993 0.678876758 -0.34375 0.0851249993 0.683500051 -0.347000003 0.0800000057 0.681691289 -0.347000003 0.0867500007 0.678876758 -0.34375 0.0851249993 0.681691289 -0.347000003 0.0867500007 0.675125003 -0.34375 0.088876754 0.675125003 -0.34375 0.088876754 0.681691289 -0.347000003 0.0867500007 0.676750004 -0.347000003 0.091691345 0.675125003 -0.34375 0.088876754 0.676750004 -0.347000003 0.091691345 0.670000017 -0.34375 0.0902500004 0.670000017 -0.34375 0.0902500004 0.676750004 -0.347000003 0.091691345 0.670000017 -0.347000003 0.0935000032 0.670000017 -0.34375 0.0902500004 0.670000017 -0.347000003 0.0935000032 0.664874971 -0.34375 0.088876754 0.663250029 -0.347000003 0.091691345 0.664874971 -0.34375 0.088876754 0.663250029 -0.347000003 0.091691345 0.661123276 -0.34375 0.0851249993 0.661123276 -0.34375 0.0851249993 0.663250029 -0.347000003 0.091691345 0.658308625 -0.347000003 0.0867500007 0.661123276 -0.34375 0.0851249993 0.658308625 -0.347000003 0.0867500007 0.659750044 -0.34375 0.0800000057 0.659750044 -0.34375 0.0800000057 0.658308625 -0.347000003 0.0867500007 0.656499982 -0.347000003 0.0800000057 0.659750044 -0.34375 0.0800000057 0.656499982 -0.347000003 0.0800000057 0.661123276 -0.34375 0.0748749971 0.661123276 -0.34375 0.0748749971 0.656499982 -0.347000003 0.0800000057 0.658308625 -0.347000003 0.0732500032 0.710000038 -0.331999987 0.129999995 0.710000038 -0.347000003 0.129999995 0.712679505 -0.331999987 0.120000005 0.712679505 -0.347000003 0.120000005 0.712679505 -0.331999987 0.120000005 0.712679505 -0.347000003 0.120000005 0.719999969 -0.331999987 0.112679489 0.719999969 -0.347000003 0.112679489 0.719999969 -0.331999987 0.112679489 0.719999969 -0.347000003 0.112679489 0.730000019 -0.331999987 0.109999999 0.730000019 -0.347000003 0.109999999 0.710000038 -0.347000003 0.129999995 0.710000038 -0.331999987 0.129999995 0.710000038 -0.347000003 0.144999996 0.710000038 -0.331999987 0.144999996 0.0949999988 -0.331999987 -0.144999996 0.0949999988 -0.347000003 -0.144999996 0.0949999988 -0.331999987 0.0648749992 0.0949999988 -0.347000003 0.0632499978 0.0949999988 -0.331999987 0.144999996 0.0949999988 -0.347000003 0.144999996 0.710000038 -0.331999987 -0.129999995 0.710000038 -0.347000003 -0.129999995 0.710000038 -0.331999987 -0.144999996 0.710000038 -0.347000003 -0.144999996 0.730000019 -0.331999987 -0.109999999 0.730000019 -0.347000003 -0.109999999 0.719999969 -0.331999987 -0.112679489 0.719999969 -0.347000003 -0.112679489 0.719999969 -0.331999987 -0.112679489 0.719999969 -0.347000003 -0.112679489 0.712679505 -0.331999987 -0.120000005 0.712679505 -0.347000003 -0.120000005 0.712679505 -0.331999987 -0.120000005 0.712679505 -0.347000003 -0.120000005 0.710000038 -0.331999987 -0.129999995 0.710000038 -0.347000003 -0.129999995 0.659750044 -0.331999987 0.0800000057 0.659750044 -0.34375 0.0800000057 0.661123276 -0.331999987 0.0748749971 0.661123276 -0.34375 0.0748749971 0.661123276 -0.331999987 0.0748749971 0.661123276 -0.34375 0.0748749971 0.664874971 -0.331999987 0.0711232349 0.664874971 -0.34375 0.0711232349 0.664874971 -0.331999987 0.0711232349 0.664874971 -0.34375 0.0711232349 0.670000017 -0.331999987 0.0697499961 0.670000017 -0.34375 0.0697499961 0.670000017 -0.331999987 0.0697499961 0.670000017 -0.34375 0.0697499961 0.675125003 -0.331999987 0.0711232349 0.675125003 -0.34375 0.0711232349 0.675125003 -0.331999987 0.0711232349 0.675125003 -0.34375 0.0711232349 0.678876758 -0.331999987 0.0748749971 0.678876758 -0.34375 0.0748749971 0.678876758 -0.331999987 0.0748749971 0.678876758 -0.34375 0.0748749971 0.680249989 -0.331999987 0.0800000057 0.680249989 -0.34375 0.0800000057 0.680249989 -0.331999987 0.0800000057 0.680249989 -0.34375 0.0800000057 0.678876758 -0.331999987 0.0851249993 0.678876758 -0.34375 0.0851249993 0.678876758 -0.331999987 0.0851249993 0.678876758 -0.34375 0.0851249993 0.675125003 -0.331999987 0.088876754 0.675125003 -0.34375 0.088876754 0.675125003 -0.331999987 0.088876754 0.675125003 -0.34375 0.088876754 0.670000017 -0.331999987 0.0902500004 0.670000017 -0.34375 0.0902500004 0.670000017 -0.331999987 0.0902500004 0.670000017 -0.34375 0.0902500004 0.664874971 -0.331999987 0.088876754 0.664874971 -0.34375 0.088876754 0.664874971 -0.331999987 0.088876754 0.664874971 -0.34375 0.088876754 0.661123276 -0.331999987 0.0851249993 0.661123276 -0.34375 0.0851249993 0.661123276 -0.331999987 0.0851249993 0.661123276 -0.34375 0.0851249993 0.659750044 -0.331999987 0.0800000057 0.659750044 -0.34375 0.0800000057 0.559750021 -0.331999987 0.0800000057 0.559750021 -0.34375 0.0800000057 0.561123252 -0.331999987 0.0748749971 0.561123252 -0.34375 0.0748749971 0.561123252 -0.331999987 0.0748749971 0.561123252 -0.34375 0.0748749971 0.564875007 -0.331999987 0.0711232349 0.564875007 -0.34375 0.0711232349 0.564875007 -0.331999987 0.0711232349 0.564875007 -0.34375 0.0711232349 0.569999993 -0.331999987 0.0697499961 0.569999993 -0.34375 0.0697499961 0.569999993 -0.331999987 0.0697499961 0.569999993 -0.34375 0.0697499961 0.575125039 -0.331999987 0.0711232349 0.575125039 -0.34375 0.0711232349 0.575125039 -0.331999987 0.0711232349 0.575125039 -0.34375 0.0711232349 0.578876793 -0.331999987 0.0748749971 0.578876793 -0.34375 0.0748749971 0.578876793 -0.331999987 0.0748749971 0.578876793 -0.34375 0.0748749971 0.580250025 -0.331999987 0.0800000057 0.580250025 -0.34375 0.0800000057 0.580250025 -0.331999987 0.0800000057 0.580250025 -0.34375 0.0800000057 0.578876793 -0.331999987 0.0851249993 0.578876793 -0.34375 0.0851249993 0.578876793 -0.331999987 0.0851249993 0.578876793 -0.34375 0.0851249993 0.575125039 -0.331999987 0.088876754 0.575125039 -0.34375 0.088876754 0.575125039 -0.331999987 0.088876754 0.575125039 -0.34375 0.088876754 0.569999993 -0.331999987 0.0902500004 0.569999993 -0.34375 0.0902500004 0.569999993 -0.331999987 0.0902500004 0.569999993 -0.34375 0.0902500004 0.564875007 -0.331999987 0.088876754 0.564875007 -0.34375 0.088876754 0.564875007 -0.331999987 0.088876754 0.564875007 -0.34375 0.088876754 0.561123252 -0.331999987 0.0851249993 0.561123252 -0.34375 0.0851249993 0.561123252 -0.331999987 0.0851249993 0.561123252 -0.34375 0.0851249993 0.559750021 -0.331999987 0.0800000057 0.559750021 -0.34375 0.0800000057 0.659750044 -0.331999987 -0.0800000057 0.659750044 -0.34375 -0.0800000057 0.661123276 -0.331999987 -0.0851249993 0.661123276 -0.34375 -0.0851249993 0.661123276 -0.331999987 -0.0851249993 0.661123276 -0.34375 -0.0851249993 0.664874971 -0.331999987 -0.088876754 0.664874971 -0.34375 -0.088876754 0.664874971 -0.331999987 -0.088876754 0.664874971 -0.34375 -0.088876754 0.670000017 -0.331999987 -0.0902500004 0.670000017 -0.34375 -0.0902500004 0.670000017 -0.331999987 -0.0902500004 0.670000017 -0.34375 -0.0902500004 0.675125003 -0.331999987 -0.088876754 0.675125003 -0.34375 -0.088876754 0.675125003 -0.331999987 -0.088876754 0.675125003 -0.34375 -0.088876754 0.678876758 -0.331999987 -0.0851249993 0.678876758 -0.34375 -0.0851249993 0.678876758 -0.331999987 -0.0851249993 0.678876758 -0.34375 -0.0851249993 0.680249989 -0.331999987 -0.0800000057 0.680249989 -0.34375 -0.0800000057 0.680249989 -0.331999987 -0.0800000057 0.680249989 -0.34375 -0.0800000057 0.678876758 -0.331999987 -0.0748749971 0.678876758 -0.34375 -0.0748749971 0.678876758 -0.331999987 -0.0748749971 0.678876758 -0.34375 -0.0748749971 0.675125003 -0.331999987 -0.0711232349 0.675125003 -0.34375 -0.0711232349 0.675125003 -0.331999987 -0.0711232349 0.675125003 -0.34375 -0.0711232349 0.670000017 -0.331999987 -0.0697499961 0.670000017 -0.34375 -0.0697499961 0.670000017 -0.331999987 -0.0697499961 0.670000017 -0.34375 -0.0697499961 0.664874971 -0.331999987 -0.0711232349 0.664874971 -0.34375 -0.0711232349 0.664874971 -0.331999987 -0.0711232349 0.664874971 -0.34375 -0.0711232349 0.661123276 -0.331999987 -0.0748749971 0.661123276 -0.34375 -0.0748749971 0.661123276 -0.331999987 -0.0748749971 0.661123276 -0.34375 -0.0748749971 0.659750044 -0.331999987 -0.0800000057 0.659750044 -0.34375 -0.0800000057 0.559750021 -0.331999987 -0.0800000057 0.559750021 -0.34375 -0.0800000057 0.561123252 -0.331999987 -0.0851249993 0.561123252 -0.34375 -0.0851249993 0.561123252 -0.331999987 -0.0851249993 0.561123252 -0.34375 -0.0851249993 0.564875007 -0.331999987 -0.088876754 0.564875007 -0.34375 -0.088876754 0.564875007 -0.331999987 -0.088876754 0.564875007 -0.34375 -0.088876754 0.569999993 -0.331999987 -0.0902500004 0.569999993 -0.34375 -0.0902500004 0.569999993 -0.331999987 -0.0902500004 0.569999993 -0.34375 -0.0902500004 0.575125039 -0.331999987 -0.088876754 0.575125039 -0.34375 -0.088876754 0.575125039 -0.331999987 -0.088876754 0.575125039 -0.34375 -0.088876754 0.578876793 -0.331999987 -0.0851249993 0.578876793 -0.34375 -0.0851249993 0.578876793 -0.331999987 -0.0851249993 0.578876793 -0.34375 -0.0851249993 0.580250025 -0.331999987 -0.0800000057 0.580250025 -0.34375 -0.0800000057 0.580250025 -0.331999987 -0.0800000057 0.580250025 -0.34375 -0.0800000057 0.578876793 -0.331999987 -0.0748749971 0.578876793 -0.34375 -0.0748749971 0.578876793 -0.331999987 -0.0748749971 0.578876793 -0.34375 -0.0748749971 0.575125039 -0.331999987 -0.0711232349 0.575125039 -0.34375 -0.0711232349 0.575125039 -0.331999987 -0.0711232349 0.575125039 -0.34375 -0.0711232349 0.569999993 -0.331999987 -0.0697499961 0.569999993 -0.34375 -0.0697499961 0.569999993 -0.331999987 -0.0697499961 0.569999993 -0.34375 -0.0697499961 0.564875007 -0.331999987 -0.0711232349 0.564875007 -0.34375 -0.0711232349 0.564875007 -0.331999987 -0.0711232349 0.564875007 -0.34375 -0.0711232349 0.561123252 -0.331999987 -0.0748749971 0.561123252 -0.34375 -0.0748749971 0.561123252 -0.331999987 -0.0748749971 0.561123252 -0.34375 -0.0748749971 0.559750021 -0.331999987 -0.0800000057 0.559750021 -0.34375 -0.0800000057 0.402618647 -0.347000003 0.019606553 0.402618647 -0.331999987 0.019606553 0.410870969 -0.347000003 0.0158481188 0.410870969 -0.331999987 0.0158481188 0.410870969 -0.347000003 0.0158481188 0.410870969 -0.331999987 0.0158481188 0.416615427 -0.347000003 0.00883182697 0.416615427 -0.331999987 0.00883182697 0.416615427 -0.347000003 0.00883182697 0.416615427 -0.331999987 0.00883182697 0.418671072 -0.347000003 7.36563588e-13 0.418671072 -0.331999987 7.04956926e-13 0.418671072 -0.347000003 7.36563588e-13 0.418671072 -0.331999987 7.04956926e-13 0.416615427 -0.347000003 -0.00883182697 0.416615427 -0.331999987 -0.00883182697 0.416615427 -0.347000003 -0.00883182697 0.416615427 -0.331999987 -0.00883182697 0.410870969 -0.347000003 -0.0158481188 0.410870969 -0.331999987 -0.0158481188 0.410870969 -0.347000003 -0.0158481188 0.410870969 -0.331999987 -0.0158481188 0.402618647 -0.347000003 -0.019606553 0.402618647 -0.331999987 -0.019606553 0.203947544 -0.347000003 -0.0596065521 0.402618647 -0.347000003 -0.019606553 0.203947544 -0.331999987 -0.0596065521 0.402618647 -0.331999987 -0.019606553 0.203947544 -0.347000003 -0.0596065521 0.203947544 -0.331999987 -0.0596065521 0.195174336 -0.347000003 -0.0594090968 0.195174336 -0.331999987 -0.0594090968 0.195174336 -0.347000003 -0.0594090968 0.195174336 -0.331999987 -0.0594090968 0.187330171 -0.347000003 -0.0554749928 0.187330171 -0.331999987 -0.0554749928 0.187330171 -0.347000003 -0.0554749928 0.187330171 -0.331999987 -0.0554749928 0.181925207 -0.347000003 -0.0485616401 0.181925207 -0.331999987 -0.0485616401 0.181925207 -0.347000003 -0.0485616401 0.181925207 -0.331999987 -0.0485616401 0.179999992 -0.347000003 -0.0400000028 0.179999992 -0.331999987 -0.0400000028 0.179999992 -0.347000003 0.0400000028 0.179999992 -0.347000003 -0.0400000028 0.179999992 -0.331999987 0.0400000028 0.179999992 -0.331999987 -0.0400000028 0.179999992 -0.347000003 0.0400000028 0.179999992 -0.331999987 0.0400000028 0.181925207 -0.347000003 0.0485616401 0.181925207 -0.331999987 0.0485616401 0.181925207 -0.347000003 0.0485616401 0.181925207 -0.331999987 0.0485616401 0.187330171 -0.347000003 0.0554749928 0.187330171 -0.331999987 0.0554749928 0.187330171 -0.347000003 0.0554749928 0.187330171 -0.331999987 0.0554749928 0.195174336 -0.347000003 0.0594090968 0.195174336 -0.331999987 0.0594090968 0.195174336 -0.347000003 0.0594090968 0.195174336 -0.331999987 0.0594090968 0.203947544 -0.347000003 0.0596065521 0.203947544 -0.331999987 0.0596065521 0.402618647 -0.347000003 0.019606553 0.203947544 -0.347000003 0.0596065521 0.402618647 -0.331999987 0.019606553 0.203947544 -0.331999987 0.0596065521 0.730000019 -0.331999987 -0.109999999 0.822720587 -0.331999987 -0.109999999 0.730000019 -0.347000003 -0.109999999 0.822720587 -0.347000003 -0.109999999 0.558308661 -0.347000003 0.0732500032 0.556500018 -0.347000003 0.0800000057 0.0949999988 -0.347000003 0.0632499978 0.658308625 -0.347000003 0.0732500032 0.656499982 -0.347000003 0.0800000057 0.620000005 -0.347000003 0.0632499978 0.620000005 -0.347000003 0.144999996 0.710000038 -0.347000003 0.129999995 0.710000038 -0.347000003 0.144999996 0.676750004 -0.347000003 0.091691345 0.656499982 -0.347000003 0.0800000057 0.658308625 -0.347000003 0.0867500007 0.663250029 -0.347000003 0.091691345 0.670000017 -0.347000003 0.0935000032 0.683500051 -0.347000003 0.0800000057 0.730000019 -0.347000003 0.109999999 0.681691289 -0.347000003 0.0867500007 0.719999969 -0.347000003 0.112679489 0.719999969 -0.347000003 0.112679489 0.712679505 -0.347000003 0.120000005 0.681691289 -0.347000003 0.0732500032 0.822720587 -0.347000003 0.0632499978 0.822720587 -0.347000003 0.109999999 0.676750004 -0.347000003 0.0683086514 0.670000017 -0.347000003 0.0665000007 0.620000005 -0.347000003 0.0632499978 0.663250029 -0.347000003 0.0683086514 0.663250029 -0.347000003 0.0683086514 0.658308625 -0.347000003 -0.0732500032 0.656499982 -0.347000003 -0.0800000057 0.620000005 -0.347000003 -0.144999996 0.658308625 -0.347000003 -0.0867500007 0.663250029 -0.347000003 -0.091691345 0.663250029 -0.347000003 -0.0683086514 0.670000017 -0.347000003 -0.0665000007 0.676750004 -0.347000003 -0.0683086514 0.681691289 -0.347000003 -0.0732500032 0.670000017 -0.347000003 -0.0935000032 0.712679505 -0.347000003 -0.120000005 0.710000038 -0.347000003 -0.129999995 0.710000038 -0.347000003 -0.144999996 0.719999969 -0.347000003 -0.112679489 0.730000019 -0.347000003 -0.109999999 0.822720587 -0.347000003 -0.109999999 0.683500051 -0.347000003 -0.0800000057 0.681691289 -0.347000003 -0.0867500007 0.676750004 -0.347000003 -0.091691345 0.410870969 -0.347000003 0.0158481188 0.416615427 -0.347000003 0.00883182697 0.558308661 -0.347000003 -0.0732500032 0.418671072 -0.347000003 7.36563588e-13 0.556500018 -0.347000003 -0.0800000057 0.416615427 -0.347000003 -0.00883182697 0.195174336 -0.347000003 -0.0594090968 0.187330171 -0.347000003 -0.0554749928 0.0949999988 -0.347000003 -0.144999996 0.410870969 -0.347000003 -0.0158481188 0.402618647 -0.347000003 -0.019606553 0.203947544 -0.347000003 -0.0596065521 0.581691384 -0.347000003 -0.0732500032 0.583500028 -0.347000003 -0.0800000057 0.558308661 -0.347000003 -0.0867500007 0.563250005 -0.347000003 -0.091691345 0.181925207 -0.347000003 0.0485616401 0.187330171 -0.347000003 0.0554749928 0.569999993 -0.347000003 -0.0935000032 0.57674998 -0.347000003 -0.091691345 0.181925207 -0.347000003 -0.0485616401 0.179999992 -0.347000003 -0.0400000028 0.179999992 -0.347000003 0.0400000028 0.581691384 -0.347000003 -0.0867500007 0.195174336 -0.347000003 0.0594090968 0.0949999988 -0.347000003 0.0632499978 0.195174336 -0.347000003 0.0594090968 0.203947544 -0.347000003 0.0596065521 0.203947544 -0.347000003 0.0596065521 0.402618647 -0.347000003 0.019606553 0.563250005 -0.347000003 -0.0683086514 0.569999993 -0.347000003 -0.0665000007 0.57674998 -0.347000003 -0.0683086514 0.0949999988 -0.347000003 0.144999996 0.558308661 -0.347000003 0.0867500007 0.563250005 -0.347000003 0.091691345 0.569999993 -0.347000003 0.0935000032 0.581691384 -0.347000003 0.0732500032 0.57674998 -0.347000003 0.0683086514 0.57674998 -0.347000003 0.0683086514 0.569999993 -0.347000003 0.0665000007 0.569999993 -0.347000003 0.0665000007 0.569999993 -0.347000003 0.0665000007 0.563250005 -0.347000003 0.0683086514 0.563250005 -0.347000003 0.0683086514 0.569999993 -0.347000003 0.0935000032 0.57674998 -0.347000003 0.091691345 0.581691384 -0.347000003 0.0867500007 0.583500028 -0.347000003 0.0800000057 0.822720587 -0.331999987 0.109999999 0.730000019 -0.331999987 0.109999999 0.822720587 -0.347000003 0.109999999 0.730000019 -0.347000003 0.109999999 0.822720587 -0.331999987 0.109999999 0.822720587 -0.347000003 0.109999999 0.824430048 -0.331696689 0.109488472 0.824430048 -0.331696689 0.109488472 0.822720587 -0.347000003 0.109999999 0.829558492 -0.345786959 0.109488472 0.824430048 -0.331696689 0.109488472 0.829558492 -0.345786959 0.109488472 0.825934529 -0.330830216 0.108976953 0.825934529 -0.330830216 0.108976953 0.829558492 -0.345786959 0.109488472 0.835576355 -0.342320859 0.108976953 0.825934529 -0.330830216 -0.108976953 0.835576355 -0.342320859 -0.108976953 0.824430048 -0.331696689 -0.109488472 0.824430048 -0.331696689 -0.109488472 0.835576355 -0.342320859 -0.108976953 0.829558492 -0.345786959 -0.109488472 0.824430048 -0.331696689 -0.109488472 0.829558492 -0.345786959 -0.109488472 0.822720587 -0.331999987 -0.109999999 0.822720587 -0.331999987 -0.109999999 0.829558492 -0.345786959 -0.109488472 0.822720587 -0.347000003 -0.109999999 0.822720587 -0.331999987 0.0648749992 0.822720587 -0.331999987 0.109999999 0.824430048 -0.331696689 0.109488472 0.825934529 -0.330830216 0.108976953 0.825934529 -0.330830216 -0.108976953 0.824430048 -0.331696689 0.109488472 0.824430048 -0.331696689 0.109488472 0.825934529 -0.330830216 -0.108976953 0.824430048 -0.331696689 -0.109488472 0.824430048 -0.331696689 -0.109488472 0.822720587 -0.331999987 -0.109999999 0.822720587 -0.347000003 0.0632499978 0.822720587 -0.347000003 -0.109999999 0.829558492 -0.345786959 -0.109488472 0.829558492 -0.345786959 0.109488472 0.822720587 -0.347000003 0.109999999 0.829558492 -0.345786959 0.109488472 0.829558492 -0.345786959 -0.109488472 0.835576355 -0.342320859 -0.108976953 0.835576355 -0.342320859 0.108976953 0.710000038 -0.331330121 -0.147500008 0.710000038 -0.344320506 -0.155000001 0.710000038 -0.32949999 -0.149330124 0.710000038 -0.337000012 -0.16232051 0.710000038 -0.32949999 -0.149330124 0.710000038 -0.337000012 -0.16232051 0.710000038 -0.326999992 -0.149999991 0.710000038 -0.326999992 -0.149999991 0.710000038 -0.326999992 -0.164999992 0.0949999988 -0.326999992 -0.149999991 0.0949999988 -0.326999992 -0.164999992 0.0949999988 -0.32949999 -0.149330124 0.0949999988 -0.337000012 -0.16232051 0.0949999988 -0.331330121 -0.147500008 0.0949999988 -0.344320506 -0.155000001 0.620000005 -0.331999987 -0.144999996 0.710000038 -0.331999987 -0.144999996 0.710000038 -0.331330121 -0.147500008 0.710000038 -0.326999992 -0.149999991 0.0949999988 -0.326999992 -0.149999991 0.710000038 -0.32949999 -0.149330124 0.0949999988 -0.32949999 -0.149330124 0.710000038 -0.32949999 -0.149330124 0.0949999988 -0.32949999 -0.149330124 0.710000038 -0.331330121 -0.147500008 0.710000038 -0.331330121 -0.147500008 0.0949999988 -0.32949999 -0.149330124 0.0949999988 -0.331330121 -0.147500008 0.710000038 -0.331330121 -0.147500008 0.0949999988 -0.331330121 -0.147500008 0.620000005 -0.331999987 -0.144999996 0.0949999988 -0.331330121 -0.147500008 0.0949999988 -0.331999987 -0.144999996 0.620000005 -0.347000003 -0.144999996 0.0949999988 -0.347000003 -0.144999996 0.0949999988 -0.344320506 -0.155000001 0.710000038 -0.344320506 -0.155000001 0.710000038 -0.347000003 -0.144999996 0.710000038 -0.344320506 -0.155000001 0.0949999988 -0.344320506 -0.155000001 0.0949999988 -0.337000012 -0.16232051 0.710000038 -0.337000012 -0.16232051 0.710000038 -0.337000012 -0.16232051 0.0949999988 -0.337000012 -0.16232051 0.0949999988 -0.326999992 -0.164999992 0.710000038 -0.326999992 -0.164999992 0.137999997 -0.277999997 -0.164999992 0.137999997 -0.277999997 -0.149999991 0.136258334 -0.271499991 -0.164999992 0.136258334 -0.271499991 -0.149999991 0.136258334 -0.271499991 -0.164999992 0.136258334 -0.271499991 -0.149999991 0.131500006 -0.266741663 -0.164999992 0.131500006 -0.266741663 -0.149999991 0.131500006 -0.266741663 -0.164999992 0.131500006 -0.266741663 -0.149999991 0.124999993 -0.264999986 -0.164999992 0.124999993 -0.264999986 -0.149999991 0.124999993 -0.264999986 -0.164999992 0.124999993 -0.264999986 -0.149999991 0.118499994 -0.266741663 -0.164999992 0.118499994 -0.266741663 -0.149999991 0.118499994 -0.266741663 -0.164999992 0.118499994 -0.266741663 -0.149999991 0.113741666 -0.271499991 -0.164999992 0.113741666 -0.271499991 -0.149999991 0.113741666 -0.271499991 -0.164999992 0.113741666 -0.271499991 -0.149999991 0.111999996 -0.277999997 -0.164999992 0.111999996 -0.277999997 -0.149999991 0.111999996 -0.277999997 -0.164999992 0.111999996 -0.277999997 -0.149999991 0.113741666 -0.284500003 -0.164999992 0.113741666 -0.284500003 -0.149999991 0.113741666 -0.284500003 -0.164999992 0.113741666 -0.284500003 -0.149999991 0.118499994 -0.289258331 -0.164999992 0.118499994 -0.289258331 -0.149999991 0.118499994 -0.289258331 -0.164999992 0.118499994 -0.289258331 -0.149999991 0.124999993 -0.291000009 -0.164999992 0.124999993 -0.291000009 -0.149999991 0.124999993 -0.291000009 -0.164999992 0.124999993 -0.291000009 -0.149999991 0.131500006 -0.289258331 -0.164999992 0.131500006 -0.289258331 -0.149999991 0.131500006 -0.289258331 -0.164999992 0.131500006 -0.289258331 -0.149999991 0.136258334 -0.284500003 -0.164999992 0.136258334 -0.284500003 -0.149999991 0.136258334 -0.284500003 -0.164999992 0.136258334 -0.284500003 -0.149999991 0.137999997 -0.277999997 -0.164999992 0.137999997 -0.277999997 -0.149999991 0.373000026 -0.215000004 -0.164999992 0.373000026 -0.215000004 -0.149999991 0.371258318 -0.208499998 -0.164999992 0.371258318 -0.208499998 -0.149999991 0.371258318 -0.208499998 -0.164999992 0.371258318 -0.208499998 -0.149999991 0.36650002 -0.20374167 -0.164999992 0.36650002 -0.20374167 -0.149999991 0.36650002 -0.20374167 -0.164999992 0.36650002 -0.20374167 -0.149999991 0.359999985 -0.201999992 -0.164999992 0.359999985 -0.201999992 -0.149999991 0.359999985 -0.201999992 -0.164999992 0.359999985 -0.201999992 -0.149999991 0.353499979 -0.20374167 -0.164999992 0.353499979 -0.20374167 -0.149999991 0.353499979 -0.20374167 -0.164999992 0.353499979 -0.20374167 -0.149999991 0.34874168 -0.208499998 -0.164999992 0.34874168 -0.208499998 -0.149999991 0.34874168 -0.208499998 -0.164999992 0.34874168 -0.208499998 -0.149999991 0.347000003 -0.215000004 -0.164999992 0.347000003 -0.215000004 -0.149999991 0.347000003 -0.215000004 -0.164999992 0.347000003 -0.215000004 -0.149999991 0.34874168 -0.221500009 -0.164999992 0.34874168 -0.221500009 -0.149999991 0.34874168 -0.221500009 -0.164999992 0.34874168 -0.221500009 -0.149999991 0.353499979 -0.226258337 -0.164999992 0.353499979 -0.226258337 -0.149999991 0.353499979 -0.226258337 -0.164999992 0.353499979 -0.226258337 -0.149999991 0.359999985 -0.228 -0.164999992 0.359999985 -0.228 -0.149999991 0.359999985 -0.228 -0.164999992 0.359999985 -0.228 -0.149999991 0.36650002 -0.226258337 -0.164999992 0.36650002 -0.226258337 -0.149999991 0.36650002 -0.226258337 -0.164999992 0.36650002 -0.226258337 -0.149999991 0.371258318 -0.221500009 -0.164999992 0.371258318 -0.221500009 -0.149999991 0.371258318 -0.221500009 -0.164999992 0.371258318 -0.221500009 -0.149999991 0.373000026 -0.215000004 -0.164999992 0.373000026 -0.215000004 -0.149999991 0.307999998 -0.277999997 -0.164999992 0.307999998 -0.277999997 -0.149999991 0.306258321 -0.271499991 -0.164999992 0.306258321 -0.271499991 -0.149999991 0.306258321 -0.271499991 -0.164999992 0.306258321 -0.271499991 -0.149999991 0.301499993 -0.266741663 -0.164999992 0.301499993 -0.266741663 -0.149999991 0.301499993 -0.266741663 -0.164999992 0.301499993 -0.266741663 -0.149999991 0.295000017 -0.264999986 -0.164999992 0.295000017 -0.264999986 -0.149999991 0.295000017 -0.264999986 -0.164999992 0.295000017 -0.264999986 -0.149999991 0.288500011 -0.266741663 -0.164999992 0.288500011 -0.266741663 -0.149999991 0.288500011 -0.266741663 -0.164999992 0.288500011 -0.266741663 -0.149999991 0.283741683 -0.271499991 -0.164999992 0.283741683 -0.271499991 -0.164999992 0.288500011 -0.266741663 -0.149999991 0.283741683 -0.271499991 -0.149999991 0.283741683 -0.271499991 -0.164999992 0.283741683 -0.271499991 -0.149999991 0.282000005 -0.277999997 -0.164999992 0.282000005 -0.277999997 -0.149999991 0.282000005 -0.277999997 -0.164999992 0.282000005 -0.277999997 -0.149999991 0.283741683 -0.284500003 -0.164999992 0.283741683 -0.284500003 -0.149999991 0.283741683 -0.284500003 -0.164999992 0.283741683 -0.284500003 -0.149999991 0.288500011 -0.289258331 -0.164999992 0.288500011 -0.289258331 -0.164999992 0.283741683 -0.284500003 -0.149999991 0.288500011 -0.289258331 -0.149999991 0.288500011 -0.289258331 -0.164999992 0.288500011 -0.289258331 -0.149999991 0.295000017 -0.291000009 -0.164999992 0.295000017 -0.291000009 -0.149999991 0.295000017 -0.291000009 -0.164999992 0.295000017 -0.291000009 -0.149999991 0.301499993 -0.289258331 -0.164999992 0.301499993 -0.289258331 -0.149999991 0.301499993 -0.289258331 -0.164999992 0.301499993 -0.289258331 -0.149999991 0.306258321 -0.284500003 -0.164999992 0.306258321 -0.284500003 -0.149999991 0.306258321 -0.284500003 -0.164999992 0.306258321 -0.284500003 -0.149999991 0.307999998 -0.277999997 -0.164999992 0.307999998 -0.277999997 -0.149999991 0.124999993 -0.252000004 -0.149999991 0.124999993 -0.252000004 -0.164999992 0.109999999 -0.256019235 -0.164999992 0.109999999 -0.256019235 -0.149999991 0.109999999 -0.256019235 -0.149999991 0.109999999 -0.256019235 -0.164999992 0.0990192294 -0.26699999 -0.164999992 0.0990192294 -0.26699999 -0.149999991 0.0990192294 -0.26699999 -0.149999991 0.0990192294 -0.26699999 -0.164999992 0.0949999988 -0.282000005 -0.164999992 0.0949999988 -0.282000005 -0.149999991 0.124999993 -0.252000004 -0.149999991 0.324999988 -0.252000004 -0.149999991 0.124999993 -0.252000004 -0.164999992 0.324999988 -0.252000004 -0.164999992 0.335000008 -0.241999999 -0.149999991 0.335000008 -0.241999999 -0.164999992 0.333660245 -0.246999994 -0.149999991 0.333660245 -0.246999994 -0.149999991 0.335000008 -0.241999999 -0.164999992 0.333660245 -0.246999994 -0.164999992 0.333660245 -0.246999994 -0.149999991 0.333660245 -0.246999994 -0.164999992 0.329999983 -0.250660241 -0.149999991 0.329999983 -0.250660241 -0.164999992 0.329999983 -0.250660241 -0.149999991 0.329999983 -0.250660241 -0.164999992 0.324999988 -0.252000004 -0.149999991 0.324999988 -0.252000004 -0.164999992 0.335000008 -0.241999999 -0.149999991 0.335000008 -0.211999997 -0.149999991 0.335000008 -0.241999999 -0.164999992 0.335000008 -0.211999997 -0.164999992 0.36500001 -0.182000011 -0.149999991 0.36500001 -0.182000011 -0.164999992 0.349999994 -0.186019242 -0.164999992 0.349999994 -0.186019242 -0.149999991 0.349999994 -0.186019242 -0.149999991 0.349999994 -0.186019242 -0.164999992 0.339019239 -0.196999997 -0.164999992 0.339019239 -0.196999997 -0.149999991 0.339019239 -0.196999997 -0.149999991 0.339019239 -0.196999997 -0.164999992 0.335000008 -0.211999997 -0.164999992 0.335000008 -0.211999997 -0.149999991 0.36500001 -0.182000011 -0.149999991 0.449626207 -0.182000011 -0.149999991 0.36500001 -0.182000011 -0.164999992 0.449626207 -0.182000011 -0.164999992 0.468157887 -0.188408107 -0.149999991 0.468157887 -0.188408107 -0.164999992 0.459430397 -0.18364726 -0.164999992 0.459430397 -0.18364726 -0.149999991 0.459430397 -0.18364726 -0.149999991 0.459430397 -0.18364726 -0.164999992 0.449626207 -0.182000011 -0.164999992 0.449626207 -0.182000011 -0.149999991 0.468157887 -0.188408107 -0.149999991 0.520567179 -0.229576081 -0.149999991 0.468157887 -0.188408107 -0.164999992 0.520567179 -0.229576081 -0.164999992 0.609381914 -0.26925832 -0.149999991 0.609381914 -0.26925832 -0.164999992 0.577734232 -0.260960639 -0.149999991 0.577734232 -0.260960639 -0.164999992 0.577734232 -0.260960639 -0.149999991 0.577734232 -0.260960639 -0.164999992 0.547862887 -0.24761416 -0.149999991 0.547862887 -0.24761416 -0.164999992 0.547862887 -0.24761416 -0.149999991 0.547862887 -0.24761416 -0.164999992 0.520567179 -0.229576081 -0.149999991 0.520567179 -0.229576081 -0.164999992 0.609381914 -0.26925832 -0.149999991 0.693472981 -0.28408584 -0.149999991 0.609381914 -0.26925832 -0.164999992 0.693472981 -0.28408584 -0.164999992 0.710000038 -0.303781986 -0.149999991 0.710000038 -0.303781986 -0.164999992 0.707872629 -0.294806004 -0.164999992 0.707872629 -0.294806004 -0.149999991 0.707872629 -0.294806004 -0.149999991 0.707872629 -0.294806004 -0.164999992 0.701943159 -0.287739515 -0.164999992 0.701943159 -0.287739515 -0.149999991 0.701943159 -0.287739515 -0.149999991 0.701943159 -0.287739515 -0.164999992 0.693472981 -0.28408584 -0.164999992 0.693472981 -0.28408584 -0.149999991 0.136258334 -0.271499991 -0.149999991 0.295000017 -0.291000009 -0.149999991 0.131500006 -0.266741663 -0.149999991 0.124999993 -0.264999986 -0.149999991 0.288500011 -0.289258331 -0.149999991 0.283741683 -0.284500003 -0.149999991 0.124999993 -0.252000004 -0.149999991 0.282000005 -0.277999997 -0.149999991 0.283741683 -0.271499991 -0.149999991 0.329999983 -0.250660241 -0.149999991 0.295000017 -0.264999986 -0.149999991 0.301499993 -0.266741663 -0.149999991 0.353499979 -0.226258337 -0.149999991 0.34874168 -0.221500009 -0.149999991 0.335000008 -0.211999997 -0.149999991 0.347000003 -0.215000004 -0.149999991 0.339019239 -0.196999997 -0.149999991 0.34874168 -0.208499998 -0.149999991 0.349999994 -0.186019242 -0.149999991 0.353499979 -0.20374167 -0.149999991 0.36500001 -0.182000011 -0.149999991 0.118499994 -0.266741663 -0.149999991 0.109999999 -0.256019235 -0.149999991 0.113741666 -0.271499991 -0.149999991 0.0990192294 -0.26699999 -0.149999991 0.111999996 -0.277999997 -0.149999991 0.0949999988 -0.282000005 -0.149999991 0.113741666 -0.284500003 -0.149999991 0.0949999988 -0.326999992 -0.149999991 0.118499994 -0.289258331 -0.149999991 0.359999985 -0.201999992 -0.149999991 0.36650002 -0.20374167 -0.149999991 0.449626207 -0.182000011 -0.149999991 0.371258318 -0.208499998 -0.149999991 0.459430397 -0.18364726 -0.149999991 0.373000026 -0.215000004 -0.149999991 0.468157887 -0.188408107 -0.149999991 0.520567179 -0.229576081 -0.149999991 0.288500011 -0.266741663 -0.149999991 0.324999988 -0.252000004 -0.149999991 0.335000008 -0.241999999 -0.149999991 0.333660245 -0.246999994 -0.149999991 0.359999985 -0.228 -0.149999991 0.306258321 -0.271499991 -0.149999991 0.547862887 -0.24761416 -0.149999991 0.371258318 -0.221500009 -0.149999991 0.577734232 -0.260960639 -0.149999991 0.710000038 -0.326999992 -0.149999991 0.36650002 -0.226258337 -0.149999991 0.307999998 -0.277999997 -0.149999991 0.306258321 -0.284500003 -0.149999991 0.301499993 -0.289258331 -0.149999991 0.707872629 -0.294806004 -0.149999991 0.701943159 -0.287739515 -0.149999991 0.710000038 -0.303781986 -0.149999991 0.710000038 -0.303781986 -0.149999991 0.701943159 -0.287739515 -0.149999991 0.693472981 -0.28408584 -0.149999991 0.609381914 -0.26925832 -0.149999991 0.137999997 -0.277999997 -0.149999991 0.136258334 -0.284500003 -0.149999991 0.131500006 -0.289258331 -0.149999991 0.124999993 -0.291000009 -0.149999991 0.710000038 -0.303781986 -0.164999992 0.710000038 -0.303781986 -0.149999991 0.324999988 -0.252000004 -0.164999992 0.295000017 -0.264999986 -0.164999992 0.124999993 -0.252000004 -0.164999992 0.288500011 -0.266741663 -0.164999992 0.283741683 -0.271499991 -0.164999992 0.0949999988 -0.326999992 -0.164999992 0.118499994 -0.289258331 -0.164999992 0.124999993 -0.291000009 -0.164999992 0.136258334 -0.284500003 -0.164999992 0.137999997 -0.277999997 -0.164999992 0.710000038 -0.326999992 -0.164999992 0.353499979 -0.226258337 -0.164999992 0.333660245 -0.246999994 -0.164999992 0.34874168 -0.221500009 -0.164999992 0.335000008 -0.241999999 -0.164999992 0.347000003 -0.215000004 -0.164999992 0.335000008 -0.211999997 -0.164999992 0.34874168 -0.208499998 -0.164999992 0.339019239 -0.196999997 -0.164999992 0.353499979 -0.20374167 -0.164999992 0.349999994 -0.186019242 -0.164999992 0.359999985 -0.201999992 -0.164999992 0.36500001 -0.182000011 -0.164999992 0.131500006 -0.289258331 -0.164999992 0.282000005 -0.277999997 -0.164999992 0.136258334 -0.271499991 -0.164999992 0.131500006 -0.266741663 -0.164999992 0.124999993 -0.264999986 -0.164999992 0.109999999 -0.256019235 -0.164999992 0.118499994 -0.266741663 -0.164999992 0.0990192294 -0.26699999 -0.164999992 0.113741666 -0.271499991 -0.164999992 0.0949999988 -0.282000005 -0.164999992 0.111999996 -0.277999997 -0.164999992 0.113741666 -0.284500003 -0.164999992 0.459430397 -0.18364726 -0.164999992 0.373000026 -0.215000004 -0.164999992 0.449626207 -0.182000011 -0.164999992 0.371258318 -0.208499998 -0.164999992 0.36650002 -0.20374167 -0.164999992 0.468157887 -0.188408107 -0.164999992 0.520567179 -0.229576081 -0.164999992 0.371258318 -0.221500009 -0.164999992 0.547862887 -0.24761416 -0.164999992 0.577734232 -0.260960639 -0.164999992 0.36650002 -0.226258337 -0.164999992 0.359999985 -0.228 -0.164999992 0.301499993 -0.289258331 -0.164999992 0.295000017 -0.291000009 -0.164999992 0.288500011 -0.289258331 -0.164999992 0.283741683 -0.284500003 -0.164999992 0.306258321 -0.284500003 -0.164999992 0.307999998 -0.277999997 -0.164999992 0.306258321 -0.271499991 -0.164999992 0.693472981 -0.28408584 -0.164999992 0.701943159 -0.287739515 -0.164999992 0.707872629 -0.294806004 -0.164999992 0.329999983 -0.250660241 -0.164999992 0.301499993 -0.266741663 -0.164999992 0.609381914 -0.26925832 -0.164999992 0.710000038 -0.303781986 -0.164999992 0.0949999988 -0.282000005 -0.149999991 0.0949999988 -0.282000005 -0.164999992 0.0949999988 -0.331330121 0.147500008 0.0949999988 -0.344320506 0.155000001 0.0949999988 -0.32949999 0.149330124 0.0949999988 -0.337000012 0.16232051 0.0949999988 -0.326999992 0.149999991 0.0949999988 -0.326999992 0.164999992 0.710000038 -0.326999992 0.149999991 0.710000038 -0.326999992 0.164999992 0.710000038 -0.32949999 0.149330124 0.710000038 -0.32949999 0.149330124 0.710000038 -0.326999992 0.164999992 0.710000038 -0.337000012 0.16232051 0.710000038 -0.331330121 0.147500008 0.710000038 -0.344320506 0.155000001 0.620000005 -0.331999987 0.144999996 0.0949999988 -0.331999987 0.144999996 0.0949999988 -0.331330121 0.147500008 0.710000038 -0.331999987 0.144999996 0.710000038 -0.331330121 0.147500008 0.710000038 -0.331330121 0.147500008 0.620000005 -0.331999987 0.144999996 0.0949999988 -0.331330121 0.147500008 0.710000038 -0.331330121 0.147500008 0.0949999988 -0.331330121 0.147500008 0.710000038 -0.32949999 0.149330124 0.710000038 -0.32949999 0.149330124 0.0949999988 -0.331330121 0.147500008 0.0949999988 -0.32949999 0.149330124 0.710000038 -0.32949999 0.149330124 0.0949999988 -0.32949999 0.149330124 0.710000038 -0.326999992 0.149999991 0.0949999988 -0.326999992 0.149999991 0.620000005 -0.347000003 0.144999996 0.710000038 -0.347000003 0.144999996 0.710000038 -0.344320506 0.155000001 0.0949999988 -0.344320506 0.155000001 0.0949999988 -0.347000003 0.144999996 0.0949999988 -0.344320506 0.155000001 0.710000038 -0.344320506 0.155000001 0.710000038 -0.337000012 0.16232051 0.0949999988 -0.337000012 0.16232051 0.0949999988 -0.337000012 0.16232051 0.710000038 -0.337000012 0.16232051 0.710000038 -0.326999992 0.164999992 0.0949999988 -0.326999992 0.164999992 0.307999998 -0.277999997 0.164999992 0.307999998 -0.277999997 0.149999991 0.306258321 -0.284500003 0.164999992 0.306258321 -0.284500003 0.149999991 0.306258321 -0.284500003 0.164999992 0.306258321 -0.284500003 0.149999991 0.301499993 -0.289258331 0.164999992 0.301499993 -0.289258331 0.149999991 0.301499993 -0.289258331 0.164999992 0.301499993 -0.289258331 0.149999991 0.295000017 -0.291000009 0.164999992 0.295000017 -0.291000009 0.149999991 0.295000017 -0.291000009 0.164999992 0.295000017 -0.291000009 0.149999991 0.288500011 -0.289258331 0.164999992 0.288500011 -0.289258331 0.149999991 0.288500011 -0.289258331 0.164999992 0.288500011 -0.289258331 0.149999991 0.283741683 -0.284500003 0.164999992 0.283741683 -0.284500003 0.164999992 0.288500011 -0.289258331 0.149999991 0.283741683 -0.284500003 0.149999991 0.283741683 -0.284500003 0.164999992 0.283741683 -0.284500003 0.149999991 0.282000005 -0.277999997 0.164999992 0.282000005 -0.277999997 0.149999991 0.282000005 -0.277999997 0.164999992 0.282000005 -0.277999997 0.149999991 0.283741683 -0.271499991 0.164999992 0.283741683 -0.271499991 0.149999991 0.283741683 -0.271499991 0.164999992 0.283741683 -0.271499991 0.149999991 0.288500011 -0.266741663 0.164999992 0.288500011 -0.266741663 0.164999992 0.283741683 -0.271499991 0.149999991 0.288500011 -0.266741663 0.149999991 0.288500011 -0.266741663 0.164999992 0.288500011 -0.266741663 0.149999991 0.295000017 -0.264999986 0.164999992 0.295000017 -0.264999986 0.149999991 0.295000017 -0.264999986 0.164999992 0.295000017 -0.264999986 0.149999991 0.301499993 -0.266741663 0.164999992 0.301499993 -0.266741663 0.149999991 0.301499993 -0.266741663 0.164999992 0.301499993 -0.266741663 0.149999991 0.306258321 -0.271499991 0.164999992 0.306258321 -0.271499991 0.149999991 0.306258321 -0.271499991 0.164999992 0.306258321 -0.271499991 0.149999991 0.307999998 -0.277999997 0.164999992 0.307999998 -0.277999997 0.149999991 0.373000026 -0.215000004 0.164999992 0.373000026 -0.215000004 0.149999991 0.371258318 -0.221500009 0.164999992 0.371258318 -0.221500009 0.149999991 0.371258318 -0.221500009 0.164999992 0.371258318 -0.221500009 0.149999991 0.36650002 -0.226258337 0.164999992 0.36650002 -0.226258337 0.149999991 0.36650002 -0.226258337 0.164999992 0.36650002 -0.226258337 0.149999991 0.359999985 -0.228 0.164999992 0.359999985 -0.228 0.149999991 0.359999985 -0.228 0.164999992 0.359999985 -0.228 0.149999991 0.353499979 -0.226258337 0.164999992 0.353499979 -0.226258337 0.149999991 0.353499979 -0.226258337 0.164999992 0.353499979 -0.226258337 0.149999991 0.34874168 -0.221500009 0.164999992 0.34874168 -0.221500009 0.149999991 0.34874168 -0.221500009 0.164999992 0.34874168 -0.221500009 0.149999991 0.347000003 -0.215000004 0.164999992 0.347000003 -0.215000004 0.149999991 0.347000003 -0.215000004 0.164999992 0.347000003 -0.215000004 0.149999991 0.34874168 -0.208499998 0.164999992 0.34874168 -0.208499998 0.149999991 0.34874168 -0.208499998 0.164999992 0.34874168 -0.208499998 0.149999991 0.353499979 -0.20374167 0.164999992 0.353499979 -0.20374167 0.149999991 0.353499979 -0.20374167 0.164999992 0.353499979 -0.20374167 0.149999991 0.359999985 -0.201999992 0.164999992 0.359999985 -0.201999992 0.149999991 0.359999985 -0.201999992 0.164999992 0.359999985 -0.201999992 0.149999991 0.36650002 -0.20374167 0.164999992 0.36650002 -0.20374167 0.149999991 0.36650002 -0.20374167 0.164999992 0.36650002 -0.20374167 0.149999991 0.371258318 -0.208499998 0.164999992 0.371258318 -0.208499998 0.149999991 0.371258318 -0.208499998 0.164999992 0.371258318 -0.208499998 0.149999991 0.373000026 -0.215000004 0.164999992 0.373000026 -0.215000004 0.149999991 0.137999997 -0.277999997 0.164999992 0.137999997 -0.277999997 0.149999991 0.136258334 -0.284500003 0.164999992 0.136258334 -0.284500003 0.149999991 0.136258334 -0.284500003 0.164999992 0.136258334 -0.284500003 0.149999991 0.131500006 -0.289258331 0.164999992 0.131500006 -0.289258331 0.149999991 0.131500006 -0.289258331 0.164999992 0.131500006 -0.289258331 0.149999991 0.124999993 -0.291000009 0.164999992 0.124999993 -0.291000009 0.149999991 0.124999993 -0.291000009 0.164999992 0.124999993 -0.291000009 0.149999991 0.118499994 -0.289258331 0.164999992 0.118499994 -0.289258331 0.149999991 0.118499994 -0.289258331 0.164999992 0.118499994 -0.289258331 0.149999991 0.113741666 -0.284500003 0.164999992 0.113741666 -0.284500003 0.149999991 0.113741666 -0.284500003 0.164999992 0.113741666 -0.284500003 0.149999991 0.111999996 -0.277999997 0.164999992 0.111999996 -0.277999997 0.149999991 0.111999996 -0.277999997 0.164999992 0.111999996 -0.277999997 0.149999991 0.113741666 -0.271499991 0.164999992 0.113741666 -0.271499991 0.149999991 0.113741666 -0.271499991 0.164999992 0.113741666 -0.271499991 0.149999991 0.118499994 -0.266741663 0.164999992 0.118499994 -0.266741663 0.149999991 0.118499994 -0.266741663 0.164999992 0.118499994 -0.266741663 0.149999991 0.124999993 -0.264999986 0.164999992 0.124999993 -0.264999986 0.149999991 0.124999993 -0.264999986 0.164999992 0.124999993 -0.264999986 0.149999991 0.131500006 -0.266741663 0.164999992 0.131500006 -0.266741663 0.149999991 0.131500006 -0.266741663 0.164999992 0.131500006 -0.266741663 0.149999991 0.136258334 -0.271499991 0.164999992 0.136258334 -0.271499991 0.149999991 0.136258334 -0.271499991 0.164999992 0.136258334 -0.271499991 0.149999991 0.137999997 -0.277999997 0.164999992 0.137999997 -0.277999997 0.149999991 0.693472981 -0.28408584 0.149999991 0.693472981 -0.28408584 0.164999992 0.701943159 -0.287739515 0.164999992 0.701943159 -0.287739515 0.149999991 0.701943159 -0.287739515 0.149999991 0.701943159 -0.287739515 0.164999992 0.707872629 -0.294806004 0.164999992 0.701943159 -0.287739515 0.149999991 0.707872629 -0.294806004 0.164999992 0.707872629 -0.294806004 0.149999991 0.707872629 -0.294806004 0.149999991 0.707872629 -0.294806004 0.164999992 0.710000038 -0.303781986 0.164999992 0.710000038 -0.303781986 0.149999991 0.693472981 -0.28408584 0.149999991 0.609381914 -0.26925832 0.149999991 0.693472981 -0.28408584 0.164999992 0.609381914 -0.26925832 0.164999992 0.520567179 -0.229576081 0.149999991 0.520567179 -0.229576081 0.164999992 0.547862887 -0.24761416 0.149999991 0.547862887 -0.24761416 0.164999992 0.547862887 -0.24761416 0.149999991 0.547862887 -0.24761416 0.164999992 0.577734232 -0.260960639 0.149999991 0.577734232 -0.260960639 0.164999992 0.577734232 -0.260960639 0.149999991 0.577734232 -0.260960639 0.164999992 0.609381914 -0.26925832 0.149999991 0.609381914 -0.26925832 0.164999992 0.520567179 -0.229576081 0.149999991 0.468157887 -0.188408107 0.149999991 0.520567179 -0.229576081 0.164999992 0.468157887 -0.188408107 0.164999992 0.449626207 -0.182000011 0.149999991 0.449626207 -0.182000011 0.164999992 0.459430397 -0.18364726 0.164999992 0.459430397 -0.18364726 0.149999991 0.459430397 -0.18364726 0.149999991 0.459430397 -0.18364726 0.164999992 0.468157887 -0.188408107 0.164999992 0.468157887 -0.188408107 0.149999991 0.449626207 -0.182000011 0.149999991 0.36500001 -0.182000011 0.149999991 0.449626207 -0.182000011 0.164999992 0.36500001 -0.182000011 0.164999992 0.335000008 -0.211999997 0.149999991 0.335000008 -0.211999997 0.164999992 0.339019239 -0.196999997 0.164999992 0.339019239 -0.196999997 0.149999991 0.339019239 -0.196999997 0.149999991 0.339019239 -0.196999997 0.164999992 0.349999994 -0.186019242 0.164999992 0.349999994 -0.186019242 0.149999991 0.349999994 -0.186019242 0.149999991 0.349999994 -0.186019242 0.164999992 0.36500001 -0.182000011 0.164999992 0.36500001 -0.182000011 0.149999991 0.335000008 -0.211999997 0.149999991 0.335000008 -0.241999999 0.149999991 0.335000008 -0.211999997 0.164999992 0.335000008 -0.241999999 0.164999992 0.324999988 -0.252000004 0.149999991 0.324999988 -0.252000004 0.164999992 0.329999983 -0.250660241 0.149999991 0.329999983 -0.250660241 0.164999992 0.329999983 -0.250660241 0.149999991 0.329999983 -0.250660241 0.164999992 0.333660245 -0.246999994 0.149999991 0.333660245 -0.246999994 0.164999992 0.333660245 -0.246999994 0.149999991 0.333660245 -0.246999994 0.164999992 0.335000008 -0.241999999 0.149999991 0.335000008 -0.241999999 0.149999991 0.333660245 -0.246999994 0.164999992 0.335000008 -0.241999999 0.164999992 0.324999988 -0.252000004 0.149999991 0.124999993 -0.252000004 0.149999991 0.324999988 -0.252000004 0.164999992 0.124999993 -0.252000004 0.164999992 0.0949999988 -0.282000005 0.149999991 0.0949999988 -0.282000005 0.164999992 0.0990192294 -0.26699999 0.164999992 0.0990192294 -0.26699999 0.149999991 0.0990192294 -0.26699999 0.149999991 0.0990192294 -0.26699999 0.164999992 0.109999999 -0.256019235 0.164999992 0.109999999 -0.256019235 0.149999991 0.109999999 -0.256019235 0.149999991 0.109999999 -0.256019235 0.164999992 0.124999993 -0.252000004 0.164999992 0.124999993 -0.252000004 0.149999991 0.306258321 -0.271499991 0.149999991 0.301499993 -0.266741663 0.149999991 0.324999988 -0.252000004 0.149999991 0.295000017 -0.264999986 0.149999991 0.124999993 -0.252000004 0.149999991 0.288500011 -0.266741663 0.149999991 0.283741683 -0.271499991 0.149999991 0.0949999988 -0.326999992 0.149999991 0.288500011 -0.289258331 0.149999991 0.295000017 -0.291000009 0.149999991 0.710000038 -0.326999992 0.149999991 0.301499993 -0.289258331 0.149999991 0.306258321 -0.284500003 0.149999991 0.710000038 -0.303781986 0.149999991 0.36500001 -0.182000011 0.149999991 0.359999985 -0.201999992 0.149999991 0.349999994 -0.186019242 0.149999991 0.353499979 -0.20374167 0.149999991 0.339019239 -0.196999997 0.149999991 0.34874168 -0.208499998 0.149999991 0.335000008 -0.211999997 0.149999991 0.347000003 -0.215000004 0.149999991 0.335000008 -0.241999999 0.149999991 0.34874168 -0.221500009 0.149999991 0.333660245 -0.246999994 0.149999991 0.353499979 -0.226258337 0.149999991 0.359999985 -0.228 0.149999991 0.136258334 -0.284500003 0.149999991 0.137999997 -0.277999997 0.149999991 0.282000005 -0.277999997 0.149999991 0.136258334 -0.271499991 0.149999991 0.131500006 -0.266741663 0.149999991 0.124999993 -0.264999986 0.149999991 0.109999999 -0.256019235 0.149999991 0.118499994 -0.266741663 0.149999991 0.0990192294 -0.26699999 0.149999991 0.113741666 -0.271499991 0.149999991 0.0949999988 -0.282000005 0.149999991 0.111999996 -0.277999997 0.149999991 0.113741666 -0.284500003 0.149999991 0.118499994 -0.289258331 0.149999991 0.124999993 -0.291000009 0.149999991 0.131500006 -0.289258331 0.149999991 0.283741683 -0.284500003 0.149999991 0.520567179 -0.229576081 0.149999991 0.547862887 -0.24761416 0.149999991 0.307999998 -0.277999997 0.149999991 0.577734232 -0.260960639 0.149999991 0.609381914 -0.26925832 0.149999991 0.693472981 -0.28408584 0.149999991 0.36650002 -0.226258337 0.149999991 0.459430397 -0.18364726 0.149999991 0.329999983 -0.250660241 0.149999991 0.701943159 -0.287739515 0.149999991 0.707872629 -0.294806004 0.149999991 0.371258318 -0.221500009 0.149999991 0.373000026 -0.215000004 0.149999991 0.449626207 -0.182000011 0.149999991 0.371258318 -0.208499998 0.149999991 0.36650002 -0.20374167 0.149999991 0.468157887 -0.188408107 0.149999991 0.0949999988 -0.282000005 0.164999992 0.0949999988 -0.282000005 0.149999991 0.295000017 -0.291000009 0.164999992 0.124999993 -0.264999986 0.164999992 0.131500006 -0.266741663 0.164999992 0.283741683 -0.271499991 0.164999992 0.288500011 -0.266741663 0.164999992 0.124999993 -0.252000004 0.164999992 0.295000017 -0.264999986 0.164999992 0.301499993 -0.266741663 0.164999992 0.329999983 -0.250660241 0.164999992 0.324999988 -0.252000004 0.164999992 0.124999993 -0.291000009 0.164999992 0.0949999988 -0.326999992 0.164999992 0.131500006 -0.289258331 0.164999992 0.710000038 -0.326999992 0.164999992 0.295000017 -0.291000009 0.164999992 0.288500011 -0.289258331 0.164999992 0.124999993 -0.264999986 0.164999992 0.283741683 -0.284500003 0.164999992 0.282000005 -0.277999997 0.164999992 0.371258318 -0.221500009 0.164999992 0.36650002 -0.226258337 0.164999992 0.359999985 -0.228 0.164999992 0.118499994 -0.266741663 0.164999992 0.109999999 -0.256019235 0.164999992 0.113741666 -0.271499991 0.164999992 0.0990192294 -0.26699999 0.164999992 0.111999996 -0.277999997 0.164999992 0.0949999988 -0.282000005 0.164999992 0.113741666 -0.284500003 0.164999992 0.118499994 -0.289258331 0.164999992 0.520567179 -0.229576081 0.164999992 0.373000026 -0.215000004 0.164999992 0.547862887 -0.24761416 0.164999992 0.577734232 -0.260960639 0.164999992 0.306258321 -0.271499991 0.164999992 0.307999998 -0.277999997 0.164999992 0.306258321 -0.284500003 0.164999992 0.301499993 -0.289258331 0.164999992 0.136258334 -0.271499991 0.164999992 0.137999997 -0.277999997 0.164999992 0.136258334 -0.284500003 0.164999992 0.329999983 -0.250660241 0.164999992 0.359999985 -0.228 0.164999992 0.333660245 -0.246999994 0.164999992 0.333660245 -0.246999994 0.164999992 0.353499979 -0.226258337 0.164999992 0.335000008 -0.241999999 0.164999992 0.34874168 -0.221500009 0.164999992 0.335000008 -0.211999997 0.164999992 0.347000003 -0.215000004 0.164999992 0.339019239 -0.196999997 0.164999992 0.34874168 -0.208499998 0.164999992 0.349999994 -0.186019242 0.164999992 0.353499979 -0.20374167 0.164999992 0.36500001 -0.182000011 0.164999992 0.707872629 -0.294806004 0.164999992 0.701943159 -0.287739515 0.164999992 0.710000038 -0.303781986 0.164999992 0.693472981 -0.28408584 0.164999992 0.609381914 -0.26925832 0.164999992 0.468157887 -0.188408107 0.164999992 0.459430397 -0.18364726 0.164999992 0.371258318 -0.208499998 0.164999992 0.449626207 -0.182000011 0.164999992 0.36650002 -0.20374167 0.164999992 0.359999985 -0.201999992 0.164999992 0.710000038 -0.326999992 0.149999991 0.710000038 -0.303781986 0.149999991 0.710000038 -0.303781986 0.164999992 0.0150000006 -0.120000005 0.144999996 -4.54497551e-15 -0.120000005 0.144999996 0.0150000006 -0.120000005 0.0686250031 -3.46944695e-17 -0.120000005 0.0913908705 0.0150000006 -0.120000005 0.0670342743 -3.46944695e-17 -0.120000005 0.0670342743 0.0150000006 -0.120000005 0.0563908741 -3.46944695e-17 -0.120000005 0.0568908751 0.0150000006 -0.120000005 0.0459092706 -3.46944695e-17 -0.120000005 0.0442840755 0.0150000006 -0.120000005 0.0236249994 -3.46944695e-17 -0.120000005 0.0219999999 0.0150000006 -0.120000005 0.0162499994 -3.46944695e-17 -0.120000005 0.0157500003 0.0150000006 -0.120000005 -0.0162499994 -3.46944695e-17 -0.120000005 -0.0157500003 0.0150000006 -0.120000005 -0.0459092706 0 -0.120000005 -0.144999996 0.0150000006 -0.120000005 -0.144999996 0 -0.120000005 -0.11925 0.0150000006 -0.120000005 -0.118749999 0 -0.120000005 -0.0913908705 0.0150000006 -0.120000005 -0.0902658701 -3.46944695e-17 -0.120000005 -0.0670342743 0.0150000006 -0.120000005 -0.0670342743 -3.46944695e-17 -0.120000005 -0.0568908751 0.0150000006 -0.120000005 -0.0563908741 -3.46944695e-17 -0.120000005 -0.0480000004 -3.46944695e-17 -0.120000005 -0.0442840755 0.0150000006 0.120000005 -0.141010761 0.0150000006 0.120266415 -0.144999996 3.46944695e-17 0.120000005 -0.141010761 0.00749918213 0.120266415 -0.144999996 3.46944695e-17 0.120266415 -0.144999996 0.0150000006 0.120000005 -0.141010761 3.46944695e-17 0.120000005 -0.141010761 0.0150000006 0.120000005 -0.118749999 3.46944695e-17 0.120000005 -0.11925 0.0150000006 0.120000005 -0.0902658701 3.46944695e-17 0.120000005 -0.0913908705 0.0150000006 0.120000005 -0.0670342743 0 0.120000005 -0.0670342743 0.0150000006 0.120000005 -0.0563908741 0 0.120000005 -0.0568908751 0.0150000006 0.120000005 -0.0459092706 0 0.120000005 0.141010761 0.0150000006 0.120000005 0.141010761 0 0.120000005 0.0913908705 0.0150000006 0.120000005 0.0686250031 0 0.120000005 0.0670342743 0.0150000006 0.120000005 0.0670342743 0 0.120000005 0.0568908751 0.0150000006 0.120000005 0.0563908741 0 0.120000005 0.0442840755 0.0150000006 0.120000005 0.0459092706 0 0.120000005 0.0219999999 0.0150000006 0.120000005 0.0236249994 0 0.120000005 0.0157500003 0.0150000006 0.120000005 0.0162499994 0 0.120000005 -0.0157500003 0.0150000006 0.120000005 -0.0162499994 0 0.120000005 -0.0442840755 0 0.120000005 -0.0480000004 0.0150000006 0.120266415 0.144999996 0.0150000006 0.120000005 0.141010761 0.00749918213 0.120266415 0.144999996 0 0.120000005 0.141010761 0 0.120266415 0.144999996 0.0150000006 -0.0401249975 0.088876754 0.0150000006 -0.0350000001 0.0902500004 0.0150000006 -0.0459092706 0.144999996 0.0150000006 0.0235114098 0.0323606804 0.0150000006 0.0323606804 0.0235114098 0.0150000006 0.0459092706 0.0236249994 0.0150000006 -0.0615685433 -0.0479082912 0.0150000006 -0.0565685406 -0.0465685427 0.0150000006 -0.0563908741 -0.0459092706 0.0150000006 -0.0691746846 0.0412499979 0.0150000006 -0.0686250031 0.0459092706 0.0150000006 -0.0737500042 0.0458253175 0.0150000006 -0.0458253175 -0.0862499997 0.0150000006 -0.0459092706 -0.0902658701 0.0150000006 -0.0412499979 -0.0908253193 0.0150000006 0.0670137927 0.0714334249 0.0150000006 0.0670342743 0.0686250031 0.0150000006 0.0695837066 0.0683455318 0.0150000006 -0.0683455318 0.0695837066 0.0150000006 -0.0686250031 0.0686250031 0.0150000006 -0.0670342743 0.0686250031 0.0150000006 -0.0695837066 0.0683455318 0.0150000006 0.120000005 -0.141010761 0.0150000006 0.120000005 -0.118749999 0.0150000006 0.106383204 -0.118749999 0.0150000006 0.120000005 0.0686250031 0.0150000006 0.106383204 0.0686250031 0.0150000006 0.106383204 0.0670342743 0.0150000006 0.120000005 0.141010761 0.0150000006 0.120266415 0.144999996 0.0150000006 0.106383204 0.144999996 0.0150000006 0.120000005 0.0670342743 0.0150000006 0.106383204 0.0563908741 0.0150000006 0.120000005 0.0563908741 0.0150000006 0.106383204 0.0459092706 0.0150000006 0.120000005 0.0459092706 0.0150000006 0.106383204 0.0236249994 0.0150000006 0.120000005 0.0236249994 0.0150000006 0.106383204 0.0162499994 0.0150000006 0.120000005 0.0162499994 0.0150000006 0.106383204 -0.0162499994 0.0150000006 0.120000005 -0.0162499994 0.0150000006 0.106383204 -0.0459092706 0.0150000006 0.120000005 -0.0459092706 0.0150000006 0.106383204 -0.0563908741 0.0150000006 0.120000005 -0.0563908741 0.0150000006 0.106383204 -0.0670342743 0.0150000006 0.120000005 -0.0670342743 0.0150000006 0.106383204 -0.0902658701 0.0150000006 0.120000005 -0.0902658701 0.0150000006 -0.0715317428 0.0669564307 0.0150000006 -0.0777817443 0.0652817488 0.0150000006 -0.0686250031 0.0563908741 0.0150000006 -0.0715317428 0.0669564307 0.0150000006 -0.0686250031 0.0563908741 0.0150000006 -0.0714334249 0.0670137927 0.0150000006 -0.0669564307 0.0840317458 0.0150000006 -0.0652817488 0.0777817443 0.0150000006 -0.0563908741 0.0686250031 0.0150000006 -0.0669564307 0.0715317428 0.0150000006 -0.0670137927 0.0714334249 0.0150000006 -0.0670342743 0.144999996 0.0150000006 -0.0686250031 0.144999996 0.0150000006 -0.0715317428 0.0886070654 0.0150000006 -0.120000005 0.144999996 0.0150000006 -0.0840317458 0.0886070654 0.0150000006 -0.0777817443 0.0902817473 0.0150000006 -0.120000005 0.0563908741 0.0150000006 -0.0840317458 0.0669564307 0.0150000006 -0.120000005 0.0670342743 0.0150000006 -0.0886070654 0.0715317428 0.0150000006 -0.120000005 0.0686250031 0.0150000006 -0.0902817473 0.0777817443 0.0150000006 -0.0886070654 0.0840317458 0.0150000006 0.0902658701 0.0563908741 0.0150000006 0.0840317458 0.0669564307 0.0150000006 0.0670342743 0.0563908741 0.0150000006 0.0777817443 0.0652817488 0.0150000006 0.0715317428 0.0669564307 0.0150000006 0.0902658701 0.0670342743 0.0150000006 0.0902658701 0.0686250031 0.0150000006 0.0886070654 0.0715317428 0.0150000006 0.0886070654 0.0840317458 0.0150000006 0.0902817473 0.0777817443 0.0150000006 0.0902658701 0.144999996 0.0150000006 0.0670342743 0.144999996 0.0150000006 0.0777817443 0.0902817473 0.0150000006 0.0840317458 0.0886070654 0.0150000006 0.0563908741 0.0686250031 0.0150000006 0.0652817488 0.0777817443 0.0150000006 0.0669564307 0.0840317458 0.0150000006 0.0669564307 0.0715317428 0.0150000006 0.0902817473 -0.0777817443 0.0150000006 0.0886070654 -0.0840317458 0.0150000006 0.0902658701 -0.0902658701 0.0150000006 0.0840317458 -0.0886070654 0.0150000006 0.0777817443 -0.0902817473 0.0150000006 0.0670342743 -0.0563908741 0.0150000006 0.0777817443 -0.0652817488 0.0150000006 0.0902658701 -0.0563908741 0.0150000006 0.0840317458 -0.0669564307 0.0150000006 0.0902658701 -0.0670342743 0.0150000006 0.0886070654 -0.0715317428 0.0150000006 0.0669564307 -0.0840317458 0.0150000006 0.0652817488 -0.0777817443 0.0150000006 0.0563908741 -0.0670342743 0.0150000006 0.0669564307 -0.0715317428 0.0150000006 0.0670342743 -0.0670342743 0.0150000006 0.0715317428 -0.0669564307 0.0150000006 -0.120000005 -0.0902658701 0.0150000006 -0.120000005 -0.118749999 0.0150000006 -0.0777817443 -0.0902817473 0.0150000006 -0.0686250031 -0.118749999 0.0150000006 -0.0669564307 -0.0715317428 0.0150000006 -0.0652817488 -0.0777817443 0.0150000006 -0.0563908741 -0.0670342743 0.0150000006 -0.0563908741 -0.0902658701 0.0150000006 -0.0669564307 -0.0840317458 0.0150000006 -0.0670342743 -0.0902658701 0.0150000006 -0.0715317428 -0.0886070654 0.0150000006 -0.0686250031 -0.0902658701 0.0150000006 -0.0686250031 -0.0670342743 0.0150000006 -0.0683455318 -0.0695837066 0.0150000006 -0.0670137927 -0.0714334249 0.0150000006 -0.0840317458 -0.0669564307 0.0150000006 -0.0777817443 -0.0652817488 0.0150000006 -0.0686250031 -0.0563908741 0.0150000006 -0.0715317428 -0.0669564307 0.0150000006 -0.0714334249 -0.0670137927 0.0150000006 -0.0840317458 -0.0886070654 0.0150000006 -0.0886070654 -0.0840317458 0.0150000006 -0.120000005 -0.0670342743 0.0150000006 -0.0902817473 -0.0777817443 0.0150000006 -0.0886070654 -0.0715317428 0.0150000006 -0.0350000001 -0.0925000012 0.0150000006 -0.0459092706 -0.118749999 0.0150000006 -0.0287500005 -0.0908253193 0.0150000006 -0.0236249994 -0.118749999 0.0150000006 -0.0236249994 -0.0670342743 0.0150000006 -0.0241746828 -0.0737500042 0.0150000006 -0.0162499994 -0.0670342743 0.0150000006 -0.022499999 -0.0800000057 0.0150000006 -0.0459092706 -0.0670342743 0.0150000006 -0.0350000001 -0.0675000027 0.0150000006 -0.0287500005 -0.0691746846 0.0150000006 -0.0474999994 -0.0800000057 0.0150000006 -0.0458253175 -0.0737500042 0.0150000006 -0.0412499979 -0.0691746846 0.0150000006 0.0902658701 -0.0459092706 0.0150000006 0.0862499997 -0.0458253175 0.0150000006 0.0800000057 -0.0474999994 0.0150000006 0.0737500042 -0.0458253175 0.0150000006 0.0925000012 -0.0350000001 0.0150000006 0.0908253193 -0.0412499979 0.0150000006 0.0675000027 -0.0350000001 0.0150000006 0.0691746846 -0.0287500005 0.0150000006 0.0670342743 -0.0162499994 0.0150000006 0.0670342743 -0.0459092706 0.0150000006 0.0691746846 -0.0412499979 0.0150000006 0.0737500042 -0.0241746828 0.0150000006 0.0800000057 -0.022499999 0.0150000006 0.0902658701 -0.0162499994 0.0150000006 0.0862499997 -0.0241746828 0.0150000006 0.0908253193 -0.0287500005 0.0150000006 0.0412499979 0.0691746846 0.0150000006 0.0350000001 0.0675000027 0.0150000006 0.0459092706 0.0670342743 0.0150000006 0.0162499994 0.0670342743 0.0150000006 0.0458253175 0.0862499997 0.0150000006 0.0474999994 0.0800000057 0.0150000006 0.0458253175 0.0737500042 0.0150000006 0.0459092706 0.0686250031 0.0150000006 0.0412499979 0.0908253193 0.0150000006 0.0459092706 0.144999996 0.0150000006 0.0563908741 0.144999996 0.0150000006 0.0715317428 0.0886070654 0.0150000006 0.0287500005 0.0691746846 0.0150000006 0.0241746828 0.0737500042 0.0150000006 0.0162499994 0.0686250031 0.0150000006 0.022499999 0.0800000057 0.0150000006 0.0162499994 0.144999996 0.0150000006 0.0241746828 0.0862499997 0.0150000006 0.0287500005 0.0908253193 0.0150000006 0.0350000001 0.0925000012 0.0150000006 -0.0670342743 0.0459092706 0.0150000006 -0.0675000027 0.0350000001 0.0150000006 -0.0670342743 0.0236249994 0.0150000006 -0.0862499997 0.0458253175 0.0150000006 -0.0800000057 0.0474999994 0.0150000006 -0.120000005 0.0459092706 0.0150000006 -0.0908253193 0.0412499979 0.0150000006 -0.0925000012 0.0350000001 0.0150000006 -0.0908253193 0.0287500005 0.0150000006 -0.120000005 0.0236249994 0.0150000006 -0.0862499997 0.0241746828 0.0150000006 -0.120000005 0.0162499994 0.0150000006 -0.0800000057 0.022499999 0.0150000006 -0.0686250031 0.0162499994 0.0150000006 -0.0737500042 0.0241746828 0.0150000006 -0.0686250031 0.0236249994 0.0150000006 -0.0691746846 0.0287500005 0.0150000006 -0.0465685427 -0.0565685406 0.0150000006 -0.0479082912 -0.0615685433 0.0150000006 -0.0515685417 -0.0652287975 0.0150000006 -0.0565685406 -0.066568546 0.0150000006 -0.0670342743 -0.0670342743 0.0150000006 -0.0515685417 -0.0479082912 0.0150000006 -0.0459092706 -0.0459092706 0.0150000006 -0.0615685433 -0.0652287975 0.0150000006 -0.0652287975 -0.0615685433 0.0150000006 -0.0670342743 -0.0563908741 0.0150000006 -0.066568546 -0.0565685406 0.0150000006 -0.0670342743 -0.0459092706 0.0150000006 -0.0652287975 -0.0515685417 0.0150000006 0.066568546 -0.0565685406 0.0150000006 0.0652287975 -0.0515685417 0.0150000006 0.0465685427 -0.0565685406 0.0150000006 0.0479082912 -0.0515685417 0.0150000006 0.0459092706 -0.0459092706 0.0150000006 0.0515685417 -0.0479082912 0.0150000006 0.0563908741 -0.0459092706 0.0150000006 0.0565685406 -0.0465685427 0.0150000006 0.0615685433 -0.0479082912 0.0150000006 0.0652287975 -0.0615685433 0.0150000006 0.0615685433 -0.0652287975 0.0150000006 0.0565685406 -0.066568546 0.0150000006 0.0459092706 -0.0670342743 0.0150000006 0.0515685417 -0.0652287975 0.0150000006 0.0479082912 -0.0615685433 0.0150000006 0.0652287975 0.0615685433 0.0150000006 0.0670342743 0.0670342743 0.0150000006 0.0714334249 0.0670137927 0.0150000006 0.0465685427 0.0565685406 0.0150000006 0.0479082912 0.0615685433 0.0150000006 0.0515685417 0.0652287975 0.0150000006 0.0563908741 0.0670342743 0.0150000006 0.0565685406 0.066568546 0.0150000006 0.0615685433 0.0652287975 0.0150000006 0.066568546 0.0565685406 0.0150000006 0.0652287975 0.0515685417 0.0150000006 0.0670342743 0.0459092706 0.0150000006 0.0615685433 0.0479082912 0.0150000006 0.0563908741 0.0459092706 0.0150000006 0.0565685406 0.0465685427 0.0150000006 0.0459092706 0.0459092706 0.0150000006 0.0515685417 0.0479082912 0.0150000006 -0.0479082912 0.0515685417 0.0150000006 -0.0515685417 0.0479082912 0.0150000006 -0.0459092706 0.0459092706 0.0150000006 -0.0465685427 0.0565685406 0.0150000006 -0.0515685417 0.0652287975 0.0150000006 -0.0459092706 0.0670342743 0.0150000006 -0.0565685406 0.066568546 0.0150000006 -0.0563908741 0.0670342743 0.0150000006 -0.0615685433 0.0652287975 0.0150000006 -0.0670342743 0.0670342743 0.0150000006 -0.0652287975 0.0615685433 0.0150000006 -0.066568546 0.0565685406 0.0150000006 0.0380422622 -0.0123606799 0.0150000006 0.0323606804 -0.0235114098 0.0150000006 0.0235114098 -0.0323606804 0.0150000006 0.0162499994 -0.0459092706 0.0150000006 -0.0236249994 0.0459092706 0.0150000006 -0.0123606799 0.0380422622 0.0150000006 -0.0162499994 0.0459092706 0.0150000006 8.43769499e-14 0.0400000028 0.0150000006 0.0162499994 0.0459092706 0.0150000006 0.0123606799 0.0380422622 0.0150000006 -0.0323606804 0.0235114098 0.0150000006 -0.0235114098 0.0323606804 0.0150000006 -0.0459092706 0.0236249994 0.0150000006 -0.0459092706 0.0162499994 0.0150000006 -0.0380422622 0.0123606799 0.0150000006 -0.0400000028 8.46892001e-14 0.0150000006 -0.0459092706 -0.0162499994 0.0150000006 -0.0380422622 -0.0123606799 0.0150000006 -0.0323606804 -0.0235114098 0.0150000006 -0.0235114098 -0.0323606804 0.0150000006 -0.0236249994 -0.0459092706 0.0150000006 -0.0162499994 -0.0459092706 0.0150000006 0.0123606799 -0.0380422622 0.0150000006 -8.44463388e-14 -0.0400000028 0.0150000006 -0.0123606799 -0.0380422622 0.0150000006 -0.0713397488 -0.00500000035 0.0150000006 -0.0686250031 -0.0162499994 0.0150000006 -0.0700000003 1.4779844e-13 0.0150000006 -0.0713397488 0.00500000035 0.0150000006 -0.0886602551 0.00500000035 0.0150000006 -0.0899999961 1.89986915e-13 0.0150000006 -0.120000005 -0.0162499994 0.0150000006 -0.0886602551 -0.00500000035 0.0150000006 -0.0850000083 0.00866025407 0.0150000006 -0.0800000057 0.0100000007 0.0150000006 -0.0749999955 0.00866025407 0.0150000006 -0.0749999955 -0.00866025407 0.0150000006 -0.0800000057 -0.0100000007 0.0150000006 -0.0850000083 -0.00866025407 0.0150000006 -0.0851249993 -0.0261232406 0.0150000006 -0.0800000057 -0.0247499999 0.0150000006 -0.0748749971 -0.0261232406 0.0150000006 -0.0711232349 -0.0298750009 0.0150000006 -0.0697499961 -0.0350000001 0.0150000006 -0.0686250031 -0.0459092706 0.0150000006 -0.0711232349 -0.0401249975 0.0150000006 -0.0748749971 -0.0438767634 0.0150000006 -0.0800000057 -0.0452500023 0.0150000006 -0.0851249993 -0.0438767634 0.0150000006 -0.088876754 -0.0401249975 0.0150000006 -0.120000005 -0.0459092706 0.0150000006 -0.0902500004 -0.0350000001 0.0150000006 -0.088876754 -0.0298750009 0.0150000006 -0.120000005 -0.0563908741 0.0150000006 -0.0652287975 0.0515685417 0.0150000006 -0.0670342743 0.0563908741 0.0150000006 -0.0686250031 0.0670342743 0.0150000006 -0.0714334249 0.0670137927 0.0150000006 -0.0615685433 0.0479082912 0.0150000006 -0.0670342743 -0.0162499994 0.0150000006 -0.0670342743 0.0162499994 0.0150000006 -0.0563908741 -0.0162499994 0.0150000006 -0.0563908741 0.0162499994 0.0150000006 -0.0563908741 0.0236249994 0.0150000006 -0.0563908741 0.0459092706 0.0150000006 -0.0565685406 0.0465685427 0.0150000006 -0.0459092706 0.0686250031 0.0150000006 -0.0563908741 0.144999996 0.0150000006 -0.0670342743 -0.118749999 0.0150000006 -0.0563908741 -0.118749999 0.0150000006 -0.0236249994 0.144999996 0.0150000006 -0.0298750009 0.088876754 0.0150000006 -0.0261232406 0.0851249993 0.0150000006 -0.0236249994 0.0686250031 0.0150000006 -0.0247499999 0.0800000057 0.0150000006 -0.0261232406 0.0748749971 0.0150000006 -0.0298750009 0.0711232349 0.0150000006 -0.0350000001 0.0697499961 0.0150000006 -0.0401249975 0.0711232349 0.0150000006 -0.0438767634 0.0748749971 0.0150000006 -0.0452500023 0.0800000057 0.0150000006 -0.0438767634 0.0851249993 0.0150000006 -0.0100000007 0.0800000057 0.0150000006 -0.00866025407 0.0850000083 0.0150000006 -0.0162499994 0.144999996 0.0150000006 0.00500000035 0.0713397488 0.0150000006 1.47729051e-13 0.0700000003 0.0150000006 -0.0162499994 0.0686250031 0.0150000006 -0.00500000035 0.0713397488 0.0150000006 -0.00866025407 0.0749999955 0.0150000006 -0.00500000035 0.0886602551 0.0150000006 1.89952221e-13 0.0899999961 0.0150000006 0.00500000035 0.0886602551 0.0150000006 0.00866025407 0.0850000083 0.0150000006 0.0100000007 0.0800000057 0.0150000006 0.00866025407 0.0749999955 0.0150000006 -0.0236249994 0.0670342743 0.0150000006 -0.0162499994 0.0670342743 0.0150000006 -0.0479082912 -0.0515685417 0.0150000006 -0.0459092706 -0.0563908741 0.0150000006 -0.0236249994 -0.0563908741 0.0150000006 -0.0162499994 -0.0563908741 0.0150000006 0.0162499994 -0.0563908741 0.0150000006 0.0162499994 -0.0670342743 0.0150000006 0.0459092706 -0.0563908741 0.0150000006 -0.0162499994 -0.0902658701 0.0150000006 -0.00866025407 -0.0850000083 0.0150000006 -0.0100000007 -0.0800000057 0.0150000006 0.00500000035 -0.0713397488 0.0150000006 -1.47763746e-13 -0.0700000003 0.0150000006 -0.00500000035 -0.0713397488 0.0150000006 -0.00866025407 -0.0749999955 0.0150000006 -0.0241746828 -0.0862499997 0.0150000006 -0.0236249994 -0.0902658701 0.0150000006 0.00866025407 -0.0749999955 0.0150000006 0.0100000007 -0.0800000057 0.0150000006 0.0162499994 -0.0902658701 0.0150000006 0.00866025407 -0.0850000083 0.0150000006 0.00500000035 -0.0886602551 0.0150000006 -1.89986915e-13 -0.0899999961 0.0150000006 -0.00500000035 -0.0886602551 0.0150000006 -0.0479082912 0.0615685433 0.0150000006 -0.0459092706 0.0563908741 0.0150000006 -0.0236249994 0.0563908741 0.0150000006 -0.0162499994 0.0563908741 0.0150000006 0.0162499994 0.0563908741 0.0150000006 0.0459092706 0.0563908741 0.0150000006 0.0479082912 0.0515685417 0.0150000006 0.0438767634 -0.0748749971 0.0150000006 0.0401249975 -0.0711232349 0.0150000006 0.0350000001 -0.0697499961 0.0150000006 0.0261232406 -0.0851249993 0.0150000006 0.0247499999 -0.0800000057 0.0150000006 0.0298750009 -0.0711232349 0.0150000006 0.0459092706 -0.0902658701 0.0150000006 0.0452500023 -0.0800000057 0.0150000006 0.0438767634 -0.0851249993 0.0150000006 0.0261232406 -0.0748749971 0.0150000006 0.0401249975 -0.088876754 0.0150000006 0.0350000001 -0.0902500004 0.0150000006 0.0298750009 -0.088876754 0.0150000006 0.0563908741 -0.0902658701 0.0150000006 0.0670342743 -0.0902658701 0.0150000006 0.0400000028 -8.40993941e-14 0.0150000006 0.0459092706 -0.0162499994 0.0150000006 0.0563908741 -0.0162499994 0.0150000006 -0.0162499994 -0.118749999 0.0150000006 0.0162499994 -0.118749999 0.0150000006 0.0459092706 -0.118749999 0.0150000006 0.0563908741 -0.118749999 0.0150000006 0.0670342743 -0.118749999 0.0150000006 0.0902658701 0.0459092706 0.0150000006 0.0697499961 0.0350000001 0.0150000006 0.0711232349 0.0401249975 0.0150000006 0.088876754 0.0298750009 0.0150000006 0.0902658701 0.0236249994 0.0150000006 0.0902500004 0.0350000001 0.0150000006 0.088876754 0.0401249975 0.0150000006 0.0851249993 0.0261232406 0.0150000006 0.0800000057 0.0247499999 0.0150000006 0.0670342743 0.0236249994 0.0150000006 0.0748749971 0.0261232406 0.0150000006 0.0711232349 0.0298750009 0.0150000006 0.0563908741 0.0236249994 0.0150000006 0.0748749971 0.0438767634 0.0150000006 0.0800000057 0.0452500023 0.0150000006 0.0851249993 0.0438767634 0.0150000006 0.0380422622 0.0123606799 0.0150000006 0.0459092706 0.0162499994 0.0150000006 0.0563908741 0.0162499994 0.0150000006 0.0670342743 0.0162499994 0.0150000006 0.0902658701 0.0162499994 0.0150000006 0.0700000003 -1.47729051e-13 0.0150000006 0.0713397488 0.00500000035 0.0150000006 0.0886602551 -0.00500000035 0.0150000006 0.0899999961 -1.89917526e-13 0.0150000006 0.0886602551 0.00500000035 0.0150000006 0.0850000083 -0.00866025407 0.0150000006 0.0800000057 -0.0100000007 0.0150000006 0.0749999955 -0.00866025407 0.0150000006 0.0713397488 -0.00500000035 0.0150000006 0.0749999955 0.00866025407 0.0150000006 0.0800000057 0.0100000007 0.0150000006 0.0850000083 0.00866025407 0.0150000006 0.0902658701 -0.118749999 0.0150000006 0.0715317428 -0.0886070654 0.0150000006 -0.120000005 -0.144999996 0.0150000006 -0.0686250031 -0.144999996 0.0150000006 -0.0670342743 -0.144999996 0.0150000006 -0.0563908741 -0.144999996 0.0150000006 -0.0459092706 -0.144999996 0.0150000006 -0.0236249994 -0.144999996 0.0150000006 -0.0162499994 -0.144999996 0.0150000006 0.0162499994 -0.144999996 0.0150000006 0.0459092706 -0.144999996 0.0150000006 0.0563908741 -0.144999996 0.0150000006 0.0670342743 -0.144999996 0.0150000006 0.0902658701 -0.144999996 0.0150000006 0.106383204 -0.144999996 0.0150000006 0.120266415 -0.144999996 0 0.106883205 0.0157500003 0 0.106883205 -0.0157500003 0 0.0913908705 -0.0157500003 0 -0.041999612 8.89219254e-14 0 -0.039944008 -0.0129785948 0 -0.0442840755 -0.0157500003 0 -0.0466913432 0.0867500007 0 -0.0442840755 0.0913908705 0 -0.0417499989 0.091691345 0 0.0867500007 0.0466913432 0 0.0913908705 0.0442840755 0 0.091691345 0.0417499989 0 -0.0479082912 0.0515685417 0 -0.0465685427 0.0565685406 0 -0.0442840755 0.0568908751 0 -0.0479082912 -0.0515685417 0 -0.0515685417 -0.0479082912 0 -0.0442840755 -0.0480000004 0 -0.0479082912 -0.0615685433 0 -0.0465685427 -0.0565685406 0 -0.0442840755 -0.0568908751 0 0.0691746846 -0.0412499979 0 0.0737500042 -0.0458253175 0 0.0670342743 -0.0442840755 0 0.0715317428 0.0886070654 0 0.0669564307 0.0840317458 0 0.0670342743 0.0913908705 0 0.0840317458 0.0669564307 0 0.0913908705 0.0670342743 0 0.0913908705 0.0568908751 3.46944695e-17 0.120000005 -0.141010761 3.46944695e-17 0.120266415 -0.144999996 3.46944695e-17 0.106883205 -0.144999996 3.46944695e-17 0.120000005 -0.11925 3.46944695e-17 0.120000005 -0.0913908705 3.46944695e-17 0.106883205 -0.0913908705 0 0.120000005 -0.0670342743 0 0.106883205 -0.0670342743 0 0.120000005 -0.0568908751 0 0.106883205 -0.0568908751 0 0.120000005 -0.0480000004 0 0.106883205 -0.0480000004 0 0.120000005 -0.0442840755 0 0.106883205 -0.0442840755 0 0.120000005 -0.0157500003 0 0.120000005 0.0157500003 0 0.120000005 0.0219999999 0 0.106883205 0.0913908705 0 0.120000005 0.0913908705 0 0.106883205 0.0670342743 0 0.120000005 0.0670342743 0 0.106883205 0.0568908751 0 0.120000005 0.0568908751 0 0.106883205 0.0442840755 0 0.120000005 0.0442840755 0 0.106883205 0.0219999999 0 0.106883205 0.144999996 0 0.120266415 0.144999996 0 0.120000005 0.141010761 -3.46944695e-17 -0.0913908705 0.0670342743 -3.46944695e-17 -0.0913908705 0.0913908705 -3.46944695e-17 -0.0902817473 0.0777817443 -3.46944695e-17 -0.0886070654 0.0840317458 0 -0.0670342743 0.0913908705 0 -0.0777817443 0.0902817473 0 -0.0840317458 0.0886070654 0 -0.0840317458 0.0669564307 0 -0.0777817443 0.0652817488 0 -0.0670342743 0.0568908751 0 -0.0715317428 0.0669564307 0 -0.0670342743 0.0670342743 0 -0.0669564307 0.0715317428 0 -0.0568908751 0.0670342743 0 -0.0652817488 0.0777817443 0 -0.0568908751 0.0913908705 0 -0.0669564307 0.0840317458 0 -0.0715317428 0.0886070654 0 0.0568908751 0.0913908705 0 0.0777817443 0.0652817488 0 0.0670342743 0.0568908751 0 0.0715317428 0.0669564307 0 0.0670342743 0.0670342743 0 0.0669564307 0.0715317428 0 0.0568908751 0.0670342743 0 0.0652817488 0.0777817443 0 0.0777817443 0.0902817473 0 0.0913908705 0.0913908705 0 0.0840317458 0.0886070654 0 0.0886070654 0.0715317428 0 0.0902817473 0.0777817443 0 0.0886070654 0.0840317458 3.46944695e-17 0.0840317458 -0.0886070654 3.46944695e-17 0.0913908705 -0.0913908705 3.46944695e-17 0.0777817443 -0.0902817473 3.46944695e-17 0.0670342743 -0.0913908705 3.46944695e-17 0.0715317428 -0.0886070654 3.46944695e-17 0.0886070654 -0.0840317458 0 0.0902817473 -0.0777817443 0 0.0913908705 -0.0670342743 3.46944695e-17 0.0669564307 -0.0840317458 3.46944695e-17 0.0568908751 -0.0913908705 0 0.0652817488 -0.0777817443 0 0.0840317458 -0.0669564307 0 0.0777817443 -0.0652817488 0 0.0670342743 -0.0568908751 0 0.0715317428 -0.0669564307 0 0.0670342743 -0.0670342743 0 0.0669564307 -0.0715317428 0 0.0568908751 -0.0670342743 3.46944695e-17 -0.0886070654 -0.0840317458 3.46944695e-17 -0.0913908705 -0.0913908705 3.46944695e-17 -0.0902817473 -0.0777817443 -3.46944695e-17 -0.0913908705 -0.0670342743 0 -0.0886070654 -0.0715317428 3.46944695e-17 -0.0840317458 -0.0886070654 3.46944695e-17 -0.0777817443 -0.0902817473 3.46944695e-17 -0.0670342743 -0.0913908705 0 -0.0840317458 -0.0669564307 -3.46944695e-17 -0.0913908705 -0.0568908751 0 -0.0777817443 -0.0652817488 3.46944695e-17 -0.0669564307 -0.0840317458 3.46944695e-17 -0.0652817488 -0.0777817443 0 -0.0568908751 -0.0670342743 0 -0.0669564307 -0.0715317428 0 -0.0670342743 -0.0670342743 0 -0.0715317428 -0.0669564307 0 -0.0670342743 -0.0568908751 3.46944695e-17 -0.0287500005 -0.0908253193 3.46944695e-17 -0.0219999999 -0.11925 3.46944695e-17 -0.0350000001 -0.0925000012 3.46944695e-17 -0.0442840755 -0.11925 3.46944695e-17 -0.0412499979 -0.0908253193 0 -0.0458253175 -0.0737500042 3.46944695e-17 -0.0474999994 -0.0800000057 3.46944695e-17 -0.0568908751 -0.0913908705 3.46944695e-17 -0.0458253175 -0.0862499997 3.46944695e-17 -0.0442840755 -0.0913908705 0 -0.0442840755 -0.0670342743 3.46944695e-17 -0.0715317428 -0.0886070654 3.46944695e-17 -0.022499999 -0.0800000057 3.46944695e-17 -0.0219999999 -0.0913908705 3.46944695e-17 -0.0241746828 -0.0862499997 0 -0.0241746828 -0.0737500042 0 -0.0219999999 -0.0670342743 0 -0.0287500005 -0.0691746846 0 -0.0350000001 -0.0675000027 0 -0.0412499979 -0.0691746846 0 0.0913908705 -0.0442840755 0 0.0913908705 -0.0480000004 0 0.0862499997 -0.0458253175 0 0.0800000057 -0.0474999994 0 0.0670342743 -0.0157500003 0 0.0800000057 -0.022499999 0 0.0737500042 -0.0241746828 0 0.0691746846 -0.0287500005 0 0.0675000027 -0.0350000001 0 0.0908253193 -0.0412499979 0 0.0925000012 -0.0350000001 0 0.0908253193 -0.0287500005 0 0.0862499997 -0.0241746828 0 0.0241746828 0.0737500042 0 0.0287500005 0.0691746846 0 0.0157500003 0.0670342743 0 0.0350000001 0.0675000027 0 0.0442840755 0.0670342743 0 0.0412499979 0.0691746846 0 0.022499999 0.0800000057 0 0.0157500003 0.0913908705 0 0.0241746828 0.0862499997 0 0.0412499979 0.0908253193 0 0.0350000001 0.0925000012 0 0.0442840755 0.144999996 0 0.0287500005 0.0908253193 0 0.0157500003 0.144999996 0 0.0458253175 0.0737500042 0 0.0474999994 0.0800000057 0 0.0480000004 0.0670342743 0 0.0442840755 0.0913908705 0 0.0458253175 0.0862499997 0 0.0480000004 0.0913908705 0 -0.0800000057 0.022499999 0 -0.0737500042 0.0241746828 0 -0.0670342743 0.0219999999 -3.46944695e-17 -0.0913908705 0.0219999999 -3.46944695e-17 -0.0908253193 0.0287500005 0 -0.0862499997 0.0241746828 0 -0.0691746846 0.0287500005 0 -0.0675000027 0.0350000001 0 -0.0670342743 0.0442840755 -3.46944695e-17 -0.0908253193 0.0412499979 -3.46944695e-17 -0.0925000012 0.0350000001 -3.46944695e-17 -0.120000005 0.0442840755 -3.46944695e-17 -0.120000005 0.0219999999 0 -0.0737500042 0.0458253175 0 -0.0800000057 0.0474999994 -3.46944695e-17 -0.0913908705 0.0568908751 -3.46944695e-17 -0.0862499997 0.0458253175 -3.46944695e-17 -0.0913908705 0.0442840755 0 -0.0691746846 0.0412499979 -3.46944695e-17 -0.0886070654 0.0715317428 0 -0.0515685417 -0.0652287975 0 -0.0565685406 -0.066568546 0 -0.0615685433 -0.0652287975 0 -0.0652287975 -0.0615685433 0 0.0465685427 -0.0565685406 0 0.0479082912 -0.0615685433 0 0.0442840755 -0.0670342743 0 0.0442840755 -0.0480000004 0 0.0480000004 -0.0480000004 0 0.0479082912 -0.0515685417 0 0.0515685417 -0.0479082912 0 0.0480000004 -0.0442840755 0 0.0568908751 -0.0442840755 0 0.0670342743 -0.0480000004 0 0.0615685433 -0.0479082912 0 0.0565685406 -0.0465685427 0 0.0480000004 -0.0670342743 0 0.0515685417 -0.0652287975 0 0.0565685406 -0.066568546 0 0.0615685433 -0.0652287975 0 0.0652287975 -0.0615685433 0 0.066568546 -0.0565685406 0 0.0652287975 -0.0515685417 0 0.0565685406 0.0465685427 0 0.0568908751 0.0442840755 0 0.0515685417 0.0479082912 0 0.0480000004 0.0442840755 0 0.0479082912 0.0515685417 0 0.0442840755 0.0442840755 0 0.0515685417 0.0652287975 0 0.0479082912 0.0615685433 0 0.0565685406 0.066568546 0 0.0615685433 0.0652287975 0 0.0652287975 0.0615685433 0 0.066568546 0.0565685406 0 0.0652287975 0.0515685417 0 0.0670342743 0.0442840755 0 0.0615685433 0.0479082912 0 -0.0565685406 0.0465685427 0 -0.0515685417 0.0479082912 0 -0.0442840755 0.0442840755 0 -0.0652287975 0.0515685417 0 -0.066568546 0.0565685406 0 -0.0652287975 0.0615685433 0 -0.0479082912 0.0615685433 0 -0.0442840755 0.0670342743 0 -0.0515685417 0.0652287975 0 -0.0565685406 0.066568546 0 -0.0615685433 0.0652287975 0 0.0282500014 -0.0683086514 0 0.0233086571 -0.0732500032 0 0.0157500003 -0.0670342743 3.46944695e-17 0.0215000007 -0.0800000057 3.46944695e-17 0.0157500003 -0.0913908705 3.46944695e-17 0.0233086571 -0.0867500007 3.46944695e-17 0.0282500014 -0.091691345 0 0.0442840755 -0.0568908751 0 0.0350000001 -0.0665000007 0 0.0157500003 -0.0568908751 0 0.0485000014 -0.0800000057 0 0.0466913432 -0.0732500032 0 0.0417499989 -0.0683086514 3.46944695e-17 0.0480000004 -0.0913908705 3.46944695e-17 0.0466913432 -0.0867500007 3.46944695e-17 0.0442840755 -0.0913908705 3.46944695e-17 0.0417499989 -0.091691345 0 0.0665000007 0.0350000001 0 0.0800000057 0.0485000014 0 0.0732500032 0.0466913432 0 0.0683086514 0.0417499989 0 0.091691345 0.0282500014 0 0.0913908705 0.0219999999 0 0.0867500007 0.0233086571 0 0.0800000057 0.0215000007 0 -0.0350000001 0.0665000007 0 -0.0219999999 0.0568908751 0 -0.0485000014 0.0800000057 0 -0.0466913432 0.0732500032 0 -0.0417499989 0.0683086514 0 -0.0442840755 0.144999996 0 -0.0350000001 0.0935000032 0 -0.0157500003 0.0913908705 0 -0.0215000007 0.0800000057 0 -0.0219999999 0.0913908705 0 -0.0233086571 0.0867500007 0 -0.0282500014 0.091691345 0 -0.0282500014 0.0683086514 0 -0.0219999999 0.0670342743 0 -0.0233086571 0.0732500032 -3.46944695e-17 -0.0913908705 -0.0480000004 0 -0.0800000057 -0.0485000014 0 -0.0867500007 -0.0466913432 -3.46944695e-17 -0.0913908705 -0.0442840755 -3.46944695e-17 -0.091691345 -0.0417499989 -3.46944695e-17 -0.0935000032 -0.0350000001 -3.46944695e-17 -0.120000005 -0.0442840755 -3.46944695e-17 -0.091691345 -0.0282500014 -3.46944695e-17 -0.120000005 -0.0157500003 -3.46944695e-17 -0.0913908705 -0.0157500003 0 -0.0800000057 -0.0215000007 0 -0.0867500007 -0.0233086571 0 -0.0670342743 -0.0157500003 0 -0.0683086514 -0.0282500014 0 -0.0732500032 -0.0233086571 0 -0.0568908751 -0.0442840755 0 -0.0670342743 -0.0442840755 0 -0.0665000007 -0.0350000001 0 -0.0670342743 -0.0480000004 0 -0.0732500032 -0.0466913432 0 -0.0683086514 -0.0417499989 0 -0.0219999999 -0.0442840755 0 -0.0442840755 -0.0442840755 0 -0.0339784026 -0.0246867537 0 -0.0442840755 0.0157500003 0 -0.039944008 0.0129785948 0 -0.0442840755 0.0219999999 0 -0.0339784026 0.0246867537 0 -0.0246867537 0.0339784026 0 -0.0219999999 0.0442840755 0 -0.0157500003 0.0442840755 0 0.0157500003 0.0442840755 0 8.86443696e-14 0.041999612 0 -0.0129785948 0.039944008 0 0.041999612 -8.83668139e-14 0 0.039944008 0.0129785948 0 0.0442840755 0.0157500003 0 0.0339784026 0.0246867537 0 0.0339784026 -0.0246867537 0 0.039944008 -0.0129785948 0 0.0442840755 -0.0157500003 0 -0.0246867537 -0.0339784026 0 -0.0129785948 -0.039944008 0 -0.0157500003 -0.0442840755 0 -8.86443696e-14 -0.041999612 0 0.0157500003 -0.0442840755 0 0.0129785948 -0.039944008 0 0.0442840755 -0.0442840755 0 0.0246867537 -0.0339784026 0 0.0683086514 0.0282500014 0 0.0732500032 0.0233086571 0 0.0670342743 0.0219999999 0 0.0913908705 0.0157500003 0 0.0935000032 0.0350000001 0 0.0913908705 -0.0568908751 0 0.0899999961 -1.89917526e-13 0 0.0886602551 0.00500000035 0 0.0850000083 0.00866025407 0 0.0886602551 -0.00500000035 0 0.0800000057 0.0100000007 0 0.0749999955 0.00866025407 0 0.0670342743 0.0157500003 0 0.0713397488 0.00500000035 0 0.0700000003 -1.47729051e-13 0 0.0713397488 -0.00500000035 0 0.0749999955 -0.00866025407 0 0.0800000057 -0.0100000007 0 0.0850000083 -0.00866025407 0 0.0886070654 -0.0715317428 0 0.0480000004 0.144999996 0 0.0568908751 0.144999996 0 0.0670342743 0.144999996 0 0.0913908705 0.144999996 0 0.0568908751 0.0219999999 0 0.0480000004 0.0219999999 0 0.0442840755 0.0219999999 0 0.0568908751 0.0157500003 0 0.0480000004 0.0157500003 0 0.0246867537 0.0339784026 0 0.0129785948 0.039944008 0 0.0480000004 -0.0157500003 0 0.0568908751 -0.0157500003 3.46944695e-17 0.0442840755 -0.11925 3.46944695e-17 0.0480000004 -0.11925 3.46944695e-17 0.0568908751 -0.11925 3.46944695e-17 0.0670342743 -0.11925 3.46944695e-17 0.0913908705 -0.11925 3.46944695e-17 0.106883205 -0.11925 0 -0.00866025407 0.0850000083 0 -0.0100000007 0.0800000057 0 0.00500000035 0.0713397488 0 1.47763746e-13 0.0700000003 0 -0.0157500003 0.0670342743 0 -0.00500000035 0.0713397488 0 -0.00866025407 0.0749999955 0 0.00866025407 0.0749999955 0 0.0100000007 0.0800000057 0 0.00866025407 0.0850000083 0 0.00500000035 0.0886602551 0 1.89986915e-13 0.0899999961 0 -0.00500000035 0.0886602551 0 0.00866025407 -0.0749999955 0 0.00500000035 -0.0713397488 0 -1.47763746e-13 -0.0700000003 0 -0.0157500003 -0.0670342743 0 -0.00500000035 -0.0713397488 0 -0.00866025407 -0.0749999955 3.46944695e-17 -0.0100000007 -0.0800000057 3.46944695e-17 0.0100000007 -0.0800000057 3.46944695e-17 0.00866025407 -0.0850000083 3.46944695e-17 -0.00866025407 -0.0850000083 3.46944695e-17 -0.00500000035 -0.0886602551 3.46944695e-17 -0.0157500003 -0.0913908705 3.46944695e-17 -1.89986915e-13 -0.0899999961 3.46944695e-17 0.00500000035 -0.0886602551 0 -0.0219999999 0.144999996 0 -0.0157500003 0.144999996 0 -0.0157500003 0.0568908751 0 0.0157500003 0.0568908751 0 0.0442840755 0.0568908751 0 0.0465685427 0.0565685406 3.46944695e-17 -0.0157500003 -0.11925 3.46944695e-17 0.0157500003 -0.11925 3.46944695e-17 0.0350000001 -0.0935000032 0 -0.066568546 -0.0565685406 0 -0.0652287975 -0.0515685417 0 -0.0615685433 -0.0479082912 0 -0.0565685406 -0.0465685427 0 -0.0219999999 -0.0480000004 0 -0.0157500003 -0.0480000004 0 0.0157500003 -0.0480000004 0 -0.0219999999 -0.0568908751 0 -0.0157500003 -0.0568908751 0 -0.0568908751 0.0157500003 0 -0.0568908751 0.0219999999 0 -0.0568908751 0.0442840755 0 -0.0615685433 0.0479082912 0 -0.0568908751 -0.0157500003 0 -0.0670342743 0.0157500003 0 -0.0568908751 0.144999996 0 -0.0670342743 0.144999996 -3.46944695e-17 -0.0913908705 0.144999996 0 -0.0800000057 0.0100000007 0 -0.0850000083 0.00866025407 -3.46944695e-17 -0.0913908705 0.0157500003 0 -0.0850000083 -0.00866025407 0 -0.0800000057 -0.0100000007 -3.46944695e-17 -0.0886602551 0.00500000035 -3.46944695e-17 -0.0899999961 1.89986915e-13 -3.46944695e-17 -0.0886602551 -0.00500000035 0 -0.0749999955 -0.00866025407 0 -0.0713397488 -0.00500000035 0 -0.0700000003 1.4779844e-13 0 -0.0713397488 0.00500000035 0 -0.0749999955 0.00866025407 3.46944695e-17 -0.0568908751 -0.11925 3.46944695e-17 -0.0670342743 -0.11925 3.46944695e-17 -0.0913908705 -0.11925 -3.46944695e-17 -0.120000005 0.0568908751 -3.46944695e-17 -0.120000005 0.0670342743 -3.46944695e-17 -0.120000005 0.0913908705 -3.46944695e-17 -0.120000005 0.144999996 -3.46944695e-17 -0.120000005 0.0157500003 0 -0.120000005 -0.11925 0 -0.120000005 -0.0913908705 -3.46944695e-17 -0.120000005 -0.0670342743 -3.46944695e-17 -0.120000005 -0.0568908751 -3.46944695e-17 -0.120000005 -0.0480000004 3.46944695e-17 0.0913908705 -0.144999996 3.46944695e-17 0.0670342743 -0.144999996 3.46944695e-17 0.0568908751 -0.144999996 3.46944695e-17 0.0480000004 -0.144999996 3.46944695e-17 0.0442840755 -0.144999996 3.46944695e-17 0.0157500003 -0.144999996 3.46944695e-17 -0.0157500003 -0.144999996 3.46944695e-17 -0.0219999999 -0.144999996 3.46944695e-17 -0.0442840755 -0.144999996 3.46944695e-17 -0.0568908751 -0.144999996 3.46944695e-17 -0.0670342743 -0.144999996 3.46944695e-17 -0.0913908705 -0.144999996 0 -0.120000005 -0.144999996 0.0150000006 -0.0683455318 0.0695837066 0 -0.0669564307 0.0715317428 0.0150000006 -0.0695837066 0.0683455318 0 -0.0715317428 0.0669564307 0.0150000006 -0.0695837066 0.0683455318 0 -0.0715317428 0.0669564307 0.0150000006 -0.0714334249 0.0670137927 0.0150000006 -0.0683455318 0.0695837066 0.0150000006 -0.0670137927 0.0714334249 0 -0.0669564307 0.0715317428 0 -0.0669564307 0.0715317428 0.0150000006 -0.0670137927 0.0714334249 0.0150000006 -0.0669564307 0.0715317428 0 -0.0669564307 0.0715317428 0.0150000006 -0.0669564307 0.0715317428 0 -0.0652817488 0.0777817443 0.0150000006 -0.0652817488 0.0777817443 0 -0.0652817488 0.0777817443 0.0150000006 -0.0652817488 0.0777817443 0 -0.0669564307 0.0840317458 0.0150000006 -0.0669564307 0.0840317458 0 -0.0669564307 0.0840317458 0.0150000006 -0.0669564307 0.0840317458 0 -0.0715317428 0.0886070654 0.0150000006 -0.0715317428 0.0886070654 0 -0.0715317428 0.0886070654 0.0150000006 -0.0715317428 0.0886070654 0 -0.0777817443 0.0902817473 0.0150000006 -0.0777817443 0.0902817473 0 -0.0777817443 0.0902817473 0.0150000006 -0.0777817443 0.0902817473 0 -0.0840317458 0.0886070654 0.0150000006 -0.0840317458 0.0886070654 0 -0.0840317458 0.0886070654 0.0150000006 -0.0840317458 0.0886070654 -3.46944695e-17 -0.0886070654 0.0840317458 0.0150000006 -0.0886070654 0.0840317458 -3.46944695e-17 -0.0886070654 0.0840317458 0.0150000006 -0.0886070654 0.0840317458 -3.46944695e-17 -0.0902817473 0.0777817443 0.0150000006 -0.0902817473 0.0777817443 -3.46944695e-17 -0.0902817473 0.0777817443 0.0150000006 -0.0902817473 0.0777817443 -3.46944695e-17 -0.0886070654 0.0715317428 0.0150000006 -0.0886070654 0.0715317428 -3.46944695e-17 -0.0886070654 0.0715317428 0.0150000006 -0.0886070654 0.0715317428 0 -0.0840317458 0.0669564307 0.0150000006 -0.0840317458 0.0669564307 0 -0.0840317458 0.0669564307 0.0150000006 -0.0840317458 0.0669564307 0 -0.0777817443 0.0652817488 0.0150000006 -0.0777817443 0.0652817488 0 -0.0777817443 0.0652817488 0.0150000006 -0.0777817443 0.0652817488 0 -0.0715317428 0.0669564307 0.0150000006 -0.0715317428 0.0669564307 0 -0.0715317428 0.0669564307 0.0150000006 -0.0715317428 0.0669564307 0.0150000006 -0.0714334249 0.0670137927 0 0.0669564307 0.0715317428 0.0150000006 0.0670137927 0.0714334249 0 0.0715317428 0.0669564307 0 0.0715317428 0.0669564307 0.0150000006 0.0670137927 0.0714334249 0.0150000006 0.0695837066 0.0683455318 0.0150000006 0.0695837066 0.0683455318 0.0150000006 0.0714334249 0.0670137927 0 0.0715317428 0.0669564307 0 0.0715317428 0.0669564307 0.0150000006 0.0714334249 0.0670137927 0.0150000006 0.0715317428 0.0669564307 0 0.0715317428 0.0669564307 0.0150000006 0.0715317428 0.0669564307 0 0.0777817443 0.0652817488 0.0150000006 0.0777817443 0.0652817488 0 0.0777817443 0.0652817488 0.0150000006 0.0777817443 0.0652817488 0 0.0840317458 0.0669564307 0.0150000006 0.0840317458 0.0669564307 0 0.0840317458 0.0669564307 0.0150000006 0.0840317458 0.0669564307 0 0.0886070654 0.0715317428 0.0150000006 0.0886070654 0.0715317428 0 0.0886070654 0.0715317428 0.0150000006 0.0886070654 0.0715317428 0 0.0902817473 0.0777817443 0.0150000006 0.0902817473 0.0777817443 0 0.0902817473 0.0777817443 0.0150000006 0.0902817473 0.0777817443 0 0.0886070654 0.0840317458 0.0150000006 0.0886070654 0.0840317458 0 0.0886070654 0.0840317458 0.0150000006 0.0886070654 0.0840317458 0 0.0840317458 0.0886070654 0.0150000006 0.0840317458 0.0886070654 0 0.0840317458 0.0886070654 0.0150000006 0.0840317458 0.0886070654 0 0.0777817443 0.0902817473 0.0150000006 0.0777817443 0.0902817473 0 0.0777817443 0.0902817473 0.0150000006 0.0777817443 0.0902817473 0 0.0715317428 0.0886070654 0.0150000006 0.0715317428 0.0886070654 0 0.0715317428 0.0886070654 0.0150000006 0.0715317428 0.0886070654 0 0.0669564307 0.0840317458 0.0150000006 0.0669564307 0.0840317458 0 0.0669564307 0.0840317458 0.0150000006 0.0669564307 0.0840317458 0 0.0652817488 0.0777817443 0.0150000006 0.0652817488 0.0777817443 0 0.0652817488 0.0777817443 0.0150000006 0.0652817488 0.0777817443 0 0.0669564307 0.0715317428 0.0150000006 0.0669564307 0.0715317428 0 0.0669564307 0.0715317428 0.0150000006 0.0669564307 0.0715317428 0.0150000006 0.0670137927 0.0714334249 0.0150000006 0.0777817443 -0.0902817473 3.46944695e-17 0.0777817443 -0.0902817473 0.0150000006 0.0715317428 -0.0886070654 3.46944695e-17 0.0715317428 -0.0886070654 0.0150000006 0.0715317428 -0.0886070654 3.46944695e-17 0.0715317428 -0.0886070654 0.0150000006 0.0669564307 -0.0840317458 3.46944695e-17 0.0669564307 -0.0840317458 0.0150000006 0.0669564307 -0.0840317458 3.46944695e-17 0.0669564307 -0.0840317458 0.0150000006 0.0652817488 -0.0777817443 0 0.0652817488 -0.0777817443 0.0150000006 0.0652817488 -0.0777817443 0 0.0652817488 -0.0777817443 0.0150000006 0.0669564307 -0.0715317428 0 0.0669564307 -0.0715317428 0.0150000006 0.0669564307 -0.0715317428 0 0.0669564307 -0.0715317428 0.0150000006 0.0715317428 -0.0669564307 0 0.0715317428 -0.0669564307 0.0150000006 0.0715317428 -0.0669564307 0 0.0715317428 -0.0669564307 0.0150000006 0.0777817443 -0.0652817488 0 0.0777817443 -0.0652817488 0.0150000006 0.0777817443 -0.0652817488 0 0.0777817443 -0.0652817488 0.0150000006 0.0840317458 -0.0669564307 0 0.0840317458 -0.0669564307 0.0150000006 0.0840317458 -0.0669564307 0 0.0840317458 -0.0669564307 0.0150000006 0.0886070654 -0.0715317428 0 0.0886070654 -0.0715317428 0.0150000006 0.0886070654 -0.0715317428 0 0.0886070654 -0.0715317428 0.0150000006 0.0902817473 -0.0777817443 0 0.0902817473 -0.0777817443 0.0150000006 0.0902817473 -0.0777817443 0 0.0902817473 -0.0777817443 0.0150000006 0.0886070654 -0.0840317458 3.46944695e-17 0.0886070654 -0.0840317458 0.0150000006 0.0886070654 -0.0840317458 3.46944695e-17 0.0886070654 -0.0840317458 0.0150000006 0.0840317458 -0.0886070654 3.46944695e-17 0.0840317458 -0.0886070654 0.0150000006 0.0840317458 -0.0886070654 3.46944695e-17 0.0840317458 -0.0886070654 0.0150000006 0.0777817443 -0.0902817473 3.46944695e-17 0.0777817443 -0.0902817473 0.0150000006 -0.0670137927 -0.0714334249 0.0150000006 -0.0683455318 -0.0695837066 -3.46944695e-17 -0.0669564307 -0.0715317428 -3.46944695e-17 -0.0669564307 -0.0715317428 0.0150000006 -0.0683455318 -0.0695837066 0.0150000006 -0.0714334249 -0.0670137927 -3.46944695e-17 -0.0669564307 -0.0715317428 0.0150000006 -0.0714334249 -0.0670137927 -3.46944695e-17 -0.0715317428 -0.0669564307 -3.46944695e-17 -0.0715317428 -0.0669564307 0.0150000006 -0.0714334249 -0.0670137927 0.0150000006 -0.0715317428 -0.0669564307 -3.46944695e-17 -0.0715317428 -0.0669564307 0.0150000006 -0.0715317428 -0.0669564307 -3.46944695e-17 -0.0777817443 -0.0652817488 0.0150000006 -0.0777817443 -0.0652817488 -3.46944695e-17 -0.0777817443 -0.0652817488 0.0150000006 -0.0777817443 -0.0652817488 -3.46944695e-17 -0.0840317458 -0.0669564307 0.0150000006 -0.0840317458 -0.0669564307 -3.46944695e-17 -0.0840317458 -0.0669564307 0.0150000006 -0.0840317458 -0.0669564307 -3.46944695e-17 -0.0886070654 -0.0715317428 0.0150000006 -0.0886070654 -0.0715317428 -3.46944695e-17 -0.0886070654 -0.0715317428 0.0150000006 -0.0886070654 -0.0715317428 0 -0.0902817473 -0.0777817443 0.0150000006 -0.0902817473 -0.0777817443 0 -0.0902817473 -0.0777817443 0.0150000006 -0.0902817473 -0.0777817443 0 -0.0886070654 -0.0840317458 0.0150000006 -0.0886070654 -0.0840317458 0 -0.0886070654 -0.0840317458 0.0150000006 -0.0886070654 -0.0840317458 0 -0.0840317458 -0.0886070654 0.0150000006 -0.0840317458 -0.0886070654 0 -0.0840317458 -0.0886070654 0.0150000006 -0.0840317458 -0.0886070654 0 -0.0777817443 -0.0902817473 0.0150000006 -0.0777817443 -0.0902817473 0 -0.0777817443 -0.0902817473 0.0150000006 -0.0777817443 -0.0902817473 0 -0.0715317428 -0.0886070654 0.0150000006 -0.0715317428 -0.0886070654 0 -0.0715317428 -0.0886070654 0.0150000006 -0.0715317428 -0.0886070654 0 -0.0669564307 -0.0840317458 0.0150000006 -0.0669564307 -0.0840317458 0 -0.0669564307 -0.0840317458 0.0150000006 -0.0669564307 -0.0840317458 0 -0.0652817488 -0.0777817443 0.0150000006 -0.0652817488 -0.0777817443 0 -0.0652817488 -0.0777817443 0.0150000006 -0.0652817488 -0.0777817443 -3.46944695e-17 -0.0669564307 -0.0715317428 0.0150000006 -0.0669564307 -0.0715317428 -3.46944695e-17 -0.0669564307 -0.0715317428 0.0150000006 -0.0669564307 -0.0715317428 0.0150000006 -0.0670137927 -0.0714334249 0.0150000006 -0.0350000001 -0.0925000012 3.46944695e-17 -0.0350000001 -0.0925000012 0.0150000006 -0.0412499979 -0.0908253193 3.46944695e-17 -0.0412499979 -0.0908253193 0.0150000006 -0.0412499979 -0.0908253193 3.46944695e-17 -0.0412499979 -0.0908253193 0.0150000006 -0.0458253175 -0.0862499997 3.46944695e-17 -0.0458253175 -0.0862499997 0.0150000006 -0.0458253175 -0.0862499997 3.46944695e-17 -0.0458253175 -0.0862499997 0.0150000006 -0.0474999994 -0.0800000057 3.46944695e-17 -0.0474999994 -0.0800000057 0.0150000006 -0.0474999994 -0.0800000057 3.46944695e-17 -0.0474999994 -0.0800000057 0.0150000006 -0.0458253175 -0.0737500042 0 -0.0458253175 -0.0737500042 0.0150000006 -0.0458253175 -0.0737500042 0 -0.0458253175 -0.0737500042 0.0150000006 -0.0412499979 -0.0691746846 0 -0.0412499979 -0.0691746846 0.0150000006 -0.0412499979 -0.0691746846 0 -0.0412499979 -0.0691746846 0.0150000006 -0.0350000001 -0.0675000027 0 -0.0350000001 -0.0675000027 0.0150000006 -0.0350000001 -0.0675000027 0 -0.0350000001 -0.0675000027 0.0150000006 -0.0287500005 -0.0691746846 0 -0.0287500005 -0.0691746846 0.0150000006 -0.0287500005 -0.0691746846 0 -0.0287500005 -0.0691746846 0.0150000006 -0.0241746828 -0.0737500042 0 -0.0241746828 -0.0737500042 0.0150000006 -0.0241746828 -0.0737500042 0 -0.0241746828 -0.0737500042 0.0150000006 -0.022499999 -0.0800000057 3.46944695e-17 -0.022499999 -0.0800000057 0.0150000006 -0.022499999 -0.0800000057 3.46944695e-17 -0.022499999 -0.0800000057 0.0150000006 -0.0241746828 -0.0862499997 3.46944695e-17 -0.0241746828 -0.0862499997 0.0150000006 -0.0241746828 -0.0862499997 3.46944695e-17 -0.0241746828 -0.0862499997 0.0150000006 -0.0287500005 -0.0908253193 3.46944695e-17 -0.0287500005 -0.0908253193 0.0150000006 -0.0287500005 -0.0908253193 3.46944695e-17 -0.0287500005 -0.0908253193 0.0150000006 -0.0350000001 -0.0925000012 3.46944695e-17 -0.0350000001 -0.0925000012 0.0150000006 0.0800000057 -0.0474999994 0 0.0800000057 -0.0474999994 0.0150000006 0.0737500042 -0.0458253175 0 0.0737500042 -0.0458253175 0.0150000006 0.0737500042 -0.0458253175 0 0.0737500042 -0.0458253175 0.0150000006 0.0691746846 -0.0412499979 0 0.0691746846 -0.0412499979 0.0150000006 0.0691746846 -0.0412499979 0 0.0691746846 -0.0412499979 0.0150000006 0.0675000027 -0.0350000001 0 0.0675000027 -0.0350000001 0.0150000006 0.0675000027 -0.0350000001 0 0.0675000027 -0.0350000001 0.0150000006 0.0691746846 -0.0287500005 0 0.0691746846 -0.0287500005 0.0150000006 0.0691746846 -0.0287500005 0 0.0691746846 -0.0287500005 0.0150000006 0.0737500042 -0.0241746828 0 0.0737500042 -0.0241746828 0.0150000006 0.0737500042 -0.0241746828 0 0.0737500042 -0.0241746828 0.0150000006 0.0800000057 -0.022499999 0 0.0800000057 -0.022499999 0.0150000006 0.0800000057 -0.022499999 0 0.0800000057 -0.022499999 0.0150000006 0.0862499997 -0.0241746828 0 0.0862499997 -0.0241746828 0.0150000006 0.0862499997 -0.0241746828 0 0.0862499997 -0.0241746828 0.0150000006 0.0908253193 -0.0287500005 0 0.0908253193 -0.0287500005 0.0150000006 0.0908253193 -0.0287500005 0 0.0908253193 -0.0287500005 0.0150000006 0.0925000012 -0.0350000001 0 0.0925000012 -0.0350000001 0.0150000006 0.0925000012 -0.0350000001 0 0.0925000012 -0.0350000001 0.0150000006 0.0908253193 -0.0412499979 0 0.0908253193 -0.0412499979 0.0150000006 0.0908253193 -0.0412499979 0 0.0908253193 -0.0412499979 0.0150000006 0.0862499997 -0.0458253175 0 0.0862499997 -0.0458253175 0.0150000006 0.0862499997 -0.0458253175 0 0.0862499997 -0.0458253175 0.0150000006 0.0800000057 -0.0474999994 0 0.0800000057 -0.0474999994 0.0150000006 0.0350000001 0.0675000027 0 0.0350000001 0.0675000027 0.0150000006 0.0287500005 0.0691746846 0 0.0287500005 0.0691746846 0.0150000006 0.0287500005 0.0691746846 0 0.0287500005 0.0691746846 0.0150000006 0.0241746828 0.0737500042 0 0.0241746828 0.0737500042 0.0150000006 0.0241746828 0.0737500042 0 0.0241746828 0.0737500042 0.0150000006 0.022499999 0.0800000057 0 0.022499999 0.0800000057 0.0150000006 0.022499999 0.0800000057 0 0.022499999 0.0800000057 0.0150000006 0.0241746828 0.0862499997 0 0.0241746828 0.0862499997 0.0150000006 0.0241746828 0.0862499997 0 0.0241746828 0.0862499997 0.0150000006 0.0287500005 0.0908253193 0 0.0287500005 0.0908253193 0.0150000006 0.0287500005 0.0908253193 0 0.0287500005 0.0908253193 0.0150000006 0.0350000001 0.0925000012 0 0.0350000001 0.0925000012 0.0150000006 0.0350000001 0.0925000012 0 0.0350000001 0.0925000012 0.0150000006 0.0412499979 0.0908253193 0 0.0412499979 0.0908253193 0.0150000006 0.0412499979 0.0908253193 0 0.0412499979 0.0908253193 0.0150000006 0.0458253175 0.0862499997 0 0.0458253175 0.0862499997 0.0150000006 0.0458253175 0.0862499997 0 0.0458253175 0.0862499997 0.0150000006 0.0474999994 0.0800000057 0 0.0474999994 0.0800000057 0.0150000006 0.0474999994 0.0800000057 0 0.0474999994 0.0800000057 0.0150000006 0.0458253175 0.0737500042 0 0.0458253175 0.0737500042 0.0150000006 0.0458253175 0.0737500042 0 0.0458253175 0.0737500042 0.0150000006 0.0412499979 0.0691746846 0 0.0412499979 0.0691746846 0.0150000006 0.0412499979 0.0691746846 0 0.0412499979 0.0691746846 0.0150000006 0.0350000001 0.0675000027 0 0.0350000001 0.0675000027 0.0150000006 -0.0800000057 0.022499999 0 -0.0800000057 0.022499999 0.0150000006 -0.0862499997 0.0241746828 0 -0.0862499997 0.0241746828 0.0150000006 -0.0862499997 0.0241746828 0 -0.0862499997 0.0241746828 0.0150000006 -0.0908253193 0.0287500005 -6.9388939e-17 -0.0908253193 0.0287500005 0.0150000006 -0.0908253193 0.0287500005 -6.9388939e-17 -0.0908253193 0.0287500005 0.0150000006 -0.0925000012 0.0350000001 -6.9388939e-17 -0.0925000012 0.0350000001 0.0150000006 -0.0925000012 0.0350000001 -6.9388939e-17 -0.0925000012 0.0350000001 0.0150000006 -0.0908253193 0.0412499979 -3.46944695e-17 -0.0908253193 0.0412499979 0.0150000006 -0.0908253193 0.0412499979 -3.46944695e-17 -0.0908253193 0.0412499979 0.0150000006 -0.0862499997 0.0458253175 -3.46944695e-17 -0.0862499997 0.0458253175 0.0150000006 -0.0862499997 0.0458253175 -3.46944695e-17 -0.0862499997 0.0458253175 0.0150000006 -0.0800000057 0.0474999994 0 -0.0800000057 0.0474999994 0.0150000006 -0.0800000057 0.0474999994 0 -0.0800000057 0.0474999994 0.0150000006 -0.0737500042 0.0458253175 0 -0.0737500042 0.0458253175 0.0150000006 -0.0737500042 0.0458253175 0 -0.0737500042 0.0458253175 0.0150000006 -0.0691746846 0.0412499979 0 -0.0691746846 0.0412499979 0.0150000006 -0.0691746846 0.0412499979 0 -0.0691746846 0.0412499979 0.0150000006 -0.0675000027 0.0350000001 0 -0.0675000027 0.0350000001 0.0150000006 -0.0675000027 0.0350000001 0 -0.0675000027 0.0350000001 0.0150000006 -0.0691746846 0.0287500005 0 -0.0691746846 0.0287500005 0.0150000006 -0.0691746846 0.0287500005 0 -0.0691746846 0.0287500005 0.0150000006 -0.0737500042 0.0241746828 0 -0.0737500042 0.0241746828 0.0150000006 -0.0737500042 0.0241746828 0 -0.0737500042 0.0241746828 0.0150000006 -0.0800000057 0.022499999 0 -0.0800000057 0.022499999 0.0150000006 -0.0565685406 -0.066568546 -3.46944695e-17 -0.0565685406 -0.066568546 0.0150000006 -0.0615685433 -0.0652287975 -3.46944695e-17 -0.0615685433 -0.0652287975 0.0150000006 -0.0615685433 -0.0652287975 -3.46944695e-17 -0.0615685433 -0.0652287975 0.0150000006 -0.0652287975 -0.0615685433 -3.46944695e-17 -0.0652287975 -0.0615685433 0.0150000006 -0.0652287975 -0.0615685433 -3.46944695e-17 -0.0652287975 -0.0615685433 0.0150000006 -0.066568546 -0.0565685406 -3.46944695e-17 -0.066568546 -0.0565685406 0.0150000006 -0.066568546 -0.0565685406 -3.46944695e-17 -0.066568546 -0.0565685406 0.0150000006 -0.0652287975 -0.0515685417 -3.46944695e-17 -0.0652287975 -0.0515685417 0.0150000006 -0.0652287975 -0.0515685417 -3.46944695e-17 -0.0652287975 -0.0515685417 0.0150000006 -0.0615685433 -0.0479082912 -3.46944695e-17 -0.0615685433 -0.0479082912 0.0150000006 -0.0615685433 -0.0479082912 -3.46944695e-17 -0.0615685433 -0.0479082912 0.0150000006 -0.0565685406 -0.0465685427 -3.46944695e-17 -0.0565685406 -0.0465685427 0.0150000006 -0.0565685406 -0.0465685427 -3.46944695e-17 -0.0565685406 -0.0465685427 0.0150000006 -0.0515685417 -0.0479082912 -3.46944695e-17 -0.0515685417 -0.0479082912 0.0150000006 -0.0515685417 -0.0479082912 -3.46944695e-17 -0.0515685417 -0.0479082912 0.0150000006 -0.0479082912 -0.0515685417 -3.46944695e-17 -0.0479082912 -0.0515685417 0.0150000006 -0.0479082912 -0.0515685417 -3.46944695e-17 -0.0479082912 -0.0515685417 0.0150000006 -0.0465685427 -0.0565685406 -3.46944695e-17 -0.0465685427 -0.0565685406 0.0150000006 -0.0465685427 -0.0565685406 -3.46944695e-17 -0.0465685427 -0.0565685406 0.0150000006 -0.0479082912 -0.0615685433 -3.46944695e-17 -0.0479082912 -0.0615685433 0.0150000006 -0.0479082912 -0.0615685433 -3.46944695e-17 -0.0479082912 -0.0615685433 0.0150000006 -0.0515685417 -0.0652287975 -3.46944695e-17 -0.0515685417 -0.0652287975 0.0150000006 -0.0515685417 -0.0652287975 -3.46944695e-17 -0.0515685417 -0.0652287975 0.0150000006 -0.0565685406 -0.066568546 -3.46944695e-17 -0.0565685406 -0.066568546 0.0150000006 -1.89986915e-13 -0.0899999961 3.46944695e-17 -1.89986915e-13 -0.0899999961 0.0150000006 -0.00500000035 -0.0886602551 3.46944695e-17 -0.00500000035 -0.0886602551 0.0150000006 -0.00500000035 -0.0886602551 3.46944695e-17 -0.00500000035 -0.0886602551 0.0150000006 -0.00866025407 -0.0850000083 3.46944695e-17 -0.00866025407 -0.0850000083 0.0150000006 -0.00866025407 -0.0850000083 3.46944695e-17 -0.00866025407 -0.0850000083 0.0150000006 -0.0100000007 -0.0800000057 3.46944695e-17 -0.0100000007 -0.0800000057 0.0150000006 -0.0100000007 -0.0800000057 3.46944695e-17 -0.0100000007 -0.0800000057 0.0150000006 -0.00866025407 -0.0749999955 0 -0.00866025407 -0.0749999955 0.0150000006 -0.00866025407 -0.0749999955 0 -0.00866025407 -0.0749999955 0.0150000006 -0.00500000035 -0.0713397488 0 -0.00500000035 -0.0713397488 0.0150000006 -0.00500000035 -0.0713397488 0 -0.00500000035 -0.0713397488 0.0150000006 -1.4779844e-13 -0.0700000003 0 -1.4779844e-13 -0.0700000003 0.0150000006 -1.4779844e-13 -0.0700000003 0 -1.4779844e-13 -0.0700000003 0.0150000006 0.00500000035 -0.0713397488 0 0.00500000035 -0.0713397488 0.0150000006 0.00500000035 -0.0713397488 0 0.00500000035 -0.0713397488 0.0150000006 0.00866025407 -0.0749999955 0 0.00866025407 -0.0749999955 0.0150000006 0.00866025407 -0.0749999955 0 0.00866025407 -0.0749999955 0.0150000006 0.0100000007 -0.0800000057 3.46944695e-17 0.0100000007 -0.0800000057 0.0150000006 0.0100000007 -0.0800000057 3.46944695e-17 0.0100000007 -0.0800000057 0.0150000006 0.00866025407 -0.0850000083 3.46944695e-17 0.00866025407 -0.0850000083 0.0150000006 0.00866025407 -0.0850000083 3.46944695e-17 0.00866025407 -0.0850000083 0.0150000006 0.00500000035 -0.0886602551 3.46944695e-17 0.00500000035 -0.0886602551 0.0150000006 0.00500000035 -0.0886602551 3.46944695e-17 0.00500000035 -0.0886602551 0.0150000006 -1.89986915e-13 -0.0899999961 3.46944695e-17 -1.89986915e-13 -0.0899999961 0.0150000006 0.0565685406 -0.066568546 0 0.0565685406 -0.066568546 0.0150000006 0.0515685417 -0.0652287975 0 0.0515685417 -0.0652287975 0.0150000006 0.0515685417 -0.0652287975 0 0.0515685417 -0.0652287975 0.0150000006 0.0479082912 -0.0615685433 0 0.0479082912 -0.0615685433 0.0150000006 0.0479082912 -0.0615685433 0 0.0479082912 -0.0615685433 0.0150000006 0.0465685427 -0.0565685406 0 0.0465685427 -0.0565685406 0.0150000006 0.0465685427 -0.0565685406 0 0.0465685427 -0.0565685406 0.0150000006 0.0479082912 -0.0515685417 0 0.0479082912 -0.0515685417 0.0150000006 0.0479082912 -0.0515685417 0 0.0479082912 -0.0515685417 0.0150000006 0.0515685417 -0.0479082912 0 0.0515685417 -0.0479082912 0.0150000006 0.0515685417 -0.0479082912 0 0.0515685417 -0.0479082912 0.0150000006 0.0565685406 -0.0465685427 0 0.0565685406 -0.0465685427 0.0150000006 0.0565685406 -0.0465685427 0 0.0565685406 -0.0465685427 0.0150000006 0.0615685433 -0.0479082912 0 0.0615685433 -0.0479082912 0.0150000006 0.0615685433 -0.0479082912 0 0.0615685433 -0.0479082912 0.0150000006 0.0652287975 -0.0515685417 0 0.0652287975 -0.0515685417 0.0150000006 0.0652287975 -0.0515685417 0 0.0652287975 -0.0515685417 0.0150000006 0.066568546 -0.0565685406 0 0.066568546 -0.0565685406 0.0150000006 0.066568546 -0.0565685406 0 0.066568546 -0.0565685406 0.0150000006 0.0652287975 -0.0615685433 0 0.0652287975 -0.0615685433 0.0150000006 0.0652287975 -0.0615685433 0 0.0652287975 -0.0615685433 0.0150000006 0.0615685433 -0.0652287975 0 0.0615685433 -0.0652287975 0.0150000006 0.0615685433 -0.0652287975 0 0.0615685433 -0.0652287975 0.0150000006 0.0565685406 -0.066568546 0 0.0565685406 -0.066568546 0.0150000006 0.0800000057 -0.0100000007 0 0.0800000057 -0.0100000007 0.0150000006 0.0749999955 -0.00866025407 0 0.0749999955 -0.00866025407 0.0150000006 0.0749999955 -0.00866025407 0 0.0749999955 -0.00866025407 0.0150000006 0.0713397488 -0.00500000035 0 0.0713397488 -0.00500000035 0.0150000006 0.0713397488 -0.00500000035 0 0.0713397488 -0.00500000035 0.0150000006 0.0700000003 -1.47729051e-13 0 0.0700000003 -1.47729051e-13 0.0150000006 0.0700000003 -1.47729051e-13 0 0.0700000003 -1.47729051e-13 0.0150000006 0.0713397488 0.00500000035 0 0.0713397488 0.00500000035 0.0150000006 0.0713397488 0.00500000035 0 0.0713397488 0.00500000035 0.0150000006 0.0749999955 0.00866025407 0 0.0749999955 0.00866025407 0.0150000006 0.0749999955 0.00866025407 0 0.0749999955 0.00866025407 0.0150000006 0.0800000057 0.0100000007 0 0.0800000057 0.0100000007 0.0150000006 0.0800000057 0.0100000007 0 0.0800000057 0.0100000007 0.0150000006 0.0850000083 0.00866025407 0 0.0850000083 0.00866025407 0.0150000006 0.0850000083 0.00866025407 0 0.0850000083 0.00866025407 0.0150000006 0.0886602551 0.00500000035 0 0.0886602551 0.00500000035 0.0150000006 0.0886602551 0.00500000035 0 0.0886602551 0.00500000035 0.0150000006 0.0899999961 -1.89917526e-13 0 0.0899999961 -1.89917526e-13 0.0150000006 0.0899999961 -1.89917526e-13 0 0.0899999961 -1.89917526e-13 0.0150000006 0.0886602551 -0.00500000035 0 0.0886602551 -0.00500000035 0.0150000006 0.0886602551 -0.00500000035 0 0.0886602551 -0.00500000035 0.0150000006 0.0850000083 -0.00866025407 0 0.0850000083 -0.00866025407 0.0150000006 0.0850000083 -0.00866025407 0 0.0850000083 -0.00866025407 0.0150000006 0.0800000057 -0.0100000007 0 0.0800000057 -0.0100000007 0.0150000006 0.0565685406 0.0465685427 0 0.0565685406 0.0465685427 0.0150000006 0.0515685417 0.0479082912 0 0.0515685417 0.0479082912 0.0150000006 0.0515685417 0.0479082912 0 0.0515685417 0.0479082912 0.0150000006 0.0479082912 0.0515685417 0 0.0479082912 0.0515685417 0.0150000006 0.0479082912 0.0515685417 0 0.0479082912 0.0515685417 0.0150000006 0.0465685427 0.0565685406 0 0.0465685427 0.0565685406 0.0150000006 0.0465685427 0.0565685406 0 0.0465685427 0.0565685406 0.0150000006 0.0479082912 0.0615685433 0 0.0479082912 0.0615685433 0.0150000006 0.0479082912 0.0615685433 0 0.0479082912 0.0615685433 0.0150000006 0.0515685417 0.0652287975 0 0.0515685417 0.0652287975 0.0150000006 0.0515685417 0.0652287975 0 0.0515685417 0.0652287975 0.0150000006 0.0565685406 0.066568546 0 0.0565685406 0.066568546 0.0150000006 0.0565685406 0.066568546 0 0.0565685406 0.066568546 0.0150000006 0.0615685433 0.0652287975 0 0.0615685433 0.0652287975 0.0150000006 0.0615685433 0.0652287975 0 0.0615685433 0.0652287975 0.0150000006 0.0652287975 0.0615685433 0 0.0652287975 0.0615685433 0.0150000006 0.0652287975 0.0615685433 0 0.0652287975 0.0615685433 0.0150000006 0.066568546 0.0565685406 0 0.066568546 0.0565685406 0.0150000006 0.066568546 0.0565685406 0 0.066568546 0.0565685406 0.0150000006 0.0652287975 0.0515685417 0 0.0652287975 0.0515685417 0.0150000006 0.0652287975 0.0515685417 0 0.0652287975 0.0515685417 0.0150000006 0.0615685433 0.0479082912 0 0.0615685433 0.0479082912 0.0150000006 0.0615685433 0.0479082912 0 0.0615685433 0.0479082912 0.0150000006 0.0565685406 0.0465685427 0 0.0565685406 0.0465685427 0.0150000006 1.47729051e-13 0.0700000003 0 1.47763746e-13 0.0700000003 0.0150000006 -0.00500000035 0.0713397488 0 -0.00500000035 0.0713397488 0.0150000006 -0.00500000035 0.0713397488 0 -0.00500000035 0.0713397488 0.0150000006 -0.00866025407 0.0749999955 0 -0.00866025407 0.0749999955 0.0150000006 -0.00866025407 0.0749999955 0 -0.00866025407 0.0749999955 0.0150000006 -0.0100000007 0.0800000057 0 -0.0100000007 0.0800000057 0.0150000006 -0.0100000007 0.0800000057 0 -0.0100000007 0.0800000057 0.0150000006 -0.00866025407 0.0850000083 0 -0.00866025407 0.0850000083 0.0150000006 -0.00866025407 0.0850000083 0 -0.00866025407 0.0850000083 0.0150000006 -0.00500000035 0.0886602551 0 -0.00500000035 0.0886602551 0.0150000006 -0.00500000035 0.0886602551 0 -0.00500000035 0.0886602551 0.0150000006 1.89917526e-13 0.0899999961 0 1.89986915e-13 0.0899999961 0.0150000006 1.89917526e-13 0.0899999961 0 1.89986915e-13 0.0899999961 0.0150000006 0.00500000035 0.0886602551 0 0.00500000035 0.0886602551 0.0150000006 0.00500000035 0.0886602551 0 0.00500000035 0.0886602551 0.0150000006 0.00866025407 0.0850000083 0 0.00866025407 0.0850000083 0.0150000006 0.00866025407 0.0850000083 0 0.00866025407 0.0850000083 0.0150000006 0.0100000007 0.0800000057 0 0.0100000007 0.0800000057 0.0150000006 0.0100000007 0.0800000057 0 0.0100000007 0.0800000057 0.0150000006 0.00866025407 0.0749999955 0 0.00866025407 0.0749999955 0.0150000006 0.00866025407 0.0749999955 0 0.00866025407 0.0749999955 0.0150000006 0.00500000035 0.0713397488 0 0.00500000035 0.0713397488 0.0150000006 0.00500000035 0.0713397488 0 0.00500000035 0.0713397488 0.0150000006 1.47729051e-13 0.0700000003 0 1.47763746e-13 0.0700000003 0.0150000006 -0.0565685406 0.0465685427 -3.46944695e-17 -0.0565685406 0.0465685427 0.0150000006 -0.0615685433 0.0479082912 -3.46944695e-17 -0.0615685433 0.0479082912 0.0150000006 -0.0615685433 0.0479082912 -3.46944695e-17 -0.0615685433 0.0479082912 0.0150000006 -0.0652287975 0.0515685417 -3.46944695e-17 -0.0652287975 0.0515685417 0.0150000006 -0.0652287975 0.0515685417 -3.46944695e-17 -0.0652287975 0.0515685417 0.0150000006 -0.066568546 0.0565685406 -3.46944695e-17 -0.066568546 0.0565685406 0.0150000006 -0.066568546 0.0565685406 -3.46944695e-17 -0.066568546 0.0565685406 0.0150000006 -0.0652287975 0.0615685433 -3.46944695e-17 -0.0652287975 0.0615685433 0.0150000006 -0.0652287975 0.0615685433 -3.46944695e-17 -0.0652287975 0.0615685433 0.0150000006 -0.0615685433 0.0652287975 -3.46944695e-17 -0.0615685433 0.0652287975 0.0150000006 -0.0615685433 0.0652287975 -3.46944695e-17 -0.0615685433 0.0652287975 0.0150000006 -0.0565685406 0.066568546 0 -0.0565685406 0.066568546 0.0150000006 -0.0565685406 0.066568546 0 -0.0565685406 0.066568546 0.0150000006 -0.0515685417 0.0652287975 0 -0.0515685417 0.0652287975 0.0150000006 -0.0515685417 0.0652287975 0 -0.0515685417 0.0652287975 0.0150000006 -0.0479082912 0.0615685433 0 -0.0479082912 0.0615685433 0.0150000006 -0.0479082912 0.0615685433 0 -0.0479082912 0.0615685433 0.0150000006 -0.0465685427 0.0565685406 0 -0.0465685427 0.0565685406 0.0150000006 -0.0465685427 0.0565685406 0 -0.0465685427 0.0565685406 0.0150000006 -0.0479082912 0.0515685417 0 -0.0479082912 0.0515685417 0.0150000006 -0.0479082912 0.0515685417 0 -0.0479082912 0.0515685417 0.0150000006 -0.0515685417 0.0479082912 0 -0.0515685417 0.0479082912 0.0150000006 -0.0515685417 0.0479082912 0 -0.0515685417 0.0479082912 0.0150000006 -0.0565685406 0.0465685427 -3.46944695e-17 -0.0565685406 0.0465685427 0.0150000006 -0.0800000057 -0.0100000007 -3.46944695e-17 -0.0800000057 -0.0100000007 0.0150000006 -0.0850000083 -0.00866025407 -3.46944695e-17 -0.0850000083 -0.00866025407 0.0150000006 -0.0850000083 -0.00866025407 -3.46944695e-17 -0.0850000083 -0.00866025407 0.0150000006 -0.0886602551 -0.00500000035 -6.9388939e-17 -0.0886602551 -0.00500000035 0.0150000006 -0.0886602551 -0.00500000035 -6.9388939e-17 -0.0886602551 -0.00500000035 0.0150000006 -0.0899999961 1.89986915e-13 -6.9388939e-17 -0.0899999961 1.89986915e-13 0.0150000006 -0.0899999961 1.89986915e-13 -6.9388939e-17 -0.0899999961 1.89986915e-13 0.0150000006 -0.0886602551 0.00500000035 -6.9388939e-17 -0.0886602551 0.00500000035 0.0150000006 -0.0886602551 0.00500000035 -6.9388939e-17 -0.0886602551 0.00500000035 0.0150000006 -0.0850000083 0.00866025407 -3.46944695e-17 -0.0850000083 0.00866025407 0.0150000006 -0.0850000083 0.00866025407 -3.46944695e-17 -0.0850000083 0.00866025407 0.0150000006 -0.0800000057 0.0100000007 -3.46944695e-17 -0.0800000057 0.0100000007 0.0150000006 -0.0800000057 0.0100000007 -3.46944695e-17 -0.0800000057 0.0100000007 0.0150000006 -0.0749999955 0.00866025407 -3.46944695e-17 -0.0749999955 0.00866025407 0.0150000006 -0.0749999955 0.00866025407 -3.46944695e-17 -0.0749999955 0.00866025407 0.0150000006 -0.0713397488 0.00500000035 -3.46944695e-17 -0.0713397488 0.00500000035 0.0150000006 -0.0713397488 0.00500000035 -3.46944695e-17 -0.0713397488 0.00500000035 0.0150000006 -0.0700000003 1.4779844e-13 -3.46944695e-17 -0.0700000003 1.4779844e-13 0.0150000006 -0.0700000003 1.4779844e-13 -3.46944695e-17 -0.0700000003 1.4779844e-13 0.0150000006 -0.0713397488 -0.00500000035 -3.46944695e-17 -0.0713397488 -0.00500000035 0.0150000006 -0.0713397488 -0.00500000035 -3.46944695e-17 -0.0713397488 -0.00500000035 0.0150000006 -0.0749999955 -0.00866025407 -3.46944695e-17 -0.0749999955 -0.00866025407 0.0150000006 -0.0749999955 -0.00866025407 -3.46944695e-17 -0.0749999955 -0.00866025407 0.0150000006 -0.0800000057 -0.0100000007 -3.46944695e-17 -0.0800000057 -0.0100000007 0.0150000006 0.0350000001 -0.0902500004 0.00325000007 0.0350000001 -0.0902500004 0.0150000006 0.0298750009 -0.088876754 0.00325000007 0.0298750009 -0.088876754 0.0150000006 0.0298750009 -0.088876754 0.00325000007 0.0298750009 -0.088876754 0.0150000006 0.0261232406 -0.0851249993 0.00325000007 0.0261232406 -0.0851249993 0.0150000006 0.0261232406 -0.0851249993 0.00325000007 0.0261232406 -0.0851249993 0.0150000006 0.0247499999 -0.0800000057 0.00325000007 0.0247499999 -0.0800000057 0.0150000006 0.0247499999 -0.0800000057 0.00325000007 0.0247499999 -0.0800000057 0.0150000006 0.0261232406 -0.0748749971 0.00325000007 0.0261232406 -0.0748749971 0.0150000006 0.0261232406 -0.0748749971 0.00325000007 0.0261232406 -0.0748749971 0.0150000006 0.0298750009 -0.0711232349 0.00325000007 0.0298750009 -0.0711232349 0.0150000006 0.0298750009 -0.0711232349 0.00325000007 0.0298750009 -0.0711232349 0.0150000006 0.0350000001 -0.0697499961 0.00325000007 0.0350000001 -0.0697499961 0.0150000006 0.0350000001 -0.0697499961 0.00325000007 0.0350000001 -0.0697499961 0.0150000006 0.0401249975 -0.0711232349 0.00325000007 0.0401249975 -0.0711232349 0.0150000006 0.0401249975 -0.0711232349 0.00325000007 0.0401249975 -0.0711232349 0.0150000006 0.0438767634 -0.0748749971 0.00325000007 0.0438767634 -0.0748749971 0.0150000006 0.0438767634 -0.0748749971 0.00325000007 0.0438767634 -0.0748749971 0.0150000006 0.0452500023 -0.0800000057 0.00325000007 0.0452500023 -0.0800000057 0.0150000006 0.0452500023 -0.0800000057 0.00325000007 0.0452500023 -0.0800000057 0.0150000006 0.0438767634 -0.0851249993 0.00325000007 0.0438767634 -0.0851249993 0.0150000006 0.0438767634 -0.0851249993 0.00325000007 0.0438767634 -0.0851249993 0.0150000006 0.0401249975 -0.088876754 0.00325000007 0.0401249975 -0.088876754 0.0150000006 0.0401249975 -0.088876754 0.00325000007 0.0401249975 -0.088876754 0.0150000006 0.0350000001 -0.0902500004 0.00325000007 0.0350000001 -0.0902500004 0.00325000007 0.0298750009 -0.088876754 3.46944695e-17 0.0282500014 -0.091691345 0.00325000007 0.0261232406 -0.0851249993 3.46944695e-17 0.0233086571 -0.0867500007 0.00325000007 0.0261232406 -0.0851249993 3.46944695e-17 0.0233086571 -0.0867500007 0.00325000007 0.0247499999 -0.0800000057 3.46944695e-17 0.0215000007 -0.0800000057 0.00325000007 0.0247499999 -0.0800000057 3.46944695e-17 0.0215000007 -0.0800000057 0.00325000007 0.0261232406 -0.0748749971 0 0.0233086571 -0.0732500032 0.00325000007 0.0261232406 -0.0748749971 0 0.0233086571 -0.0732500032 0.00325000007 0.0298750009 -0.0711232349 0 0.0282500014 -0.0683086514 0.00325000007 0.0298750009 -0.0711232349 0 0.0282500014 -0.0683086514 0.00325000007 0.0350000001 -0.0697499961 0 0.0350000001 -0.0665000007 0.00325000007 0.0350000001 -0.0697499961 0 0.0350000001 -0.0665000007 0.00325000007 0.0401249975 -0.0711232349 0 0.0417499989 -0.0683086514 0.00325000007 0.0401249975 -0.0711232349 0 0.0417499989 -0.0683086514 0.00325000007 0.0438767634 -0.0748749971 0 0.0466913432 -0.0732500032 0.00325000007 0.0438767634 -0.0748749971 0 0.0466913432 -0.0732500032 0.00325000007 0.0452500023 -0.0800000057 0 0.0485000014 -0.0800000057 0.00325000007 0.0452500023 -0.0800000057 0 0.0485000014 -0.0800000057 0.00325000007 0.0438767634 -0.0851249993 3.46944695e-17 0.0466913432 -0.0867500007 0.00325000007 0.0438767634 -0.0851249993 3.46944695e-17 0.0466913432 -0.0867500007 0.00325000007 0.0401249975 -0.088876754 3.46944695e-17 0.0417499989 -0.091691345 0.00325000007 0.0401249975 -0.088876754 3.46944695e-17 0.0417499989 -0.091691345 0.00325000007 0.0350000001 -0.0902500004 3.46944695e-17 0.0350000001 -0.0935000032 0.00325000007 0.0350000001 -0.0902500004 3.46944695e-17 0.0350000001 -0.0935000032 0.00325000007 0.0298750009 -0.088876754 3.46944695e-17 0.0282500014 -0.091691345 0.0150000006 0.0800000057 0.0247499999 0.00325000007 0.0800000057 0.0247499999 0.0150000006 0.0748749971 0.0261232406 0.00325000007 0.0748749971 0.0261232406 0.0150000006 0.0748749971 0.0261232406 0.00325000007 0.0748749971 0.0261232406 0.0150000006 0.0711232349 0.0298750009 0.00325000007 0.0711232349 0.0298750009 0.0150000006 0.0711232349 0.0298750009 0.00325000007 0.0711232349 0.0298750009 0.0150000006 0.0697499961 0.0350000001 0.00325000007 0.0697499961 0.0350000001 0.0150000006 0.0697499961 0.0350000001 0.00325000007 0.0697499961 0.0350000001 0.0150000006 0.0711232349 0.0401249975 0.00325000007 0.0711232349 0.0401249975 0.0150000006 0.0711232349 0.0401249975 0.00325000007 0.0711232349 0.0401249975 0.0150000006 0.0748749971 0.0438767634 0.00325000007 0.0748749971 0.0438767634 0.0150000006 0.0748749971 0.0438767634 0.00325000007 0.0748749971 0.0438767634 0.0150000006 0.0800000057 0.0452500023 0.00325000007 0.0800000057 0.0452500023 0.0150000006 0.0800000057 0.0452500023 0.00325000007 0.0800000057 0.0452500023 0.0150000006 0.0851249993 0.0438767634 0.00325000007 0.0851249993 0.0438767634 0.0150000006 0.0851249993 0.0438767634 0.00325000007 0.0851249993 0.0438767634 0.0150000006 0.088876754 0.0401249975 0.00325000007 0.088876754 0.0401249975 0.0150000006 0.088876754 0.0401249975 0.00325000007 0.088876754 0.0401249975 0.0150000006 0.0902500004 0.0350000001 0.00325000007 0.0902500004 0.0350000001 0.0150000006 0.0902500004 0.0350000001 0.00325000007 0.0902500004 0.0350000001 0.0150000006 0.088876754 0.0298750009 0.00325000007 0.088876754 0.0298750009 0.0150000006 0.088876754 0.0298750009 0.00325000007 0.088876754 0.0298750009 0.0150000006 0.0851249993 0.0261232406 0.00325000007 0.0851249993 0.0261232406 0.0150000006 0.0851249993 0.0261232406 0.00325000007 0.0851249993 0.0261232406 0.0150000006 0.0800000057 0.0247499999 0.00325000007 0.0800000057 0.0247499999 0.00325000007 0.0748749971 0.0261232406 0 0.0732500032 0.0233086571 0.00325000007 0.0711232349 0.0298750009 0 0.0683086514 0.0282500014 0.00325000007 0.0711232349 0.0298750009 0 0.0683086514 0.0282500014 0.00325000007 0.0697499961 0.0350000001 0 0.0665000007 0.0350000001 0.00325000007 0.0697499961 0.0350000001 0 0.0665000007 0.0350000001 0.00325000007 0.0711232349 0.0401249975 0 0.0683086514 0.0417499989 0.00325000007 0.0711232349 0.0401249975 0 0.0683086514 0.0417499989 0.00325000007 0.0748749971 0.0438767634 0 0.0732500032 0.0466913432 0.00325000007 0.0748749971 0.0438767634 0 0.0732500032 0.0466913432 0.00325000007 0.0800000057 0.0452500023 0 0.0800000057 0.0485000014 0.00325000007 0.0800000057 0.0452500023 0 0.0800000057 0.0485000014 0.00325000007 0.0851249993 0.0438767634 0 0.0867500007 0.0466913432 0.00325000007 0.0851249993 0.0438767634 0 0.0867500007 0.0466913432 0.00325000007 0.088876754 0.0401249975 0 0.091691345 0.0417499989 0.00325000007 0.088876754 0.0401249975 0 0.091691345 0.0417499989 0.00325000007 0.0902500004 0.0350000001 0 0.0935000032 0.0350000001 0.00325000007 0.0902500004 0.0350000001 0 0.0935000032 0.0350000001 0.00325000007 0.088876754 0.0298750009 0 0.091691345 0.0282500014 0.00325000007 0.088876754 0.0298750009 0 0.091691345 0.0282500014 0.00325000007 0.0851249993 0.0261232406 0 0.0867500007 0.0233086571 0.00325000007 0.0851249993 0.0261232406 0 0.0867500007 0.0233086571 0.00325000007 0.0800000057 0.0247499999 0 0.0800000057 0.0215000007 0.00325000007 0.0800000057 0.0247499999 0 0.0800000057 0.0215000007 0.00325000007 0.0748749971 0.0261232406 0 0.0732500032 0.0233086571 0.0150000006 -0.0350000001 0.0697499961 0.00325000007 -0.0350000001 0.0697499961 0.0150000006 -0.0401249975 0.0711232349 0.00325000007 -0.0401249975 0.0711232349 0.0150000006 -0.0401249975 0.0711232349 0.00325000007 -0.0401249975 0.0711232349 0.0150000006 -0.0438767634 0.0748749971 0.00325000007 -0.0438767634 0.0748749971 0.0150000006 -0.0438767634 0.0748749971 0.00325000007 -0.0438767634 0.0748749971 0.0150000006 -0.0452500023 0.0800000057 0.00325000007 -0.0452500023 0.0800000057 0.0150000006 -0.0452500023 0.0800000057 0.00325000007 -0.0452500023 0.0800000057 0.0150000006 -0.0438767634 0.0851249993 0.00325000007 -0.0438767634 0.0851249993 0.0150000006 -0.0438767634 0.0851249993 0.00325000007 -0.0438767634 0.0851249993 0.0150000006 -0.0401249975 0.088876754 0.00325000007 -0.0401249975 0.088876754 0.0150000006 -0.0401249975 0.088876754 0.00325000007 -0.0401249975 0.088876754 0.0150000006 -0.0350000001 0.0902500004 0.00325000007 -0.0350000001 0.0902500004 0.0150000006 -0.0350000001 0.0902500004 0.00325000007 -0.0350000001 0.0902500004 0.0150000006 -0.0298750009 0.088876754 0.00325000007 -0.0298750009 0.088876754 0.0150000006 -0.0298750009 0.088876754 0.00325000007 -0.0298750009 0.088876754 0.0150000006 -0.0261232406 0.0851249993 0.00325000007 -0.0261232406 0.0851249993 0.0150000006 -0.0261232406 0.0851249993 0.00325000007 -0.0261232406 0.0851249993 0.0150000006 -0.0247499999 0.0800000057 0.00325000007 -0.0247499999 0.0800000057 0.0150000006 -0.0247499999 0.0800000057 0.00325000007 -0.0247499999 0.0800000057 0.0150000006 -0.0261232406 0.0748749971 0.00325000007 -0.0261232406 0.0748749971 0.0150000006 -0.0261232406 0.0748749971 0.00325000007 -0.0261232406 0.0748749971 0.0150000006 -0.0298750009 0.0711232349 0.00325000007 -0.0298750009 0.0711232349 0.0150000006 -0.0298750009 0.0711232349 0.00325000007 -0.0298750009 0.0711232349 0.0150000006 -0.0350000001 0.0697499961 0.00325000007 -0.0350000001 0.0697499961 0.00325000007 -0.0401249975 0.0711232349 -3.46944695e-17 -0.0417499989 0.0683086514 0.00325000007 -0.0438767634 0.0748749971 -3.46944695e-17 -0.0466913432 0.0732500032 0.00325000007 -0.0438767634 0.0748749971 -3.46944695e-17 -0.0466913432 0.0732500032 0.00325000007 -0.0452500023 0.0800000057 -3.46944695e-17 -0.0485000014 0.0800000057 0.00325000007 -0.0452500023 0.0800000057 -3.46944695e-17 -0.0485000014 0.0800000057 0.00325000007 -0.0438767634 0.0851249993 -3.46944695e-17 -0.0466913432 0.0867500007 0.00325000007 -0.0438767634 0.0851249993 -3.46944695e-17 -0.0466913432 0.0867500007 0.00325000007 -0.0401249975 0.088876754 -3.46944695e-17 -0.0417499989 0.091691345 0.00325000007 -0.0401249975 0.088876754 -3.46944695e-17 -0.0417499989 0.091691345 0.00325000007 -0.0350000001 0.0902500004 -3.46944695e-17 -0.0350000001 0.0935000032 0.00325000007 -0.0350000001 0.0902500004 -3.46944695e-17 -0.0350000001 0.0935000032 0.00325000007 -0.0298750009 0.088876754 -3.46944695e-17 -0.0282500014 0.091691345 0.00325000007 -0.0298750009 0.088876754 -3.46944695e-17 -0.0282500014 0.091691345 0.00325000007 -0.0261232406 0.0851249993 -3.46944695e-17 -0.0233086571 0.0867500007 0.00325000007 -0.0261232406 0.0851249993 -3.46944695e-17 -0.0233086571 0.0867500007 0.00325000007 -0.0247499999 0.0800000057 -3.46944695e-17 -0.0215000007 0.0800000057 0.00325000007 -0.0247499999 0.0800000057 -3.46944695e-17 -0.0215000007 0.0800000057 0.00325000007 -0.0261232406 0.0748749971 -3.46944695e-17 -0.0233086571 0.0732500032 0.00325000007 -0.0261232406 0.0748749971 -3.46944695e-17 -0.0233086571 0.0732500032 0.00325000007 -0.0298750009 0.0711232349 -3.46944695e-17 -0.0282500014 0.0683086514 0.00325000007 -0.0298750009 0.0711232349 -3.46944695e-17 -0.0282500014 0.0683086514 0.00325000007 -0.0350000001 0.0697499961 -3.46944695e-17 -0.0350000001 0.0665000007 0.00325000007 -0.0350000001 0.0697499961 -3.46944695e-17 -0.0350000001 0.0665000007 0.00325000007 -0.0401249975 0.0711232349 -3.46944695e-17 -0.0417499989 0.0683086514 0.0150000006 -0.0800000057 -0.0452500023 0.00325000007 -0.0800000057 -0.0452500023 0.0150000006 -0.0851249993 -0.0438767634 0.00325000007 -0.0851249993 -0.0438767634 0.0150000006 -0.0851249993 -0.0438767634 0.00325000007 -0.0851249993 -0.0438767634 0.0150000006 -0.088876754 -0.0401249975 0.00325000007 -0.088876754 -0.0401249975 0.0150000006 -0.088876754 -0.0401249975 0.00325000007 -0.088876754 -0.0401249975 0.0150000006 -0.0902500004 -0.0350000001 0.00325000007 -0.0902500004 -0.0350000001 0.0150000006 -0.0902500004 -0.0350000001 0.00325000007 -0.0902500004 -0.0350000001 0.0150000006 -0.088876754 -0.0298750009 0.00325000007 -0.088876754 -0.0298750009 0.0150000006 -0.088876754 -0.0298750009 0.00325000007 -0.088876754 -0.0298750009 0.0150000006 -0.0851249993 -0.0261232406 0.00325000007 -0.0851249993 -0.0261232406 0.0150000006 -0.0851249993 -0.0261232406 0.00325000007 -0.0851249993 -0.0261232406 0.0150000006 -0.0800000057 -0.0247499999 0.00325000007 -0.0800000057 -0.0247499999 0.0150000006 -0.0800000057 -0.0247499999 0.00325000007 -0.0800000057 -0.0247499999 0.0150000006 -0.0748749971 -0.0261232406 0.00325000007 -0.0748749971 -0.0261232406 0.0150000006 -0.0748749971 -0.0261232406 0.00325000007 -0.0748749971 -0.0261232406 0.0150000006 -0.0711232349 -0.0298750009 0.00325000007 -0.0711232349 -0.0298750009 0.0150000006 -0.0711232349 -0.0298750009 0.00325000007 -0.0711232349 -0.0298750009 0.0150000006 -0.0697499961 -0.0350000001 0.00325000007 -0.0697499961 -0.0350000001 0.0150000006 -0.0697499961 -0.0350000001 0.00325000007 -0.0697499961 -0.0350000001 0.0150000006 -0.0711232349 -0.0401249975 0.00325000007 -0.0711232349 -0.0401249975 0.0150000006 -0.0711232349 -0.0401249975 0.00325000007 -0.0711232349 -0.0401249975 0.0150000006 -0.0748749971 -0.0438767634 0.00325000007 -0.0748749971 -0.0438767634 0.0150000006 -0.0748749971 -0.0438767634 0.00325000007 -0.0748749971 -0.0438767634 0.0150000006 -0.0800000057 -0.0452500023 0.00325000007 -0.0800000057 -0.0452500023 0.00325000007 -0.0851249993 -0.0438767634 -3.46944695e-17 -0.0867500007 -0.0466913432 0.00325000007 -0.088876754 -0.0401249975 -6.9388939e-17 -0.091691345 -0.0417499989 0.00325000007 -0.088876754 -0.0401249975 -6.9388939e-17 -0.091691345 -0.0417499989 0.00325000007 -0.0902500004 -0.0350000001 -6.9388939e-17 -0.0935000032 -0.0350000001 0.00325000007 -0.0902500004 -0.0350000001 -6.9388939e-17 -0.0935000032 -0.0350000001 0.00325000007 -0.088876754 -0.0298750009 -6.9388939e-17 -0.091691345 -0.0282500014 0.00325000007 -0.088876754 -0.0298750009 -6.9388939e-17 -0.091691345 -0.0282500014 0.00325000007 -0.0851249993 -0.0261232406 -3.46944695e-17 -0.0867500007 -0.0233086571 0.00325000007 -0.0851249993 -0.0261232406 -3.46944695e-17 -0.0867500007 -0.0233086571 0.00325000007 -0.0800000057 -0.0247499999 -3.46944695e-17 -0.0800000057 -0.0215000007 0.00325000007 -0.0800000057 -0.0247499999 -3.46944695e-17 -0.0800000057 -0.0215000007 0.00325000007 -0.0748749971 -0.0261232406 0 -0.0732500032 -0.0233086571 0.00325000007 -0.0748749971 -0.0261232406 0 -0.0732500032 -0.0233086571 0.00325000007 -0.0711232349 -0.0298750009 0 -0.0683086514 -0.0282500014 0.00325000007 -0.0711232349 -0.0298750009 0 -0.0683086514 -0.0282500014 0.00325000007 -0.0697499961 -0.0350000001 0 -0.0665000007 -0.0350000001 0.00325000007 -0.0697499961 -0.0350000001 0 -0.0665000007 -0.0350000001 0.00325000007 -0.0711232349 -0.0401249975 0 -0.0683086514 -0.0417499989 0.00325000007 -0.0711232349 -0.0401249975 0 -0.0683086514 -0.0417499989 0.00325000007 -0.0748749971 -0.0438767634 -3.46944695e-17 -0.0732500032 -0.0466913432 0.00325000007 -0.0748749971 -0.0438767634 -3.46944695e-17 -0.0732500032 -0.0466913432 0.00325000007 -0.0800000057 -0.0452500023 -3.46944695e-17 -0.0800000057 -0.0485000014 0.00325000007 -0.0800000057 -0.0452500023 -3.46944695e-17 -0.0800000057 -0.0485000014 0.00325000007 -0.0851249993 -0.0438767634 -3.46944695e-17 -0.0867500007 -0.0466913432 0.0150000006 -8.44463388e-14 -0.0400000028 0.00199963176 -8.44463388e-14 -0.0400000028 0.0150000006 -0.0123606799 -0.0380422622 0.00199963176 -0.0123606799 -0.0380422622 0.0150000006 -0.0123606799 -0.0380422622 0.00199963176 -0.0123606799 -0.0380422622 0.0150000006 -0.0235114098 -0.0323606804 0.00199963176 -0.0235114098 -0.0323606804 0.0150000006 -0.0235114098 -0.0323606804 0.00199963176 -0.0235114098 -0.0323606804 0.0150000006 -0.0323606804 -0.0235114098 0.00199963176 -0.0323606804 -0.0235114098 0.0150000006 -0.0323606804 -0.0235114098 0.00199963176 -0.0323606804 -0.0235114098 0.0150000006 -0.0380422622 -0.0123606799 0.00199963176 -0.0380422622 -0.0123606799 0.0150000006 -0.0380422622 -0.0123606799 0.00199963176 -0.0380422622 -0.0123606799 0.0150000006 -0.0400000028 8.47238946e-14 0.00199963176 -0.0400000028 8.47238946e-14 0.0150000006 -0.0400000028 8.47238946e-14 0.00199963176 -0.0400000028 8.47238946e-14 0.0150000006 -0.0380422622 0.0123606799 0.00199963176 -0.0380422622 0.0123606799 0.0150000006 -0.0380422622 0.0123606799 0.00199963176 -0.0380422622 0.0123606799 0.0150000006 -0.0323606804 0.0235114098 0.00199963176 -0.0323606804 0.0235114098 0.0150000006 -0.0323606804 0.0235114098 0.00199963176 -0.0323606804 0.0235114098 0.0150000006 -0.0235114098 0.0323606804 0.00199963176 -0.0235114098 0.0323606804 0.0150000006 -0.0235114098 0.0323606804 0.00199963176 -0.0235114098 0.0323606804 0.0150000006 -0.0123606799 0.0380422622 0.00199963176 -0.0123606799 0.0380422622 0.0150000006 -0.0123606799 0.0380422622 0.00199963176 -0.0123606799 0.0380422622 0.0150000006 8.43769499e-14 0.0400000028 0.00199963176 8.44116443e-14 0.0400000028 0.0150000006 8.43769499e-14 0.0400000028 0.00199963176 8.44116443e-14 0.0400000028 0.0150000006 0.0123606799 0.0380422622 0.00199963176 0.0123606799 0.0380422622 0.0150000006 0.0123606799 0.0380422622 0.00199963176 0.0123606799 0.0380422622 0.0150000006 0.0235114098 0.0323606804 0.00199963176 0.0235114098 0.0323606804 0.0150000006 0.0235114098 0.0323606804 0.00199963176 0.0235114098 0.0323606804 0.0150000006 0.0323606804 0.0235114098 0.00199963176 0.0323606804 0.0235114098 0.0150000006 0.0323606804 0.0235114098 0.00199963176 0.0323606804 0.0235114098 0.0150000006 0.0380422622 0.0123606799 0.00199963176 0.0380422622 0.0123606799 0.0150000006 0.0380422622 0.0123606799 0.00199963176 0.0380422622 0.0123606799 0.0150000006 0.0400000028 -8.40993941e-14 0.00199963176 0.0400000028 -8.41340886e-14 0.0150000006 0.0400000028 -8.40993941e-14 0.00199963176 0.0400000028 -8.41340886e-14 0.0150000006 0.0380422622 -0.0123606799 0.00199963176 0.0380422622 -0.0123606799 0.0150000006 0.0380422622 -0.0123606799 0.00199963176 0.0380422622 -0.0123606799 0.0150000006 0.0323606804 -0.0235114098 0.00199963176 0.0323606804 -0.0235114098 0.0150000006 0.0323606804 -0.0235114098 0.00199963176 0.0323606804 -0.0235114098 0.0150000006 0.0235114098 -0.0323606804 0.00199963176 0.0235114098 -0.0323606804 0.0150000006 0.0235114098 -0.0323606804 0.00199963176 0.0235114098 -0.0323606804 0.0150000006 0.0123606799 -0.0380422622 0.00199963176 0.0123606799 -0.0380422622 0.0150000006 0.0123606799 -0.0380422622 0.00199963176 0.0123606799 -0.0380422622 0.0150000006 -8.44463388e-14 -0.0400000028 0.00199963176 -8.44463388e-14 -0.0400000028 0.00199963176 -0.0123606799 -0.0380422622 -3.46944695e-17 -0.0129785948 -0.039944008 0.00199963176 -0.0235114098 -0.0323606804 -3.46944695e-17 -0.0246867537 -0.0339784026 0.00199963176 -0.0235114098 -0.0323606804 -3.46944695e-17 -0.0246867537 -0.0339784026 0.00199963176 -0.0323606804 -0.0235114098 -3.46944695e-17 -0.0339784026 -0.0246867537 0.00199963176 -0.0323606804 -0.0235114098 -3.46944695e-17 -0.0339784026 -0.0246867537 0.00199963176 -0.0380422622 -0.0123606799 -3.46944695e-17 -0.039944008 -0.0129785948 0.00199963176 -0.0380422622 -0.0123606799 -3.46944695e-17 -0.039944008 -0.0129785948 0.00199963176 -0.0400000028 8.47238946e-14 -3.46944695e-17 -0.041999612 8.89219254e-14 0.00199963176 -0.0400000028 8.47238946e-14 -3.46944695e-17 -0.041999612 8.89219254e-14 0.00199963176 -0.0380422622 0.0123606799 -3.46944695e-17 -0.039944008 0.0129785948 0.00199963176 -0.0380422622 0.0123606799 -3.46944695e-17 -0.039944008 0.0129785948 0.00199963176 -0.0323606804 0.0235114098 -3.46944695e-17 -0.0339784026 0.0246867537 0.00199963176 -0.0323606804 0.0235114098 -3.46944695e-17 -0.0339784026 0.0246867537 0.00199963176 -0.0235114098 0.0323606804 -3.46944695e-17 -0.0246867537 0.0339784026 0.00199963176 -0.0235114098 0.0323606804 -3.46944695e-17 -0.0246867537 0.0339784026 0.00199963176 -0.0123606799 0.0380422622 -3.46944695e-17 -0.0129785948 0.039944008 0.00199963176 -0.0123606799 0.0380422622 -3.46944695e-17 -0.0129785948 0.039944008 0.00199963176 8.44116443e-14 0.0400000028 0 8.86443696e-14 0.041999612 0.00199963176 8.44116443e-14 0.0400000028 0 8.86443696e-14 0.041999612 0.00199963176 0.0123606799 0.0380422622 0 0.0129785948 0.039944008 0.00199963176 0.0123606799 0.0380422622 0 0.0129785948 0.039944008 0.00199963176 0.0235114098 0.0323606804 0 0.0246867537 0.0339784026 0.00199963176 0.0235114098 0.0323606804 0 0.0246867537 0.0339784026 0.00199963176 0.0323606804 0.0235114098 0 0.0339784026 0.0246867537 0.00199963176 0.0323606804 0.0235114098 0 0.0339784026 0.0246867537 0.00199963176 0.0380422622 0.0123606799 0 0.039944008 0.0129785948 0.00199963176 0.0380422622 0.0123606799 0 0.039944008 0.0129785948 0.00199963176 0.0400000028 -8.41687831e-14 0 0.041999612 -8.83321194e-14 0.00199963176 0.0400000028 -8.41687831e-14 0 0.041999612 -8.83321194e-14 0.00199963176 0.0380422622 -0.0123606799 0 0.039944008 -0.0129785948 0.00199963176 0.0380422622 -0.0123606799 0 0.039944008 -0.0129785948 0.00199963176 0.0323606804 -0.0235114098 0 0.0339784026 -0.0246867537 0.00199963176 0.0323606804 -0.0235114098 0 0.0339784026 -0.0246867537 0.00199963176 0.0235114098 -0.0323606804 0 0.0246867537 -0.0339784026 0.00199963176 0.0235114098 -0.0323606804 0 0.0246867537 -0.0339784026 0.00199963176 0.0123606799 -0.0380422622 0 0.0129785948 -0.039944008 0.00199963176 0.0123606799 -0.0380422622 0 0.0129785948 -0.039944008 0.00199963176 -8.44463388e-14 -0.0400000028 -3.46944695e-17 -8.86443696e-14 -0.041999612 0.00199963176 -8.44463388e-14 -0.0400000028 -3.46944695e-17 -8.86443696e-14 -0.041999612 0.00199963176 -0.0123606799 -0.0380422622 -3.46944695e-17 -0.0129785948 -0.039944008 -2.42861287e-16 -0.120000005 -0.144999996 0.0153806023 -0.120000005 -0.146913409 0.00152240926 -0.120000005 -0.152653664 0.0164644662 -0.120000005 -0.148535535 0.00585786439 -0.120000005 -0.159142137 0.0180865824 -0.120000005 -0.149619401 0.012346331 -0.120000005 -0.163477585 0.0200000014 -0.120000005 -0.149999991 0.0200000014 -0.120000005 -0.164999992 0.0200000014 0.127068788 -0.149999991 0.0200000014 0.127068788 -0.157500818 0.0175853427 0.126226977 -0.15726462 0.00152240926 0.12196701 -0.152653664 0.000868330768 0.121547163 -0.150829166 0.0084693972 0.121983811 -0.149828628 0.0084693972 0.121983811 -0.149828628 0.000868330768 0.121547163 -0.150829166 0.000245625211 0.120945826 -0.148124844 0.0084693972 0.121983811 -0.149828628 0.000245625211 0.120945826 -0.148124844 0.0077448925 0.121125139 -0.147462517 0.0077448925 0.121125139 -0.147462517 0.000245625211 0.120945826 -0.148124844 -3.81639165e-16 0.120266415 -0.144999996 0.0077448925 0.121125139 -0.147462517 -3.81639165e-16 0.120266415 -0.144999996 0.00749918213 0.120266415 -0.144999996 0.00152240926 0.12196701 -0.152653664 0.0084693972 0.121983811 -0.149828628 0.00246875221 0.122440889 -0.154625759 0.00246875221 0.122440889 -0.154625759 0.0084693972 0.121983811 -0.149828628 0.00959015824 0.122807041 -0.151919991 0.00246875221 0.122440889 -0.154625759 0.00959015824 0.122807041 -0.151919991 0.00396991521 0.123042233 -0.156959772 0.00396991521 0.123042233 -0.156959772 0.00959015824 0.122807041 -0.151919991 0.0110847233 0.123630278 -0.153762877 0.00396991521 0.123042233 -0.156959772 0.0110847233 0.123630278 -0.153762877 0.0057364963 0.123630278 -0.159019709 0.0057364963 0.123630278 -0.159019709 0.0110847233 0.123630278 -0.153762877 0.0111860232 0.123680048 -0.153864771 0.0057364963 0.123630278 -0.159019709 0.0111860232 0.123680048 -0.153864771 0.00676075276 0.123935945 -0.159990758 0.00676075276 0.123935945 -0.159990758 0.0111860232 0.123680048 -0.153864771 0.0130907279 0.124532625 -0.155416965 0.00676075276 0.123935945 -0.159990758 0.0130907279 0.124532625 -0.155416965 0.00896339212 0.124537349 -0.161679119 0.00896339212 0.124537349 -0.161679119 0.0130907279 0.124532625 -0.155416965 0.0152615355 0.12538521 -0.156567961 0.00896339212 0.124537349 -0.161679119 0.0152615355 0.12538521 -0.156567961 0.0126153231 0.125431061 -0.163586736 0.0126153231 0.125431061 -0.163586736 0.0152615355 0.12538521 -0.156567961 0.0175853427 0.126226977 -0.15726462 0.0126153231 0.125431061 -0.163586736 0.0175853427 0.126226977 -0.15726462 0.0158967953 0.126173988 -0.164574564 0.0158967953 0.126173988 -0.164574564 0.0175853427 0.126226977 -0.15726462 0.0200000014 0.127068788 -0.157500818 0.0158967953 0.126173988 -0.164574564 0.0200000014 0.127068788 -0.157500818 0.0200000014 0.127068788 -0.164999992 0.0200000014 0.127068788 -0.149999991 0.0175853427 0.126226977 -0.15726462 0.019034151 0.126226977 -0.149905831 0.019034151 0.126226977 -0.149905831 0.0175853427 0.126226977 -0.15726462 0.0152615355 0.12538521 -0.156567961 0.019034151 0.126226977 -0.149905831 0.0152615355 0.12538521 -0.156567961 0.0178949516 0.12518692 -0.149535283 0.0178949516 0.12518692 -0.149535283 0.0152615355 0.12538521 -0.156567961 0.0130907279 0.124532625 -0.155416965 0.0178949516 0.12518692 -0.149535283 0.0130907279 0.124532625 -0.155416965 0.0172362942 0.124532618 -0.149166763 0.0172362942 0.124532618 -0.149166763 0.0130907279 0.124532625 -0.155416965 0.0111860232 0.123680048 -0.153864771 0.0172362942 0.124532618 -0.149166763 0.0111860232 0.123680048 -0.153864771 0.0164746325 0.12368004 -0.148545668 0.0164746325 0.12368004 -0.148545668 0.0111860232 0.123680048 -0.153864771 0.0110847233 0.123630278 -0.153762877 0.0164746325 0.12368004 -0.148545668 0.0110847233 0.123630278 -0.153762877 0.0164341144 0.12363027 -0.148504913 0.0164341144 0.12363027 -0.148504913 0.0110847233 0.123630278 -0.153762877 0.00959015824 0.122807041 -0.151919991 0.0164341144 0.12363027 -0.148504913 0.00959015824 0.122807041 -0.151919991 0.0161781814 0.123300992 -0.148223922 0.0161781814 0.123300992 -0.148223922 0.00959015824 0.122807041 -0.151919991 0.0084693972 0.121983811 -0.149828628 0.0161781814 0.123300992 -0.148223922 0.0084693972 0.121983811 -0.149828628 0.0153880566 0.121983804 -0.14693132 0.0153880566 0.121983804 -0.14693132 0.0084693972 0.121983811 -0.149828628 0.0077448925 0.121125139 -0.147462517 0.0153880566 0.121983804 -0.14693132 0.0077448925 0.121125139 -0.147462517 0.0151753388 0.121416643 -0.146312505 0.0151753388 0.121416643 -0.146312505 0.0077448925 0.121125139 -0.147462517 0.00749918213 0.120266415 -0.144999996 0.0151753388 0.121416643 -0.146312505 0.00749918213 0.120266415 -0.144999996 0.0150000006 0.120266415 -0.144999996 0.00896339212 0.124537349 -0.161679119 0.0126153231 0.125431061 -0.163586736 0.012346331 -0.120000005 -0.163477585 0.012346331 -0.120000005 -0.163477585 0.0126153231 0.125431061 -0.163586736 0.0200000014 -0.120000005 -0.164999992 0.0200000014 -0.120000005 -0.164999992 0.0126153231 0.125431061 -0.163586736 0.0158967953 0.126173988 -0.164574564 0.0200000014 -0.120000005 -0.164999992 0.0158967953 0.126173988 -0.164574564 0.0200000014 0.127068788 -0.164999992 0.00896339212 0.124537349 -0.161679119 0.012346331 -0.120000005 -0.163477585 0.00676075276 0.123935945 -0.159990758 0.00676075276 0.123935945 -0.159990758 0.012346331 -0.120000005 -0.163477585 0.00585786439 -0.120000005 -0.159142137 0.00676075276 0.123935945 -0.159990758 0.00585786439 -0.120000005 -0.159142137 0.0057364963 0.123630278 -0.159019709 0.00152240926 -0.120000005 -0.152653664 0.00246875221 0.122440889 -0.154625759 0.00585786439 -0.120000005 -0.159142137 0.00585786439 -0.120000005 -0.159142137 0.00246875221 0.122440889 -0.154625759 0.00396991521 0.123042233 -0.156959772 0.00585786439 -0.120000005 -0.159142137 0.00396991521 0.123042233 -0.156959772 0.0057364963 0.123630278 -0.159019709 0.000245625211 0.120945826 -0.148124844 0.000868330768 0.121547163 -0.150829166 0.00152240926 -0.120000005 -0.152653664 0.00152240926 -0.120000005 -0.152653664 0.000868330768 0.121547163 -0.150829166 0.00152240926 0.12196701 -0.152653664 0.00152240926 -0.120000005 -0.152653664 0.00152240926 0.12196701 -0.152653664 0.00246875221 0.122440889 -0.154625759 0.00152240926 -0.120000005 -0.152653664 -2.42861287e-16 -0.120000005 -0.144999996 3.46944695e-17 -0.0913908705 -0.144999996 3.46944695e-17 -0.0670342743 -0.144999996 3.46944695e-17 -0.0568908751 -0.144999996 3.46944695e-17 -0.0442840755 -0.144999996 3.46944695e-17 -0.0219999999 -0.144999996 3.46944695e-17 -0.0157500003 -0.144999996 3.46944695e-17 0.0157500003 -0.144999996 3.46944695e-17 0.0670342743 -0.144999996 3.46944695e-17 0.0913908705 -0.144999996 0.000245625211 0.120945826 -0.148124844 3.46944695e-17 0.106883205 -0.144999996 -3.81639165e-16 0.120266415 -0.144999996 3.46944695e-17 0.0442840755 -0.144999996 0.00152240926 -0.120000005 -0.152653664 3.46944695e-17 0.0442840755 -0.144999996 3.46944695e-17 0.0480000004 -0.144999996 0.00152240926 -0.120000005 -0.152653664 3.46944695e-17 0.0480000004 -0.144999996 0.000245625211 0.120945826 -0.148124844 3.46944695e-17 0.0480000004 -0.144999996 3.46944695e-17 0.0568908751 -0.144999996 0.0151753379 0.121416643 -0.14631249 0.0150000006 0.120266415 -0.144999996 0.0150000006 0.106383204 -0.144999996 0.0150000006 0.0902658701 -0.144999996 0.0150000006 0.0670342743 -0.144999996 0.0150000006 0.0563908741 -0.144999996 0.0150000006 0.0459092706 -0.144999996 0.0150000006 0.0162499994 -0.144999996 0.0153806023 -0.120000005 -0.146913409 0.0150000006 -0.0162499994 -0.144999996 0.0150000006 -0.0236249994 -0.144999996 0.0150000006 -0.0459092706 -0.144999996 0.0150000006 -0.0563908741 -0.144999996 0.0150000006 -0.0670342743 -0.144999996 0.0153806023 -0.120000005 -0.146913409 0.0150000006 -0.0670342743 -0.144999996 0.0150000006 -0.0686250031 -0.144999996 0.0150000006 -0.0686250031 -0.144999996 0.0150000006 -0.120000005 -0.144999996 0.0150000006 0.0459092706 -0.144999996 0.0151753379 0.121416643 -0.14631249 0.0150000006 0.0459092706 -0.144999996 0.0153806023 -0.120000005 -0.146913409 0.0151753379 0.121416643 -0.14631249 0.0153806023 -0.120000005 -0.146913409 0.0153880566 0.121983804 -0.14693132 0.0153880566 0.121983804 -0.14693132 0.0153806023 -0.120000005 -0.146913409 0.0164644662 -0.120000005 -0.148535535 0.0164644662 -0.120000005 -0.148535535 0.0172362942 0.124532618 -0.149166763 0.0164746325 0.12368004 -0.148545668 0.0164746325 0.12368004 -0.148545668 0.0164341144 0.12363027 -0.148504913 0.0164644662 -0.120000005 -0.148535535 0.0164644662 -0.120000005 -0.148535535 0.0164341144 0.12363027 -0.148504913 0.0161781777 0.123300999 -0.148223922 0.0164644662 -0.120000005 -0.148535535 0.0161781777 0.123300999 -0.148223922 0.0153880566 0.121983804 -0.14693132 0.0172362942 0.124532618 -0.149166763 0.0164644662 -0.120000005 -0.148535535 0.0178949498 0.12518692 -0.149535269 0.0178949498 0.12518692 -0.149535269 0.0164644662 -0.120000005 -0.148535535 0.0180865824 -0.120000005 -0.149619401 0.0178949498 0.12518692 -0.149535269 0.0180865824 -0.120000005 -0.149619401 0.019034151 0.126226977 -0.149905831 0.019034151 0.126226977 -0.149905831 0.0180865824 -0.120000005 -0.149619401 0.0200000014 -0.120000005 -0.149999991 0.019034151 0.126226977 -0.149905831 0.0200000014 -0.120000005 -0.149999991 0.0200000014 0.127068788 -0.149999991 0.0665000007 0.136258334 -0.164999992 0.0600000024 0.137999997 -0.164999992 0.0659999996 0.155000001 -0.164999992 0.0469999984 -0.0449999981 -0.164999992 0.0200000014 -0.120000005 -0.164999992 0.0200000014 0.127068788 -0.164999992 0.0469999984 -0.0850000083 -0.164999992 0.0487416685 -0.0914999992 -0.164999992 0.0535000041 -0.0962583348 -0.164999992 0.0659999996 -0.120000005 -0.164999992 0.0600000024 -0.0980000049 -0.164999992 0.0736536682 -0.118477583 -0.164999992 0.0665000007 -0.0962583348 -0.164999992 0.0801421329 -0.114142135 -0.164999992 0.0844775885 -0.10765367 -0.164999992 0.0712583289 -0.0914999992 -0.164999992 0.0860000029 -0.099999994 -0.164999992 0.0729999989 -0.0850000083 -0.164999992 0.0712583289 -0.0784999952 -0.164999992 0.0533406585 0.155000001 -0.164999992 0.0535000041 0.136258334 -0.164999992 0.0448882952 0.15312615 -0.164999992 0.0487416685 0.0914999992 -0.164999992 0.0469999984 0.0850000083 -0.164999992 0.0487416685 -0.0784999952 -0.164999992 0.0535000041 -0.073741667 -0.164999992 0.0535000041 -0.073741667 -0.164999992 0.0469999984 -0.0449999981 -0.164999992 0.0487416685 -0.0515000001 -0.164999992 0.0487416685 -0.0515000001 -0.164999992 0.0600000024 -0.0719999969 -0.164999992 0.0535000041 -0.0562583283 -0.164999992 0.0535000041 -0.0562583283 -0.164999992 0.0665000007 -0.073741667 -0.164999992 0.0600000024 -0.0579999983 -0.164999992 0.0665000007 -0.0562583283 -0.164999992 0.0712583289 0.0914999992 -0.164999992 0.0665000007 0.0962583348 -0.164999992 0.0535000041 0.113741674 -0.164999992 0.0600000024 0.0980000049 -0.164999992 0.0487416685 0.118500002 -0.164999992 0.0535000041 0.0962583348 -0.164999992 0.0469999984 0.125 -0.164999992 0.0665000007 0.073741667 -0.164999992 0.0712583289 0.0784999952 -0.164999992 0.0380197689 0.147855759 -0.164999992 0.0487416685 0.131500006 -0.164999992 0.0236381218 0.130716383 -0.164999992 0.0487416685 0.0784999952 -0.164999992 0.0600000024 -0.0319999978 -0.164999992 0.0535000041 -0.0337416716 -0.164999992 0.0487416685 -0.0384999998 -0.164999992 0.0712583289 0.118500002 -0.164999992 0.0729999989 0.0850000083 -0.164999992 0.0665000007 0.113741674 -0.164999992 0.0665000007 0.113741674 -0.164999992 0.0729999989 0.0850000083 -0.164999992 0.0712583289 0.0914999992 -0.164999992 0.0600000024 0.111999996 -0.164999992 0.0712583289 -0.0515000001 -0.164999992 0.0712583289 -0.0515000001 -0.164999992 0.0729999989 -0.0449999981 -0.164999992 0.0860000029 -0.099999994 -0.164999992 0.0729999989 0.0850000083 -0.164999992 0.0712583289 0.118500002 -0.164999992 0.0860000029 0.135000005 -0.164999992 0.0729999989 0.125 -0.164999992 0.0844775885 0.142653674 -0.164999992 0.0712583289 0.131500006 -0.164999992 0.0801421329 0.149142131 -0.164999992 0.0736536682 0.153477594 -0.164999992 0.0535000041 0.073741667 -0.164999992 0.0535000041 0.073741667 -0.164999992 0.0600000024 0.0719999969 -0.164999992 0.0665000007 -0.0337416716 -0.164999992 0.0665000007 -0.0337416716 -0.164999992 0.0712583289 -0.0384999998 -0.164999992 0.0712583289 -0.0384999998 -0.164999992 0.0665000007 0.073741667 -0.164999992 0.0729999989 -0.0449999981 -0.164999992 0.0860000029 -0.099999994 -0.149999991 0.0860000029 0.135000005 -0.149999991 0.0712583289 -0.0784999952 -0.149999991 0.0712583289 -0.0515000001 -0.149999991 0.0665000007 -0.0562583283 -0.149999991 0.0659999996 -0.120000005 -0.149999991 0.0736536682 -0.118477583 -0.149999991 0.0600000024 -0.0980000049 -0.149999991 0.0665000007 -0.0962583348 -0.149999991 0.0729999989 -0.0449999981 -0.149999991 0.0712583289 -0.0384999998 -0.149999991 0.0729999989 -0.0850000083 -0.149999991 0.0712583289 -0.0914999992 -0.149999991 0.0844775885 -0.10765367 -0.149999991 0.0801421329 -0.114142135 -0.149999991 0.0200000014 -0.120000005 -0.149999991 0.0535000041 -0.0962583348 -0.149999991 0.0487416685 -0.0914999992 -0.149999991 0.0535000041 -0.0562583283 -0.149999991 0.0535000041 -0.073741667 -0.149999991 0.0600000024 -0.0579999983 -0.149999991 0.0600000024 -0.0719999969 -0.149999991 0.0665000007 -0.073741667 -0.149999991 0.0535000041 0.113741674 -0.149999991 0.0487416685 0.118500002 -0.149999991 0.0200000014 0.127068788 -0.149999991 0.0469999984 0.125 -0.149999991 0.0712583289 0.131500006 -0.149999991 0.0729999989 0.125 -0.149999991 0.0469999984 -0.0850000083 -0.149999991 0.0487416685 -0.0784999952 -0.149999991 0.0469999984 -0.0449999981 -0.149999991 0.0487416685 -0.0515000001 -0.149999991 0.0535000041 0.136258334 -0.149999991 0.0448882952 0.15312615 -0.149999991 0.0487416685 0.131500006 -0.149999991 0.0380197689 0.147855759 -0.149999991 0.0236381218 0.130716383 -0.149999991 0.0487416685 -0.0384999998 -0.149999991 0.0600000024 0.0719999969 -0.149999991 0.0469999984 -0.0449999981 -0.149999991 0.0600000024 0.0719999969 -0.149999991 0.0535000041 0.073741667 -0.149999991 0.0487416685 0.0784999952 -0.149999991 0.0469999984 0.0850000083 -0.149999991 0.0487416685 0.0914999992 -0.149999991 0.0535000041 0.0962583348 -0.149999991 0.0600000024 0.111999996 -0.149999991 0.0600000024 0.0980000049 -0.149999991 0.0665000007 0.113741674 -0.149999991 0.0665000007 0.0962583348 -0.149999991 0.0712583289 0.118500002 -0.149999991 0.0712583289 0.0914999992 -0.149999991 0.0712583289 0.0914999992 -0.149999991 0.0729999989 0.0850000083 -0.149999991 0.0844775885 0.142653674 -0.149999991 0.0801421329 0.149142131 -0.149999991 0.0665000007 0.136258334 -0.149999991 0.0736536682 0.153477594 -0.149999991 0.0600000024 0.137999997 -0.149999991 0.0659999996 0.155000001 -0.149999991 0.0533406585 0.155000001 -0.149999991 0.0729999989 0.0850000083 -0.149999991 0.0712583289 -0.0384999998 -0.149999991 0.0729999989 0.0850000083 -0.149999991 0.0712583289 0.0784999952 -0.149999991 0.0712583289 0.0784999952 -0.149999991 0.0665000007 0.073741667 -0.149999991 0.0487416685 -0.0384999998 -0.149999991 0.0535000041 -0.0337416716 -0.149999991 0.0600000024 -0.0319999978 -0.149999991 0.0665000007 -0.0337416716 -0.149999991 0.0659999996 -0.120000005 -0.164999992 0.0659999996 -0.120000005 -0.149999991 0.0200000014 0.127068788 -0.149999991 0.0236381218 0.130716383 -0.149999991 0.0200000014 0.127068788 -0.157500818 0.0236381218 0.130716383 -0.164999992 0.0200000014 0.127068788 -0.164999992 0.0380197689 0.147855759 -0.164999992 0.0236381218 0.130716383 -0.164999992 0.0380197689 0.147855759 -0.149999991 0.0236381218 0.130716383 -0.149999991 0.0380197689 0.147855759 -0.164999992 0.0380197689 0.147855759 -0.149999991 0.0448882952 0.15312615 -0.149999991 0.0448882952 0.15312615 -0.164999992 0.0448882952 0.15312615 -0.164999992 0.0448882952 0.15312615 -0.149999991 0.0533406585 0.155000001 -0.149999991 0.0533406585 0.155000001 -0.164999992 0.0659999996 0.155000001 -0.164999992 0.0533406585 0.155000001 -0.164999992 0.0659999996 0.155000001 -0.149999991 0.0533406585 0.155000001 -0.149999991 0.0659999996 0.155000001 -0.164999992 0.0659999996 0.155000001 -0.149999991 0.0736536682 0.153477594 -0.149999991 0.0736536682 0.153477594 -0.164999992 0.0736536682 0.153477594 -0.164999992 0.0736536682 0.153477594 -0.149999991 0.0801421329 0.149142131 -0.149999991 0.0801421329 0.149142131 -0.164999992 0.0801421329 0.149142131 -0.164999992 0.0801421329 0.149142131 -0.149999991 0.0844775885 0.142653674 -0.149999991 0.0844775885 0.142653674 -0.164999992 0.0844775885 0.142653674 -0.164999992 0.0844775885 0.142653674 -0.149999991 0.0860000029 0.135000005 -0.149999991 0.0860000029 0.135000005 -0.164999992 0.0860000029 -0.099999994 -0.164999992 0.0860000029 0.135000005 -0.164999992 0.0860000029 -0.099999994 -0.149999991 0.0860000029 0.135000005 -0.149999991 0.0860000029 -0.099999994 -0.164999992 0.0860000029 -0.099999994 -0.149999991 0.0844775885 -0.10765367 -0.149999991 0.0844775885 -0.10765367 -0.164999992 0.0844775885 -0.10765367 -0.164999992 0.0844775885 -0.10765367 -0.149999991 0.0801421329 -0.114142135 -0.149999991 0.0801421329 -0.114142135 -0.164999992 0.0801421329 -0.114142135 -0.164999992 0.0801421329 -0.114142135 -0.149999991 0.0736536682 -0.118477583 -0.149999991 0.0736536682 -0.118477583 -0.164999992 0.0736536682 -0.118477583 -0.164999992 0.0736536682 -0.118477583 -0.149999991 0.0659999996 -0.120000005 -0.149999991 0.0659999996 -0.120000005 -0.164999992 0.0600000024 0.0719999969 -0.164999992 0.0600000024 0.0719999969 -0.149999991 0.0665000007 0.073741667 -0.164999992 0.0665000007 0.073741667 -0.149999991 0.0665000007 0.073741667 -0.164999992 0.0665000007 0.073741667 -0.149999991 0.0712583289 0.0784999952 -0.164999992 0.0712583289 0.0784999952 -0.149999991 0.0712583289 0.0784999952 -0.164999992 0.0712583289 0.0784999952 -0.149999991 0.0729999989 0.0850000083 -0.164999992 0.0729999989 0.0850000083 -0.149999991 0.0729999989 0.0850000083 -0.164999992 0.0729999989 0.0850000083 -0.149999991 0.0712583289 0.0914999992 -0.164999992 0.0712583289 0.0914999992 -0.149999991 0.0712583289 0.0914999992 -0.164999992 0.0712583289 0.0914999992 -0.149999991 0.0665000007 0.0962583348 -0.164999992 0.0665000007 0.0962583348 -0.149999991 0.0665000007 0.0962583348 -0.164999992 0.0665000007 0.0962583348 -0.149999991 0.0600000024 0.0980000049 -0.164999992 0.0600000024 0.0980000049 -0.149999991 0.0600000024 0.0980000049 -0.164999992 0.0600000024 0.0980000049 -0.149999991 0.0535000041 0.0962583348 -0.164999992 0.0535000041 0.0962583348 -0.149999991 0.0535000041 0.0962583348 -0.164999992 0.0535000041 0.0962583348 -0.149999991 0.0487416685 0.0914999992 -0.164999992 0.0487416685 0.0914999992 -0.149999991 0.0487416685 0.0914999992 -0.164999992 0.0487416685 0.0914999992 -0.149999991 0.0469999984 0.0850000083 -0.164999992 0.0469999984 0.0850000083 -0.149999991 0.0469999984 0.0850000083 -0.164999992 0.0469999984 0.0850000083 -0.149999991 0.0487416685 0.0784999952 -0.164999992 0.0487416685 0.0784999952 -0.149999991 0.0487416685 0.0784999952 -0.164999992 0.0487416685 0.0784999952 -0.149999991 0.0535000041 0.073741667 -0.164999992 0.0535000041 0.073741667 -0.149999991 0.0535000041 0.073741667 -0.164999992 0.0535000041 0.073741667 -0.149999991 0.0600000024 0.0719999969 -0.164999992 0.0600000024 0.0719999969 -0.149999991 0.0600000024 -0.0980000049 -0.164999992 0.0600000024 -0.0980000049 -0.149999991 0.0665000007 -0.0962583348 -0.164999992 0.0665000007 -0.0962583348 -0.149999991 0.0665000007 -0.0962583348 -0.164999992 0.0665000007 -0.0962583348 -0.149999991 0.0712583289 -0.0914999992 -0.164999992 0.0712583289 -0.0914999992 -0.149999991 0.0712583289 -0.0914999992 -0.164999992 0.0712583289 -0.0914999992 -0.149999991 0.0729999989 -0.0850000083 -0.164999992 0.0729999989 -0.0850000083 -0.149999991 0.0729999989 -0.0850000083 -0.164999992 0.0729999989 -0.0850000083 -0.149999991 0.0712583289 -0.0784999952 -0.164999992 0.0712583289 -0.0784999952 -0.149999991 0.0712583289 -0.0784999952 -0.164999992 0.0712583289 -0.0784999952 -0.149999991 0.0665000007 -0.073741667 -0.164999992 0.0665000007 -0.073741667 -0.149999991 0.0665000007 -0.073741667 -0.164999992 0.0665000007 -0.073741667 -0.149999991 0.0600000024 -0.0719999969 -0.164999992 0.0600000024 -0.0719999969 -0.149999991 0.0600000024 -0.0719999969 -0.164999992 0.0600000024 -0.0719999969 -0.149999991 0.0535000041 -0.073741667 -0.164999992 0.0535000041 -0.073741667 -0.149999991 0.0535000041 -0.073741667 -0.164999992 0.0535000041 -0.073741667 -0.149999991 0.0487416685 -0.0784999952 -0.164999992 0.0487416685 -0.0784999952 -0.149999991 0.0487416685 -0.0784999952 -0.164999992 0.0487416685 -0.0784999952 -0.149999991 0.0469999984 -0.0850000083 -0.164999992 0.0469999984 -0.0850000083 -0.149999991 0.0469999984 -0.0850000083 -0.164999992 0.0469999984 -0.0850000083 -0.149999991 0.0487416685 -0.0914999992 -0.164999992 0.0487416685 -0.0914999992 -0.149999991 0.0487416685 -0.0914999992 -0.164999992 0.0487416685 -0.0914999992 -0.149999991 0.0535000041 -0.0962583348 -0.164999992 0.0535000041 -0.0962583348 -0.149999991 0.0535000041 -0.0962583348 -0.164999992 0.0535000041 -0.0962583348 -0.149999991 0.0600000024 -0.0980000049 -0.164999992 0.0600000024 -0.0980000049 -0.149999991 0.0600000024 0.111999996 -0.164999992 0.0600000024 0.111999996 -0.149999991 0.0665000007 0.113741674 -0.164999992 0.0665000007 0.113741674 -0.149999991 0.0665000007 0.113741674 -0.164999992 0.0665000007 0.113741674 -0.149999991 0.0712583289 0.118500002 -0.164999992 0.0712583289 0.118500002 -0.149999991 0.0712583289 0.118500002 -0.164999992 0.0712583289 0.118500002 -0.149999991 0.0729999989 0.125 -0.164999992 0.0729999989 0.125 -0.149999991 0.0729999989 0.125 -0.164999992 0.0729999989 0.125 -0.149999991 0.0712583289 0.131500006 -0.164999992 0.0712583289 0.131500006 -0.149999991 0.0712583289 0.131500006 -0.164999992 0.0712583289 0.131500006 -0.149999991 0.0665000007 0.136258334 -0.164999992 0.0665000007 0.136258334 -0.149999991 0.0665000007 0.136258334 -0.164999992 0.0665000007 0.136258334 -0.149999991 0.0600000024 0.137999997 -0.164999992 0.0600000024 0.137999997 -0.149999991 0.0600000024 0.137999997 -0.164999992 0.0600000024 0.137999997 -0.149999991 0.0535000041 0.136258334 -0.164999992 0.0535000041 0.136258334 -0.149999991 0.0535000041 0.136258334 -0.164999992 0.0535000041 0.136258334 -0.149999991 0.0487416685 0.131500006 -0.164999992 0.0487416685 0.131500006 -0.149999991 0.0487416685 0.131500006 -0.164999992 0.0487416685 0.131500006 -0.149999991 0.0469999984 0.125 -0.164999992 0.0469999984 0.125 -0.149999991 0.0469999984 0.125 -0.164999992 0.0469999984 0.125 -0.149999991 0.0487416685 0.118500002 -0.164999992 0.0487416685 0.118500002 -0.149999991 0.0487416685 0.118500002 -0.164999992 0.0487416685 0.118500002 -0.149999991 0.0535000041 0.113741674 -0.164999992 0.0535000041 0.113741674 -0.149999991 0.0535000041 0.113741674 -0.164999992 0.0535000041 0.113741674 -0.149999991 0.0600000024 0.111999996 -0.164999992 0.0600000024 0.111999996 -0.149999991 0.0600000024 -0.0579999983 -0.164999992 0.0600000024 -0.0579999983 -0.149999991 0.0665000007 -0.0562583283 -0.164999992 0.0665000007 -0.0562583283 -0.149999991 0.0665000007 -0.0562583283 -0.164999992 0.0665000007 -0.0562583283 -0.149999991 0.0712583289 -0.0515000001 -0.164999992 0.0712583289 -0.0515000001 -0.149999991 0.0712583289 -0.0515000001 -0.164999992 0.0712583289 -0.0515000001 -0.149999991 0.0729999989 -0.0449999981 -0.164999992 0.0729999989 -0.0449999981 -0.149999991 0.0729999989 -0.0449999981 -0.164999992 0.0729999989 -0.0449999981 -0.149999991 0.0712583289 -0.0384999998 -0.164999992 0.0712583289 -0.0384999998 -0.149999991 0.0712583289 -0.0384999998 -0.164999992 0.0712583289 -0.0384999998 -0.149999991 0.0665000007 -0.0337416716 -0.164999992 0.0665000007 -0.0337416716 -0.149999991 0.0665000007 -0.0337416716 -0.164999992 0.0665000007 -0.0337416716 -0.149999991 0.0600000024 -0.0319999978 -0.164999992 0.0600000024 -0.0319999978 -0.149999991 0.0600000024 -0.0319999978 -0.164999992 0.0600000024 -0.0319999978 -0.149999991 0.0535000041 -0.0337416716 -0.164999992 0.0535000041 -0.0337416716 -0.149999991 0.0535000041 -0.0337416716 -0.164999992 0.0535000041 -0.0337416716 -0.149999991 0.0487416685 -0.0384999998 -0.164999992 0.0487416685 -0.0384999998 -0.149999991 0.0487416685 -0.0384999998 -0.164999992 0.0487416685 -0.0384999998 -0.149999991 0.0469999984 -0.0449999981 -0.164999992 0.0469999984 -0.0449999981 -0.149999991 0.0469999984 -0.0449999981 -0.164999992 0.0469999984 -0.0449999981 -0.149999991 0.0487416685 -0.0515000001 -0.164999992 0.0487416685 -0.0515000001 -0.149999991 0.0487416685 -0.0515000001 -0.164999992 0.0487416685 -0.0515000001 -0.149999991 0.0535000041 -0.0562583283 -0.164999992 0.0535000041 -0.0562583283 -0.149999991 0.0535000041 -0.0562583283 -0.164999992 0.0535000041 -0.0562583283 -0.149999991 0.0600000024 -0.0579999983 -0.164999992 0.0600000024 -0.0579999983 -0.149999991 0.0150941731 0.121108234 0.145965844 0.00773537392 0.121108234 0.147414654 0.00843205396 0.121950001 0.149738461 0.00804021861 0.124292977 0.161030084 0.0130800027 0.12452817 0.155409843 0.0112371156 0.123704933 0.153915271 0.0151713761 0.125351399 0.156530604 0.0168751515 0.126389384 0.164754376 0.0175374895 0.126210064 0.157255098 0.0175374895 0.126210064 0.157255098 0.0168751515 0.126389384 0.164754376 0.0200000014 0.127068788 0.164999992 0.0175374895 0.126210064 0.157255098 0.0200000014 0.127068788 0.164999992 0.0200000014 0.127068788 0.157500818 0.010374235 0.124894321 0.162531257 0.012346331 0.125368208 0.163477585 0.0151713761 0.125351399 0.156530604 0.0151713761 0.125351399 0.156530604 0.012346331 0.125368208 0.163477585 0.0141708292 0.125788048 0.164131671 0.0151713761 0.125351399 0.156530604 0.0141708292 0.125788048 0.164131671 0.0168751515 0.126389384 0.164754376 0.00804021861 0.124292977 0.161030084 0.0112371156 0.123704933 0.153915271 0.00598028302 0.123704933 0.159263492 0.00598028302 0.123704933 0.159263492 0.0112371156 0.123704933 0.153915271 0.0111352243 0.123655163 0.153813973 0.00598028302 0.123704933 0.159263492 0.0111352243 0.123655163 0.153813973 0.00500925817 0.123399265 0.158239245 0.00500925817 0.123399265 0.158239245 0.0111352243 0.123655163 0.153813973 0.00958303735 0.122802585 0.151909277 0.00500925817 0.123399265 0.158239245 0.00958303735 0.122802585 0.151909277 0.00332087255 0.122797862 0.1560366 0.00332087255 0.122797862 0.1560366 0.00958303735 0.122802585 0.151909277 0.00843205396 0.121950001 0.149738461 0.00332087255 0.122797862 0.1560366 0.00843205396 0.121950001 0.149738461 0.00141326967 0.121904157 0.152384669 0.00141326967 0.121904157 0.152384669 0.00843205396 0.121950001 0.149738461 0.00773537392 0.121108234 0.147414654 0.00141326967 0.121904157 0.152384669 0.00773537392 0.121108234 0.147414654 0.000425432168 0.121161222 0.149103209 -4.47558657e-15 0.120266415 0.144999996 0.000425432168 0.121161222 0.149103209 0.00749918213 0.120266415 0.144999996 0.00749918213 0.120266415 0.144999996 0.000425432168 0.121161222 0.149103209 0.00773537392 0.121108234 0.147414654 0.00749918213 0.120266415 0.144999996 0.00773537392 0.121108234 0.147414654 0.0150000006 0.120266415 0.144999996 0.0150000006 0.120266415 0.144999996 0.00773537392 0.121108234 0.147414654 0.0150941731 0.121108234 0.145965844 0.0130800027 0.12452817 0.155409843 0.0164950807 0.12370494 0.148565888 0.0112371156 0.123704933 0.153915271 0.0112371156 0.123704933 0.153915271 0.0164950807 0.12370494 0.148565888 0.0164543279 0.12365517 0.148525372 0.0112371156 0.123704933 0.153915271 0.0164543279 0.12365517 0.148525372 0.0111352243 0.123655163 0.153813973 0.0111352243 0.123655163 0.153813973 0.0164543279 0.12365517 0.148525372 0.0158332363 0.122802593 0.147763699 0.0111352243 0.123655163 0.153813973 0.0158332363 0.122802593 0.147763699 0.00958303735 0.122802585 0.151909277 0.00958303735 0.122802585 0.151909277 0.0158332363 0.122802593 0.147763699 0.015669873 0.12253388 0.147500008 0.00958303735 0.122802585 0.151909277 0.015669873 0.12253388 0.147500008 0.00843205396 0.121950001 0.149738461 0.00843205396 0.121950001 0.149738461 0.015669873 0.12253388 0.147500008 0.0154647194 0.122148283 0.147105038 0.00843205396 0.121950001 0.149738461 0.0154647194 0.122148283 0.147105038 0.0150941731 0.121108234 0.145965844 0.0180686861 0.125351414 0.14961195 0.0175000001 0.12480133 0.149330124 0.0130800027 0.12452817 0.155409843 0.0130800027 0.12452817 0.155409843 0.0175000001 0.12480133 0.149330124 0.0167760737 0.124034218 0.148821816 0.0130800027 0.12452817 0.155409843 0.0167760737 0.124034218 0.148821816 0.0164950807 0.12370494 0.148565888 0.00804021861 0.124292977 0.161030084 0.010374235 0.124894321 0.162531257 0.0130800027 0.12452817 0.155409843 0.0130800027 0.12452817 0.155409843 0.010374235 0.124894321 0.162531257 0.0151713761 0.125351399 0.156530604 0.0130800027 0.12452817 0.155409843 0.0151713761 0.125351399 0.156530604 0.0180686861 0.125351414 0.14961195 0.0180686861 0.125351414 0.14961195 0.0151713761 0.125351399 0.156530604 0.0175374895 0.126210064 0.157255098 0.0180686861 0.125351414 0.14961195 0.0175374895 0.126210064 0.157255098 0.0186875053 0.125918567 0.149824664 0.0186875053 0.125918567 0.149824664 0.0175374895 0.126210064 0.157255098 0.0200000014 0.127068788 0.157500818 0.0186875053 0.125918567 0.149824664 0.0200000014 0.127068788 0.157500818 0.0200000014 0.127068788 0.149999991 0.0175000001 -0.120000005 0.149330124 0.0200000014 -0.120000005 0.149999991 0.0200000014 -0.120000005 0.164999992 0.00152240926 -0.120000005 0.152653664 0.015669873 -0.120000005 0.147500008 0.00585786439 -0.120000005 0.159142137 0.012346331 -0.120000005 0.163477585 -3.46944695e-17 -0.0913908705 0.144999996 -4.54497551e-15 -0.120000005 0.144999996 0.00152240926 -0.120000005 0.152653664 0.000425432168 0.121161222 0.149103209 -4.47558657e-15 0.120266415 0.144999996 0 0.106883205 0.144999996 0 0.0913908705 0.144999996 0 0.0670342743 0.144999996 0 0.0568908751 0.144999996 0 0.0480000004 0.144999996 0 0.0480000004 0.144999996 0 0.0442840755 0.144999996 0.000425432168 0.121161222 0.149103209 0 0.0442840755 0.144999996 0.00152240926 -0.120000005 0.152653664 0 0.0442840755 0.144999996 0 0.0157500003 0.144999996 0 -0.0157500003 0.144999996 0 -0.0219999999 0.144999996 0 -0.0442840755 0.144999996 0 -0.0568908751 0.144999996 0 -0.0670342743 0.144999996 0.00598028302 0.123704933 0.159263492 0.00500925817 0.123399265 0.158239245 0.00585786439 -0.120000005 0.159142137 0.00585786439 -0.120000005 0.159142137 0.00500925817 0.123399265 0.158239245 0.00332087255 0.122797862 0.1560366 0.00585786439 -0.120000005 0.159142137 0.00332087255 0.122797862 0.1560366 0.00152240926 -0.120000005 0.152653664 0.00152240926 -0.120000005 0.152653664 0.00332087255 0.122797862 0.1560366 0.00141326967 0.121904157 0.152384669 0.00152240926 -0.120000005 0.152653664 0.00141326967 0.121904157 0.152384669 0.000425432168 0.121161222 0.149103209 0.00598028302 0.123704933 0.159263492 0.00585786439 -0.120000005 0.159142137 0.00804021861 0.124292977 0.161030084 0.00804021861 0.124292977 0.161030084 0.00585786439 -0.120000005 0.159142137 0.012346331 -0.120000005 0.163477585 0.00804021861 0.124292977 0.161030084 0.012346331 -0.120000005 0.163477585 0.010374235 0.124894321 0.162531257 0.0200000014 0.127068788 0.164999992 0.0168751515 0.126389384 0.164754376 0.0200000014 -0.120000005 0.164999992 0.0200000014 -0.120000005 0.164999992 0.0168751515 0.126389384 0.164754376 0.0141708292 0.125788048 0.164131671 0.0200000014 -0.120000005 0.164999992 0.0141708292 0.125788048 0.164131671 0.012346331 -0.120000005 0.163477585 0.012346331 -0.120000005 0.163477585 0.0141708292 0.125788048 0.164131671 0.012346331 0.125368208 0.163477585 0.012346331 -0.120000005 0.163477585 0.012346331 0.125368208 0.163477585 0.010374235 0.124894321 0.162531257 0.0186875109 0.125918567 0.149824664 0.0200000014 0.127068788 0.149999991 0.0200000014 -0.120000005 0.149999991 0.0175000001 -0.120000005 0.149330124 0.0175000001 0.12480133 0.149330124 0.0200000014 -0.120000005 0.149999991 0.0200000014 -0.120000005 0.149999991 0.0175000001 0.12480133 0.149330124 0.0180686861 0.125351414 0.14961195 0.0200000014 -0.120000005 0.149999991 0.0180686861 0.125351414 0.14961195 0.0186875109 0.125918567 0.149824664 0.0164543279 0.12365517 0.148525372 0.0164950807 0.12370494 0.148565888 0.0175000001 -0.120000005 0.149330124 0.0175000001 -0.120000005 0.149330124 0.0164950807 0.12370494 0.148565888 0.0167760774 0.124034211 0.148821816 0.0175000001 -0.120000005 0.149330124 0.0167760774 0.124034211 0.148821816 0.0175000001 0.12480133 0.149330124 0.0150941731 0.121108234 0.145965844 0.0154647212 0.122148283 0.147105053 0.015669873 -0.120000005 0.147500008 0.015669873 -0.120000005 0.147500008 0.0154647212 0.122148283 0.147105053 0.015669873 0.12253388 0.147500008 0.015669873 -0.120000005 0.147500008 0.015669873 0.12253388 0.147500008 0.0175000001 -0.120000005 0.149330124 0.0175000001 -0.120000005 0.149330124 0.015669873 0.12253388 0.147500008 0.0158332363 0.122802593 0.147763699 0.0175000001 -0.120000005 0.149330124 0.0158332363 0.122802593 0.147763699 0.0164543279 0.12365517 0.148525372 0.0150000006 0.106383204 0.144999996 0.0150000006 0.120266415 0.144999996 0.0150941731 0.121108234 0.145965844 0.0150000006 -0.120000005 0.144999996 0.0150000006 -0.0686250031 0.144999996 0.015669873 -0.120000005 0.147500008 0.015669873 -0.120000005 0.147500008 0.0150000006 -0.0686250031 0.144999996 0.0150000006 -0.0670342743 0.144999996 0.015669873 -0.120000005 0.147500008 0.0150000006 -0.0670342743 0.144999996 0.0150941731 0.121108234 0.145965844 0.0150941731 0.121108234 0.145965844 0.0150000006 -0.0670342743 0.144999996 0.0150000006 -0.0563908741 0.144999996 0.0150000006 -0.0563908741 0.144999996 0.0150000006 -0.0459092706 0.144999996 0.0150941731 0.121108234 0.145965844 0.0150000006 -0.0459092706 0.144999996 0.0150000006 -0.0236249994 0.144999996 0.0150000006 -0.0236249994 0.144999996 0.0150000006 -0.0162499994 0.144999996 0.0150000006 -0.0162499994 0.144999996 0.0150000006 0.0162499994 0.144999996 0.0150000006 0.0459092706 0.144999996 0.0150000006 0.0563908741 0.144999996 0.0150000006 0.0670342743 0.144999996 0.0150000006 0.0902658701 0.144999996 0.0736536682 -0.118477583 0.164999992 0.0665000007 -0.0962583348 0.164999992 0.0600000024 -0.0980000049 0.164999992 0.0600000024 -0.0319999978 0.164999992 0.0665000007 0.073741667 0.164999992 0.0535000041 -0.0337416716 0.164999992 0.0535000041 -0.0337416716 0.164999992 0.0665000007 0.073741667 0.164999992 0.0600000024 0.0719999969 0.164999992 0.0600000024 0.0719999969 0.164999992 0.0487416685 -0.0384999998 0.164999992 0.0535000041 -0.0962583348 0.164999992 0.0200000014 -0.120000005 0.164999992 0.0659999996 -0.120000005 0.164999992 0.0712583289 -0.0784999952 0.164999992 0.0729999989 -0.0850000083 0.164999992 0.0860000029 -0.099999994 0.164999992 0.0712583289 -0.0914999992 0.164999992 0.0860000029 -0.099999994 0.164999992 0.0844775885 -0.10765367 0.164999992 0.0801421329 -0.114142135 0.164999992 0.0487416685 0.118500002 0.164999992 0.0469999984 0.125 0.164999992 0.0200000014 0.127068788 0.164999992 0.0487416685 -0.0914999992 0.164999992 0.0469999984 -0.0850000083 0.164999992 0.0487416685 -0.0784999952 0.164999992 0.0469999984 -0.0449999981 0.164999992 0.0535000041 0.073741667 0.164999992 0.0712583289 0.118500002 0.164999992 0.0665000007 0.113741674 0.164999992 0.0535000041 0.0962583348 0.164999992 0.0600000024 0.111999996 0.164999992 0.0487416685 0.0914999992 0.164999992 0.0535000041 0.113741674 0.164999992 0.0469999984 0.0850000083 0.164999992 0.0533406585 0.155000001 0.164999992 0.0448882952 0.15312615 0.164999992 0.0535000041 0.136258334 0.164999992 0.0860000029 0.135000005 0.164999992 0.0712583289 -0.0384999998 0.164999992 0.0729999989 -0.0449999981 0.164999992 0.0487416685 0.0784999952 0.164999992 0.0487416685 0.131500006 0.164999992 0.0380197689 0.147855759 0.164999992 0.0236381218 0.130716383 0.164999992 0.0659999996 0.155000001 0.164999992 0.0600000024 0.137999997 0.164999992 0.0736536682 0.153477594 0.164999992 0.0665000007 0.136258334 0.164999992 0.0801421329 0.149142131 0.164999992 0.0712583289 0.131500006 0.164999992 0.0844775885 0.142653674 0.164999992 0.0712583289 -0.0384999998 0.164999992 0.0860000029 0.135000005 0.164999992 0.0665000007 -0.0337416716 0.164999992 0.0729999989 0.0850000083 0.164999992 0.0712583289 0.0784999952 0.164999992 0.0600000024 -0.0319999978 0.164999992 0.0712583289 0.0784999952 0.164999992 0.0712583289 -0.0784999952 0.164999992 0.0860000029 0.135000005 0.164999992 0.0729999989 -0.0449999981 0.164999992 0.0729999989 -0.0449999981 0.164999992 0.0665000007 -0.073741667 0.164999992 0.0665000007 -0.073741667 0.164999992 0.0729999989 -0.0449999981 0.164999992 0.0712583289 -0.0515000001 0.164999992 0.0712583289 -0.0515000001 0.164999992 0.0600000024 -0.0719999969 0.164999992 0.0665000007 -0.0562583283 0.164999992 0.0665000007 -0.0562583283 0.164999992 0.0535000041 -0.073741667 0.164999992 0.0600000024 -0.0579999983 0.164999992 0.0535000041 -0.0562583283 0.164999992 0.0487416685 -0.0515000001 0.164999992 0.0729999989 0.125 0.164999992 0.0600000024 0.0980000049 0.164999992 0.0665000007 0.0962583348 0.164999992 0.0712583289 0.0914999992 0.164999992 0.0487416685 0.118500002 0.149999991 0.0600000024 0.0980000049 0.149999991 0.0535000041 0.0962583348 0.149999991 0.0535000041 0.136258334 0.149999991 0.0533406585 0.155000001 0.149999991 0.0600000024 0.137999997 0.149999991 0.0659999996 0.155000001 0.149999991 0.0665000007 0.136258334 0.149999991 0.0665000007 0.073741667 0.149999991 0.0729999989 -0.0449999981 0.149999991 0.0600000024 0.0719999969 0.149999991 0.0535000041 0.073741667 0.149999991 0.0469999984 0.125 0.149999991 0.0236381218 0.130716383 0.149999991 0.0487416685 0.131500006 0.149999991 0.0380197689 0.147855759 0.149999991 0.0448882952 0.15312615 0.149999991 0.0200000014 0.127068788 0.149999991 0.0487416685 0.0914999992 0.149999991 0.0469999984 0.0850000083 0.149999991 0.0487416685 -0.0784999952 0.149999991 0.0469999984 -0.0850000083 0.149999991 0.0200000014 -0.120000005 0.149999991 0.0729999989 -0.0449999981 0.149999991 0.0712583289 -0.0384999998 0.149999991 0.0535000041 0.073741667 0.149999991 0.0712583289 -0.0384999998 0.149999991 0.0665000007 -0.0337416716 0.149999991 0.0535000041 0.073741667 0.149999991 0.0665000007 -0.0337416716 0.149999991 0.0487416685 0.0784999952 0.149999991 0.0487416685 0.0784999952 0.149999991 0.0600000024 -0.0319999978 0.149999991 0.0535000041 -0.0337416716 0.149999991 0.0487416685 -0.0384999998 0.149999991 0.0469999984 -0.0449999981 0.149999991 0.0665000007 -0.0962583348 0.149999991 0.0736536682 -0.118477583 0.149999991 0.0600000024 -0.0980000049 0.149999991 0.0659999996 -0.120000005 0.149999991 0.0535000041 -0.0962583348 0.149999991 0.0487416685 -0.0914999992 0.149999991 0.0712583289 0.0914999992 0.149999991 0.0860000029 0.135000005 0.149999991 0.0729999989 0.0850000083 0.149999991 0.0729999989 0.0850000083 0.149999991 0.0729999989 -0.0449999981 0.149999991 0.0712583289 0.0784999952 0.149999991 0.0712583289 0.0784999952 0.149999991 0.0535000041 0.113741674 0.149999991 0.0600000024 0.111999996 0.149999991 0.0665000007 0.0962583348 0.149999991 0.0665000007 0.113741674 0.149999991 0.0712583289 0.118500002 0.149999991 0.0729999989 0.125 0.149999991 0.0844775885 0.142653674 0.149999991 0.0712583289 0.131500006 0.149999991 0.0801421329 0.149142131 0.149999991 0.0736536682 0.153477594 0.149999991 0.0712583289 -0.0515000001 0.149999991 0.0712583289 -0.0784999952 0.149999991 0.0665000007 -0.0562583283 0.149999991 0.0665000007 -0.073741667 0.149999991 0.0600000024 -0.0579999983 0.149999991 0.0600000024 -0.0719999969 0.149999991 0.0535000041 -0.0562583283 0.149999991 0.0535000041 -0.073741667 0.149999991 0.0487416685 -0.0515000001 0.149999991 0.0729999989 -0.0850000083 0.149999991 0.0860000029 -0.099999994 0.149999991 0.0712583289 -0.0914999992 0.149999991 0.0844775885 -0.10765367 0.149999991 0.0801421329 -0.114142135 0.149999991 0.0659999996 -0.120000005 0.149999991 0.0659999996 -0.120000005 0.164999992 0.0659999996 -0.120000005 0.164999992 0.0659999996 -0.120000005 0.149999991 0.0736536682 -0.118477583 0.149999991 0.0736536682 -0.118477583 0.164999992 0.0736536682 -0.118477583 0.164999992 0.0736536682 -0.118477583 0.149999991 0.0801421329 -0.114142135 0.149999991 0.0801421329 -0.114142135 0.164999992 0.0801421329 -0.114142135 0.164999992 0.0801421329 -0.114142135 0.149999991 0.0844775885 -0.10765367 0.149999991 0.0844775885 -0.10765367 0.164999992 0.0844775885 -0.10765367 0.164999992 0.0844775885 -0.10765367 0.149999991 0.0860000029 -0.099999994 0.149999991 0.0860000029 -0.099999994 0.164999992 0.0860000029 0.135000005 0.164999992 0.0860000029 -0.099999994 0.164999992 0.0860000029 0.135000005 0.149999991 0.0860000029 -0.099999994 0.149999991 0.0860000029 0.135000005 0.164999992 0.0860000029 0.135000005 0.149999991 0.0844775885 0.142653674 0.149999991 0.0844775885 0.142653674 0.164999992 0.0844775885 0.142653674 0.164999992 0.0844775885 0.142653674 0.149999991 0.0801421329 0.149142131 0.149999991 0.0801421329 0.149142131 0.164999992 0.0801421329 0.149142131 0.164999992 0.0801421329 0.149142131 0.149999991 0.0736536682 0.153477594 0.149999991 0.0736536682 0.153477594 0.164999992 0.0736536682 0.153477594 0.164999992 0.0736536682 0.153477594 0.149999991 0.0659999996 0.155000001 0.149999991 0.0659999996 0.155000001 0.164999992 0.0533406585 0.155000001 0.164999992 0.0659999996 0.155000001 0.164999992 0.0533406585 0.155000001 0.149999991 0.0659999996 0.155000001 0.149999991 0.0533406585 0.155000001 0.164999992 0.0533406585 0.155000001 0.149999991 0.0448882952 0.15312615 0.149999991 0.0448882952 0.15312615 0.164999992 0.0448882952 0.15312615 0.164999992 0.0448882952 0.15312615 0.149999991 0.0380197689 0.147855759 0.149999991 0.0380197689 0.147855759 0.164999992 0.0236381218 0.130716383 0.164999992 0.0380197689 0.147855759 0.164999992 0.0236381218 0.130716383 0.149999991 0.0380197689 0.147855759 0.149999991 0.0236381218 0.130716383 0.149999991 0.0200000014 0.127068788 0.149999991 0.0236381218 0.130716383 0.164999992 0.0200000014 0.127068788 0.157500818 0.0200000014 0.127068788 0.164999992 0.0600000024 0.0980000049 0.164999992 0.0600000024 0.0980000049 0.149999991 0.0665000007 0.0962583348 0.164999992 0.0665000007 0.0962583348 0.149999991 0.0665000007 0.0962583348 0.164999992 0.0665000007 0.0962583348 0.149999991 0.0712583289 0.0914999992 0.164999992 0.0712583289 0.0914999992 0.149999991 0.0712583289 0.0914999992 0.164999992 0.0712583289 0.0914999992 0.149999991 0.0729999989 0.0850000083 0.164999992 0.0729999989 0.0850000083 0.149999991 0.0729999989 0.0850000083 0.164999992 0.0729999989 0.0850000083 0.149999991 0.0712583289 0.0784999952 0.164999992 0.0712583289 0.0784999952 0.149999991 0.0712583289 0.0784999952 0.164999992 0.0712583289 0.0784999952 0.149999991 0.0665000007 0.073741667 0.164999992 0.0665000007 0.073741667 0.149999991 0.0665000007 0.073741667 0.164999992 0.0665000007 0.073741667 0.149999991 0.0600000024 0.0719999969 0.164999992 0.0600000024 0.0719999969 0.149999991 0.0600000024 0.0719999969 0.164999992 0.0600000024 0.0719999969 0.149999991 0.0535000041 0.073741667 0.164999992 0.0535000041 0.073741667 0.149999991 0.0535000041 0.073741667 0.164999992 0.0535000041 0.073741667 0.149999991 0.0487416685 0.0784999952 0.164999992 0.0487416685 0.0784999952 0.149999991 0.0487416685 0.0784999952 0.164999992 0.0487416685 0.0784999952 0.149999991 0.0469999984 0.0850000083 0.164999992 0.0469999984 0.0850000083 0.149999991 0.0469999984 0.0850000083 0.164999992 0.0469999984 0.0850000083 0.149999991 0.0487416685 0.0914999992 0.164999992 0.0487416685 0.0914999992 0.149999991 0.0487416685 0.0914999992 0.164999992 0.0487416685 0.0914999992 0.149999991 0.0535000041 0.0962583348 0.164999992 0.0535000041 0.0962583348 0.149999991 0.0535000041 0.0962583348 0.164999992 0.0535000041 0.0962583348 0.149999991 0.0600000024 0.0980000049 0.164999992 0.0600000024 0.0980000049 0.149999991 0.0600000024 -0.0719999969 0.164999992 0.0600000024 -0.0719999969 0.149999991 0.0665000007 -0.073741667 0.164999992 0.0665000007 -0.073741667 0.149999991 0.0665000007 -0.073741667 0.164999992 0.0665000007 -0.073741667 0.149999991 0.0712583289 -0.0784999952 0.164999992 0.0712583289 -0.0784999952 0.149999991 0.0712583289 -0.0784999952 0.164999992 0.0712583289 -0.0784999952 0.149999991 0.0729999989 -0.0850000083 0.164999992 0.0729999989 -0.0850000083 0.149999991 0.0729999989 -0.0850000083 0.164999992 0.0729999989 -0.0850000083 0.149999991 0.0712583289 -0.0914999992 0.164999992 0.0712583289 -0.0914999992 0.149999991 0.0712583289 -0.0914999992 0.164999992 0.0712583289 -0.0914999992 0.149999991 0.0665000007 -0.0962583348 0.164999992 0.0665000007 -0.0962583348 0.149999991 0.0665000007 -0.0962583348 0.164999992 0.0665000007 -0.0962583348 0.149999991 0.0600000024 -0.0980000049 0.164999992 0.0600000024 -0.0980000049 0.149999991 0.0600000024 -0.0980000049 0.164999992 0.0600000024 -0.0980000049 0.149999991 0.0535000041 -0.0962583348 0.164999992 0.0535000041 -0.0962583348 0.149999991 0.0535000041 -0.0962583348 0.164999992 0.0535000041 -0.0962583348 0.149999991 0.0487416685 -0.0914999992 0.164999992 0.0487416685 -0.0914999992 0.149999991 0.0487416685 -0.0914999992 0.164999992 0.0487416685 -0.0914999992 0.149999991 0.0469999984 -0.0850000083 0.164999992 0.0469999984 -0.0850000083 0.149999991 0.0469999984 -0.0850000083 0.164999992 0.0469999984 -0.0850000083 0.149999991 0.0487416685 -0.0784999952 0.164999992 0.0487416685 -0.0784999952 0.149999991 0.0487416685 -0.0784999952 0.164999992 0.0487416685 -0.0784999952 0.149999991 0.0535000041 -0.073741667 0.164999992 0.0535000041 -0.073741667 0.149999991 0.0535000041 -0.073741667 0.164999992 0.0535000041 -0.073741667 0.149999991 0.0600000024 -0.0719999969 0.164999992 0.0600000024 -0.0719999969 0.149999991 0.0600000024 0.137999997 0.164999992 0.0600000024 0.137999997 0.149999991 0.0665000007 0.136258334 0.164999992 0.0665000007 0.136258334 0.149999991 0.0665000007 0.136258334 0.164999992 0.0665000007 0.136258334 0.149999991 0.0712583289 0.131500006 0.164999992 0.0712583289 0.131500006 0.149999991 0.0712583289 0.131500006 0.164999992 0.0712583289 0.131500006 0.149999991 0.0729999989 0.125 0.164999992 0.0729999989 0.125 0.149999991 0.0729999989 0.125 0.164999992 0.0729999989 0.125 0.149999991 0.0712583289 0.118500002 0.164999992 0.0712583289 0.118500002 0.149999991 0.0712583289 0.118500002 0.164999992 0.0712583289 0.118500002 0.149999991 0.0665000007 0.113741674 0.164999992 0.0665000007 0.113741674 0.149999991 0.0665000007 0.113741674 0.164999992 0.0665000007 0.113741674 0.149999991 0.0600000024 0.111999996 0.164999992 0.0600000024 0.111999996 0.149999991 0.0600000024 0.111999996 0.164999992 0.0600000024 0.111999996 0.149999991 0.0535000041 0.113741674 0.164999992 0.0535000041 0.113741674 0.149999991 0.0535000041 0.113741674 0.164999992 0.0535000041 0.113741674 0.149999991 0.0487416685 0.118500002 0.164999992 0.0487416685 0.118500002 0.149999991 0.0487416685 0.118500002 0.164999992 0.0487416685 0.118500002 0.149999991 0.0469999984 0.125 0.164999992 0.0469999984 0.125 0.149999991 0.0469999984 0.125 0.164999992 0.0469999984 0.125 0.149999991 0.0487416685 0.131500006 0.164999992 0.0487416685 0.131500006 0.149999991 0.0487416685 0.131500006 0.164999992 0.0487416685 0.131500006 0.149999991 0.0535000041 0.136258334 0.164999992 0.0535000041 0.136258334 0.149999991 0.0535000041 0.136258334 0.164999992 0.0535000041 0.136258334 0.149999991 0.0600000024 0.137999997 0.164999992 0.0600000024 0.137999997 0.149999991 0.0600000024 -0.0319999978 0.164999992 0.0600000024 -0.0319999978 0.149999991 0.0665000007 -0.0337416716 0.164999992 0.0665000007 -0.0337416716 0.149999991 0.0665000007 -0.0337416716 0.164999992 0.0665000007 -0.0337416716 0.149999991 0.0712583289 -0.0384999998 0.164999992 0.0712583289 -0.0384999998 0.149999991 0.0712583289 -0.0384999998 0.164999992 0.0712583289 -0.0384999998 0.149999991 0.0729999989 -0.0449999981 0.164999992 0.0729999989 -0.0449999981 0.149999991 0.0729999989 -0.0449999981 0.164999992 0.0729999989 -0.0449999981 0.149999991 0.0712583289 -0.0515000001 0.164999992 0.0712583289 -0.0515000001 0.149999991 0.0712583289 -0.0515000001 0.164999992 0.0712583289 -0.0515000001 0.149999991 0.0665000007 -0.0562583283 0.164999992 0.0665000007 -0.0562583283 0.149999991 0.0665000007 -0.0562583283 0.164999992 0.0665000007 -0.0562583283 0.149999991 0.0600000024 -0.0579999983 0.164999992 0.0600000024 -0.0579999983 0.149999991 0.0600000024 -0.0579999983 0.164999992 0.0600000024 -0.0579999983 0.149999991 0.0535000041 -0.0562583283 0.164999992 0.0535000041 -0.0562583283 0.149999991 0.0535000041 -0.0562583283 0.164999992 0.0535000041 -0.0562583283 0.149999991 0.0487416685 -0.0515000001 0.164999992 0.0487416685 -0.0515000001 0.149999991 0.0487416685 -0.0515000001 0.164999992 0.0487416685 -0.0515000001 0.149999991 0.0469999984 -0.0449999981 0.164999992 0.0469999984 -0.0449999981 0.149999991 0.0469999984 -0.0449999981 0.164999992 0.0469999984 -0.0449999981 0.149999991 0.0487416685 -0.0384999998 0.164999992 0.0487416685 -0.0384999998 0.149999991 0.0487416685 -0.0384999998 0.164999992 0.0487416685 -0.0384999998 0.149999991 0.0535000041 -0.0337416716 0.164999992 0.0535000041 -0.0337416716 0.149999991 0.0535000041 -0.0337416716 0.164999992 0.0535000041 -0.0337416716 0.149999991 0.0600000024 -0.0319999978 0.164999992 0.0600000024 -0.0319999978 0.149999991 </float_array>
          <technique_common>
            <accessor count="11154" offset="0" source="#mesh_0-positions-array" stride="3">
              <param name="X" type="float" />
              <param name="Y" type="float" />
              <param name="Z" type="float" />
            </accessor>
          </technique_common>
        </source>
        <source id="mesh_0-normals" name="mesh_0-normals">
          <float_array id="mesh_0-normals-array" count="33462"> 0.5 -0.866025448 0 0.5 -0.866025448 0 0.5 -0.866025448 0 0.500000179 -0.866025269 -3.25878159e-06 0.500010133 -0.866019547 0 0.500010133 -0.866019547 0 0.500010133 -0.866019547 0 -0.500001431 -0.866024613 0 -0.500001431 -0.866024613 0 -0.500001431 -0.866024613 0 -0.500000179 -0.866025269 -3.25878159e-06 -0.5 -0.866025448 0 0.500018775 -0.866014481 0 0.500018775 -0.866014481 0 0.500018775 -0.866014481 0 0.499999136 -0.866025984 1.6293875e-06 0.499999136 -0.866025984 1.6293875e-06 0.499999136 -0.866025984 1.6293875e-06 0.500000358 -0.866025209 0 -0.499999642 -0.866025627 0 -0.499999642 -0.866025627 0 -0.499999642 -0.866025627 0 -0.500000477 -0.86602509 3.25878386e-06 -0.500001431 -0.866024613 0 0.866024256 0.500001907 0 0.866024256 0.500001907 0 0.866024256 0.500001907 0 0.866025984 0.499998987 8.14696818e-07 0.866033852 0.499985307 0 0.866033852 0.499985307 0 0.866033852 0.499985307 0 0.866025448 -0.499999851 0 0.866025448 -0.499999851 0 0.866025448 -0.499999851 0 0.866024911 -0.500000596 8.49090668e-07 0.866033852 -0.499985307 0 0.866033852 -0.499985307 0 0.866033852 -0.499985307 0 0.866024077 0.500002325 0 0.866024077 0.500002325 0 0.866024077 0.500002325 0 0.866026342 0.499998271 1.01836952e-06 0.866033852 0.499985307 0 0.866033852 0.499985307 0 0.866033852 0.499985307 0 0.866025448 -0.499999851 0 0.866025448 -0.499999851 0 0.866025448 -0.499999851 0 0.866024852 -0.500001073 8.49091407e-07 0.866033077 -0.499986678 0 0.866033077 -0.499986678 0 0.866033077 -0.499986678 0 -0.866025448 -0.499999851 0 -0.866025448 -0.499999851 0 -0.866025448 -0.499999851 0 -0.866025388 -0.50000006 -4.24545561e-07 -0.866029501 -0.499992847 0 -0.866025388 0.50000006 0 -0.866025388 0.50000006 0 -0.866025388 0.50000006 0 -0.866025269 0.500000179 -4.07348068e-07 -0.866029501 0.499992847 0 -0.866028786 -0.499994248 0 -0.866028786 -0.499994248 0 -0.866028786 -0.499994248 0 -0.866025448 -0.499999851 -2.03673892e-07 -0.866025209 -0.500000417 0 -0.866025209 0.500000417 0 -0.866025209 0.500000417 0 -0.866025209 0.500000417 0 -0.866025686 0.499999493 0 -0.866029501 0.499992847 0 0 0 1 0 0 1 0 0 1 0 0 1 0 0 1 0 0 0.99999994 0 0 1 0 0 0.99999994 0 0 0.99999994 0 0 1 0 0 1 0 0 1 0 0 1 0 0 1 0 0 1 0 0 0.99999994 0 0 0.99999994 0 0 0.99999994 0 0 0.99999994 0 0 1 0 0 0.99999994 0 0 0.99999994 0 0 1 0 0 1 -1.51894949e-06 0 1 -1.51894949e-06 0 1 -1.51894949e-06 0 1 0 0 1 0 0 1 0 0 1 0 0 1 0 0 1 0 0 1 0 0 1 0 0 1 0 0 1 6.34511139e-07 0 1 -2.62103799e-06 0 1 0 0 1 0 0 1 -9.37769619e-06 0 1 1.39764552e-06 0 1 1.39764552e-06 0 1 0 0 1 0 0 1 -3.39654065e-07 0 1 0 0 0.99999994 2.32349021e-06 0 1 -1.51244978e-06 0 1 -1.10739825e-06 0 1 0 0 1 9.9660906e-07 0 1 -8.08471896e-07 0 1 0 0 1 0 0 1 0 0 1 3.07830021e-07 0 1 3.07830021e-07 0 1 3.07830021e-07 0 1 0 0 1 0 0 1 -3.48812296e-06 0 1 -3.49288075e-06 0 1 3.48812728e-06 0 1 3.2911139e-06 0 1 0 0 1 1.77287552e-06 0 1 0 0 1 -8.61421654e-07 0 1 5.29076715e-07 0 0.99999994 -9.88140528e-07 0 0.99999994 -1.46193352e-05 0 1 -1.46193352e-05 0 1 -1.46193352e-05 0 1 5.01679233e-06 0 1 -2.35505786e-06 0 0.99999994 -3.98642624e-06 0 1 -3.98642624e-06 0 1 -9.25359586e-07 0 1 -9.25359984e-07 0 1 -1.51127358e-06 0 1 0 0 1 0 0 1 3.48812728e-06 0 0.99999994 -3.36862695e-06 0 0.99999994 0 0 1 2.72882789e-06 0 1 -2.72881948e-06 0 1 1.04620017e-06 0 0.99999994 1.04620017e-06 0 0.99999994 1.04620017e-06 0 0.99999994 0 0 1 0 0 1 -5.7440235e-07 0 1 1.08073993e-06 0 1 0 0 1 0 0 1 1.2570323e-06 0 1 -1.034246e-06 0 1 0 0 1 0 0 1 0 0 1 0 0 1 3.11836573e-07 0 1 0 0 1 0 0 1 0 0 1 0 0 1 0 0 1 0 0 1 0 0 1 0 0 1 0 0 1 0 0 1 0 0 1 -3.86810086e-07 0 1 0 0 1 0 0 1 0 0 1 0 0 1 0 0 1 -8.55695532e-07 0 1 5.74407636e-07 0 1 0 0 1 0 0 1 0 0 1 -1.51127176e-06 0 1 2.75859406e-06 0 1 0 0 1 0 0 1 0 0 1 0 0 1 0 0 1 0 0 1 -9.98000019e-07 0 1 1.13195165e-06 0 1 0 0 1 3.88046317e-07 0 1 -1.45110926e-06 0 1 0 0 1 0 0 1 0 0 1 -3.77779338e-06 0 1 0 0 0.99999994 3.01513978e-06 0 1 -2.7288354e-06 0 1 2.06240088e-06 0 1 2.06240088e-06 0 1 1.72288175e-08 0 1 1.72288175e-08 0 1 1.72288175e-08 0 1 -6.91760022e-07 0 1 0 0 0.99999994 0 0 1 0 0 1 -7.23642756e-07 0 1 6.71422754e-07 0 1 0 0 1 4.79072185e-07 0 0.99999994 -1.91035679e-06 0 0.99999994 5.88249122e-07 0 1 8.31820785e-07 0 1 0 0 1 2.17765296e-06 0 1 9.2536277e-07 0 1 0 0 0.99999994 -1.14880299e-06 0 1 2.19838194e-06 0 1 0 0 1 3.48810545e-06 0 1 -3.01517889e-06 0 1 2.79759502e-06 0 1 0 0 1 3.01513865e-06 0 0.99999994 -2.72883904e-06 0 1 -4.31747731e-06 0 1 -1.14880368e-06 0 1 -1.14880368e-06 0 1 0 0 1 0 0 1 0 0 0.99999994 0 0 1 0 0 1 0 -1 0 0 -1 0 0 -1 0 0 -1 0 0 -1 0 0 -1 0 0 -1 0 0 -1 0 0 0 -1 0 0 -1 0 0 -1 -1.04620017e-06 0 -0.99999994 -1.04620017e-06 0 -0.99999994 -1.04620017e-06 0 -0.99999994 -5.32061904e-07 0 -1 -5.32061904e-07 0 -1 -5.32061904e-07 0 -1 8.94364803e-07 0 -1 8.94364803e-07 0 -1 0 0 -0.99999994 0 0 -0.99999994 1.01179751e-06 0 -0.99999994 1.01179751e-06 0 -0.99999994 2.17765e-06 0 -1 -1.4273121e-06 0 -1 2.26566249e-06 0 -1 0 0 -1 4.77248307e-07 0 -1 0 0 -1 -6.292791e-07 0 -1 0 0 -1 0 0 -1 -1.51127176e-06 0 -1 0 0 -1 0 0 -1 0 0 -1 0 0 -1 0 0 -1 0 0 -1 -6.32667934e-07 0 -1 -6.32667934e-07 0 -1 -8.54107384e-07 0 -1 0 0 -1 2.35957009e-06 0 -0.99999994 1.74536524e-06 0 -1 3.6082065e-06 0 -1 -4.79078608e-07 0 -0.99999994 0 0 -0.99999994 0 0 -0.99999994 0 0 -0.99999994 0 0 -1 0 0 -1 5.74407636e-07 0 -1 1.26009596e-07 0 -1 0 0 -1 0 0 -1 6.03634362e-07 0 -1 0 0 -1 0 0 -1 -8.89950513e-07 0 -1 0 0 -1 0 0 -1 0 0 -1 0 0 -1 4.6566206e-06 0 -0.99999994 -5.13289069e-06 0 -1 -5.13289069e-06 0 -1 -5.13289069e-06 0 -1 0 0 -1 0 0 -1 0 0 -1 0 0 -1 0 0 -1 0 0 -1 0 0 -1 1.08073993e-06 0 -1 -5.7440235e-07 0 -1 0 0 -1 0 0 -1 0 0 -1 2.66986331e-06 0 -1 -1.57040222e-06 0 -1 0 0 -1 0 0 -1 9.23541847e-07 0 -1 0 0 -1 0 0 -1 0 0 -1 0 0 -1 0 0 -1 3.98460656e-07 0 -1 0 0 -0.99999994 0 0 -0.99999994 -1.03424486e-06 0 -1 0 0 -1 0 0 -1 0 0 -1 0 0 -1 9.25362144e-07 0 -1 -5.53699124e-07 0 -1 -1.51244978e-06 0 -1 1.15960177e-06 0 -1 -3.4907182e-06 0 -1 -1.17977913e-06 0 -0.99999994 1.70821033e-06 0 -1 0 0 -1 0 0 -1 0 0 -1 0 0 -1 -3.49288462e-06 0 -1 -3.49288462e-06 0 -1 -3.49288462e-06 0 -1 3.98643169e-06 0 -1 9.25362997e-07 0 -1 9.2536277e-07 0 -1 3.49290076e-06 0 -1 3.49290076e-06 0 -1 -3.49288848e-06 0 -1 0 0 -1 -9.25359984e-07 0 -1 1.51127404e-06 0 -1 -9.25359586e-07 0 -1 -3.48812296e-06 0 -1 -3.49288234e-06 0 -1 -3.49288234e-06 0 -1 9.25364304e-07 0 -1 0 0 -1 0 0 -1 0 0 -1 0 0 -1 -8.61421654e-07 0 -1 -4.79003347e-07 0 -0.99999994 0 0 -1 0 0 -1 0 0 -1 -4.53413975e-07 0 -1 -4.56739883e-07 0 -1 3.49289303e-06 0 -1 -3.48812296e-06 0 -1 6.34511537e-07 0 -1 -2.62102503e-06 0 -1 0 0 -1 0 0 -1 -1.719794e-06 0 -1 0 0 -1 0 0 -1 0 0 -1 0 0 -1 0 0 -1 -1.53053577e-06 0 -1 -1.53053577e-06 0 -1 0 0 -1 3.48810454e-06 0 -1 0 0 -1 -3.01517889e-06 0 -1 0 0 -1 2.79759411e-06 0 -1 0 0 -1 0 0 -1 -1.14052659e-06 0 -1 -4.31747821e-06 0 -1 -1.1488047e-06 0 -1 2.24977134e-06 0 -1 3.66015598e-07 0 -1 0 0 -0.99999994 0 0 -1 -2.78739435e-06 0 -1 2.19838194e-06 0 -1 -1.14880299e-06 0 -1 0 0 -1 2.49150276e-07 0 -1 -3.01517844e-06 0 -1 2.79759593e-06 0 -1 0 0 -1 3.01513865e-06 0 -0.99999994 -2.72883699e-06 0 -1 0 0 -0.99999994 -1.14880368e-06 0 -1 -1.14880368e-06 0 -1 0 0 -0.99999994 0 0 -0.99999994 0 0 -1 0 0 -1 3.77818992e-06 0 -1 0 0 -1 0 0 -1 0 0 -1 0 0 -1 0 0 -1 -1.7530781e-06 0 -1 0 0 1 0 0 1 0 0 1 0 0 1 -8.76539048e-07 0 1 0 0 -1 0 0 -1 0 0 -1 0 0 -1 -1.75307889e-06 0 -1 0 0 1 0 0 1 0 0 1 0 0 1 0 0 -1 0 0 -1 0 0 -1 0 0 -0.99999994 -8.76539787e-07 0 -1 0 0 1 0 0 1 0 0 1 0 0 1 -8.76539445e-07 0 1 0 0 1 0 0 1 0 0 1 0 0 1 0 0 1 0 0 0.99999994 0 0 1 0 0 0.99999994 0 0 0.99999994 0 0 0.99999994 0 0 1 0 0 1 0 0 -1 0 0 -1 0 0 -1 0 0 -1 1.75307889e-06 0 -1 0 0 -0.99999994 0 0 -0.99999994 0 0 -0.99999994 -1.10871815e-06 0 -1 0 0 -1 1 0 0 1 0 0 1 0 0 1 0 0 1 0 0 1 0 0 1 0 0 1 0 0 1 0 0 -1 0 0 -1 0 0 -1 0 0 -1 0 0 -1 0 0 -1 0 0 -1 0 0 -1 0 0 -1 0 0 0 0 -1 0 0 -1 0 0 -1 0 0 -0.99999994 0 0 -1 0 0 -0.99999994 0 0 -0.99999994 0 0 -0.99999994 0 0 -1 0 0 -1 0 0 -1 0 0 -0.99999994 0 0 -1 0 0 -1 0 0 -1 0 0 -1 0 0 -1 8.7653882e-07 0 -1 0 0 -1 0 0 -1 0 0 -1 0 0 -1 0 0 -1 0 0 -0.99999994 0 0 -0.99999994 0 0 -0.99999994 0 0 -0.99999994 -2.7820559e-07 0 -1 0 0 -0.99999994 0 0 -0.99999994 0 0 -0.99999994 0 0 -0.99999994 0 0 -0.99999994 8.76539445e-07 0 -1 0 0 -1 0 0 -1 0 0 -1 0 0 -1 0 0 -1 0 0 0.99999994 0 0 0.99999994 0 0 0.99999994 1.10871747e-06 0 0.99999994 0 0 0.99999994 0 0 1 0 0 1 0 0 1 0 0 1 0 0 1 0 0 1 0 0 1 0 0 1 1.75307764e-06 0 1 0 0 1 0 0 1 0 0 1 0 0 1 0 0 1 0 0 1 -1.21403127e-06 0 1 0 0 0.99999994 0 0 1 0 0 0.99999994 0 0 0.99999994 0 0 1 0 0 1 0 0 1 0 0 1 0 0 1 1.75307889e-06 0 1 0 0 1 0 0 1 0 0 1 0 0 1 0 0 1 1 -1.2901437e-06 0 1 -1.2901437e-06 0 1 -1.2901437e-06 0 1 0 0 1 0 0 1 0 0 0.99999994 0.000388227665 6.47875459e-06 0.99999994 0.000388227665 6.47875459e-06 0.99999994 0.000388227665 6.47875459e-06 0 -0.99999994 0 0 -0.99999994 0 0 -0.99999994 0 0 -1 0 0 -1 0 0 -1 0 0 -1 0 0 -1 0 0 -1 0 0 -1 0 0 -1 0 0 -1 0 0 -1 0 0 -1 0 0 -1 0 0 -0.99999994 0 0 -1 0 0 -1 0 0 -1 0 0 -1 0 -1 0 0 -1 0 0 -1 0 0 -1 0 0 -1 0 0 -1 0 0 -1 0 0 -1 0 0 -1 0 0 -1 0 0 -1 0 0 -1 0 0 -1 0 0 -1 0 0 -1 0 0 -1 0 0 -1 0 0 -1 0 0 -1 0 0 -1 0 0 -1 0 0 -1 0 0 -1 0 0 -1 0 0 0 -1 0 0 -1 0 0 -1 0 0 -1 0 0 -0.99999994 0 0 -1 -1.50516837e-06 0 -1 0 0 -1 0 0 -1 0 0 -1 0 0 -1 1.96067663e-06 0 -1 1.96067663e-06 0 -1 1.96067663e-06 0 -1 0 0 -1 0 0 -1 0 0 -1 0 0 -1 0 0 -1 0 0 -1 0 0 1 0 0 1 0 0 1 0 0 1 0 0 1 0 0 1 0 0 1 0 0 1 1.90221328e-09 0 1 0 0 1 0 0 1 0 0 1 0 0 1 0 0 1 0 0 1 0 0 1 0 0 1 2.72906941e-08 1.25621827e-05 0 1 1.25621827e-05 0 1 1.25621827e-05 0 1 -1.25621827e-05 0 1 -1.25621827e-05 0 1 -1.25621827e-05 0 1 0 -1 0 0 -1 0 0 -1 0 0 -1 0 0 -1 0 0 0 0.99999994 0 0 0.99999994 0 0 0.99999994 0 0 1 3.03155707e-06 0 1 3.03155707e-06 0 1 -1.64366853e-07 0 1 0 0 1 0 0 1 0 0 1 0 0 1 0 0 1 0 0.768541098 -0.639800549 0 0.768541098 -0.639800549 0 0.768541098 -0.639800549 0 0.768545032 -0.639795721 0 0.696454942 -0.717600644 0 0.696454942 -0.717600644 0 0.696454942 -0.717600644 0 0.696454942 -0.717600644 0 0.61556983 -0.788082302 0 0.61556983 -0.788082302 0 0.61556983 -0.788082302 0 0.615571737 -0.788080812 0 0.508479655 -0.86107403 0 0.508479655 -0.86107403 0 0.508479655 -0.86107403 0 0.508479536 -0.86107403 0 0.413305074 -0.910592616 0 0.413305074 -0.910592616 0 0.413305074 -0.910592616 0 0.41330716 -0.910591781 0 0.292067319 -0.956397772 0 0.292067319 -0.956397772 0 0.292067319 -0.956397772 0 0.292068124 -0.956397533 0 0.187927902 -0.982182801 0 0.187927902 -0.982182801 0 0.187927902 -0.982182801 0 0.187932074 -0.982182026 0 0.0828322768 -0.996563494 0 0.0828322768 -0.996563494 0 0.0828322768 -0.996563494 0 0.0828322619 -0.996563554 0 0 -1 0 0 -1 0 0 -1 -3.91401636e-06 0 -1 -3.91401636e-06 0 -1 -3.91401636e-06 0 -1 0 0 -1 0 -7.45069792e-06 -1 -2.99991962e-06 -4.91317633e-06 -1 -2.16216472e-06 -8.20091009e-06 -1 0 -2.85372535e-05 -1 0 -2.85372535e-05 -1 0 -2.85372535e-05 -1 7.91342927e-07 -1.43997941e-05 -1 7.91342927e-07 -1.43997941e-05 -1 -2.48943229e-06 0 -1 -2.48943229e-06 0 -1 0 0 -1 0 0 -1 0 0 -1 1.37234474e-06 0 -1 0 0 -1 8.87104818e-07 0 -1 0 0 -1 6.2375392e-07 0 -1 6.2375392e-07 0 -1 6.2375392e-07 0 -1 -1.97759005e-06 0 -1 -5.59058435e-07 0 -1 1.58593025e-07 0 -1 0 0 -1 0 0 -1 0 0 -1 0 0 -1 -3.77531842e-06 0 -1 0 0 -0.99999994 0 0 -0.99999994 0 0 -0.99999994 0 0 -1 0 0 -1 9.33422507e-06 0 -1 0 0 -1 4.7059001e-07 0 -1 0 0 -1 5.10192058e-06 0 -1 -7.41651547e-07 0 -1 -1.64328003e-06 0 -1 -9.17838747e-07 0 -1 0 0 -1 5.96044674e-06 1 -3.38663049e-05 5.96044674e-06 1 -3.38663049e-05 5.96044674e-06 1 -3.38663049e-05 2.98024247e-06 1 -1.69331997e-05 2.98024247e-06 1 -1.69331997e-05 2.98024247e-06 1 -1.69331997e-05 0.500010133 -0.866019547 0 0.500010133 -0.866019547 0 0.500010133 -0.866019547 0 0.500000179 -0.866025269 3.25878159e-06 0.500000179 -0.866025269 3.25878159e-06 0.500000179 -0.866025269 3.25878159e-06 0.5 -0.866025448 0 -0.5 -0.866025448 0 -0.5 -0.866025448 0 -0.5 -0.866025448 0 -0.500000179 -0.866025269 3.25878159e-06 -0.500001431 -0.866024613 0 0.500000358 -0.866025209 0 0.500000358 -0.866025209 0 0.500000358 -0.866025209 0 0.499999136 -0.866025984 -1.6293875e-06 0.500018775 -0.866014481 0 0.500018775 -0.866014481 0 0.500018775 -0.866014481 0 -0.500001431 -0.866024613 0 -0.500001431 -0.866024613 0 -0.500001431 -0.866024613 0 -0.500000477 -0.86602509 -3.25878386e-06 -0.499999642 -0.866025627 0 1 0 0 1 0 0 1 0 0 1 0 0 1 0 0 1 0 0 0.99999994 0 0 1 0 0 1 0 0 1 0 0 1 0 0 1 0 0 0.99999994 0 0 1 0 0 1 0 0 1 0 0 1 0 0 1 0 0 1 0 0 1 0 0 1 0 0 1 0 0 0.99999994 0 0 1 0 0 0 -1 0 0 -1 0 0 -1 0 0 -1 4.26234919e-07 0 -1 0 0.866025448 0.499999851 0 0.866025448 0.499999851 0 0.866025448 0.499999851 0 0.866024911 0.500000596 -1.06136338e-06 0.866033852 0.499985307 0 0.866033852 0.499985307 0 0.866033852 0.499985307 0 0.866024077 -0.500002325 0 0.866024077 -0.500002325 0 0.866024077 -0.500002325 0 0.866026163 -0.499998629 -8.1469625e-07 0.866033077 -0.499986678 0 0.866033077 -0.499986678 0 0.866033077 -0.499986678 0 0.866025448 0.499999851 0 0.866025448 0.499999851 0 0.866025448 0.499999851 0 0.866024911 0.500000596 -8.49090668e-07 0.866033852 0.499985307 0 0.866033852 0.499985307 0 0.866033852 0.499985307 0 0.866024256 -0.500001907 0 0.866024256 -0.500001907 0 0.866024256 -0.500001907 0 0.866025984 -0.499998987 -8.14696818e-07 0.866033852 -0.499985307 0 0.866033852 -0.499985307 0 0.866033852 -0.499985307 0 1 0 0 1 0 0 1 0 0 1 0 0 1 0 0 1 0 0 1 0 0 1 0 0 -1 0 0 -1 0 0 -1 0 0 -1 0 0 -1 0 0 -1 0 0 -1 0 0 -1 0 0 -1 0 0 -1 0 0 -1 0 0 -1 0 0 -1 0 0 -1 0 0 -1 0 0 -1 0 0 -1 0 0 -1 0 0 -1 0 0 -1 0 0 -1 0 0 -1 0 0 -1 0 0 -1 0 0 -1 0 0 -1 0 0 -1 0 0 -1 0 0 -0.99999994 0 0 -0.99999994 0 0 -0.866025388 -0.50000006 0 -0.866025388 -0.50000006 0 -0.866025388 -0.50000006 0 -0.866025269 -0.500000179 8.14696136e-07 -0.866029501 -0.499992847 0 -0.866025448 0.499999851 0 -0.866025448 0.499999851 0 -0.866025448 0.499999851 0 -0.866025388 0.50000006 4.24545561e-07 -0.866029501 0.499992847 0 -0.866025209 -0.500000417 0 -0.866025209 -0.500000417 0 -0.866025209 -0.500000417 0 -0.866025448 -0.499999851 2.03673892e-07 -0.866028786 -0.499994248 0 -0.866029501 0.499992847 0 -0.866029501 0.499992847 0 -0.866029501 0.499992847 0 -0.866025686 0.499999493 0 -0.866025209 0.500000417 0 -1 0 0 -1 0 0 -1 0 0 -0.99999994 0.000372051523 6.47875459e-06 -0.99999994 0.000372051523 6.47875459e-06 -0.99999994 0.000372051523 6.47875459e-06 -1 0 0 -1 0 0 -1 0 0 0 -0.99999994 0 0 -0.99999994 0 0 -0.99999994 0 0 -1 -4.26234749e-07 0 -1 0 -2.17252455e-06 0 -1 -2.17252455e-06 0 -1 -2.17252455e-06 0 -1 0 0 -0.99999994 0 0 -1 -0.866025448 -0.499999851 0 -0.866025448 -0.499999851 0 -0.866025448 -0.499999851 0 -0.866025686 -0.499999583 0 -0.86602509 0.500000536 0 -0.86602509 0.500000536 0 -0.86602509 0.500000536 0 -0.866025865 0.499999195 -8.1469517e-07 -0.866025567 0.499999821 0 0 0.99999994 0 0 0.99999994 0 0 0.99999994 0 0 1 0 0 0 1 0 0 1 0 0 1 0 0 1 0 0 1 0 0 1 0 0 1 0 0 1 0 0 1 0 0 1 0 0 1 0 0 1 0 0 1 0 0 0.99999994 0 0 1 0 0 1 0 0 0.99999994 0.866025805 0.499999404 0 0.866025805 0.499999404 0 0.866025805 0.499999404 0 0.866024971 0.500000715 0 0.866026819 0.499997526 0 0.866025448 -0.499999851 0 0.866025448 -0.499999851 0 0.866025448 -0.499999851 0 0.866025448 -0.499999851 0 0 -1 0 0 -1 0 0 -1 0 0 -0.99999994 2.20225502e-06 0 -0.99999994 0 0 1 0 0 1 0 0 1 0 0 1 0 0 0 1 0 0 1 0 0 1 0 0 1 0 0 1 0 0 1 0 0 1 0 0 0.99999994 0 0 0.99999994 0 0 0.99999994 0 0 1 0 0 1 0 0 1 0 0 1 0 0 1 0 0 1 0 0 1 2.17252455e-06 0 -1 2.17252455e-06 0 -1 2.17252455e-06 0 -1 0 0 -1 0 0 -1 0 0.99999994 0 0 0.99999994 0 0 0.99999994 0 0 1 0 0 0 1 0 0 1 0 0 1 -1.60572927e-06 0 1 0 0 1 0 0 1 0 0 1 0 1 0 0 1 0 0 1 0 0 1 0 0 0 1 0 0 1 0 0 1 0 0 1 0 0 1 0 0 -1 0 0 -1 0 0 -1 0 0 -1 0 0 -1 0 0 -1 0 0 -0.99999994 0 0 -1 0 0 -1 0 0 -1 0 0 -1 0 0 -1 0 0 -1 0 0 -1 0 0 -1 0 0 -1 0 0 -1 0 0 -1 0 0 -1 0 0 -1 0 0 -0.99999994 0 0 -0.99999994 0 0 -0.99999994 0 0 -1 -0.865747452 -0.500481129 0 -0.865747452 -0.500481129 0 -0.865747452 -0.500481129 0 -0.866025448 -0.499999851 3.25878209e-05 -0.866025448 -0.499999851 3.25878209e-05 -0.866025448 -0.499999851 3.25878209e-05 -0.866037428 -0.499979258 0 -0.866037428 -0.499979258 0 -0.866037428 -0.499979258 0 -0.866025388 0.50000006 0 -0.866025388 0.50000006 0 -0.866025388 0.50000006 0 -0.866025686 0.499999493 0 -0.866029501 0.499992847 0 0 1 0 0 1 0 0 1 0 0 0.99999994 0 -1 0 0 -1 0 0 -1 0 0 -1 0 0 -1 0 0 -1 0 0 -1 0 0 -1 0 0 -1 0 0 -1 0 0 -1 0 0 -1 0 0 -1 0 0 -1 0 0 -1 0 0 -1 0 0 -1 0 0 -1 0 0 -1 0 0 -1 0 0 -1 0 0 -1 0 0 -1 0 0 -1 0 0 1 0 0 1 0 0 1 0 0 1 0 0 1 0 0 1 0 0 1 0 0 1 0 0 1 0 0 1 0 0 1 0 0 1 0 0 1 0 0 1 0 0 1 0 0 1 0 0 1 0 0 1 0 0 1 0 0 1 0 0 1 0 0 1 0 0 1 0 0 1 0 0 0 1 0 0 1 0 0 1 0 0 1 0 0.866033852 0.499985307 0 0.866033852 0.499985307 0 0.866033852 0.499985307 0 0.866026342 0.499998271 -1.62939125e-06 0.866026342 0.499998271 -1.62939125e-06 0.866026342 0.499998271 -1.62939125e-06 0.866024256 0.500001907 0 0.866037071 -0.499979883 0 0.866037071 -0.499979883 0 0.866037071 -0.499979883 0 0.866026163 -0.499998629 3.17731538e-05 0.866026163 -0.499998629 3.17731538e-05 0.866026163 -0.499998629 3.17731538e-05 0.865734339 -0.500503778 0 0.865734339 -0.500503778 0 0.865734339 -0.500503778 0 0 -1 0 0 -1 0 0 -1 0 0 -1 0 0 -0.99999994 0 0 -0.99999994 0 0 -0.99999994 0 0 -1 0 0 0 -1 0 0 -1 0 0 -1 0 0 -1 0 0 -1 0 0 -1 0 0 -0.99999994 0 0 -1 0 0 -1 0 0 -1 0 0 -1 0 0 -1 0 0 -0.99999994 0 0 -1 0 0 -0.99999994 0 0 -1 0 0 -0.99999994 0 0 -0.99999994 0 0 -0.99999994 0 0 -0.99999994 0 0 -1 0 0 -0.99999994 0 0 -1 0 0 -1 0 0 -1 0 0 -1 0 0 -1 0 0 -1 0 0 -1 0 0 -1 0 0 -1 0 0 -0.99999994 0 0 -1 0 0 -1 -1 1.84981025e-06 0 -1 1.84981025e-06 0 -1 1.84981025e-06 0 -1 -7.53711277e-07 0 -1 1.61396238e-05 0 -1 1.61396238e-05 0 -1 1.61396238e-05 0 -1 0 0 -1 0 0 -1 0 0 1 0 0 1 0 0 1 0 0 1 0 0 1 0 0 1 0 0 1 0 0 -0.99999994 0 0 -0.99999994 0 0 -0.99999994 0 0 -1 0 0 -1 0 0 -1 0 0 0 1 0 0 1 0 0 1 0 0 1 0 1 0 0 1 0 0 1 0 0 1 0 0 1 0 0 1 0 0 1 0 0 1 0 0 1 0 0 1 0 0 1 0 0 1 0 0 1 0 0 1 0 0 1 0 0 1 0 0 1 0 0 1 0 0 1 0 0 1 0 0 1 0 0 1 0 0 1 0 0 1 0 0 1 0 0 1 0 0 1 0 0 0 -1 0 0 -1 0 0 -1 0 0 -1 0 0 -1 0 0 -1 0 0 -1 0 0 -1 0 0 -1 0 0 -1 0 0 -1 0 0 -1 0 0 -1 0 0 -1 0 0 -1 -1.96067663e-06 0 -1 0 0 -1 0 0 -1 0 0 -1 0 0 -1 0 0 -1 0 0 -1 0 0 -1 2.5256033e-05 0 -1 2.5256033e-05 0 -1 2.5256033e-05 0 -1 0 0 -1 0 0 -1 0 0 -1 0 0 1 0 0 1 0 0 1 0 0 1 0 -1 0 0 -1 0 0 -1 0 0 -1 0 0 0 1 0 0 1 0 0 1 0 0 1 3.37480287e-07 0 -1 0 0 -1 0 0 -1 0 0 -1 0 1 0 0 1 0 0 1 0 0 1 0 0 0 -1 0 0 -1 0 0 -1 0 0 -1 0 0 0.99999994 0 0 0.99999994 0 0 0.99999994 0 0 1 0 0 0 0.99999994 0 0 0.99999994 0 0 0.99999994 0 0 1 0 0 1 0 0 1 0 0 1 0 0 0.99999994 0 0 1 0 0 1 0 0 1 0 0 1 0 0 1 0 0 1 0 0 1 0 0 1 0 0 1 0 0 1 0 -1 0 0 -1 0 0 -1 0 0 -0.99999994 0 0 0 1 0 0 1 0 0 1 0 0 1 0 0 1 0 0 1 0 0 1 0 0 0.99999994 0 0 1 0 0 1 0 0 1 0 0 1 0 0 1 0 0 1 0 0 1 0 0 1 0 0 1 1 0 0 1 0 0 1 0 0 1 0 0 -1 0 0 -1 0 0 -1 0 0 -1 0 0 0 0 1 0 0 1 0 0 1 0 0 1 0 0 1 0 0 1 0 0 1 0 0 1 0 0 1 0 0 1 0 0 1 0 0 0.99999994 0 0 1 0 0 0.99999994 0 0 0.99999994 0 0 1 0 0 1 0 1 0 0 1 0 0 1 0 0 1 0 0 -1 0 0 -1 0 0 -1 0 0 -1 0 0 0 1 0 0 1 0 0 1 0 0 1 0 0 1 0 0 1 0 0 1 0 0 1 0 0 1 0 0 1 0 0 1 0 0 0.99999994 0 0 0.99999994 0 0 0.99999994 0 0 0.99999994 0 0 1 0 0 1 0 0 1 0 -1 0 0 -1 0 0 -1 0 0 -1 0 0 0 1 0 0 1 0 0 1 0 0 0.99999994 0 0 0.99999994 0 0 0.99999994 0 0 0.99999994 0 0 1 0 0 1 0 0 0.99999994 0 0 1 0 0 1 0 0 1 0 0 1 0 0 1 0 0 1 0 0 1 1 0 0 1 0 0 1 0 0 1 0 0 -1 0 0 -1 0 0 -1 0 0 -1 0 0 0 0 1 0 0 1 0 0 1 0 0 1 0 0 1 0 0 0.99999994 0 0 1 0 0 0.99999994 0 0 1 0 0 1 0 0 1 0 0 1 0 0 1 0 0 1 0 0 1 0 0 1 0 0 0.99999994 0 -1 0 0 -1 0 0 -1 0 0 -0.99999994 0 0 1 0 0 1 0 0 1 0 0 0.99999994 0 0 0 -0.99999994 0 0 -0.99999994 0 0 -0.99999994 0 0 -0.99999994 0 0 -0.99999994 0 0 -0.99999994 0 0 -1 0 0 -1 0 0 -1 0 0 -1 0 0 -0.99999994 0 0 -1 0 0 -0.99999994 0 0 -1 0 0 -1 0 0 -0.99999994 0 0 -1 0 0 -1 0 -0.99999994 0 0 -0.99999994 0 0 -0.99999994 0 0 -1 0 0 1 0 0 1 0 0 1 0 0 0.99999994 0 0 0 -0.99999994 0 0 -0.99999994 0 0 -0.99999994 0 0 -1 0 0 -1 0 0 -1 0 0 -1 0 0 -1 0 0 -1 0 0 -1 0 0 -1 0 0 -0.99999994 0 0 -1 0 0 -1 0 0 -0.99999994 0 0 -1 0 0 -1 1 0 0 1 0 0 1 0 0 1 0 0 -1 0 0 -1 0 0 -1 0 0 -1 0 0 0 0 -1 0 0 -1 0 0 -1 0 0 -1 0 0 -1 0 0 -0.99999994 0 0 -1 0 0 -0.99999994 0 0 -1 0 0 -1 0 0 -1 0 0 -1 0 0 -1 0 0 -1 0 0 -1 0 0 -1 0 0 -0.99999994 0 1 0 0 1 0 0 1 0 0 1 0 0 -1 0 0 -1 0 0 -1 0 0 -1 0 0 0 -1 0 0 -1 0 0 -1 0 0 -1 0 0 -1 0 0 -0.99999994 0 0 -1 0 0 -1 0 0 -1 0 0 -1 0 0 -1 0 0 -1 0 0 -1 0 0 -1 0 0 -1 0 0 -1 0 0 -1 0 0 -1 0 1 0 0 1 0 0 1 0 0 1 0 0 -1 0 0 -1 0 0 -1 0 0 -1 0 0 0 -1 0 0 -1 0 0 -1 0 0 -1 0 0 -1 0 0 -1 0 0 -1 0 0 -1 0 0 -0.99999994 0 0 -1 0 0 -1 0 0 -1 0 0 -1 0 0 -1 0 0 -1 0 0 -1 0 0 -0.99999994 1 0 0 1 0 0 1 0 0 1 0 0 -1 0 0 -1 0 0 -1 0 0 -1 0 0 0 0 -1 0 0 -1 0 0 -1 0 0 -1 0 0 -1 0 0 -0.99999994 0 0 -1 0 0 -1 0 0 -1 0 0 -1 0 0 -1 0 0 -1 0 0 -1 0 0 -1 0 0 -1 0 0 -1 0 0 -0.99999994 0 1 0 0 1 0 0 1 0 0 1 0 0 1 0 0 1 0 0 1 0 0 1 0 0 0 -1 0 0 -1 0 0 -1 0 0 -1 -1 0 0 -1 0 0 -1 0 0 -1 0 0 1 0 0 1 0 0 1 0 0 1 0 0 0 -0.99999994 0 0 -0.99999994 0 0 -0.99999994 0 0 -1 0 0 1 0 0 1 0 0 1 0 0 0.99999994 0 0 0 -1 0 0 -1 0 0 -1 0 0 -1 1 2.34739837e-05 0 1 2.34739837e-05 0 1 2.34739837e-05 0 1 0 0 1 0 0 1 0 0 1 1.84981025e-06 0 1 -3.57416025e-06 0 1 0 0 1 0 0 0.000357601035 0.999999881 -2.11649149e-05 0.000357601035 0.999999881 -2.11649149e-05 0.000357601035 0.999999881 -2.11649149e-05 0.000178793911 0.99999994 0 0.000178793911 0.99999994 0 0.000178793911 0.99999994 0 2.98028385e-06 1 -3.10437899e-05 2.98028385e-06 1 -3.10437899e-05 0 1 -9.16046265e-05 0 1 -9.16046265e-05 0 1 -9.16046265e-05 -1 0 0 -1 0 0 -1 0 0 -1 0 0 0 0 1 0 0 1 0 0 1 0 0 1 1 0 0 1 0 0 1 0 0 1 0 0 0 -1 0 0 -1 0 0 -1 0 0 -1 0 0 0 1 0 0 1 0 0 1 0 0 0.99999994 0 1 0 0 1 0 0 1 0 0 1 0 0 0.99999994 0 0 0.99999994 0 0 0.99999994 0 0 1 0 0 0 1 0 0 1 0 0 1 0 0 1 0 -0.99999994 0 0 -0.99999994 0 0 -0.99999994 0 0 -1 0 0 0 -1 0 0 -1 0 0 -1 0 0 -0.99999994 0 0.99999994 0 0 0.99999994 0 0 0.99999994 0 0 1 0 0 -0.99999994 0 0 -0.99999994 0 0 -0.99999994 0 0 -1 0 0 1 0 0 1 0 0 1 0 0 1 0 0 0 1 0 0 1 0 0 1 0 0 0.99999994 0 -1 0 0 -1 0 0 -1 0 0 -1 0 0 0 -1 0 0 -1 0 0 -1 0 0 -1 0 0.99999994 0 0 0.99999994 0 0 0.99999994 0 0 1 0 0 -0.99999994 0 0 -0.99999994 0 0 -0.99999994 0 0 -1 0 0 0 -1 0 0 -1 0 0 -1 0 1 0 0 1 0 0 1 0 0 1 0 0 -1 0 0 -1 0 0 -1 0 0 -0.99999994 0 0 0 1 0 0 1 0 0 1 0 0 1 0 1 0 0 1 0 0 1 0 0 0.99999994 0 0 0 -1 0 0 -1 0 0 -1 0 0 -1 0 -1 0 0 -1 0 0 -1 0 0 -0.99999994 0 0 1 0 0 1 0 0 1 0 0 0.99999994 0 0 0 1 0 0 1 0 0 1 0 1 0 0 1 0 0 1 0 0 1 0 -5.14217618e-07 0 -1 -5.14217618e-07 0 -1 -5.14217618e-07 0 -1 0 0 -1 0 1 0 0 1 0 0 1 0 0 1 0 0 0 1 0 0 1 0 0 1 0 1 0 0 1 0 0 1 0 0 1 0 0 -1 0 0 -1 0 0 -1 0 0 -1 0 0 -1 0 -1 0 0 -1 0 0 -1 0 0 -1 0 0 1 0 0 1 0 0 1 0 0 1 0 0 0 0 1 0 0 1 0 0 1 0 0 1 0 -1 0 0 -1 0 0 -1 0 0 -1 0 -1 0 0 -1 0 0 -1 0 0 -1 0 0 1 0 0 1 0 0 1 0 0 1 0 0 0 -1 0 0 -1 0 0 -1 0 0 -1 0 0 0 1 0 0 1 0 0 1 0 0 1 0 -1 0 0 -1 0 0 -1 0 0 -1 0 0 0 -1 0 0 -1 0 0 -1 0 0 -0.99999994 -1 0 0 -1 0 0 -1 0 0 -1 0 0 0 0 -1 0 0 -1 0 0 -1 0 0 -1 1 0 0 1 0 0 1 0 0 1 0 0 0 -1 0 0 -1 0 0 -1 0 0 -1 0 0 -1 0 0 -1 0 0 -1 0 0 -1 0 0 -1 0 1 0 0 1 0 0 1 0 0 1 0 0 1 0 0 1 0 0 -1 0 0 -1 0 0 -1 0 0 -1 0 0 -1 0 0 -1 0 0 -1.98757061e-06 0 0.99999994 -1.98757061e-06 0 0.99999994 -1.98757061e-06 0 0.99999994 0 0 1 0 0 1 0 0 1 0 0 0.99999994 0 0 0.99999994 0 0 0.99999994 1.46108221e-07 0 1 0 0 1 1.5050789e-06 0 1 0 0 1 0 0 1 6.96816869e-07 0 1 6.96816869e-07 0 1 6.96816869e-07 0 1 6.69836118e-06 0 1 6.69836118e-06 0 1 -2.0754012e-06 0 1 -1.57312354e-06 0 1 1.11705822e-05 0 1 1.11705822e-05 0 1 1.11705822e-05 0 1 -4.06474692e-06 0 0.99999994 -4.06474692e-06 0 0.99999994 0 0 0.99999994 -7.55804876e-07 0 1 7.83671931e-06 0 1 -6.83892222e-06 0 1 -6.83892222e-06 0 1 2.55798068e-06 0 1 1.42516501e-06 0 1 -6.82182588e-07 0 1 0 0 1 0 0 1 -6.54146788e-07 0 1 0 0 1 2.6625014e-07 0 1 0 0 0.99999994 -4.66279602e-07 0 1 -4.66279602e-07 0 1 0 0 1 4.47160255e-06 0 1 0 0 1 -1.81450287e-06 0 1 -6.30107797e-06 0 1 -6.30107797e-06 0 1 2.88635107e-07 0 1 0 0 1 5.61119521e-07 0 1 -6.26546807e-06 0 1 0 0 1 0 0 1 1.80763732e-06 0 1 0 0 0.99999994 4.48113013e-07 0 1 0 -1 0 0 -1 0 0 -1 0 0 -1 0 1 0 0 1 0 0 1 0 0 1 0 0 0 1 0 0 1 0 0 1 0 0 1 0 -1 0 0 -1 0 0 -1 0 0 -1 0 0 0 0 1 0 0 1 0 0 1 0 0 1 1 0 0 1 0 0 1 0 0 1 0 0 0 1 0 0 1 0 0 1 0 0 1 0 -1 0 0 -1 0 0 -1 0 0 -1 0 0 0 -1 0 0 -1 0 0 -1 0 0 -1 0 0 0 1 0 0 1 0 0 1 0 0 1 0 0 -1 0 0 -1 0 0 -1 8.98075996e-07 0 -1 -1.10235408e-06 0 -0.99999994 0 0 -1 0 0 -1 0 0 -1 0 0 -1 0 0 -1 9.00240423e-07 0 -1 -1.09555367e-06 0 -1 0 0 -1 0 0 -1 8.64267463e-07 0 -1 0 0 -1 0 0 -1 0 0 -1 0 0 -1 9.01690896e-07 0 -1 0 0 -1 0 0 -1 0 0 -1 0 0 -1 0 0 -0.99999994 2.14264901e-07 0 -1 0 0 -1 0 0 -1 9.02417128e-07 0 -1 0 0 -0.99999994 0 0 -1 -1.11062002e-06 0 -1 5.48148989e-07 0 -1 2.12336943e-07 0 -1 0.986361086 -0.164595902 0 0.986361086 -0.164595902 0 0.986361086 -0.164595902 0 0.986361563 -0.164593086 0 0.879473627 -0.475947589 0 0.879473627 -0.475947589 0 0.879473627 -0.475947589 0 0.879473686 -0.475947678 0 0.677282095 -0.735723376 0 0.677282095 -0.735723376 0 0.677282095 -0.735723376 0 0.677279711 -0.735725522 0 0.401696056 -0.915773034 0 0.401696056 -0.915773034 0 0.401696056 -0.915773034 0 0.401695549 -0.915773273 0 0.0825796276 -0.996584415 0 0.0825796276 -0.996584415 0 0.0825796276 -0.996584415 0 0.0825794414 -0.996584415 0 -0.245486021 -0.969400108 0 -0.245486021 -0.969400108 0 -0.245486021 -0.969400108 0 -0.245485529 -0.969400346 0 -0.546948731 -0.83716619 0 -0.546948731 -0.83716619 0 -0.546948731 -0.83716619 0 -0.546948731 -0.83716619 0 -0.789141357 -0.614211619 0 -0.789141357 -0.614211619 0 -0.789141357 -0.614211619 0 -0.789140761 -0.614212334 0 -0.945817053 -0.324699908 0 -0.945817053 -0.324699908 0 -0.945817053 -0.324699908 0 -0.94581759 -0.324698657 0 -1 0 0 -1 0 0 -1 0 0 -1 0 0 -0.945817769 0.324697971 0 -0.945817769 0.324697971 0 -0.945817769 0.324697971 0 -0.945816875 0.324700594 0 -0.78914243 0.614210308 0 -0.78914243 0.614210308 0 -0.78914243 0.614210308 0 -0.789139748 0.614213765 0 -0.546948731 0.83716619 0 -0.546948731 0.83716619 0 -0.546948731 0.83716619 0 -0.546947181 0.837167144 0 -0.245485529 0.969400346 0 -0.245485529 0.969400346 0 -0.245485529 0.969400346 0 -0.245485529 0.969400346 0 0.0825791806 0.996584535 0 0.0825791806 0.996584535 0 0.0825791806 0.996584535 0 0.0825793594 0.996584535 0 0.401696473 0.915772915 0 0.401696473 0.915772915 0 0.401696473 0.915772915 0 0.401694238 0.915773869 0 0.677282095 0.735723376 0 0.677282095 0.735723376 0 0.677282095 0.735723376 0 0.677280962 0.735724509 0 0.879474103 0.475946754 0 0.879474103 0.475946754 0 0.879474103 0.475946754 0 0.879472673 0.475949407 0 0.986361682 0.164592385 0 0.986361682 0.164592385 0 0.986361682 0.164592385 0 0.986361086 0.16459626 0 -0.965926588 0.258816123 0 -0.965926588 0.258816123 0 -0.965926588 0.258816123 0 -0.707106769 0.707106769 0 -0.707106769 0.707106769 0 -0.707106769 0.707106769 0 -0.707106769 0.707106769 0 -0.258818299 0.965925992 0 -0.258818299 0.965925992 0 -0.258818299 0.965925992 0 -0.258819908 0.965925574 0 0.258819103 0.965925813 0 0.258819103 0.965925813 0 0.258819103 0.965925813 0 0.258818299 0.965925992 0 0.707106769 0.707106769 0 0.707106769 0.707106769 0 0.707106769 0.707106769 0 0.707106769 0.707106769 0 0.965925813 0.258819103 0 0.965925813 0.258819103 0 0.965925813 0.258819103 0 0.965925813 0.258819103 0 0.965925813 -0.258819103 0 0.965925813 -0.258819103 0 0.965925813 -0.258819103 0 0.965925813 -0.258819103 0 0.707106769 -0.707106769 0 0.707106769 -0.707106769 0 0.707106769 -0.707106769 0 0.707106769 -0.707106769 0 0.258817941 -0.965926111 0 0.258817941 -0.965926111 0 0.258817941 -0.965926111 0 0.258819103 -0.965925813 0 -0.25881955 -0.965925694 0 -0.25881955 -0.965925694 0 -0.25881955 -0.965925694 0 -0.258818299 -0.965925992 0 -0.707106769 -0.707106769 0 -0.707106769 -0.707106769 0 -0.707106769 -0.707106769 0 -0.707106769 -0.707106769 0 -0.965926588 -0.258816123 0 -0.965926588 -0.258816123 0 -0.965926588 -0.258816123 0 -0.965925813 -0.258819103 0 -0.965925813 0.258819103 0 1.8396488e-06 0 1 1.8396488e-06 0 1 1.8396488e-06 0 1 0 0 1 0 0 1 0 0 1 0 0 1 2.75947332e-06 0 1 1.8396488e-06 0 1 1.8396488e-06 0 1 0 0 1 -3.67929761e-06 0 1 9.19824004e-07 0 1 -0.982973456 0.183747873 0 -0.982973456 0.183747873 0 -0.982973456 0.183747873 0 -0.850217342 0.526431859 0 -0.850217342 0.526431859 0 -0.850217342 0.526431859 0 -0.850217342 0.526431859 0 -0.602636397 0.798015952 0 -0.602636397 0.798015952 0 -0.602636397 0.798015952 0 -0.602635086 0.798016965 0 -0.273662716 0.961825669 0 -0.273662716 0.961825669 0 -0.273662716 0.961825669 0 -0.273663521 0.96182549 0 0.0922680199 0.995734155 0 0.0922680199 0.995734155 0 0.0922680199 0.995734155 0 0.0922684371 0.995734155 0 0.445738405 0.895163238 0 0.445738405 0.895163238 0 0.445738405 0.895163238 0 0.445738405 0.895163238 0 0.739009857 0.673694491 0 0.739009857 0.673694491 0 0.739009857 0.673694491 0 0.739009082 0.673695505 0 0.93247211 0.361241907 0 0.93247211 0.361241907 0 0.93247211 0.361241907 0 0.932472229 0.361241579 0 1 0 0 1 0 0 1 0 0 1 0 0 0.932472229 -0.361241579 0 0.932472229 -0.361241579 0 0.932472229 -0.361241579 0 0.93247211 -0.361241907 0 0.739009082 -0.673695505 0 0.739009082 -0.673695505 0 0.739009082 -0.673695505 0 0.739009857 -0.673694491 0 0.445737034 -0.895163894 0 0.445737034 -0.895163894 0 0.445737034 -0.895163894 0 0.445738405 -0.895163238 0 0.0922680199 -0.995734155 0 0.0922680199 -0.995734155 0 0.0922680199 -0.995734155 0 0.0922684371 -0.995734155 0 -0.273662716 -0.961825669 0 -0.273662716 -0.961825669 0 -0.273662716 -0.961825669 0 -0.273662716 -0.961825669 0 -0.602637172 -0.798015296 0 -0.602637172 -0.798015296 0 -0.602637172 -0.798015296 0 -0.602634251 -0.798017561 0 -0.850217342 -0.526431859 0 -0.850217342 -0.526431859 0 -0.850217342 -0.526431859 0 -0.850217342 -0.526431859 0 -0.982973456 -0.183747873 0 -0.982973456 -0.183747873 0 -0.982973456 -0.183747873 0 -0.982972801 -0.183751136 0 -0.982972801 0.183751136 0 8.34941318e-07 0 -1 8.34941318e-07 0 -1 8.34941318e-07 0 -1 0 0 -1 0 0 -1 0 0 -0.99999994 0 0 -1 0 0 -0.99999994 0 0 -0.99999994 0 0 -0.99999994 -8.56613497e-07 0 -1 1.13295653e-06 0 -1 0 0 -1 0 0 -1 0 0 -1 1.42716218e-07 0 -1 5.65445703e-07 0 -1 4.16480987e-07 0 -1 4.16480987e-07 0 -1 4.16480987e-07 0 -1 5.70548764e-07 0 -1 -2.821576e-07 0 -1 0 0 -1 0 0 -1 0 0 -1 0 0 -0.99999994 0 0 -1 0 0 -1 0 0 -1 0 0 -1 0 0 -1 -2.80882773e-07 0 -1 0 0 -1 0 0 -1 0 0 -1 3.55609274e-07 0 -1 -6.30393743e-07 0 -1 1.3931124e-07 0 -1 5.71181431e-07 0 -1 0 0 -1 -5.68244104e-07 0 -0.99999994 2.79421329e-07 0 -1 -0.992114604 0.125334129 0 -0.992114604 0.125334129 0 -0.992114604 0.125334129 0 -0.929776609 0.368124485 0 -0.929776609 0.368124485 0 -0.929776609 0.368124485 0 -0.929776609 0.368124485 0 -0.809017658 0.58778435 0 -0.809017658 0.58778435 0 -0.809017658 0.58778435 0 -0.809016645 0.587785721 0 -0.637423992 0.770513296 0 -0.637423992 0.770513296 0 -0.637423992 0.770513296 0 -0.637423515 0.770513713 0 -0.425778985 0.904827178 0 -0.425778985 0.904827178 0 -0.425778985 0.904827178 0 -0.425780326 0.904826581 0 -0.187381536 0.982287228 0 -0.187381536 0.982287228 0 -0.187381536 0.982287228 0 -0.187381327 0.982287228 0 0.0627908483 0.998026729 0 0.0627908483 0.998026729 0 0.0627908483 0.998026729 0 0.0627908483 0.998026729 0 0.309016734 0.9510566 0 0.309016734 0.9510566 0 0.309016734 0.9510566 0 0.309017211 0.951056421 0 0.535826027 0.844328344 0 0.535826027 0.844328344 0 0.535826027 0.844328344 0 0.535826802 0.844327807 0 0.728969097 0.68454653 0 0.728969097 0.68454653 0 0.728969097 0.68454653 0 0.728969514 0.684546173 0 0.876306176 0.48175475 0 0.876306176 0.48175475 0 0.876306176 0.48175475 0 0.876306474 0.481754154 0 0.968582928 0.248690724 0 0.968582928 0.248690724 0 0.968582928 0.248690724 0 0.968583405 0.248689145 0 1 0 0 1 0 0 1 0 0 1 0 0 0.968583405 -0.248689145 0 0.968583405 -0.248689145 0 0.968583405 -0.248689145 0 0.968582928 -0.248690724 0 0.876306832 -0.481753409 0 0.876306832 -0.481753409 0 0.876306832 -0.481753409 0 0.876305759 -0.481755465 0 0.728969097 -0.68454653 0 0.728969097 -0.68454653 0 0.728969097 -0.68454653 0 0.728969514 -0.684546173 0 0.535826802 -0.844327807 0 0.535826802 -0.844327807 0 0.535826802 -0.844327807 0 0.535826027 -0.844328344 0 0.309017211 -0.951056421 0 0.309017211 -0.951056421 0 0.309017211 -0.951056421 0 0.309017122 -0.95105648 0 0.0627903268 -0.998026729 0 0.0627903268 -0.998026729 0 0.0627903268 -0.998026729 0 0.062790215 -0.998026729 0 -0.187380701 -0.982287347 0 -0.187380701 -0.982287347 0 -0.187380701 -0.982287347 0 -0.187381327 -0.982287228 0 -0.425778955 -0.904827237 0 -0.425778955 -0.904827237 0 -0.425778955 -0.904827237 0 -0.425778985 -0.904827178 0 -0.637423515 -0.770513713 0 -0.637423515 -0.770513713 0 -0.637423515 -0.770513713 0 -0.637423992 -0.770513296 0 -0.809016645 -0.587785721 0 -0.809016645 -0.587785721 0 -0.809016645 -0.587785721 0 -0.809017658 -0.58778435 0 -0.929776609 -0.368124485 0 -0.929776609 -0.368124485 0 -0.929776609 -0.368124485 0 -0.929776609 -0.368124485 0 -0.992114604 -0.125334129 0 -0.992114604 -0.125334129 0 -0.992114604 -0.125334129 0 -0.992114842 -0.125332475 0 -0.992114723 0.125332668 0 7.91107936e-07 0 1 7.91107936e-07 0 1 7.91107936e-07 0 1 0 0 1 0 0 1 0 0 1 0 0 0.99999994 4.8247108e-07 0 0.99999994 0 0 1 0 0 1 0 0 1 4.88324076e-07 0 1 0 0 1 0 0 1 4.86352917e-07 0 0.99999994 0 0 1 4.88323678e-07 0 1 0 0 0.99999994 1.58221485e-06 0 1 1.58221485e-06 0 1 -9.72705948e-07 0 0.99999994 -3.16443084e-06 0 1 -3.16443084e-06 0 1 -3.16443084e-06 0 1 3.35722603e-07 0 0.99999994 -2.41235625e-07 0 0.99999994 3.95553343e-07 0 1 3.95553343e-07 0 1 3.95553343e-07 0 1 0 0 0.99999994 0 0 1 0 0 1 0 0 1 0 0 1 0 0 1 6.10404598e-08 0 1 3.64764333e-07 0 1 0 0 0.99999994 -1.22080928e-06 0 0.99999994 -1.45905722e-06 0 1 -0.978147924 0.207909882 0 -0.978147924 0.207909882 0 -0.978147924 0.207909882 0 -0.809015751 0.587786973 0 -0.809015751 0.587786973 0 -0.809015751 0.587786973 0 -0.809016705 0.587785661 0 -0.500000477 0.866025031 0 -0.500000477 0.866025031 0 -0.500000477 0.866025031 0 -0.500000894 0.866024971 0 -0.104528815 0.994521737 0 -0.104528815 0.994521737 0 -0.104528815 0.994521737 0 -0.104529023 0.994521737 0 0.309017122 0.95105648 0 0.309017122 0.95105648 0 0.309017122 0.95105648 0 0.309017718 0.951056302 0 0.669131458 0.743144095 0 0.669131458 0.743144095 0 0.669131458 0.743144095 0 0.669129491 0.743145883 0 0.913546085 0.406735182 0 0.913546085 0.406735182 0 0.913546085 0.406735182 0 0.913545191 0.406737179 0 1 0 0 1 0 0 1 0 0 1 0 0 0.913545489 -0.406736434 0 0.913545489 -0.406736434 0 0.913545489 -0.406736434 0 0.913546085 -0.406735182 0 0.669129491 -0.743145883 0 0.669129491 -0.743145883 0 0.669129491 -0.743145883 0 0.669131458 -0.743144095 0 0.309016794 -0.95105654 0 0.309016794 -0.95105654 0 0.309016794 -0.95105654 0 0.309016675 -0.9510566 0 -0.104528546 -0.994521856 0 -0.104528546 -0.994521856 0 -0.104528546 -0.994521856 0 -0.104528464 -0.994521856 0 -0.500000477 -0.866025031 0 -0.500000477 -0.866025031 0 -0.500000477 -0.866025031 0 -0.500000477 -0.866025031 0 -0.809016705 -0.587785661 0 -0.809016705 -0.587785661 0 -0.809016705 -0.587785661 0 -0.809016109 -0.587786496 0 -0.978148043 -0.207909688 0 -0.978148043 -0.207909688 0 -0.978148043 -0.207909688 0 -0.978147209 -0.207913443 0 -0.978147149 0.207913637 0 4.39074074e-06 0 1 4.39074074e-06 0 1 4.39074074e-06 0 1 0 0 1 0 0 1 0 0 1 0 0 1 0 0 1 0 0 1 1.0976828e-06 0 1 1.0976828e-06 0 1 1.0976828e-06 0 1 -1.68389852e-06 0 1 0 0 1 1.67150779e-06 0 1 -1.12471264e-06 0 1 1.63553023e-06 0 1 0 0 1 1.5792923e-06 0 1 -1.31908121e-06 0 0.99999994 0 0 0.99999994 8.41949998e-07 0 1 0 0 1 -2.29832312e-06 0 1 0 0 0.99999994 8.17764771e-07 0 1 0 0 1 -0.978147805 0.207910657 0 -0.978147805 0.207910657 0 -0.978147805 0.207910657 0 -0.809014499 0.587788582 0 -0.809014499 0.587788582 0 -0.809014499 0.587788582 0 -0.80901885 0.587782621 0 -0.500001729 0.866024375 0 -0.500001729 0.866024375 0 -0.500001729 0.866024375 0 -0.499998301 0.866026521 0 -0.104528181 0.994521916 0 -0.104528181 0.994521916 0 -0.104528181 0.994521916 0 -0.104529336 0.994521856 0 0.309017301 0.95105648 0 0.309017301 0.95105648 0 0.309017301 0.95105648 0 0.309017301 0.95105648 0 0.669132411 0.743143201 0 0.669132411 0.743143201 0 0.669132411 0.743143201 0 0.669128656 0.743146539 0 0.913545728 0.406736046 0 0.913545728 0.406736046 0 0.913545728 0.406736046 0 0.913546443 0.406734526 0 1 0 0 1 0 0 1 0 0 1 0 0 0.913546443 -0.406734526 0 0.913546443 -0.406734526 0 0.913546443 -0.406734526 0 0.913545728 -0.406736046 0 0.669131219 -0.743144274 0 0.669131219 -0.743144274 0 0.669131219 -0.743144274 0 0.669129848 -0.743145525 0 0.309017301 -0.95105648 0 0.309017301 -0.95105648 0 0.309017301 -0.95105648 0 0.309017301 -0.95105648 0 -0.104528181 -0.994521916 0 -0.104528181 -0.994521916 0 -0.104528181 -0.994521916 0 -0.104528181 -0.994521916 0 -0.499998301 -0.866026521 0 -0.499998301 -0.866026521 0 -0.499998301 -0.866026521 0 -0.500001729 -0.866024375 0 -0.80901885 -0.587782621 0 -0.80901885 -0.587782621 0 -0.80901885 -0.587782621 0 -0.809014499 -0.587788582 0 -0.978147805 -0.207910657 0 -0.978147805 -0.207910657 0 -0.978147805 -0.207910657 0 -0.978147328 -0.207912892 0 -0.978147328 0.207912892 0 1.08382517e-06 0 -0.99999994 1.08382517e-06 0 -0.99999994 1.08382517e-06 0 -0.99999994 0 0 -1 -1.20846971e-06 0 -1 0 0 -0.99999994 1.94004497e-06 0 -1 0 0 -1 0 0 -1 -3.06061622e-07 0 -1 0 0 -1 1.21593484e-06 0 -1 -4.00065528e-06 0 -1 2.41086582e-06 0 -1 0 0 -1 0 0 -1 0 0 -1 -2.35684183e-06 0 -1 -6.66196271e-08 0 -1 0 0 -1 0 0 -0.99999994 1.14448301e-06 0 -1 0 0 -1 -2.81343347e-07 0 -1 -4.72386364e-06 0 -1 -0.970941663 0.239316255 0 -0.970941663 0.239316255 0 -0.970941663 0.239316255 0 -0.748509765 0.663123667 0 -0.748509765 0.663123667 0 -0.748509765 0.663123667 0 -0.748510122 0.66312331 0 -0.3546049 0.935016274 0 -0.3546049 0.935016274 0 -0.3546049 0.935016274 0 -0.35460487 0.935016215 0 0.120536603 0.992708981 0 0.120536603 0.992708981 0 0.120536603 0.992708981 0 0.120536417 0.992708862 0 0.568064988 0.822983742 0 0.568064988 0.822983742 0 0.568064988 0.822983742 0 0.568065464 0.822983384 0 0.885457337 0.464720726 0 0.885457337 0.464720726 0 0.885457337 0.464720726 0 0.885454893 0.464725316 0 1 0 0 1 0 0 1 0 0 1 0 0 0.885454893 -0.464725316 0 0.885454893 -0.464725316 0 0.885454893 -0.464725316 0 0.885457337 -0.464720726 0 0.568064451 -0.82298404 0 0.568064451 -0.82298404 0 0.568064451 -0.82298404 0 0.568065464 -0.822983384 0 0.120536231 -0.992708862 0 0.120536231 -0.992708862 0 0.120536231 -0.992708862 0 0.120536767 -0.992708802 0 -0.354603916 -0.935016572 0 -0.354603916 -0.935016572 0 -0.354603916 -0.935016572 0 -0.354605854 -0.935015917 0 -0.748509765 -0.663123667 0 -0.748509765 -0.663123667 0 -0.748509765 -0.663123667 0 -0.748510778 -0.663122594 0 -0.970941663 -0.239316255 0 -0.970941663 -0.239316255 0 -0.970941663 -0.239316255 0 -0.970942378 -0.239313111 0 -0.970942318 0.239313468 0 0 0 -1 0 0 -1 0 0 -1 -1.51771553e-06 0 -1 0 0 -1 0 0 -1 3.16537216e-06 0 -1 0 0 -1 0 0 -1 0 0 -1 0 0 -1 0 0 -0.99999994 -4.96970472e-07 0 -1 -1.21443088e-06 0 -1 -3.83310351e-07 0 -1 2.98439545e-06 0 -1 -1.52802625e-06 0 -0.99999994 0 0 -1 0 0 -1 0 0 -0.99999994 0 0 -0.99999994 0 0 -1 0 0 -0.99999994 0 0 -1 0 0 -1 9.42270844e-07 0 -1 0 0 -1 5.87187344e-07 0 -1 0.965924203 -0.258825272 0 0.965924203 -0.258825272 0 0.965924203 -0.258825272 0 0.965926826 -0.258815318 0 0.965926826 -0.258815318 0 0.965926826 -0.258815318 0 0.707103729 -0.707109749 0 0.707103729 -0.707109749 0 0.707103729 -0.707109749 0 0.707103133 -0.707110465 0 0.258821338 -0.965925217 0 0.258821338 -0.965925217 0 0.258821338 -0.965925217 0 0.258823395 -0.96592468 0 -0.258821338 -0.965925217 0 -0.258821338 -0.965925217 0 -0.258821338 -0.965925217 0 -0.25881806 -0.965926051 0 -0.707114458 -0.70709914 0 -0.707114458 -0.70709914 0 -0.707114458 -0.70709914 0 -0.707103133 -0.707110465 0 -0.707103133 -0.707110465 0 -0.707103133 -0.707110465 0 -0.965926826 -0.258815318 0 -0.965926826 -0.258815318 0 -0.965926826 -0.258815318 0 -0.965926826 -0.258815318 0 -0.965926826 0.258815318 0 -0.965926826 0.258815318 0 -0.965926826 0.258815318 0 -0.965926826 0.258815318 0 -0.707104445 0.707109094 0 -0.707104445 0.707109094 0 -0.707104445 0.707109094 0 -0.707115114 0.707098484 0 -0.707115114 0.707098484 0 -0.707115114 0.707098484 0 -0.25881651 0.965926528 0 -0.25881651 0.965926528 0 -0.25881651 0.965926528 0 -0.258818865 0.965925872 0 0.258821845 0.965925097 0 0.258821845 0.965925097 0 0.258821845 0.965925097 0 0.258818865 0.965925872 0 0.707104445 0.707109094 0 0.707104445 0.707109094 0 0.707104445 0.707109094 0 0.707104445 0.707109094 0 0.965926826 0.258815318 0 0.965926826 0.258815318 0 0.965926826 0.258815318 0 0.965924203 0.258825272 0 0.965924203 0.258825272 0 0.965924203 0.258825272 0 0.965925872 -0.258819044 0 0.965925872 -0.258819044 0 0.965925872 -0.258819044 0 0.965926528 -0.25881654 0 0.707106411 -0.707107127 0 0.707106411 -0.707107127 0 0.707106411 -0.707107127 0 0.707105756 -0.707107782 0 0.258821011 -0.965925276 0 0.258821011 -0.965925276 0 0.258821011 -0.965925276 0 0.258820385 -0.965925455 0 -0.258821666 -0.965925097 0 -0.258821666 -0.965925097 0 -0.258821666 -0.965925097 0 -0.258821398 -0.965925157 0 -0.707106411 -0.707107127 0 -0.707106411 -0.707107127 0 -0.707106411 -0.707107127 0 -0.7071051 -0.707108438 0 -0.965925872 -0.258819044 0 -0.965925872 -0.258819044 0 -0.965925872 -0.258819044 0 -0.965925872 -0.258819044 0 -0.965925872 0.258819044 0 -0.965925872 0.258819044 0 -0.965925872 0.258819044 0 -0.965925872 0.258819044 0 -0.707106471 0.707107127 0 -0.707106471 0.707107127 0 -0.707106471 0.707107127 0 -0.707107186 0.707106531 0 -0.258819848 0.965925574 0 -0.258819848 0.965925574 0 -0.258819848 0.965925574 0 -0.258819222 0.965925813 0 0.258818835 0.965925872 0 0.258818835 0.965925872 0 0.258818835 0.965925872 0 0.258818537 0.965925932 0 0.707107186 0.707106531 0 0.707107186 0.707106531 0 0.707107186 0.707106531 0 0.707107186 0.707106531 0 0.965926528 0.25881654 0 0.965926528 0.25881654 0 0.965926528 0.25881654 0 0.965925872 0.258819044 0 0.965927064 -0.258814454 0 0.965927064 -0.258814454 0 0.965927064 -0.258814454 0 0.965924323 -0.258824766 0 0.965924323 -0.258824766 0 0.965924323 -0.258824766 0 0.707105458 -0.70710814 0 0.707105458 -0.70710814 0 0.707105458 -0.70710814 0 0.707104802 -0.707108796 0 0.258818686 -0.965925872 0 0.258818686 -0.965925872 0 0.258818686 -0.965925872 0 0.258822083 -0.965925038 0 -0.258821338 -0.965925217 0 -0.258821338 -0.965925217 0 -0.258821338 -0.965925217 0 -0.258822083 -0.965925038 0 -0.707105458 -0.70710814 0 -0.707105458 -0.70710814 0 -0.707105458 -0.70710814 0 -0.70710206 -0.707111418 0 -0.965927064 -0.258814454 0 -0.965927064 -0.258814454 0 -0.965927064 -0.258814454 0 -0.965927005 -0.258814812 0 -0.965926766 0.258815646 0 -0.965926766 0.258815646 0 -0.965926766 0.258815646 0 -0.965926647 0.258815974 0 -0.707104445 0.707109094 0 -0.707104445 0.707109094 0 -0.707104445 0.707109094 0 -0.707107186 0.707106531 0 -0.258822709 0.965924859 0 -0.258822709 0.965924859 0 -0.258822709 0.965924859 0 -0.258820713 0.965925336 0 0.258822709 0.965924859 0 0.258822709 0.965924859 0 0.258822709 0.965924859 0 0.25881806 0.965926051 0 0.707107186 0.707106531 0 0.707107186 0.707106531 0 0.707107186 0.707106531 0 0.707107186 0.707106531 0 0.965924084 0.2588256 0 0.965924084 0.2588256 0 0.965924084 0.2588256 0 0.965926647 0.258815974 0 0.965924203 -0.258825272 0 0.965924203 -0.258825272 0 0.965924203 -0.258825272 0 0.965926826 -0.258815318 0 0.965926826 -0.258815318 0 0.965926826 -0.258815318 0 0.707104445 -0.707109094 0 0.707104445 -0.707109094 0 0.707104445 -0.707109094 0 0.707104445 -0.707109094 0 0.258819193 -0.965925872 0 0.258819193 -0.965925872 0 0.258819193 -0.965925872 0 0.258821517 -0.965925157 0 -0.258819193 -0.965925872 0 -0.258819193 -0.965925872 0 -0.258819193 -0.965925872 0 -0.258816212 -0.965926647 0 -0.707115114 -0.707098484 0 -0.707115114 -0.707098484 0 -0.707115114 -0.707098484 0 -0.707104445 -0.707109094 0 -0.707104445 -0.707109094 0 -0.707104445 -0.707109094 0 -0.965926826 -0.258815318 0 -0.965926826 -0.258815318 0 -0.965926826 -0.258815318 0 -0.965926826 -0.258815318 0 -0.965926826 0.258815318 0 -0.965926826 0.258815318 0 -0.965926826 0.258815318 0 -0.965926826 0.258815318 0 -0.707104146 0.707109511 0 -0.707104146 0.707109511 0 -0.707104146 0.707109511 0 -0.707114458 0.70709914 0 -0.707114458 0.70709914 0 -0.707114458 0.70709914 0 -0.25881651 0.965926528 0 -0.25881651 0.965926528 0 -0.25881651 0.965926528 0 -0.258818865 0.965925872 0 0.258821845 0.965925097 0 0.258821845 0.965925097 0 0.258821845 0.965925097 0 0.258818865 0.965925872 0 0.707104146 0.707109511 0 0.707104146 0.707109511 0 0.707104146 0.707109511 0 0.707103729 0.707109749 0 0.965926826 0.258815318 0 0.965926826 0.258815318 0 0.965926826 0.258815318 0 0.965924203 0.258825272 0 0.965924203 0.258825272 0 0.965924203 0.258825272 0 0.965924203 -0.258825272 0 0.965924203 -0.258825272 0 0.965924203 -0.258825272 0 0.965926826 -0.258815318 0 0.965926826 -0.258815318 0 0.965926826 -0.258815318 0 0.707104445 -0.707109094 0 0.707104445 -0.707109094 0 0.707104445 -0.707109094 0 0.707104445 -0.707109094 0 0.258819193 -0.965925872 0 0.258819193 -0.965925872 0 0.258819193 -0.965925872 0 0.258821517 -0.965925157 0 -0.258819193 -0.965925872 0 -0.258819193 -0.965925872 0 -0.258819193 -0.965925872 0 -0.258816212 -0.965926647 0 -0.707115114 -0.707098484 0 -0.707115114 -0.707098484 0 -0.707115114 -0.707098484 0 -0.707104445 -0.707109094 0 -0.707104445 -0.707109094 0 -0.707104445 -0.707109094 0 -0.965926826 -0.258815318 0 -0.965926826 -0.258815318 0 -0.965926826 -0.258815318 0 -0.965926826 -0.258815318 0 -0.965926826 0.258815318 0 -0.965926826 0.258815318 0 -0.965926826 0.258815318 0 -0.965926826 0.258815318 0 -0.707104445 0.707109094 0 -0.707104445 0.707109094 0 -0.707104445 0.707109094 0 -0.707115114 0.707098484 0 -0.707115114 0.707098484 0 -0.707115114 0.707098484 0 -0.25881651 0.965926528 0 -0.25881651 0.965926528 0 -0.25881651 0.965926528 0 -0.258818865 0.965925872 0 0.258821845 0.965925097 0 0.258821845 0.965925097 0 0.258821845 0.965925097 0 0.258818865 0.965925872 0 0.707104445 0.707109094 0 0.707104445 0.707109094 0 0.707104445 0.707109094 0 0.707104445 0.707109094 0 0.965926826 0.258815318 0 0.965926826 0.258815318 0 0.965926826 0.258815318 0 0.965924203 0.258825272 0 0.965924203 0.258825272 0 0.965924203 0.258825272 0 0.965926468 -0.258816987 0 0.965926468 -0.258816987 0 0.965926468 -0.258816987 0 0.965925634 -0.258819759 0 0.707105458 -0.70710814 0 0.707105458 -0.70710814 0 0.707105458 -0.70710814 0 0.707104802 -0.707108796 0 0.258822024 -0.965924978 0 0.258822024 -0.965924978 0 0.258822024 -0.965924978 0 0.258820713 -0.965925336 0 -0.258821338 -0.965925217 0 -0.258821338 -0.965925217 0 -0.258821338 -0.965925217 0 -0.258821398 -0.965925157 0 -0.707105458 -0.70710814 0 -0.707105458 -0.70710814 0 -0.707105458 -0.70710814 0 -0.70710206 -0.707111418 0 -0.965925038 -0.258821934 0 -0.965925038 -0.258821934 0 -0.965925038 -0.258821934 0 -0.965927005 -0.258814812 0 -0.965926766 0.258815646 0 -0.965926766 0.258815646 0 -0.965926766 0.258815646 0 -0.965924561 0.258823425 0 -0.707104445 0.707109094 0 -0.707104445 0.707109094 0 -0.707104445 0.707109094 0 -0.707107186 0.707106531 0 -0.258822024 0.965924978 0 -0.258822024 0.965924978 0 -0.258822024 0.965924978 0 -0.258820713 0.965925336 0 0.258821338 0.965925217 0 0.258821338 0.965925217 0 0.258821338 0.965925217 0 0.258821398 0.965925157 0 0.707107186 0.707106531 0 0.707107186 0.707106531 0 0.707107186 0.707106531 0 0.707107186 0.707106531 0 0.965925336 0.258820593 0 0.965925336 0.258820593 0 0.965925336 0.258820593 0 0.965925992 0.258818448 0 0.965925872 -0.258819044 0 0.965925872 -0.258819044 0 0.965925872 -0.258819044 0 0.965926528 -0.25881654 0 0.707107186 -0.707106531 0 0.707107186 -0.707106531 0 0.707107186 -0.707106531 0 0.707107186 -0.707106531 0 0.258818835 -0.965925872 0 0.258818835 -0.965925872 0 0.258818835 -0.965925872 0 0.258818537 -0.965925932 0 -0.25881952 -0.965925753 0 -0.25881952 -0.965925753 0 -0.25881952 -0.965925753 0 -0.25881952 -0.965925634 0 -0.707107186 -0.707106531 0 -0.707107186 -0.707106531 0 -0.707107186 -0.707106531 0 -0.707106471 -0.707107127 0 -0.965925872 -0.258819044 0 -0.965925872 -0.258819044 0 -0.965925872 -0.258819044 0 -0.965925872 -0.258819044 0 -0.965925872 0.258819044 0 -0.965925872 0.258819044 0 -0.965925872 0.258819044 0 -0.965925872 0.258819044 0 -0.707106113 0.707107484 0 -0.707106113 0.707107484 0 -0.707106113 0.707107484 0 -0.707106411 0.707107127 0 -0.258819848 0.965925574 0 -0.258819848 0.965925574 0 -0.258819848 0.965925574 0 -0.258819222 0.965925813 0 0.258818835 0.965925872 0 0.258818835 0.965925872 0 0.258818835 0.965925872 0 0.258818537 0.965925932 0 0.707106769 0.707106769 0 0.707106769 0.707106769 0 0.707106769 0.707106769 0 0.707106411 0.707107127 0 0.965926528 0.25881654 0 0.965926528 0.25881654 0 0.965926528 0.25881654 0 0.965925872 0.258819044 0 0.965925872 -0.258819044 0 0.965925872 -0.258819044 0 0.965925872 -0.258819044 0 0.965926528 -0.25881654 0 0.707107186 -0.707106531 0 0.707107186 -0.707106531 0 0.707107186 -0.707106531 0 0.707107186 -0.707106531 0 0.258818835 -0.965925872 0 0.258818835 -0.965925872 0 0.258818835 -0.965925872 0 0.258818537 -0.965925932 0 -0.25881952 -0.965925753 0 -0.25881952 -0.965925753 0 -0.25881952 -0.965925753 0 -0.25881952 -0.965925634 0 -0.707107186 -0.707106531 0 -0.707107186 -0.707106531 0 -0.707107186 -0.707106531 0 -0.707106471 -0.707107127 0 -0.965925872 -0.258819044 0 -0.965925872 -0.258819044 0 -0.965925872 -0.258819044 0 -0.965925872 -0.258819044 0 -0.965925872 0.258819044 0 -0.965925872 0.258819044 0 -0.965925872 0.258819044 0 -0.965925872 0.258819044 0 -0.707106471 0.707107127 0 -0.707106471 0.707107127 0 -0.707106471 0.707107127 0 -0.707107186 0.707106531 0 -0.258819848 0.965925574 0 -0.258819848 0.965925574 0 -0.258819848 0.965925574 0 -0.258819222 0.965925813 0 0.258818835 0.965925872 0 0.258818835 0.965925872 0 0.258818835 0.965925872 0 0.258818537 0.965925932 0 0.707107186 0.707106531 0 0.707107186 0.707106531 0 0.707107186 0.707106531 0 0.707107186 0.707106531 0 0.965926528 0.25881654 0 0.965926528 0.25881654 0 0.965926528 0.25881654 0 0.965925872 0.258819044 0 -0.965926826 -0.258815318 0 -0.965926826 -0.258815318 0 -0.965926826 -0.258815318 0 -0.965926826 -0.258815318 0 -0.707103729 -0.707109749 0 -0.707103729 -0.707109749 0 -0.707103729 -0.707109749 0 -0.707113802 -0.707099795 0 -0.707113802 -0.707099795 0 -0.707113802 -0.707099795 0 -0.258818686 -0.965925872 0 -0.258818686 -0.965925872 0 -0.258818686 -0.965925872 0 -0.258820713 -0.965925336 0 0.258824021 -0.965924501 0 0.258824021 -0.965924501 0 0.258824021 -0.965924501 0 0.258820713 -0.965925336 0 0.707103729 -0.707109749 0 0.707103729 -0.707109749 0 0.707103729 -0.707109749 0 0.707103133 -0.707110465 0 0.965926826 -0.258815318 0 0.965926826 -0.258815318 0 0.965926826 -0.258815318 0 0.965924203 -0.258825272 0 0.965924203 -0.258825272 0 0.965924203 -0.258825272 0 0.965924203 0.258825272 0 0.965924203 0.258825272 0 0.965924203 0.258825272 0 0.965926826 0.258815318 0 0.965926826 0.258815318 0 0.965926826 0.258815318 0 0.707104445 0.707109094 0 0.707104445 0.707109094 0 0.707104445 0.707109094 0 0.707104445 0.707109094 0 0.258819193 0.965925872 0 0.258819193 0.965925872 0 0.258819193 0.965925872 0 0.258821517 0.965925157 0 -0.258819193 0.965925872 0 -0.258819193 0.965925872 0 -0.258819193 0.965925872 0 -0.258816212 0.965926647 0 -0.707115114 0.707098484 0 -0.707115114 0.707098484 0 -0.707115114 0.707098484 0 -0.707104445 0.707109094 0 -0.707104445 0.707109094 0 -0.707104445 0.707109094 0 -0.965926826 0.258815318 0 -0.965926826 0.258815318 0 -0.965926826 0.258815318 0 -0.965926826 0.258815318 0 -0.965925872 -0.258819044 0 -0.965925872 -0.258819044 0 -0.965925872 -0.258819044 0 -0.965925872 -0.258819044 0 -0.707105815 -0.707107842 0 -0.707105815 -0.707107842 0 -0.707105815 -0.707107842 0 -0.707105756 -0.707107782 0 -0.258822024 -0.965924978 0 -0.258822024 -0.965924978 0 -0.258822024 -0.965924978 0 -0.25882107 -0.965925276 0 0.258821011 -0.965925276 0 0.258821011 -0.965925276 0 0.258821011 -0.965925276 0 0.258820385 -0.965925455 0 0.707106411 -0.707107127 0 0.707106411 -0.707107127 0 0.707106411 -0.707107127 0 0.707105756 -0.707107782 0 0.965926528 -0.25881654 0 0.965926528 -0.25881654 0 0.965926528 -0.25881654 0 0.965925872 -0.258819044 0 0.965925872 0.258819044 0 0.965925872 0.258819044 0 0.965925872 0.258819044 0 0.965926528 0.25881654 0 0.707107186 0.707106531 0 0.707107186 0.707106531 0 0.707107186 0.707106531 0 0.707107186 0.707106531 0 0.258818835 0.965925872 0 0.258818835 0.965925872 0 0.258818835 0.965925872 0 0.258818537 0.965925932 0 -0.25881952 0.965925753 0 -0.25881952 0.965925753 0 -0.25881952 0.965925753 0 -0.25881952 0.965925634 0 -0.707107186 0.707106531 0 -0.707107186 0.707106531 0 -0.707107186 0.707106531 0 -0.707106471 0.707107127 0 -0.965925872 0.258819044 0 -0.965925872 0.258819044 0 -0.965925872 0.258819044 0 -0.965925872 0.258819044 0 -0.965927064 -0.258814454 0 -0.965927064 -0.258814454 0 -0.965927064 -0.258814454 0 -0.965927005 -0.258814812 0 -0.707102776 -0.707110763 0 -0.707102776 -0.707110763 0 -0.707102776 -0.707110763 0 -0.707104802 -0.707108796 0 -0.258822709 -0.965924859 0 -0.258822709 -0.965924859 0 -0.258822709 -0.965924859 0 -0.258820713 -0.965925336 0 0.258822709 -0.965924859 0 0.258822709 -0.965924859 0 0.258822709 -0.965924859 0 0.25881806 -0.965926051 0 0.707105458 -0.70710814 0 0.707105458 -0.70710814 0 0.707105458 -0.70710814 0 0.707104802 -0.707108796 0 0.965924382 -0.258824408 0 0.965924382 -0.258824408 0 0.965924382 -0.258824408 0 0.965927005 -0.258814812 0 0.965926766 0.258815646 0 0.965926766 0.258815646 0 0.965926766 0.258815646 0 0.965924025 0.258825928 0 0.965924025 0.258825928 0 0.965924025 0.258825928 0 0.707107186 0.707106531 0 0.707107186 0.707106531 0 0.707107186 0.707106531 0 0.707107186 0.707106531 0 0.258818686 0.965925872 0 0.258818686 0.965925872 0 0.258818686 0.965925872 0 0.258822083 0.965925038 0 -0.258821338 0.965925217 0 -0.258821338 0.965925217 0 -0.258821338 0.965925217 0 -0.258822083 0.965925038 0 -0.707107186 0.707106531 0 -0.707107186 0.707106531 0 -0.707107186 0.707106531 0 -0.707104445 0.707109094 0 -0.965926766 0.258815646 0 -0.965926766 0.258815646 0 -0.965926766 0.258815646 0 -0.965926647 0.258815974 0 -0.965926826 -0.258815318 0 -0.965926826 -0.258815318 0 -0.965926826 -0.258815318 0 -0.965926826 -0.258815318 0 -0.707104445 -0.707109094 0 -0.707104445 -0.707109094 0 -0.707104445 -0.707109094 0 -0.707115114 -0.707098484 0 -0.707115114 -0.707098484 0 -0.707115114 -0.707098484 0 -0.25881651 -0.965926528 0 -0.25881651 -0.965926528 0 -0.25881651 -0.965926528 0 -0.258818865 -0.965925872 0 0.258821845 -0.965925097 0 0.258821845 -0.965925097 0 0.258821845 -0.965925097 0 0.258818865 -0.965925872 0 0.707104445 -0.707109094 0 0.707104445 -0.707109094 0 0.707104445 -0.707109094 0 0.707104445 -0.707109094 0 0.965926826 -0.258815318 0 0.965926826 -0.258815318 0 0.965926826 -0.258815318 0 0.965924203 -0.258825272 0 0.965924203 -0.258825272 0 0.965924203 -0.258825272 0 0.965924203 0.258825272 0 0.965924203 0.258825272 0 0.965924203 0.258825272 0 0.965926826 0.258815318 0 0.965926826 0.258815318 0 0.965926826 0.258815318 0 0.707104146 0.707109511 0 0.707104146 0.707109511 0 0.707104146 0.707109511 0 0.707103729 0.707109749 0 0.258819193 0.965925872 0 0.258819193 0.965925872 0 0.258819193 0.965925872 0 0.258821517 0.965925157 0 -0.258819193 0.965925872 0 -0.258819193 0.965925872 0 -0.258819193 0.965925872 0 -0.258816212 0.965926647 0 -0.707114756 0.707098782 0 -0.707114756 0.707098782 0 -0.707114756 0.707098782 0 -0.707103729 0.707109749 0 -0.707103729 0.707109749 0 -0.707103729 0.707109749 0 -0.965926826 0.258815318 0 -0.965926826 0.258815318 0 -0.965926826 0.258815318 0 -0.965926826 0.258815318 0 -0.965926826 -0.258815318 0 -0.965926826 -0.258815318 0 -0.965926826 -0.258815318 0 -0.965926826 -0.258815318 0 -0.707104445 -0.707109094 0 -0.707104445 -0.707109094 0 -0.707104445 -0.707109094 0 -0.707115114 -0.707098484 0 -0.707115114 -0.707098484 0 -0.707115114 -0.707098484 0 -0.25881651 -0.965926528 0 -0.25881651 -0.965926528 0 -0.25881651 -0.965926528 0 -0.258818865 -0.965925872 0 0.258821845 -0.965925097 0 0.258821845 -0.965925097 0 0.258821845 -0.965925097 0 0.258818865 -0.965925872 0 0.707104445 -0.707109094 0 0.707104445 -0.707109094 0 0.707104445 -0.707109094 0 0.707104445 -0.707109094 0 0.965926826 -0.258815318 0 0.965926826 -0.258815318 0 0.965926826 -0.258815318 0 0.965924203 -0.258825272 0 0.965924203 -0.258825272 0 0.965924203 -0.258825272 0 0.965924203 0.258825272 0 0.965924203 0.258825272 0 0.965924203 0.258825272 0 0.965926826 0.258815318 0 0.965926826 0.258815318 0 0.965926826 0.258815318 0 0.707104445 0.707109094 0 0.707104445 0.707109094 0 0.707104445 0.707109094 0 0.707104445 0.707109094 0 0.258819193 0.965925872 0 0.258819193 0.965925872 0 0.258819193 0.965925872 0 0.258821517 0.965925157 0 -0.258819193 0.965925872 0 -0.258819193 0.965925872 0 -0.258819193 0.965925872 0 -0.258816212 0.965926647 0 -0.707115114 0.707098484 0 -0.707115114 0.707098484 0 -0.707115114 0.707098484 0 -0.707104445 0.707109094 0 -0.707104445 0.707109094 0 -0.707104445 0.707109094 0 -0.965926826 0.258815318 0 -0.965926826 0.258815318 0 -0.965926826 0.258815318 0 -0.965926826 0.258815318 0 -0.965927064 -0.258814454 0 -0.965927064 -0.258814454 0 -0.965927064 -0.258814454 0 -0.965924978 -0.258822262 0 -0.707102776 -0.707110763 0 -0.707102776 -0.707110763 0 -0.707102776 -0.707110763 0 -0.707104802 -0.707108796 0 -0.258822024 -0.965924978 0 -0.258822024 -0.965924978 0 -0.258822024 -0.965924978 0 -0.258820713 -0.965925336 0 0.258821338 -0.965925217 0 0.258821338 -0.965925217 0 0.258821338 -0.965925217 0 0.258821398 -0.965925157 0 0.707105458 -0.70710814 0 0.707105458 -0.70710814 0 0.707105458 -0.70710814 0 0.707104802 -0.707108796 0 0.965925694 -0.258819431 0 0.965925694 -0.258819431 0 0.965925694 -0.258819431 0 0.96592629 -0.258817285 0 0.965926051 0.25881812 0 0.965926051 0.25881812 0 0.965926051 0.25881812 0 0.965925336 0.258820951 0 0.707107186 0.707106531 0 0.707107186 0.707106531 0 0.707107186 0.707106531 0 0.707107186 0.707106531 0 0.258822024 0.965924978 0 0.258822024 0.965924978 0 0.258822024 0.965924978 0 0.258820713 0.965925336 0 -0.258821338 0.965925217 0 -0.258821338 0.965925217 0 -0.258821338 0.965925217 0 -0.258821398 0.965925157 0 -0.707107186 0.707106531 0 -0.707107186 0.707106531 0 -0.707107186 0.707106531 0 -0.707104445 0.707109094 0 -0.96592474 0.258823097 0 -0.96592474 0.258823097 0 -0.96592474 0.258823097 0 -0.965926647 0.258815974 0 -0.965925872 -0.258819044 0 -0.965925872 -0.258819044 0 -0.965925872 -0.258819044 0 -0.965925872 -0.258819044 0 -0.707106471 -0.707107127 0 -0.707106471 -0.707107127 0 -0.707106471 -0.707107127 0 -0.707107186 -0.707106531 0 -0.258819848 -0.965925574 0 -0.258819848 -0.965925574 0 -0.258819848 -0.965925574 0 -0.258819222 -0.965925813 0 0.258818835 -0.965925872 0 0.258818835 -0.965925872 0 0.258818835 -0.965925872 0 0.258818537 -0.965925932 0 0.707107186 -0.707106531 0 0.707107186 -0.707106531 0 0.707107186 -0.707106531 0 0.707107186 -0.707106531 0 0.965926528 -0.25881654 0 0.965926528 -0.25881654 0 0.965926528 -0.25881654 0 0.965925872 -0.258819044 0 0.965925872 0.258819044 0 0.965925872 0.258819044 0 0.965925872 0.258819044 0 0.965926528 0.25881654 0 0.707106769 0.707106769 0 0.707106769 0.707106769 0 0.707106769 0.707106769 0 0.707106411 0.707107127 0 0.258818835 0.965925872 0 0.258818835 0.965925872 0 0.258818835 0.965925872 0 0.258818537 0.965925932 0 -0.25881952 0.965925753 0 -0.25881952 0.965925753 0 -0.25881952 0.965925753 0 -0.25881952 0.965925634 0 -0.707106769 0.707106769 0 -0.707106769 0.707106769 0 -0.707106769 0.707106769 0 -0.707105815 0.707107842 0 -0.965925872 0.258819044 0 -0.965925872 0.258819044 0 -0.965925872 0.258819044 0 -0.965925872 0.258819044 0 -0.965925872 -0.258819044 0 -0.965925872 -0.258819044 0 -0.965925872 -0.258819044 0 -0.965925872 -0.258819044 0 -0.707106471 -0.707107127 0 -0.707106471 -0.707107127 0 -0.707106471 -0.707107127 0 -0.707107186 -0.707106531 0 -0.258819848 -0.965925574 0 -0.258819848 -0.965925574 0 -0.258819848 -0.965925574 0 -0.258819222 -0.965925813 0 0.258818835 -0.965925872 0 0.258818835 -0.965925872 0 0.258818835 -0.965925872 0 0.258818537 -0.965925932 0 0.707107186 -0.707106531 0 0.707107186 -0.707106531 0 0.707107186 -0.707106531 0 0.707107186 -0.707106531 0 0.965926528 -0.25881654 0 0.965926528 -0.25881654 0 0.965926528 -0.25881654 0 0.965925872 -0.258819044 0 0.965925872 0.258819044 0 0.965925872 0.258819044 0 0.965925872 0.258819044 0 0.965926528 0.25881654 0 0.707107186 0.707106531 0 0.707107186 0.707106531 0 0.707107186 0.707106531 0 0.707107186 0.707106531 0 0.258818835 0.965925872 0 0.258818835 0.965925872 0 0.258818835 0.965925872 0 0.258818537 0.965925932 0 -0.25881952 0.965925753 0 -0.25881952 0.965925753 0 -0.25881952 0.965925753 0 -0.25881952 0.965925634 0 -0.707107186 0.707106531 0 -0.707107186 0.707106531 0 -0.707107186 0.707106531 0 -0.707106471 0.707107127 0 -0.965925872 0.258819044 0 -0.965925872 0.258819044 0 -0.965925872 0.258819044 0 -0.965925872 0.258819044 0 0 0 -1 0 0 -1 0 0 -1 0 0 -1 0 0 -1 0 0 -0.99999994 0 0 -0.99999994 9.09494418e-07 0 -1 0 0 -1 0 0 -1 0 0 -1 0 0 -1 1.3642416e-06 0 -1 0.965925395 -0.258820802 0 0.965925395 -0.258820802 0 0.965925395 -0.258820802 0 0.965925395 -0.258820802 0 0.707108736 -0.707104921 0 0.707108736 -0.707104921 0 0.707108736 -0.707104921 0 0.707107365 -0.707106113 0 0.258817166 -0.965926349 0 0.258817166 -0.965926349 0 0.258817166 -0.965926349 0 0.258819044 -0.965925872 0 -0.258818418 -0.965925932 0 -0.258818418 -0.965925932 0 -0.258818418 -0.965925932 0 -0.258817762 -0.96592617 0 -0.707106173 -0.707107425 0 -0.707106173 -0.707107425 0 -0.707106173 -0.707107425 0 -0.707107365 -0.707106113 0 -0.965925395 -0.258820802 0 -0.965925395 -0.258820802 0 -0.965925395 -0.258820802 0 -0.965925395 -0.258820802 0 -0.965925515 0.258820474 0 -0.965925515 0.258820474 0 -0.965925515 0.258820474 0 -0.965925515 0.258820474 0 -0.707106173 0.707107425 0 -0.707106173 0.707107425 0 -0.707106173 0.707107425 0 -0.707107365 0.707106113 0 -0.258818358 0.965925992 0 -0.258818358 0.965925992 0 -0.258818358 0.965925992 0 -0.25881964 0.965925694 0 0.25881964 0.965925694 0 0.25881964 0.965925694 0 0.25881964 0.965925694 0 0.258818358 0.965925992 0 0.707106173 0.707107425 0 0.707106173 0.707107425 0 0.707106173 0.707107425 0 0.707110047 0.70710361 0 0.965925515 0.258820474 0 0.965925515 0.258820474 0 0.965925515 0.258820474 0 0.965925515 0.258820474 0 0 0 -1 0 0 -1 0 0 -1 0 0 1 0 0 1 0 0 1 0 0 -1 0 0 -1 0 0 -1 0 0 1 0 0 1 0 0 1 0 0 -1 0 0 -1 0 0 -1 0 0 1 0 0 1 0 0 1 0 0 -1 0 0 -1 0 0 -1 0 0 -1 0 0 1 0 0 1 0 0 1 0 0 1 0 0 1 0 0 1 0 0 1 0 0 -1 0 0 -1 0 0 -1 0 0 1 0 0 1 0 0 1 0 0 -1 0 0 -1 0 0 -1 0 0.00176270946 -0.999998391 0 0.00176270946 -0.999998391 0 0.00176270946 -0.999998391 -7.89127516e-05 0.793352187 -0.608762801 -7.89127516e-05 0.793352187 -0.608762801 -7.89127516e-05 0.793352187 -0.608762801 -0.0195887145 0.859350443 -0.511011779 -0.0195887145 0.859350443 -0.511011779 -0.0195887145 0.859350443 -0.511011779 0.0398773998 0.60827601 -0.792723298 0.0398773998 0.60827601 -0.792723298 0.0398773998 0.60827601 -0.792723298 -0.0460666679 0.79654485 -0.602821887 -0.0460666679 0.79654485 -0.602821887 -0.0460666679 0.79654485 -0.602821887 -0.00683702296 0.660235524 -0.751027465 -0.00683702296 0.660235524 -0.751027465 -0.00683702296 0.660235524 -0.751027465 -7.14285943e-06 0.533338666 -0.845901787 -7.14285943e-06 0.533338666 -0.845901787 -7.14285943e-06 0.533338666 -0.845901787 1.14442719e-05 0.442285568 -0.896874309 1.14442719e-05 0.442285568 -0.896874309 1.14442719e-05 0.442285568 -0.896874309 0.00451386394 0.384529054 -0.923101842 0.00451386394 0.384529054 -0.923101842 0.00451386394 0.384529054 -0.923101842 -0.0084161805 0.19508566 -0.980750084 -0.0084161805 0.19508566 -0.980750084 -0.0084161805 0.19508566 -0.980750084 -0.00667439774 0.18142879 -0.98338145 -0.00667439774 0.18142879 -0.98338145 -0.00667439774 0.18142879 -0.98338145 -8.67035997e-05 0.0604806542 -0.998169303 -8.67035997e-05 0.0604806542 -0.998169303 -8.67035997e-05 0.0604806542 -0.998169303 0 0.980784953 -0.195091888 0 0.980784953 -0.195091888 0 0.980784953 -0.195091888 -0.0178949647 0.991871119 -0.125981703 -0.0178949647 0.991871119 -0.125981703 -0.0178949647 0.991871119 -0.125981703 0.0123879863 0.896801829 -0.442259073 0.0123879863 0.896801829 -0.442259073 0.0123879863 0.896801829 -0.442259073 -0.00247059856 0.93080157 -0.365516335 -0.00247059856 0.93080157 -0.365516335 -0.00247059856 0.93080157 -0.365516335 9.42061979e-06 0.872847915 -0.487992227 9.42061979e-06 0.872847915 -0.487992227 9.42061979e-06 0.872847915 -0.487992227 -0.195091352 0.980785012 0 -0.195091352 0.980785012 0 -0.195091352 0.980785012 0 -0.258222669 0.963696897 0.0678923577 -0.258222669 0.963696897 0.0678923577 -0.258222669 0.963696897 0.0678923577 -0.442289352 0.896872401 0 -0.442289352 0.896872401 0 -0.442289352 0.896872401 0 -0.60875988 0.793354511 0 -0.60875988 0.793354511 0 -0.60875988 0.793354511 0 -0.704205573 0.704205573 0.0904929563 -0.704205573 0.704205573 0.0904929563 -0.704205573 0.704205573 0.0904929563 -0.980785072 0.195091262 0 -0.980785072 0.195091262 0 -0.980785072 0.195091262 0 -0.963697731 0.258219451 0.0678928494 -0.963697731 0.258219451 0.0678928494 -0.963697731 0.258219451 0.0678928494 -0.896871865 0.442290604 0 -0.896871865 0.442290604 0 -0.896871865 0.442290604 0 -0.793352008 0.608763278 0 -0.793352008 0.608763278 0 -0.793352008 0.608763278 0 -0.0387722366 0.194945261 -0.980047464 -0.0387722366 0.194945261 -0.980047464 -0.0387722366 0.194945261 -0.980047464 -0.194947705 0.0387768 -0.980046868 -0.194947705 0.0387768 -0.980046868 -0.194947705 0.0387768 -0.980046868 -0.0876436681 0.440579325 -0.893425107 -0.0876436681 0.440579325 -0.893425107 -0.0876436681 0.440579325 -0.893425107 -0.19148232 0.962636709 -0.19148089 -0.19148232 0.962636709 -0.19148089 -0.19148232 0.962636709 -0.19148089 -0.433821112 0.879714429 -0.194683552 -0.433821112 0.879714429 -0.194683552 -0.433821112 0.879714429 -0.194683552 -0.778359711 0.59725976 -0.193486109 -0.778359711 0.59725976 -0.193486109 -0.778359711 0.59725976 -0.193486109 -0.962637126 0.191481337 -0.191480383 -0.962637126 0.191481337 -0.191480383 -0.962637126 0.191481337 -0.191480383 -0.962637961 0.191478938 -0.191478431 -0.882932127 0.175626457 -0.435415179 -0.882932127 0.175626457 -0.435415179 -0.882932127 0.175626457 -0.435415179 -0.806543231 0.211618602 -0.552001357 -0.806543231 0.211618602 -0.552001357 -0.806543231 0.211618602 -0.552001357 -0.783654213 0.155877441 -0.601322055 -0.783654213 0.155877441 -0.601322055 -0.783654213 0.155877441 -0.601322055 -0.597256362 0.778362632 -0.19348523 -0.597256362 0.778362632 -0.19348523 -0.597256362 0.778362632 -0.19348523 -0.54026562 0.808563948 -0.233103603 -0.54026562 0.808563948 -0.233103603 -0.54026562 0.808563948 -0.233103603 -0.464678377 0.695437729 -0.548124254 -0.464678377 0.695437729 -0.548124254 -0.464678377 0.695437729 -0.548124254 -0.464678079 0.695438385 -0.548123777 -0.31280157 0.468139291 -0.826438546 -0.31280157 0.468139291 -0.826438546 -0.31280157 0.468139291 -0.826438546 -0.15587981 0.783655882 -0.601319253 -0.15587981 0.783655882 -0.601319253 -0.15587981 0.783655882 -0.601319253 -0.211618662 0.806542337 -0.552002668 -0.211618662 0.806542337 -0.552002668 -0.211618662 0.806542337 -0.552002668 -0.175626114 0.882936537 -0.435406178 -0.175626114 0.882936537 -0.435406178 -0.175626114 0.882936537 -0.435406178 -0.191479653 0.962637186 -0.191481724 -0.552211702 0.109837875 -0.826436818 -0.552211702 0.109837875 -0.826436818 -0.552211702 0.109837875 -0.826436818 -0.426313788 0.266224205 -0.864512146 -0.426313788 0.266224205 -0.864512146 -0.426313788 0.266224205 -0.864512146 -0.604349613 0.120208144 -0.78759855 -0.604349613 0.120208144 -0.78759855 -0.604349613 0.120208144 -0.78759855 -0.879713058 0.43382147 -0.194689229 -0.879713058 0.43382147 -0.194689229 -0.879713058 0.43382147 -0.194689229 -0.808564544 0.540265799 -0.233101144 -0.808564544 0.540265799 -0.233101144 -0.808564544 0.540265799 -0.233101144 -0.695438564 0.464678943 -0.548122823 -0.695438564 0.464678943 -0.548122823 -0.695438564 0.464678943 -0.548122823 -0.695439279 0.464675933 -0.548124433 -0.46813342 0.312801301 -0.826442003 -0.46813342 0.312801301 -0.826442003 -0.46813342 0.312801301 -0.826442003 -0.468139648 0.312805235 -0.826436996 -0.165261775 0.110428572 -0.980048001 -0.165261775 0.110428572 -0.980048001 -0.165261775 0.110428572 -0.980048001 -0.120216809 0.604343832 -0.787601709 -0.120216809 0.604343832 -0.787601709 -0.120216809 0.604343832 -0.787601709 -0.192910969 0.521304309 -0.83128041 -0.192910969 0.521304309 -0.83128041 -0.192910969 0.521304309 -0.83128041 -0.312802941 0.468140006 -0.826437652 -0.110433094 0.165266663 -0.98004663 -0.110433094 0.165266663 -0.98004663 -0.110433094 0.165266663 -0.98004663 -0.195091397 0 -0.980785072 -0.195091397 0 -0.980785072 -0.195091397 0 -0.980785072 -0.195091382 0 -0.980785072 -0.442287832 0 -0.896873236 -0.442287832 0 -0.896873236 -0.442287832 0 -0.896873236 -0.442287832 0 -0.896873176 -0.608760357 0 -0.793354034 -0.608760357 0 -0.793354034 -0.608760357 0 -0.793354034 -0.608763278 0 -0.793351889 -0.793353498 0 -0.608761251 -0.793353498 0 -0.608761251 -0.793353498 0 -0.608761251 -0.79335171 0 -0.608763456 -0.896874607 0 -0.442284942 -0.896874607 0 -0.442284942 -0.896874607 0 -0.442284942 -0.896872759 0 -0.442288607 -0.98078537 0 -0.195090026 -0.98078537 0 -0.195090026 -0.98078537 0 -0.195090026 -0.98078537 0 -0.195090011 -0.980785072 -0.195091262 0 -0.980785072 -0.195091262 0 -0.980785072 -0.195091262 0 -0.963697553 -0.2582196 0.0678940117 -0.963697553 -0.2582196 0.0678940117 -0.963697553 -0.2582196 0.0678940117 -0.896871865 -0.442290604 0 -0.896871865 -0.442290604 0 -0.896871865 -0.442290604 0 -0.793352008 -0.608763278 0 -0.793352008 -0.608763278 0 -0.793352008 -0.608763278 0 -0.704206407 -0.704204917 0.0904913768 -0.704206407 -0.704204917 0.0904913768 -0.704206407 -0.704204917 0.0904913768 -0.195091352 -0.980785012 0 -0.195091352 -0.980785012 0 -0.195091352 -0.980785012 0 -0.258224756 -0.963696301 0.0678938106 -0.258224756 -0.963696301 0.0678938106 -0.258224756 -0.963696301 0.0678938106 -0.442292958 -0.896870732 0 -0.442292958 -0.896870732 0 -0.442292958 -0.896870732 0 -0.608758032 -0.793355882 0 -0.608758032 -0.793355882 0 -0.608758032 -0.793355882 0 -0.19495061 -0.0387773775 -0.980046213 -0.19495061 -0.0387773775 -0.980046213 -0.19495061 -0.0387773775 -0.980046213 -0.0387721397 -0.194944769 -0.980047524 -0.0387721397 -0.194944769 -0.980047524 -0.0387721397 -0.194944769 -0.980047524 -0.440582603 -0.0876367539 -0.893424213 -0.440582603 -0.0876367539 -0.893424213 -0.440582603 -0.0876367539 -0.893424213 -0.962637126 -0.191480592 -0.191480592 -0.962637126 -0.191480592 -0.191480592 -0.962637126 -0.191480592 -0.191480592 -0.879713118 -0.433821499 -0.194688886 -0.879713118 -0.433821499 -0.194688886 -0.879713118 -0.433821499 -0.194688886 -0.597254217 -0.77836448 -0.193484262 -0.597254217 -0.77836448 -0.193484262 -0.597254217 -0.77836448 -0.193484262 -0.191481635 -0.962637126 -0.191480204 -0.191481635 -0.962637126 -0.191480204 -0.191481635 -0.962637126 -0.191480204 -0.191480875 -0.96263653 -0.191483721 -0.175626859 -0.882936418 -0.435406119 -0.175626859 -0.882936418 -0.435406119 -0.175626859 -0.882936418 -0.435406119 -0.211618543 -0.80654186 -0.552003443 -0.211618543 -0.80654186 -0.552003443 -0.211618543 -0.80654186 -0.552003443 -0.155881181 -0.78365773 -0.601316631 -0.155881181 -0.78365773 -0.601316631 -0.155881181 -0.78365773 -0.601316631 -0.778360188 -0.597259581 -0.193485335 -0.778360188 -0.597259581 -0.193485335 -0.778360188 -0.597259581 -0.193485335 -0.808563709 -0.540267289 -0.233100504 -0.808563709 -0.540267289 -0.233100504 -0.808563709 -0.540267289 -0.233100504 -0.695435822 -0.46467641 -0.548128545 -0.695435822 -0.46467641 -0.548128545 -0.695435822 -0.46467641 -0.548128545 -0.695438683 -0.464677334 -0.548124254 -0.468139112 -0.312801003 -0.826438904 -0.468139112 -0.312801003 -0.826438904 -0.468139112 -0.312801003 -0.826438904 -0.783652663 -0.155877948 -0.601324022 -0.783652663 -0.155877948 -0.601324022 -0.783652663 -0.155877948 -0.601324022 -0.806543231 -0.211618602 -0.552001357 -0.806543231 -0.211618602 -0.552001357 -0.806543231 -0.211618602 -0.552001357 -0.882932782 -0.175626591 -0.435413539 -0.882932782 -0.175626591 -0.435413539 -0.882932782 -0.175626591 -0.435413539 -0.962637663 -0.19147934 -0.19147934 -0.109838031 -0.552209973 -0.82643801 -0.109838031 -0.552209973 -0.82643801 -0.109838031 -0.552209973 -0.82643801 -0.266232073 -0.426320851 -0.864506304 -0.266232073 -0.426320851 -0.864506304 -0.266232073 -0.426320851 -0.864506304 -0.120216809 -0.604343832 -0.787601709 -0.120216809 -0.604343832 -0.787601709 -0.120216809 -0.604343832 -0.787601709 -0.433826059 -0.879712164 -0.19468306 -0.433826059 -0.879712164 -0.19468306 -0.433826059 -0.879712164 -0.19468306 -0.540267944 -0.808562636 -0.233103216 -0.540267944 -0.808562636 -0.233103216 -0.540267944 -0.808562636 -0.233103216 -0.464676768 -0.695438445 -0.54812479 -0.464676768 -0.695438445 -0.54812479 -0.464676768 -0.695438445 -0.54812479 -0.464677036 -0.695440888 -0.548121691 -0.312798917 -0.468140781 -0.826438785 -0.312798917 -0.468140781 -0.826438785 -0.312798917 -0.468140781 -0.826438785 -0.312805623 -0.468137711 -0.826438069 -0.110432267 -0.165265411 -0.980046928 -0.110432267 -0.165265411 -0.980046928 -0.110432267 -0.165265411 -0.980046928 -0.604346991 -0.120208442 -0.787600458 -0.604346991 -0.120208442 -0.787600458 -0.604346991 -0.120208442 -0.787600458 -0.521304011 -0.192905501 -0.831281841 -0.521304011 -0.192905501 -0.831281841 -0.521304011 -0.192905501 -0.831281841 -0.468139052 -0.312802315 -0.826438487 -0.165263414 -0.110429667 -0.980047524 -0.165263414 -0.110429667 -0.980047524 -0.165263414 -0.110429667 -0.980047524 0 -0.195092171 -0.980784893 0 -0.195092171 -0.980784893 0 -0.195092171 -0.980784893 0 -0.19509165 -0.980785072 0 -0.442283124 -0.896875441 0 -0.442283124 -0.896875441 0 -0.442283124 -0.896875441 0 -0.442288995 -0.89687258 0 -0.608758926 -0.793355227 0 -0.608758926 -0.793355227 0 -0.608758926 -0.793355227 0 -0.608762383 -0.793352604 0 -0.793356538 -0.608757377 0 -0.793356538 -0.608757377 0 -0.793356538 -0.608757377 0 -0.793352365 -0.608762681 0 -0.896876693 -0.442280501 0 -0.896876693 -0.442280501 0 -0.896876693 -0.442280501 0 -0.896870434 -0.442293316 0 -0.896870434 -0.442293316 0 -0.896870434 -0.442293316 0 -0.980784416 -0.195095003 0 -0.980784416 -0.195095003 0 -0.980784416 -0.195095003 0 -0.980785549 -0.195089251 -0.25881806 -0.965926051 0 -0.25881806 -0.965926051 0 -0.25881806 -0.965926051 0 -0.128452718 -0.975734532 -0.177319035 -0.128452718 -0.975734532 -0.177319035 -0.128452718 -0.975734532 -0.177319035 -0.382684708 -0.923879087 0 -0.382684708 -0.923879087 0 -0.382684708 -0.923879087 0 -0.707108259 -0.707105279 0 -0.707108259 -0.707105279 0 -0.707108259 -0.707105279 0 -0.599111617 -0.780784369 -0.177316129 -0.599111617 -0.780784369 -0.177316129 -0.599111617 -0.780784369 -0.177316129 -0.991444886 -0.130526185 0 -0.991444886 -0.130526185 0 -0.991444886 -0.130526185 0 -0.961962879 -0.257757574 -0.0904897451 -0.961962879 -0.257757574 -0.0904897451 -0.961962879 -0.257757574 -0.0904897451 -0.923880994 -0.38267982 0 -0.923880994 -0.38267982 0 -0.923880994 -0.38267982 0 -0.793350875 -0.608764648 0 -0.793350875 -0.608764648 0 -0.793350875 -0.608764648 0 -0.890687227 -0.117263123 -0.439232945 -0.890687227 -0.117263123 -0.439232945 -0.890687227 -0.117263123 -0.439232945 -0.103882484 -0.7890625 -0.60546577 -0.103882484 -0.7890625 -0.60546577 -0.103882484 -0.7890625 -0.60546577 -0.0752762035 -0.18173635 -0.980461836 -0.0752762035 -0.18173635 -0.980461836 -0.0752762035 -0.18173635 -0.980461836 -0.0752795488 -0.181735262 -0.980461776 -0.119749434 -0.156061038 -0.980461657 -0.119749434 -0.156061038 -0.980461657 -0.119749434 -0.156061038 -0.980461657 -0.119749419 -0.156060889 -0.980461717 -0.156060845 -0.119749099 -0.980461717 -0.156060845 -0.119749099 -0.980461717 -0.156060845 -0.119749099 -0.980461717 -0.156060979 -0.119750276 -0.980461538 -0.181740627 -0.0752782226 -0.980460763 -0.181740627 -0.0752782226 -0.980460763 -0.181740627 -0.0752782226 -0.980460763 -0.181735069 -0.0752776116 -0.980461955 -0.0256754681 -0.19502674 -0.980461776 -0.0256754681 -0.19502674 -0.980461776 -0.0256754681 -0.19502674 -0.980461776 -0.0256800149 -0.195028096 -0.980461419 -0.0581295043 -0.441536963 -0.895358026 -0.0581295043 -0.441536963 -0.895358026 -0.0581295043 -0.441536963 -0.895358026 -0.0191728119 -0.608651578 -0.793205917 -0.0191728119 -0.608651578 -0.793205917 -0.0191728119 -0.608651578 -0.793205917 -0.195030272 -0.0256759599 -0.980461061 -0.195030272 -0.0256759599 -0.980461061 -0.195030272 -0.0256759599 -0.980461061 -0.195025727 -0.0256754849 -0.980462015 -0.441541165 -0.0581297092 -0.89535588 -0.441541165 -0.0581297092 -0.89535588 -0.441541165 -0.0581297092 -0.89535588 -0.0729453042 -0.554088175 -0.829255939 -0.0729453042 -0.554088175 -0.829255939 -0.0729453042 -0.554088175 -0.829255939 -0.213872373 -0.516328752 -0.829254568 -0.213872373 -0.516328752 -0.829254568 -0.213872373 -0.516328752 -0.829254568 -0.213868529 -0.516327083 -0.829256594 -0.34022212 -0.443383306 -0.829252839 -0.34022212 -0.443383306 -0.829252839 -0.34022212 -0.443383306 -0.829252839 -0.340216547 -0.443383753 -0.829254806 -0.443380922 -0.340218514 -0.829255521 -0.443380922 -0.340218514 -0.829255521 -0.443380922 -0.340218514 -0.829255521 -0.443379551 -0.340221167 -0.829255223 -0.516330242 -0.213870466 -0.829254091 -0.516330242 -0.213870466 -0.829254091 -0.516330242 -0.213870466 -0.829254091 -0.516327202 -0.21386905 -0.829256415 -0.563102484 -0.0304535348 -0.82582581 -0.563102484 -0.0304535348 -0.82582581 -0.563102484 -0.0304535348 -0.82582581 -0.606817842 -0.0798889399 -0.790815949 -0.606817842 -0.0798889399 -0.790815949 -0.606817842 -0.0798889399 -0.790815949 -0.128059775 -0.972709119 -0.193487912 -0.128059775 -0.972709119 -0.193487912 -0.128059775 -0.972709119 -0.193487912 -0.11726281 -0.890684903 -0.439237714 -0.11726281 -0.890684903 -0.439237714 -0.11726281 -0.890684903 -0.439237714 -0.0525410399 -0.834876657 -0.547923684 -0.0525410399 -0.834876657 -0.547923684 -0.0525410399 -0.834876657 -0.547923684 -0.319030106 -0.770206809 -0.55226922 -0.319030106 -0.770206809 -0.55226922 -0.319030106 -0.770206809 -0.55226922 -0.319029897 -0.770205975 -0.552270412 -0.507503331 -0.661389232 -0.55227226 -0.507503331 -0.661389232 -0.55227226 -0.507503331 -0.661389232 -0.55227226 -0.507499516 -0.661392212 -0.552272081 -0.66139251 -0.507502496 -0.552269042 -0.66139251 -0.507502496 -0.552269042 -0.66139251 -0.507502496 -0.552269042 -0.661390185 -0.507502079 -0.552272201 -0.77020365 -0.319029927 -0.552273631 -0.77020365 -0.319029927 -0.552273631 -0.77020365 -0.319029927 -0.552273631 -0.770207822 -0.319029063 -0.552268326 -0.826532304 -0.108813494 -0.552271664 -0.826532304 -0.108813494 -0.552271664 -0.826532304 -0.108813494 -0.552271664 -0.793289006 -0.0128199672 -0.608710289 -0.793289006 -0.0128199672 -0.608710289 -0.793289006 -0.0128199672 -0.608710289 -0.128055707 -0.972711504 -0.193479106 -0.375453353 -0.906422019 -0.193478391 -0.375453353 -0.906422019 -0.193478391 -0.375453353 -0.906422019 -0.193478391 -0.375452429 -0.90642041 -0.193487659 -0.597257793 -0.778362393 -0.193481699 -0.597257793 -0.778362393 -0.193481699 -0.597257793 -0.778362393 -0.193481699 -0.597260594 -0.778358579 -0.193488494 -0.77836132 -0.597259045 -0.193482101 -0.77836132 -0.597259045 -0.193482101 -0.77836132 -0.597259045 -0.193482101 -0.778358877 -0.597262502 -0.193481088 -0.906422019 -0.375450701 -0.19348371 -0.906422019 -0.375450701 -0.19348371 -0.906422019 -0.375450701 -0.19348371 -0.906421423 -0.37545073 -0.193486124 -0.972710192 -0.128058225 -0.19348374 -0.972710192 -0.128058225 -0.19348374 -0.972710192 -0.128058225 -0.19348374 -0.972708941 -0.128066465 -0.19348453 -0.195093542 0 -0.980784535 -0.195093542 0 -0.980784535 -0.195093542 0 -0.980784535 -0.195090115 0 -0.98078531 -0.44228521 0 -0.896874428 -0.44228521 0 -0.896874428 -0.44228521 0 -0.896874428 -0.44228521 0 -0.896874428 -0.608762085 0 -0.793352902 -0.608762085 0 -0.793352902 -0.608762085 0 -0.793352902 -0.608763754 0 -0.793351471 -0.793352902 0 -0.608762085 -0.793352902 0 -0.608762085 -0.793352902 0 -0.608762085 -0.793351769 0 -0.608763456 -0.896875381 0 -0.442283481 -0.896875381 0 -0.442283481 -0.896875381 0 -0.442283481 -0.896873593 0 -0.442286998 -0.980785489 0 -0.195088819 -0.980785489 0 -0.195088819 -0.980785489 0 -0.195088819 -0.980785131 0 -0.195090681 -0.195089832 -0.98078537 0 -0.195089832 -0.98078537 0 -0.195089832 -0.98078537 0 -0.258220971 -0.963697672 0.0678878203 -0.258220971 -0.963697672 0.0678878203 -0.258220971 -0.963697672 0.0678878203 -0.442284644 -0.896874726 0 -0.442284644 -0.896874726 0 -0.442284644 -0.896874726 0 -0.608764648 -0.793350875 0 -0.608764648 -0.793350875 0 -0.608764648 -0.793350875 0 -0.780774713 -0.599124908 0.177313685 -0.780774713 -0.599124908 0.177313685 -0.780774713 -0.599124908 0.177313685 -0.707109809 -0.707103848 0 -0.707109809 -0.707103848 0 -0.707109809 -0.707103848 0 -0.896874189 -0.442285836 0 -0.896874189 -0.442285836 0 -0.896874189 -0.442285836 0 -0.96369791 -0.258218706 0.0678934008 -0.96369791 -0.258218706 0.0678934008 -0.96369791 -0.258218706 0.0678934008 -0.980784714 -0.195093185 0 -0.980784714 -0.195093185 0 -0.980784714 -0.195093185 0 -0.194943741 -0.0387795717 -0.980047464 -0.194943741 -0.0387795717 -0.980047464 -0.194943741 -0.0387795717 -0.980047464 -0.0387721322 -0.194946006 -0.980047345 -0.0387721322 -0.194946006 -0.980047345 -0.0387721322 -0.194946006 -0.980047345 -0.440576464 -0.0876393169 -0.893426895 -0.440576464 -0.0876393169 -0.893426895 -0.440576464 -0.0876393169 -0.893426895 -0.962636709 -0.191484332 -0.191479549 -0.962636709 -0.191484332 -0.191479549 -0.962636709 -0.191484332 -0.191479549 -0.879714847 -0.433816671 -0.194691777 -0.879714847 -0.433816671 -0.194691777 -0.879714847 -0.433816671 -0.194691777 -0.597260296 -0.778359234 -0.193486542 -0.597260296 -0.778359234 -0.193486542 -0.597260296 -0.778359234 -0.193486542 -0.191478968 -0.962637663 -0.191479936 -0.191478968 -0.962637663 -0.191479936 -0.191478968 -0.962637663 -0.191479936 -0.191481382 -0.962637007 -0.19148086 -0.175626695 -0.882935226 -0.435408562 -0.175626695 -0.882935226 -0.435408562 -0.175626695 -0.882935226 -0.435408562 -0.211619183 -0.806542099 -0.552002907 -0.211619183 -0.806542099 -0.552002907 -0.211619183 -0.806542099 -0.552002907 -0.155877441 -0.783654213 -0.601322055 -0.155877441 -0.783654213 -0.601322055 -0.155877441 -0.783654213 -0.601322055 -0.778359771 -0.5972597 -0.193486303 -0.778359771 -0.5972597 -0.193486303 -0.778359771 -0.5972597 -0.193486303 -0.80856204 -0.540269613 -0.233101398 -0.80856204 -0.540269613 -0.233101398 -0.80856204 -0.540269613 -0.233101398 -0.695438147 -0.46467936 -0.548122942 -0.695438147 -0.46467936 -0.548122942 -0.695438147 -0.46467936 -0.548122942 -0.695440233 -0.464670211 -0.548128247 -0.695440233 -0.464670211 -0.548128247 -0.695440233 -0.464670211 -0.548128247 -0.468139708 -0.312797278 -0.826439917 -0.468139708 -0.312797278 -0.826439917 -0.468139708 -0.312797278 -0.826439917 -0.783651888 -0.155883893 -0.601323426 -0.783651888 -0.155883893 -0.601323426 -0.783651888 -0.155883893 -0.601323426 -0.806542277 -0.211618349 -0.552002966 -0.806542277 -0.211618349 -0.552002966 -0.806542277 -0.211618349 -0.552002966 -0.882932484 -0.175628081 -0.43541342 -0.882932484 -0.175628081 -0.43541342 -0.882932484 -0.175628081 -0.43541342 -0.962638378 -0.191473275 -0.19148156 -0.962638378 -0.191473275 -0.19148156 -0.962638378 -0.191473275 -0.19148156 -0.109841652 -0.552210331 -0.826437294 -0.109841652 -0.552210331 -0.826437294 -0.109841652 -0.552210331 -0.826437294 -0.266232073 -0.426320851 -0.864506304 -0.266232073 -0.426320851 -0.864506304 -0.266232073 -0.426320851 -0.864506304 -0.120209508 -0.604348302 -0.787599266 -0.120209508 -0.604348302 -0.787599266 -0.120209508 -0.604348302 -0.787599266 -0.433823317 -0.879713178 -0.19468455 -0.433823317 -0.879713178 -0.19468455 -0.433823317 -0.879713178 -0.19468455 -0.540264368 -0.808565438 -0.233101398 -0.540264368 -0.808565438 -0.233101398 -0.540264368 -0.808565438 -0.233101398 -0.464677155 -0.695441127 -0.548121095 -0.464677155 -0.695441127 -0.548121095 -0.464677155 -0.695441127 -0.548121095 -0.46467787 -0.695439458 -0.548122644 -0.312795192 -0.46813798 -0.826441705 -0.312795192 -0.46813798 -0.826441705 -0.312795192 -0.46813798 -0.826441705 -0.312803924 -0.468137711 -0.826438665 -0.110431194 -0.165262535 -0.980047584 -0.110431194 -0.165262535 -0.980047584 -0.110431194 -0.165262535 -0.980047584 -0.604346752 -0.120212473 -0.7876001 -0.604346752 -0.120212473 -0.7876001 -0.604346752 -0.120212473 -0.7876001 -0.521304309 -0.192909494 -0.831280768 -0.521304309 -0.192909494 -0.831280768 -0.521304309 -0.192909494 -0.831280768 -0.46813947 -0.312798381 -0.826439857 -0.165273368 -0.11042697 -0.980046213 -0.165273368 -0.11042697 -0.980046213 -0.165273368 -0.11042697 -0.980046213 0 -0.980785131 -0.19509092 0 -0.980785131 -0.19509092 0 -0.980785131 -0.19509092 0 -0.980785191 -0.195090875 0 -0.8968786 -0.442276776 0 -0.8968786 -0.442276776 0 -0.8968786 -0.442276776 0 -0.896873236 -0.442287773 0 -0.896873236 -0.442287773 0 -0.896873236 -0.442287773 0 -0.793351173 -0.60876435 0 -0.793351173 -0.60876435 0 -0.793351173 -0.60876435 0 -0.793351173 -0.608764172 0 -0.608765721 -0.793349981 0 -0.608765721 -0.793349981 0 -0.608765721 -0.793349981 0 -0.608762562 -0.793352544 0 -0.442288309 -0.896872938 0 -0.442288309 -0.896872938 0 -0.442288309 -0.896872938 0 -0.442283005 -0.89687556 0 -0.195091933 -0.980784953 0 -0.195091933 -0.980784953 0 -0.195091933 -0.980784953 0 -0.195091158 -0.980785131 0.980785489 -0.195089355 0 0.980785489 -0.195089355 0 0.980785489 -0.195089355 0 0.963697731 -0.258218646 0.067894876 0.963697731 -0.258218646 0.067894876 0.963697731 -0.258218646 0.067894876 0.896883607 -0.442266732 0 0.896883607 -0.442266732 0 0.896883607 -0.442266732 0 0.793352604 -0.608762324 0 0.793352604 -0.608762324 0 0.793352604 -0.608762324 0 0.704204202 -0.704207182 0.0904910937 0.704204202 -0.704207182 0.0904910937 0.704204202 -0.704207182 0.0904910937 0.608761787 -0.793353021 0 0.608761787 -0.793353021 0 0.608761787 -0.793353021 0 0.442289352 -0.896872401 0 0.442289352 -0.896872401 0 0.442289352 -0.896872401 0 0.258221716 -0.963697433 0.067888014 0.258221716 -0.963697433 0.067888014 0.258221716 -0.963697433 0.067888014 0.195088297 -0.980785608 0 0.195088297 -0.980785608 0 0.195088297 -0.980785608 0 0.0387723334 -0.194945753 -0.980047345 0.0387723334 -0.194945753 -0.980047345 0.0387723334 -0.194945753 -0.980047345 0.194943741 -0.038782116 -0.980047464 0.194943741 -0.038782116 -0.980047464 0.194943741 -0.038782116 -0.980047464 0.0876442567 -0.440582275 -0.893423557 0.0876442567 -0.440582275 -0.893423557 0.0876442567 -0.440582275 -0.893423557 0.191477701 -0.962638915 -0.191474825 0.191477701 -0.962638915 -0.191474825 0.191477701 -0.962638915 -0.191474825 0.433835864 -0.879704416 -0.19469589 0.433835864 -0.879704416 -0.19469589 0.433835864 -0.879704416 -0.19469589 0.778354704 -0.59726727 -0.193483621 0.778354704 -0.59726727 -0.193483621 0.778354704 -0.59726727 -0.193483621 0.96263808 -0.191476941 -0.191479817 0.96263808 -0.191476941 -0.191479817 0.96263808 -0.191476941 -0.191479817 0.962638855 -0.191473216 -0.19147943 0.882933199 -0.175625131 -0.43541339 0.882933199 -0.175625131 -0.43541339 0.882933199 -0.175625131 -0.43541339 0.806543231 -0.211618602 -0.552001357 0.806543231 -0.211618602 -0.552001357 0.806543231 -0.211618602 -0.552001357 0.783650994 -0.155875579 -0.601326823 0.783650994 -0.155875579 -0.601326823 0.783650994 -0.155875579 -0.601326823 0.597262204 -0.778357863 -0.193486184 0.597262204 -0.778357863 -0.193486184 0.597262204 -0.778357863 -0.193486184 0.540259063 -0.808568537 -0.233102843 0.540259063 -0.808568537 -0.233102843 0.540259063 -0.808568537 -0.233102843 0.464675754 -0.69544214 -0.548121154 0.464675754 -0.69544214 -0.548121154 0.464675754 -0.69544214 -0.548121154 0.464675754 -0.695440352 -0.54812336 0.312795192 -0.46813798 -0.826441705 0.312795192 -0.46813798 -0.826441705 0.312795192 -0.46813798 -0.826441705 0.155878916 -0.783655465 -0.601319909 0.155878916 -0.783655465 -0.601319909 0.155878916 -0.783655465 -0.601319909 0.211619943 -0.806540489 -0.552004874 0.211619943 -0.806540489 -0.552004874 0.211619943 -0.806540489 -0.552004874 0.175627068 -0.882935166 -0.435408533 0.175627068 -0.882935166 -0.435408533 0.175627068 -0.882935166 -0.435408533 0.191482559 -0.962636232 -0.191483602 0.191482559 -0.962636232 -0.191483602 0.191482559 -0.962636232 -0.191483602 0.552207112 -0.109836958 -0.826440036 0.552207112 -0.109836958 -0.826440036 0.552207112 -0.109836958 -0.826440036 0.426317871 -0.266229719 -0.86450851 0.426317871 -0.266229719 -0.86450851 0.426317871 -0.266229719 -0.86450851 0.604348719 -0.12021286 -0.78759855 0.604348719 -0.12021286 -0.78759855 0.604348719 -0.12021286 -0.78759855 0.879701793 -0.433844447 -0.194688886 0.879701793 -0.433844447 -0.194688886 0.879701793 -0.433844447 -0.194688886 0.808567464 -0.540260911 -0.23310256 0.808567464 -0.540260911 -0.23310256 0.808567464 -0.540260911 -0.23310256 0.695439935 -0.464677066 -0.548122704 0.695439935 -0.464677066 -0.548122704 0.695439935 -0.464677066 -0.548122704 0.695438802 -0.464675635 -0.548125446 0.468137503 -0.312802196 -0.82643944 0.468137503 -0.312802196 -0.82643944 0.468137503 -0.312802196 -0.82643944 0.468139172 -0.312798172 -0.826440036 0.165268496 -0.110423297 -0.980047464 0.165268496 -0.110423297 -0.980047464 0.165268496 -0.110423297 -0.980047464 0.120209992 -0.604354799 -0.787594259 0.120209992 -0.604354799 -0.787594259 0.120209992 -0.604354799 -0.787594259 0.192914784 -0.521294355 -0.831285834 0.192914784 -0.521294355 -0.831285834 0.192914784 -0.521294355 -0.831285834 0.312803984 -0.468149185 -0.826432109 0.312803984 -0.468149185 -0.826432109 0.312803984 -0.468149185 -0.826432109 0.110431656 -0.165268317 -0.98004657 0.110431656 -0.165268317 -0.98004657 0.110431656 -0.165268317 -0.98004657 0.980785608 0 -0.195088536 0.980785608 0 -0.195088536 0.980785608 0 -0.195088536 0.980785906 0 -0.195087403 0.896873593 0 -0.442286998 0.896873593 0 -0.442286998 0.896873593 0 -0.442286998 0.896875381 0 -0.442283481 0.793351769 0 -0.608763456 0.793351769 0 -0.608763456 0.793351769 0 -0.608763456 0.793350637 0 -0.608764827 0.608764827 0 -0.793350637 0.608764827 0 -0.793350637 0.608764827 0 -0.793350637 0.608761013 0 -0.793353677 0.442290545 0 -0.896871865 0.442290545 0 -0.896871865 0.442290545 0 -0.896871865 0.442290545 0 -0.896871865 0.195090115 0 -0.98078531 0.195090115 0 -0.98078531 0.195090115 0 -0.98078531 0.195092976 0 -0.980784714 0.965926409 -0.2588166 0 0.965926409 -0.2588166 0 0.965926409 -0.2588166 0 0.975732446 -0.128469691 -0.177318051 0.975732446 -0.128469691 -0.177318051 0.975732446 -0.128469691 -0.177318051 0.923880994 -0.38267982 0 0.923880994 -0.38267982 0 0.923880994 -0.38267982 0 0.793348014 -0.608768404 0 0.793348014 -0.608768404 0 0.793348014 -0.608768404 0 0.704203665 -0.704208136 -0.0904882327 0.704203665 -0.704208136 -0.0904882327 0.704203665 -0.704208136 -0.0904882327 0.608765662 -0.793350041 0 0.608765662 -0.793350041 0 0.608765662 -0.793350041 0 0.258818805 -0.965925872 0 0.258818805 -0.965925872 0 0.258818805 -0.965925872 0 0.376620501 -0.909238815 -0.177318543 0.376620501 -0.909238815 -0.177318543 0.376620501 -0.909238815 -0.177318543 0.130520985 -0.991445482 0 0.130520985 -0.991445482 0 0.130520985 -0.991445482 0 0.117261834 -0.890684962 -0.439237773 0.117261834 -0.890684962 -0.439237773 0.117261834 -0.890684962 -0.439237773 0.789060056 -0.103882983 -0.60546881 0.789060056 -0.103882983 -0.60546881 0.789060056 -0.103882983 -0.60546881 0.181740656 -0.0752775148 -0.980460942 0.181740656 -0.0752775148 -0.980460942 0.181740656 -0.0752775148 -0.980460942 0.18173632 -0.0752785727 -0.980461597 0.15606454 -0.11974936 -0.980461061 0.15606454 -0.11974936 -0.980461061 0.15606454 -0.11974936 -0.980461061 0.156058714 -0.119749457 -0.980462015 0.119746596 -0.156061098 -0.980461955 0.119746596 -0.156061098 -0.980461955 0.119746596 -0.156061098 -0.980461955 0.119749419 -0.156060442 -0.980461717 0.0752774253 -0.181735814 -0.980461836 0.0752774253 -0.181735814 -0.980461836 0.0752774253 -0.181735814 -0.980461836 0.0752761364 -0.181735635 -0.980462015 0.1950275 -0.0256748963 -0.980461657 0.1950275 -0.0256748963 -0.980461657 0.1950275 -0.0256748963 -0.980461657 0.195028797 -0.0256774351 -0.980461359 0.441544533 -0.0581235178 -0.895354748 0.441544533 -0.0581235178 -0.895354748 0.441544533 -0.0581235178 -0.895354748 0.608652353 -0.0191726685 -0.793205261 0.608652353 -0.0191726685 -0.793205261 0.608652353 -0.0191726685 -0.793205261 0.0256784186 -0.19502762 -0.980461538 0.0256784186 -0.19502762 -0.980461538 0.0256784186 -0.19502762 -0.980461538 0.0256764591 -0.195027262 -0.980461657 0.0581281818 -0.441536993 -0.895358145 0.0581281818 -0.441536993 -0.895358145 0.0581281818 -0.441536993 -0.895358145 0.554087341 -0.0729459226 -0.829256296 0.554087341 -0.0729459226 -0.829256296 0.554087341 -0.0729459226 -0.829256296 0.516331792 -0.213871107 -0.829253078 0.516331792 -0.213871107 -0.829253078 0.516331792 -0.213871107 -0.829253078 0.516323805 -0.213874757 -0.829257131 0.443380922 -0.340218514 -0.829255521 0.443380922 -0.340218514 -0.829255521 0.443380922 -0.340218514 -0.829255521 0.443380326 -0.340215623 -0.829256952 0.340218961 -0.443385094 -0.829253078 0.340218961 -0.443385094 -0.829253078 0.340218961 -0.443385094 -0.829253078 0.340221792 -0.443380356 -0.829254508 0.213870466 -0.516330242 -0.829254091 0.213870466 -0.516330242 -0.829254091 0.213870466 -0.516330242 -0.829254091 0.213870004 -0.5163275 -0.829255939 0.0304512065 -0.563101649 -0.825826406 0.0304512065 -0.563101649 -0.825826406 0.0304512065 -0.563101649 -0.825826406 0.0798876062 -0.606813729 -0.790819228 0.0798876062 -0.606813729 -0.790819228 0.0798876062 -0.606813729 -0.790819228 0.972709954 -0.128063843 -0.193480909 0.972709954 -0.128063843 -0.193480909 0.972709954 -0.128063843 -0.193480909 0.890688062 -0.117263228 -0.439231366 0.890688062 -0.117263228 -0.439231366 0.890688062 -0.117263228 -0.439231366 0.834875226 -0.0525412634 -0.547926009 0.834875226 -0.0525412634 -0.547926009 0.834875226 -0.0525412634 -0.547926009 0.770206988 -0.319027245 -0.552270591 0.770206988 -0.319027245 -0.552270591 0.770206988 -0.319027245 -0.552270591 0.770203769 -0.319033295 -0.552271724 0.661391497 -0.507500708 -0.552271962 0.661391497 -0.507500708 -0.552271962 0.661391497 -0.507500708 -0.552271962 0.66139102 -0.507508636 -0.552265286 0.66139102 -0.507508636 -0.552265286 0.66139102 -0.507508636 -0.552265286 0.507506073 -0.661388338 -0.55227077 0.507506073 -0.661388338 -0.55227077 0.507506073 -0.661388338 -0.55227077 0.507504225 -0.661387682 -0.552273214 0.319029242 -0.770206392 -0.552270234 0.319029242 -0.770206392 -0.552270234 0.319029242 -0.770206392 -0.552270234 0.319027036 -0.770210862 -0.552265465 0.108816423 -0.826533496 -0.552269101 0.108816423 -0.826533496 -0.552269101 0.108816423 -0.826533496 -0.552269101 0.0128200576 -0.793282568 -0.608718574 0.0128200576 -0.793282568 -0.608718574 0.0128200576 -0.793282568 -0.608718574 0.972709775 -0.128060624 -0.193484336 0.906421304 -0.375450432 -0.19348754 0.906421304 -0.375450432 -0.19348754 0.906421304 -0.375450432 -0.19348754 0.906420112 -0.375455767 -0.193482906 0.778367698 -0.597251296 -0.193480372 0.778367698 -0.597251296 -0.193480372 0.778367698 -0.597251296 -0.193480372 0.77835542 -0.597266138 -0.193483979 0.77835542 -0.597266138 -0.193483979 0.77835542 -0.597266138 -0.193483979 0.597264946 -0.778355718 -0.193486661 0.597264946 -0.778355718 -0.193486661 0.597264946 -0.778355718 -0.193486661 0.597256005 -0.778363109 -0.193484649 0.597256005 -0.778363109 -0.193484649 0.597256005 -0.778363109 -0.193484649 0.375449151 -0.906422973 -0.19348222 0.375449151 -0.906422973 -0.19348222 0.375449151 -0.906422973 -0.19348222 0.375453472 -0.906421185 -0.193482116 0.128060043 -0.972711205 -0.19347769 0.128060043 -0.972711205 -0.19347769 0.128060043 -0.972711205 -0.19347769 0.128056958 -0.972709775 -0.193486691 0 -0.195091963 -0.980784893 0 -0.195091963 -0.980784893 0 -0.195091963 -0.980784893 0 -0.195091963 -0.980784893 0 -0.442282289 -0.896875918 0 -0.442282289 -0.896875918 0 -0.442282289 -0.896875918 0 -0.442283988 -0.896875083 0 -0.608763695 -0.793351591 0 -0.608763695 -0.793351591 0 -0.608763695 -0.793351591 0 -0.608762383 -0.793352604 0 -0.7933532 -0.608761668 0 -0.7933532 -0.608761668 0 -0.7933532 -0.608761668 0 -0.793357313 -0.608756304 0 -0.896870852 -0.442292482 0 -0.896870852 -0.442292482 0 -0.896870852 -0.442292482 0 -0.896870077 -0.44229418 0 -0.980784476 -0.195094153 0 -0.980784476 -0.195094153 0 -0.980784476 -0.195094153 0 -0.980785429 -0.195089802 0.599116802 -0.780779421 0.177320585 0.599116802 -0.780779421 0.177320585 0.599116802 -0.780779421 0.177320585 0.707111239 -0.707102299 0 0.707111239 -0.707102299 0 0.707111239 -0.707102299 0 0.442283481 -0.896875262 0 0.442283481 -0.896875262 0 0.442283481 -0.896875262 0 0.258223504 -0.963696182 0.067899473 0.258223504 -0.963696182 0.067899473 0.258223504 -0.963696182 0.067899473 0.195091754 -0.980785072 0 0.195091754 -0.980785072 0 0.195091754 -0.980785072 0 0.980787098 -0.195081711 0 0.980787098 -0.195081711 0 0.980787098 -0.195081711 0 0.963696122 -0.258224994 0.0678949803 0.963696122 -0.258224994 0.0678949803 0.963696122 -0.258224994 0.0678949803 0.896864772 -0.442304909 0 0.896864772 -0.442304909 0 0.896864772 -0.442304909 0 0.793354869 -0.608759522 0 0.793354869 -0.608759522 0 0.793354869 -0.608759522 0 0.000352217758 0.992030025 -0.126001582 0.000352217758 0.992030025 -0.126001582 0.000352217758 0.992030025 -0.126001582 0.460190564 0.873831689 -0.156980112 0.460190564 0.873831689 -0.156980112 0.460190564 0.873831689 -0.156980112 -0.177690119 0.925084591 -0.335626096 -0.177690119 0.925084591 -0.335626096 -0.177690119 0.925084591 -0.335626096 0.325267851 0.794670522 -0.512542307 0.325267851 0.794670522 -0.512542307 0.325267851 0.794670522 -0.512542307 0.0578755997 0.806190491 -0.58881861 0.0578755997 0.806190491 -0.58881861 0.0578755997 0.806190491 -0.58881861 0.0653873682 0.532914519 -0.843639016 0.0653873682 0.532914519 -0.843639016 0.0653873682 0.532914519 -0.843639016 0.0104977079 0.595620394 -0.803197443 0.0104977079 0.595620394 -0.803197443 0.0104977079 0.595620394 -0.803197443 -0.00278778374 0.723567843 -0.690247655 -0.00278778374 0.723567843 -0.690247655 -0.00278778374 0.723567843 -0.690247655 0 0.00176277733 -0.99999851 0 0.00176277733 -0.99999851 0 0.00176277733 -0.99999851 0.000256157888 0.0603337996 -0.998178244 0.000256157888 0.0603337996 -0.998178244 0.000256157888 0.0603337996 -0.998178244 0.0199148245 0.172152176 -0.984869003 0.0199148245 0.172152176 -0.984869003 0.0199148245 0.172152176 -0.984869003 -0.00727653457 0.25074482 -0.968025863 -0.00727653457 0.25074482 -0.968025863 -0.00727653457 0.25074482 -0.968025863 0.00569741754 0.431492358 -0.902098656 0.00569741754 0.431492358 -0.902098656 0.00569741754 0.431492358 -0.902098656 0.0387723334 -0.194945753 -0.980047345 0.0387723334 -0.194945753 -0.980047345 0.0387723334 -0.194945753 -0.980047345 0.194948688 -0.0387769938 -0.98004669 0.194948688 -0.0387769938 -0.98004669 0.194948688 -0.0387769938 -0.98004669 0.0876442567 -0.440582275 -0.893423557 0.0876442567 -0.440582275 -0.893423557 0.0876442567 -0.440582275 -0.893423557 0.191479728 -0.962637067 -0.191482112 0.191479728 -0.962637067 -0.191482112 0.191479728 -0.962637067 -0.191482112 0.433840781 -0.879702151 -0.194695368 0.433840781 -0.879702151 -0.194695368 0.433840781 -0.879702151 -0.194695368 0.778361619 -0.597257257 -0.193486243 0.778361619 -0.597257257 -0.193486243 0.778361619 -0.597257257 -0.193486243 0.962636769 -0.191485107 -0.191478401 0.962636769 -0.191485107 -0.191478401 0.962636769 -0.191485107 -0.191478401 0.962636709 -0.191480756 -0.191482827 0.882928073 -0.175630301 -0.435421705 0.882928073 -0.175630301 -0.435421705 0.882928073 -0.175630301 -0.435421705 0.806542277 -0.211618349 -0.552002966 0.806542277 -0.211618349 -0.552002966 0.806542277 -0.211618349 -0.552002966 0.783655286 -0.155876428 -0.601320922 0.783655286 -0.155876428 -0.601320922 0.783655286 -0.155876428 -0.601320922 0.597258568 -0.778360605 -0.193486854 0.597258568 -0.778360605 -0.193486854 0.597258568 -0.778360605 -0.193486854 0.540265918 -0.808565378 -0.233098134 0.540265918 -0.808565378 -0.233098134 0.540265918 -0.808565378 -0.233098134 0.464680254 -0.695436418 -0.548124373 0.464680254 -0.695436418 -0.548124373 0.464680254 -0.695436418 -0.548124373 0.46467647 -0.695437372 -0.548126459 0.312794387 -0.468142241 -0.826439619 0.312794387 -0.468142241 -0.826439619 0.312794387 -0.468142241 -0.826439619 0.15588069 -0.783656299 -0.601318657 0.15588069 -0.783656299 -0.601318657 0.15588069 -0.783656299 -0.601318657 0.211617887 -0.806541622 -0.55200398 0.211617887 -0.806541622 -0.55200398 0.211617887 -0.806541622 -0.55200398 0.175626114 -0.882936537 -0.435406178 0.175626114 -0.882936537 -0.435406178 0.175626114 -0.882936537 -0.435406178 0.191480041 -0.962637007 -0.191482112 0.552209973 -0.109846644 -0.826436818 0.552209973 -0.109846644 -0.826436818 0.552209973 -0.109846644 -0.826436818 0.426317871 -0.266229719 -0.86450851 0.426317871 -0.266229719 -0.86450851 0.426317871 -0.266229719 -0.86450851 0.604350328 -0.120217279 -0.787596583 0.604350328 -0.120217279 -0.787596583 0.604350328 -0.120217279 -0.787596583 0.879710376 -0.43382585 -0.194691852 0.879710376 -0.43382585 -0.194691852 0.879710376 -0.43382585 -0.194691852 0.808563888 -0.540266693 -0.233101532 0.808563888 -0.540266693 -0.233101532 0.808563888 -0.540266693 -0.233101532 0.695439935 -0.464675695 -0.548123896 0.695439935 -0.464675695 -0.548123896 0.695439935 -0.464675695 -0.548123896 0.695442915 -0.464678377 -0.548117816 0.468141168 -0.312797338 -0.826439142 0.468141168 -0.312797338 -0.826439142 0.468141168 -0.312797338 -0.826439142 0.468141168 -0.312792748 -0.826440871 0.165268347 -0.110430829 -0.98004657 0.165268347 -0.110430829 -0.98004657 0.165268347 -0.110430829 -0.98004657 0.1202171 -0.604341269 -0.787603617 0.1202171 -0.604341269 -0.787603617 0.1202171 -0.604341269 -0.787603617 0.192910507 -0.521310866 -0.831276417 0.192910507 -0.521310866 -0.831276417 0.192910507 -0.521310866 -0.831276417 0.312806308 -0.468132406 -0.826440752 0.312806308 -0.468132406 -0.826440752 0.312806308 -0.468132406 -0.826440752 0.110431746 -0.165263355 -0.980047405 0.110431746 -0.165263355 -0.980047405 0.110431746 -0.165263355 -0.980047405 0 0.195091218 -0.980785131 0 0.195091218 -0.980785131 0 0.195091218 -0.980785131 5.84793861e-06 0.984243929 -0.176816151 5.84793861e-06 0.984243929 -0.176816151 5.84793861e-06 0.984243929 -0.176816151 0.00439098291 0.980775237 -0.195091382 0.00439098291 0.980775237 -0.195091382 0.00439098291 0.980775237 -0.195091382 -0.00527049415 0.831458092 -0.555562496 -0.00527049415 0.831458092 -0.555562496 -0.00527049415 0.831458092 -0.555562496 -0.000661431346 0.840367436 -0.542016625 -0.000661431346 0.840367436 -0.542016625 -0.000661431346 0.840367436 -0.542016625 0.000614627264 0.555570304 -0.831469297 0.000614627264 0.555570304 -0.831469297 0.000614627264 0.555570304 -0.831469297 -0.00598157942 0.534047246 -0.845433474 -0.00598157942 0.534047246 -0.845433474 -0.00598157942 0.534047246 -0.845433474 0.00606060075 0.172182634 -0.985046446 0.00606060075 0.172182634 -0.985046446 0.00606060075 0.172182634 -0.985046446 0.980785549 0 -0.195088536 0.980785549 0 -0.195088536 0.980785549 0 -0.195088536 0.980785728 0 -0.195087954 0.89686954 0 -0.442295045 0.89686954 0 -0.442295045 0.89686954 0 -0.442295045 0.89686954 0 -0.442295045 0.793355167 0 -0.608758986 0.793355167 0 -0.608758986 0.793355167 0 -0.608758986 0.793355167 0 -0.608758986 0.608764291 0 -0.793351114 0.608764291 0 -0.793351114 0.608764291 0 -0.793351114 0.608764291 0 -0.793351114 0.442286015 0 -0.89687407 0.442286015 0 -0.89687407 0.442286015 0 -0.89687407 0.442286015 0 -0.89687407 0.195091248 0 -0.980785072 0.195091248 0 -0.980785072 0.195091248 0 -0.980785072 0.195091233 0 -0.980785131 0.194948688 0.0387769938 -0.98004669 0.194948688 0.0387769938 -0.98004669 0.194948688 0.0387769938 -0.98004669 0.440579325 0.0876436681 -0.893425107 0.440579325 0.0876436681 -0.893425107 0.440579325 0.0876436681 -0.893425107 0.962635875 0.191484168 -0.191483691 0.962635875 0.191484168 -0.191483691 0.962635875 0.191484168 -0.191483691 0.816084087 0.545290649 -0.191480756 0.816084087 0.545290649 -0.191480756 0.816084087 0.545290649 -0.191480756 0.816083848 0.545289695 -0.191484302 0.695442915 0.46467489 -0.548120856 0.695442915 0.46467489 -0.548120856 0.695442915 0.46467489 -0.548120856 0.695439816 0.464676291 -0.548123538 0.46813795 0.31279701 -0.82644105 0.46813795 0.31279701 -0.82644105 0.46813795 0.31279701 -0.82644105 0.783654451 0.155875459 -0.601322293 0.783654451 0.155875459 -0.601322293 0.783654451 0.155875459 -0.601322293 0.806543052 0.211619437 -0.552001357 0.806543052 0.211619437 -0.552001357 0.806543052 0.211619437 -0.552001357 0.882930636 0.175628349 -0.435417235 0.882930636 0.175628349 -0.435417235 0.882930636 0.175628349 -0.435417235 0.962637424 0.191482186 -0.191478059 0.191481277 0.962637186 -0.191479847 0.191481277 0.962637186 -0.191479847 0.191481277 0.962637186 -0.191479847 0.191479057 0.962637782 -0.191479325 0.163172036 0.82032907 -0.548119664 0.163172036 0.82032907 -0.548119664 0.163172036 0.82032907 -0.548119664 0.163170591 0.820326626 -0.548123598 0.109840363 0.552204669 -0.826441169 0.109840363 0.552204669 -0.826441169 0.109840363 0.552204669 -0.826441169 0.109836876 0.552211761 -0.826436937 0.0387825929 0.194946155 -0.980046809 0.0387825929 0.194946155 -0.980046809 0.0387825929 0.194946155 -0.980046809 0.545289695 0.816085577 -0.191477269 0.545289695 0.816085577 -0.191477269 0.545289695 0.816085577 -0.191477269 0.545295537 0.816080391 -0.191482902 0.464678138 0.695436299 -0.5481264 0.464678138 0.695436299 -0.5481264 0.464678138 0.695436299 -0.5481264 0.464678615 0.695436478 -0.548125744 0.312800169 0.468137205 -0.826440334 0.312800169 0.468137205 -0.826440334 0.312800169 0.468137205 -0.826440334 0.312798619 0.46814239 -0.82643801 0.110427812 0.165265083 -0.980047464 0.110427812 0.165265083 -0.980047464 0.110427812 0.165265083 -0.980047464 0.604350984 0.120216593 -0.787596226 0.604350984 0.120216593 -0.787596226 0.604350984 0.120216593 -0.787596226 0.521302164 0.192913547 -0.831281185 0.521302164 0.192913547 -0.831281185 0.521302164 0.192913547 -0.831281185 0.468139201 0.312793106 -0.826441884 0.16526176 0.110429831 -0.980047882 0.16526176 0.110429831 -0.980047882 0.16526176 0.110429831 -0.980047882 0.984426975 0.175794289 -6.02035243e-06 0.984426975 0.175794289 -6.02035243e-06 0.984426975 0.175794289 -6.02035243e-06 0.195091948 0.980785012 -3.25487126e-05 0.195091948 0.980785012 -3.25487126e-05 0.195091948 0.980785012 -3.25487126e-05 0.980475485 0.195034206 -0.0250920672 0.980475485 0.195034206 -0.0250920672 0.980475485 0.195034206 -0.0250920672 0.831080675 0.555309892 0.0305896811 0.831080675 0.555309892 0.0305896811 0.831080675 0.555309892 0.0305896811 0.842216969 0.539138794 0 0.842216969 0.539138794 0 0.842216969 0.539138794 0 0.55557245 0.831468105 0 0.55557245 0.831468105 0 0.55557245 0.831468105 0 0.538930416 0.841890097 0.0278399605 0.538930416 0.841890097 0.0278399605 0.538930416 0.841890097 0.0278399605 0.175752446 0.98404038 -0.0278503131 0.175752446 0.98404038 -0.0278503131 0.175752446 0.98404038 -0.0278503131 0.175821394 0.984422028 -8.27760159e-05 0.175821394 0.984422028 -8.27760159e-05 0.175821394 0.984422028 -8.27760159e-05 0.984426975 0.17579411 -1.44860242e-05 0.984426975 0.17579411 -1.44860242e-05 0.984425306 0.175803617 -3.10416981e-05 0.984425306 0.175803617 -3.10416981e-05 0.984425306 0.175803617 -3.10416981e-05 0.842216074 0.539140224 -0.000101851409 0.842216074 0.539140224 -0.000101851409 0.842216074 0.539140224 -0.000101851409 0.842218578 0.539136171 -9.50617978e-05 0.539137125 0.842217982 -0.000149381201 0.539137125 0.842217982 -0.000149381201 0.539137125 0.842217982 -0.000149381201 0.539135814 0.842218816 -0.000135802315 0.539135814 0.842218816 -0.000135802315 0.539135814 0.842218816 -0.000135802315 0.175796375 0.984426558 -0.000165552789 0.175796375 0.984426558 -0.000165552789 0.175796375 0.984426558 -0.000165552789 0.176706597 0.685499668 -0.706303775 0.176706597 0.685499668 -0.706303775 0.176706597 0.685499668 -0.706303775 0.176461503 0.756481469 -0.62975955 0.176461503 0.756481469 -0.62975955 0.176461503 0.756481469 -0.62975955 0.109824382 0.735266745 -0.668821037 0.109824382 0.735266745 -0.668821037 0.109824382 0.735266745 -0.668821037 0.312965065 0.740094304 -0.595242262 0.312965065 0.740094304 -0.595242262 0.312965065 0.740094304 -0.595242262 0.267559081 0.593125641 -0.759351075 0.267559081 0.593125641 -0.759351075 0.267559081 0.593125641 -0.759351075 0.17585592 0.636101544 -0.751298547 0.17585592 0.636101544 -0.751298547 0.17585592 0.636101544 -0.751298547 0.176509142 0.500495613 -0.847554505 0.176509142 0.500495613 -0.847554505 0.176509142 0.500495613 -0.847554505 0.238099903 0.4552733 -0.857924581 0.238099903 0.4552733 -0.857924581 0.238099903 0.4552733 -0.857924581 0.176664993 0.406802624 -0.896270692 0.176664993 0.406802624 -0.896270692 0.176664993 0.406802624 -0.896270692 0.176240265 0.287498295 -0.941426635 0.176240265 0.287498295 -0.941426635 0.176240265 0.287498295 -0.941426635 0.21925737 0.263258725 -0.939479172 0.21925737 0.263258725 -0.939479172 0.21925737 0.263258725 -0.939479172 0.176792219 0.184969932 -0.966711283 0.176792219 0.184969932 -0.966711283 0.176792219 0.184969932 -0.966711283 0.176254064 0.0815477148 -0.980961084 0.176254064 0.0815477148 -0.980961084 0.176254064 0.0815477148 -0.980961084 0.176228508 0.0815356523 -0.980966568 0.176228508 0.0815356523 -0.980966568 0.176228508 0.0815356523 -0.980966568 0.98496443 0.0143086761 -0.17216365 0.98496443 0.0143086761 -0.17216365 0.98496443 0.0143086761 -0.17216365 0.984894574 0.0811693743 -0.152951315 0.984894574 0.0811693743 -0.152951315 0.984894574 0.0811693743 -0.152951315 0.984894812 0.0467215218 -0.166731641 0.984894812 0.0467215218 -0.166731641 0.984894812 0.0467215218 -0.166731641 0.984894454 0.046724014 -0.166732192 0.984963357 0.0143103758 -0.172169909 0.9390558 0.295331419 -0.175936118 0.9390558 0.295331419 -0.175936118 0.9390558 0.295331419 -0.175936118 0.966727138 0.0875425339 -0.240364254 0.966727138 0.0875425339 -0.240364254 0.966727138 0.0875425339 -0.240364254 0.983525693 0.116806261 -0.137962162 0.983525693 0.116806261 -0.137962162 0.983525693 0.116806261 -0.137962162 0.984977961 0.107483134 -0.13515082 0.984977961 0.107483134 -0.13515082 0.984977961 0.107483134 -0.13515082 0.984894693 0.0811672956 -0.152951956 0.498836309 0.645901442 -0.577904522 0.498836309 0.645901442 -0.577904522 0.498836309 0.645901442 -0.577904522 0.768604815 0.499694139 -0.399440169 0.768604815 0.499694139 -0.399440169 0.768604815 0.499694139 -0.399440169 0.54118979 0.645868123 -0.53848666 0.54118979 0.645868123 -0.53848666 0.54118979 0.645868123 -0.53848666 0.539812922 0.543932199 -0.642448306 0.539812922 0.543932199 -0.642448306 0.539812922 0.543932199 -0.642448306 0.539812684 0.543933272 -0.64244765 0.539808333 0.394591868 -0.743575275 0.539808333 0.394591868 -0.743575275 0.539808333 0.394591868 -0.743575275 0.539815843 0.39459151 -0.743570149 0.539810658 0.227138802 -0.810563028 0.539810658 0.227138802 -0.810563028 0.539810658 0.227138802 -0.810563028 0.539812744 0.227136582 -0.810562372 0.540703595 0.0696903393 -0.838321447 0.540703595 0.0696903393 -0.838321447 0.540703595 0.0696903393 -0.838321447 0.540697694 0.0696891323 -0.838325441 0.843984604 0.345514476 -0.41025579 0.843984604 0.345514476 -0.41025579 0.843984604 0.345514476 -0.41025579 0.844050527 0.346515238 -0.409274876 0.844050527 0.346515238 -0.409274876 0.844050527 0.346515238 -0.409274876 0.844050884 0.34651348 -0.409275532 0.844048798 0.251379341 -0.473698288 0.844048798 0.251379341 -0.473698288 0.844048798 0.251379341 -0.473698288 0.844050288 0.251376778 -0.473697037 0.844049394 0.144699484 -0.516374588 0.844049394 0.144699484 -0.516374588 0.844049394 0.144699484 -0.516374588 0.844050765 0.144698262 -0.51637274 0.844615817 0.0443521887 -0.5335325 0.844615817 0.0443521887 -0.5335325 0.844615817 0.0443521887 -0.5335325 0.84461391 0.044352375 -0.53353554 0.176782459 -0.020728901 -0.984031677 0.176782459 -0.020728901 -0.984031677 0.176782459 -0.020728901 -0.984031677 0.258298308 0.0221796464 -0.965810537 0.258298308 0.0221796464 -0.965810537 0.258298308 0.0221796464 -0.965810537 0.0697048828 0.000191579675 -0.997567713 0.0697048828 0.000191579675 -0.997567713 0.0697048828 0.000191579675 -0.997567713 0.00212151022 -7.44994077e-06 -0.999997735 0.00212151022 -7.44994077e-06 -0.999997735 0.00212151022 -7.44994077e-06 -0.999997735 0.869319379 0.103286818 -0.483338207 0.869319379 0.103286818 -0.483338207 0.869319379 0.103286818 -0.483338207 0.798772871 0.020969566 -0.601267219 0.798772871 0.020969566 -0.601267219 0.798772871 0.020969566 -0.601267219 0.540841222 -0.0659078509 -0.838538527 0.540841222 -0.0659078509 -0.838538527 0.540841222 -0.0659078509 -0.838538527 0.628389299 0.0747675225 -0.774297595 0.628389299 0.0747675225 -0.774297595 0.628389299 0.0747675225 -0.774297595 0.48861745 0.0109303584 -0.872429729 0.48861745 0.0109303584 -0.872429729 0.48861745 0.0109303584 -0.872429729 0.843879819 -0.060894683 -0.533065438 0.843879819 -0.060894683 -0.533065438 0.843879819 -0.060894683 -0.533065438 0.984308064 0.0391961373 -0.172050685 0.984308064 0.0391961373 -0.172050685 0.984308064 0.0391961373 -0.172050685 0.988417387 -2.5774747e-05 -0.151759818 0.988417387 -2.5774747e-05 -0.151759818 0.988417387 -2.5774747e-05 -0.151759818 -0.938500702 0.295974523 -0.177807525 -0.938500702 0.295974523 -0.177807525 -0.938500702 0.295974523 -0.177807525 -0.579130769 0.377095848 -0.722776711 -0.579130769 0.377095848 -0.722776711 -0.579130769 0.377095848 -0.722776711 -0.967139542 0.0880972818 -0.238495484 -0.967139542 0.0880972818 -0.238495484 -0.967139542 0.0880972818 -0.238495484 -0.983524859 0.116810292 -0.13796404 -0.983524859 0.116810292 -0.13796404 -0.983524859 0.116810292 -0.13796404 -0.984977722 0.107483096 -0.135153145 -0.984977722 0.107483096 -0.135153145 -0.984977722 0.107483096 -0.135153145 -0.984894514 0.0811669081 -0.15295358 -0.984894514 0.0811669081 -0.15295358 -0.984894514 0.0811669081 -0.15295358 -0.984894097 0.0811699778 -0.152955011 -0.984894276 0.0467218906 -0.166734442 -0.984894276 0.0467218906 -0.166734442 -0.984894276 0.0467218906 -0.166734442 -0.984894335 0.0467215776 -0.166734681 -0.984963834 0.0143086668 -0.172167197 -0.984963834 0.0143086668 -0.172167197 -0.984963834 0.0143086668 -0.172167197 -0.984962821 0.0143129714 -0.172172099 -0.844616532 0.0443519242 -0.533531427 -0.844616532 0.0443519242 -0.533531427 -0.844616532 0.0443519242 -0.533531427 -0.540699124 0.0696921498 -0.838324189 -0.540699124 0.0696921498 -0.838324189 -0.540699124 0.0696921498 -0.838324189 -0.176233709 0.0815483704 -0.980964601 -0.176233709 0.0815483704 -0.980964601 -0.176233709 0.0815483704 -0.980964601 -0.176665813 0.406801611 -0.89627099 -0.176665813 0.406801611 -0.89627099 -0.176665813 0.406801611 -0.89627099 -0.176240772 0.287495941 -0.941427231 -0.176240772 0.287495941 -0.941427231 -0.176240772 0.287495941 -0.941427231 -0.219256341 0.263261676 -0.939478576 -0.219256341 0.263261676 -0.939478576 -0.219256341 0.263261676 -0.939478576 -0.176790759 0.184971824 -0.966711164 -0.176790759 0.184971824 -0.966711164 -0.176790759 0.184971824 -0.966711164 -0.176249668 0.0815344453 -0.980962873 -0.176249668 0.0815344453 -0.980962873 -0.176249668 0.0815344453 -0.980962873 -0.281137466 0.487969339 -0.82634604 -0.281137466 0.487969339 -0.82634604 -0.281137466 0.487969339 -0.82634604 -0.175853267 0.461451501 -0.86956203 -0.175853267 0.461451501 -0.86956203 -0.175853267 0.461451501 -0.86956203 -0.176448494 0.605912983 -0.775716186 -0.176448494 0.605912983 -0.775716186 -0.176448494 0.605912983 -0.775716186 -0.235144705 0.628050148 -0.741795182 -0.235144705 0.628050148 -0.741795182 -0.235144705 0.628050148 -0.741795182 -0.176707193 0.685496926 -0.706306219 -0.176707193 0.685496926 -0.706306219 -0.176707193 0.685496926 -0.706306219 -0.176674113 0.742129147 -0.64655292 -0.176674113 0.742129147 -0.64655292 -0.176674113 0.742129147 -0.64655292 -0.118086889 0.763162196 -0.635325789 -0.118086889 0.763162196 -0.635325789 -0.118086889 0.763162196 -0.635325789 -0.540699065 0.0696887597 -0.838324547 -0.539807975 0.2271384 -0.810564876 -0.539807975 0.2271384 -0.810564876 -0.539807975 0.2271384 -0.810564876 -0.539810479 0.227137804 -0.810563445 -0.539811313 0.394592673 -0.743572712 -0.539811313 0.394592673 -0.743572712 -0.539811313 0.394592673 -0.743572712 -0.53980881 0.394591808 -0.743574977 -0.539810181 0.543935299 -0.642448008 -0.539810181 0.543935299 -0.642448008 -0.539810181 0.543935299 -0.642448008 -0.539810002 0.543933988 -0.642449141 -0.541186631 0.645870328 -0.538487315 -0.541186631 0.645870328 -0.538487315 -0.541186631 0.645870328 -0.538487315 -0.326271266 0.736076832 -0.593075097 -0.326271266 0.736076832 -0.593075097 -0.326271266 0.736076832 -0.593075097 -0.844614565 0.0443541817 -0.533534467 -0.844051898 0.144697726 -0.516370893 -0.844051898 0.144697726 -0.516370893 -0.844051898 0.144697726 -0.516370893 -0.844050884 0.144698977 -0.516372323 -0.844050705 0.251377314 -0.473695904 -0.844050705 0.251377314 -0.473695904 -0.844050705 0.251377314 -0.473695904 -0.844050348 0.251376212 -0.473697245 -0.8440516 0.346515656 -0.409272134 -0.8440516 0.346515656 -0.409272134 -0.8440516 0.346515656 -0.409272134 -0.844051898 0.346513301 -0.409273833 -0.843682408 0.430496424 -0.320738196 -0.843682408 0.430496424 -0.320738196 -0.843682408 0.430496424 -0.320738196 -0.49822861 0.645889342 -0.578442037 -0.49822861 0.645889342 -0.578442037 -0.49822861 0.645889342 -0.578442037 -0.00198794575 -7.44994304e-06 -0.999998033 -0.00198794575 -7.44994304e-06 -0.999998033 -0.00198794575 -7.44994304e-06 -0.999998033 -0.0697053894 0.000191489235 -0.997567594 -0.0697053894 0.000191489235 -0.997567594 -0.0697053894 0.000191489235 -0.997567594 -0.176804453 0.0126422094 -0.984164774 -0.176804453 0.0126422094 -0.984164774 -0.176804453 0.0126422094 -0.984164774 -0.988417268 0 -0.151760578 -0.988417268 0 -0.151760578 -0.988417268 0 -0.151760578 -0.984308064 0.0391867571 -0.172053024 -0.984308064 0.0391867571 -0.172053024 -0.984308064 0.0391867571 -0.172053024 -0.948238134 0.000552423589 -0.317559659 -0.948238134 0.000552423589 -0.317559659 -0.948238134 0.000552423589 -0.317559659 -0.843362093 0.0701742098 -0.532743812 -0.843362093 0.0701742098 -0.532743812 -0.843362093 0.0701742098 -0.532743812 -0.890956759 0.00599699607 -0.454048693 -0.890956759 0.00599699607 -0.454048693 -0.890956759 0.00599699607 -0.454048693 -0.939994216 -0.000171257227 -0.341190279 -0.939994216 -0.000171257227 -0.341190279 -0.939994216 -0.000171257227 -0.341190279 -0.208228782 0.00669109542 -0.978057206 -0.208228782 0.00669109542 -0.978057206 -0.208228782 0.00669109542 -0.978057206 -0.444983959 -0.00767810876 -0.895505726 -0.444983959 -0.00767810876 -0.895505726 -0.444983959 -0.00767810876 -0.895505726 -0.541698933 0.0343523361 -0.839870393 -0.541698933 0.0343523361 -0.839870393 -0.541698933 0.0343523361 -0.839870393 -0.59397918 0.0171134137 -0.804298401 -0.59397918 0.0171134137 -0.804298401 -0.59397918 0.0171134137 -0.804298401 -0.75788939 -0.0185021646 -0.652120709 -0.75788939 -0.0185021646 -0.652120709 -0.75788939 -0.0185021646 -0.652120709 0.0980191231 -0.9951846 0 0.0980191231 -0.9951846 0 0.0980191231 -0.9951846 0 0.194983214 -0.980253816 -0.0329212621 0.194983214 -0.980253816 -0.0329212621 0.194983214 -0.980253816 -0.0329212621 0.290284246 -0.956940532 0 0.290284246 -0.956940532 0 0.290284246 -0.956940532 0 0.471398622 -0.881920278 0 0.471398622 -0.881920278 0 0.471398622 -0.881920278 0 0.555270374 -0.83101809 -0.0329213701 0.555270374 -0.83101809 -0.0329213701 0.555270374 -0.83101809 -0.0329213701 0.634394109 -0.773009777 0 0.634394109 -0.773009777 0 0.634394109 -0.773009777 0 0.77300179 -0.634403825 0 0.77300179 -0.634403825 0 0.77300179 -0.634403825 0 0.831020951 -0.555265844 -0.0329237096 0.831020951 -0.555265844 -0.0329237096 0.831020951 -0.555265844 -0.0329237096 0.881920457 -0.471398234 0 0.881920457 -0.471398234 0 0.881920457 -0.471398234 0 0.95693928 -0.290287912 0 0.95693928 -0.290287912 0 0.95693928 -0.290287912 0 0.980254829 -0.194979027 -0.0329213701 0.980254829 -0.194979027 -0.0329213701 0.980254829 -0.194979027 -0.0329213701 0.995184422 -0.0980203599 0 0.995184422 -0.0980203599 0 0.995184422 -0.0980203599 0 0.995184422 0.0980203599 0 0.995184422 0.0980203599 0 0.995184422 0.0980203599 0 0.980254829 0.194979027 -0.0329216532 0.980254829 0.194979027 -0.0329216532 0.980254829 0.194979027 -0.0329216532 0.95693928 0.290287912 0 0.95693928 0.290287912 0 0.95693928 0.290287912 0 0.881921232 0.471396834 0 0.881921232 0.471396834 0 0.881921232 0.471396834 0 0.831021249 0.555265307 -0.0329236798 0.831021249 0.555265307 -0.0329236798 0.831021249 0.555265307 -0.0329236798 0.77300179 0.634403825 0 0.77300179 0.634403825 0 0.77300179 0.634403825 0 0.634394109 0.773009777 0 0.634394109 0.773009777 0 0.634394109 0.773009777 0 0.555269957 0.831018329 -0.0329213813 0.555269957 0.831018329 -0.0329213813 0.555269957 0.831018329 -0.0329213813 0.471396387 0.881921411 0 0.471396387 0.881921411 0 0.471396387 0.881921411 0 0.290288389 0.95693928 0 0.290288389 0.95693928 0 0.290288389 0.95693928 0 0.194983214 0.980253816 -0.0329212621 0.194983214 0.980253816 -0.0329212621 0.194983214 0.980253816 -0.0329212621 0.0980140716 0.995185018 0 0.0980140716 0.995185018 0 0.0980140716 0.995185018 0 -0.098013632 0.995185018 0 -0.098013632 0.995185018 0 -0.098013632 0.995185018 0 -0.194984078 0.980253637 -0.0329236798 -0.194984078 0.980253637 -0.0329236798 -0.194984078 0.980253637 -0.0329236798 -0.290285826 0.956939936 0 -0.290285826 0.956939936 0 -0.290285826 0.956939936 0 -0.471396387 0.881921411 0 -0.471396387 0.881921411 0 -0.471396387 0.881921411 0 -0.55526942 0.831018627 -0.0329213478 -0.55526942 0.831018627 -0.0329213478 -0.55526942 0.831018627 -0.0329213478 -0.634391904 0.773011565 0 -0.634391904 0.773011565 0 -0.634391904 0.773011565 0 -0.773009539 0.634394348 0 -0.773009539 0.634394348 0 -0.773009539 0.634394348 0 -0.831018746 0.555269301 -0.032922443 -0.831018746 0.555269301 -0.032922443 -0.831018746 0.555269301 -0.032922443 -0.881922185 0.471395075 0 -0.881922185 0.471395075 0 -0.881922185 0.471395075 0 -0.956940591 0.290283769 0 -0.956940591 0.290283769 0 -0.956940591 0.290283769 0 -0.980253637 0.194984481 -0.0329213291 -0.980253637 0.194984481 -0.0329213291 -0.980253637 0.194984481 -0.0329213291 -0.995184839 0.0980158746 0 -0.995184839 0.0980158746 0 -0.995184839 0.0980158746 0 -0.995184839 -0.0980158746 0 -0.995184839 -0.0980158746 0 -0.995184839 -0.0980158746 0 -0.980253637 -0.194984481 -0.0329207629 -0.980253637 -0.194984481 -0.0329207629 -0.980253637 -0.194984481 -0.0329207629 -0.956940591 -0.290283769 0 -0.956940591 -0.290283769 0 -0.956940591 -0.290283769 0 -0.881921351 -0.471396446 0 -0.881921351 -0.471396446 0 -0.881921351 -0.471396446 0 -0.896092832 -0.443744034 0.010440141 -0.896092832 -0.443744034 0.010440141 -0.896092832 -0.443744034 0.010440141 -0.772936761 -0.634334624 -0.0137285609 -0.772936761 -0.634334624 -0.0137285609 -0.772936761 -0.634334624 -0.0137285609 -0.792347193 -0.610070467 0 -0.792347193 -0.610070467 0 -0.792347193 -0.610070467 0 -0.634391904 -0.773011565 0 -0.634391904 -0.773011565 0 -0.634391904 -0.773011565 0 -0.555269837 -0.831018388 -0.0329213366 -0.555269837 -0.831018388 -0.0329213366 -0.555269837 -0.831018388 -0.0329213366 -0.471398622 -0.881920278 0 -0.471398622 -0.881920278 0 -0.471398622 -0.881920278 0 -0.290281683 -0.956941187 0 -0.290281683 -0.956941187 0 -0.290281683 -0.956941187 0 -0.194984093 -0.980253696 -0.0329214111 -0.194984093 -0.980253696 -0.0329214111 -0.194984093 -0.980253696 -0.0329214111 -0.0980186686 -0.995184541 0 -0.0980186686 -0.995184541 0 -0.0980186686 -0.995184541 0 0.647634923 0.76195085 0 0.647634923 0.76195085 0 0.647634923 0.76195085 0 0.64764905 0.76193881 0 0.64764905 0.76193881 0 0.64764905 0.76193881 0 0.647648215 0.761939585 0 0.647648394 0.761939466 -1.59252966e-06 0.647647619 0.761940122 0 0.647649348 0.761938453 0 0.647649348 0.761938453 0 0.647649348 0.761938453 0 0.647647738 0.761939824 0 0.647647917 0.761939704 0 -0.761939704 0.647647977 0 -0.761939704 0.647647977 0 -0.761939704 0.647647977 0 -0.761939406 0.647648394 2.30920114e-06 -0.76193887 0.647648811 0 -0.76193887 0.647648811 0 -0.761939704 0.647647917 0 -0.761939347 0.647648394 0 0.647648931 -0.76193881 0 0.647648931 -0.76193881 0 0.647648931 -0.76193881 0 0.64765048 -0.761937439 0 0.647648215 -0.761939526 -1.55991938e-06 0.647650003 -0.761938035 1.51170684e-06 0.647647321 -0.76194036 -1.99890428e-06 0.647649705 -0.761938214 1.70990756e-06 0.647645056 -0.761942148 0 -0.761939585 -0.647648036 0 -0.761939585 -0.647648036 0 -0.761939585 -0.647648036 0 -0.761939168 -0.647648573 0 -0.76193887 -0.647648871 0 -0.76193887 -0.647648871 0 -0.76193887 -0.647648871 0 -0.761939764 -0.647647917 -1.6976341e-07 -0.761939347 -0.647648394 1.77401471e-05 -0.761939347 -0.647648394 1.77401471e-05 -0.761939347 -0.647648394 1.77401471e-05 -0.647648573 0.761939228 1.33052168e-07 -0.647648573 0.761939228 1.33052168e-07 -0.647648573 0.761939228 1.33052168e-07 -0.647642791 0.761944056 0 -0.647647858 0.761939764 0 -0.647647858 0.761939764 0 -0.647647858 0.761939764 0 -0.647648633 0.761939108 0 -0.647649288 0.761938453 0 -0.647648275 0.761939526 -9.46891589e-07 -0.647647262 0.7619403 9.74821887e-06 -0.647648454 0.761939228 0 -0.647648394 0.761939287 0 -0.761939406 -0.647648335 0 -0.761939406 -0.647648335 0 -0.761939406 -0.647648335 0 -0.761939287 -0.647648454 0 -0.761939347 -0.647648394 -1.77401471e-05 -0.761939347 -0.647648394 -1.77401471e-05 -0.761939347 -0.647648394 -1.77401471e-05 -0.761939406 -0.647648335 0 -0.761939406 -0.647648335 0 -0.761939824 -0.647647917 -1.52787106e-06 -0.76193887 -0.647648871 0 0.647653699 0.761934936 0 0.647647917 0.761939645 0 0.647647917 0.761939645 0 0.647647917 0.761939645 0 0.647650361 0.761937737 0 0.647648335 0.761939406 1.34523441e-06 0.647648215 0.761939406 0 0.647634923 0.76195085 0 0.647634923 0.76195085 0 0.647634923 0.76195085 0 0.761941016 -0.647646427 0 0.761941016 -0.647646427 0 0.761941016 -0.647646427 0 0.761942983 -0.647644103 0 0.761899471 -0.647695303 -7.76091929e-06 0.761899471 -0.647695303 -7.76091929e-06 0.761899471 -0.647695303 -7.76091929e-06 0.761940002 -0.647647619 -1.41540079e-06 0.761940002 -0.647647619 -1.41540079e-06 0.76193881 -0.64764899 -1.45342153e-06 0.761939406 -0.647648335 6.92304013e-07 0.761939108 -0.647648633 1.79114795e-06 0.761941373 -0.64764607 0 -0.965925574 0 0.258820027 -0.965925574 0 0.258820027 -0.965925574 0 0.258820027 -0.965925574 0 0.258820027 -0.707107365 0 0.707106173 -0.707107365 0 0.707106173 -0.707107365 0 0.707106173 -0.707107365 0 0.707106233 -0.258822769 0 0.965924859 -0.258822769 0 0.965924859 -0.258822769 0 0.965924859 -0.258815885 0 0.965926766 -0.258738935 -0.0254820734 0.965611219 -0.258738935 -0.0254820734 0.965611219 -0.258738935 -0.0254820734 0.965611219 -0.705397189 -0.069474794 0.705399215 -0.705397189 -0.069474794 0.705399215 -0.705397189 -0.069474794 0.705399215 -0.961584091 -0.094709754 0.257655025 -0.961584091 -0.094709754 0.257655025 -0.961584091 -0.094709754 0.257655025 -0.96158421 -0.0947045833 0.257656217 -0.92463088 -0.280484736 0.257654995 -0.92463088 -0.280484736 0.257654995 -0.92463088 -0.280484736 0.257654995 -0.92463237 -0.280481189 0.257653475 -0.85214448 -0.45548144 0.257655859 -0.85214448 -0.45548144 0.257655859 -0.85214448 -0.45548144 0.257655859 -0.852147222 -0.455478251 0.257652253 -0.746911645 -0.612976491 0.257649004 -0.746911645 -0.612976491 0.257649004 -0.746911645 -0.612976491 0.257649004 -0.74690944 -0.612976015 0.257656187 -0.61297375 -0.746912539 0.257652491 -0.61297375 -0.746912539 0.257652491 -0.61297375 -0.746912539 0.257652491 -0.61297828 -0.746906936 0.257657707 -0.455480427 -0.852146327 0.257651448 -0.455480427 -0.852146327 0.257651448 -0.455480427 -0.852146327 0.257651448 -0.455480248 -0.852145433 0.257654727 -0.280480772 -0.924630404 0.257660627 -0.280480772 -0.924630404 0.257660627 -0.280480772 -0.924630404 0.257660627 -0.280483574 -0.92463249 0.257650256 -0.280483574 -0.92463249 0.257650256 -0.280483574 -0.92463249 0.257650256 -0.0947093517 -0.961584926 0.257652372 -0.0947093517 -0.961584926 0.257652372 -0.0947093517 -0.961584926 0.257652372 -0.0947105661 -0.961584747 0.257652164 -0.705402851 -0.0694735497 0.705393612 -0.67828989 -0.205757245 0.705398381 -0.67828989 -0.205757245 0.705398381 -0.67828989 -0.205757245 0.705398381 -0.678288996 -0.205757499 0.705399036 -0.625110984 -0.33413285 0.705401599 -0.625110984 -0.33413285 0.705401599 -0.625110984 -0.33413285 0.705401599 -0.625117302 -0.334128976 0.705397964 -0.547915578 -0.449666649 0.705399513 -0.547915578 -0.449666649 0.705399513 -0.547915578 -0.449666649 0.705399513 -0.547923267 -0.449667066 0.705393136 -0.449671239 -0.54791981 0.705393255 -0.449671239 -0.54791981 0.705393255 -0.449671239 -0.54791981 0.705393255 -0.449661613 -0.547919452 0.705399692 -0.449661613 -0.547919452 0.705399692 -0.449661613 -0.547919452 0.705399692 -0.33412981 -0.625115097 0.705399454 -0.33412981 -0.625115097 0.705399454 -0.33412981 -0.625115097 0.705399454 -0.334136188 -0.625117302 0.705394506 -0.205757245 -0.67828989 0.705398381 -0.205757245 -0.67828989 0.705398381 -0.205757245 -0.67828989 0.705398381 -0.205757499 -0.678288996 0.705399036 -0.069479987 -0.705400944 0.705394924 -0.069479987 -0.705400944 0.705394924 -0.069479987 -0.705400944 0.705394924 -0.0694735497 -0.705398202 0.705398202 -0.258731186 -0.025482595 0.965613186 -0.248795524 -0.0754700005 0.965611339 -0.248795524 -0.0754700005 0.965611339 -0.248795524 -0.0754700005 0.965611339 -0.248787388 -0.075469695 0.965613365 -0.229292184 -0.122556217 0.965611339 -0.229292184 -0.122556217 0.965611339 -0.229292184 -0.122556217 0.965611339 -0.229289576 -0.122558981 0.965611458 -0.200970873 -0.164933905 0.965612531 -0.200970873 -0.164933905 0.965612531 -0.200970873 -0.164933905 0.965612531 -0.200974837 -0.164934605 0.965611577 -0.164932698 -0.200973123 0.965612292 -0.164932698 -0.200973123 0.965612292 -0.164932698 -0.200973123 0.965612292 -0.164933249 -0.200973496 0.965611994 -0.122562505 -0.229290709 0.965610743 -0.122562505 -0.229290709 0.965610743 -0.122562505 -0.229290709 0.965610743 -0.122559026 -0.229288235 0.965611875 -0.0754708722 -0.248791128 0.965612292 -0.0754708722 -0.248791128 0.965612292 -0.0754708722 -0.248791128 0.965612292 -0.0754660517 -0.248793945 0.965611935 -0.0254838932 -0.258736402 0.965611756 -0.0254838932 -0.258736402 0.965611756 -0.0254838932 -0.258736402 0.965611756 -0.0254857391 -0.2587367 0.965611577 -0.0254821647 0.258736402 0.965611756 -0.0254821647 0.258736402 0.965611756 -0.0254821647 0.258736402 0.965611756 -0.0694729984 0.705401361 0.705395341 -0.0694729984 0.705401361 0.705395341 -0.0694729984 0.705401361 0.705395341 -0.0947046056 0.961585224 0.257652462 -0.0947046056 0.961585224 0.257652462 -0.0947046056 0.961585224 0.257652462 -0.0947055072 0.96158421 0.257656008 -0.280486614 0.924630761 0.257653058 -0.280486614 0.924630761 0.257653058 -0.280486614 0.924630761 0.257653058 -0.28048417 0.924631119 0.257654399 -0.455481887 0.852145255 0.257652283 -0.455481887 0.852145255 0.257652283 -0.455481887 0.852145255 0.257652283 -0.455480039 0.852145255 0.257655472 -0.612975776 0.74690932 0.25765717 -0.612975776 0.74690932 0.25765717 -0.612975776 0.74690932 0.25765717 -0.612974644 0.746912181 0.257651448 -0.746910095 0.61297524 0.257656127 -0.746910095 0.61297524 0.257656127 -0.746910095 0.61297524 0.257656127 -0.746912181 0.612971723 0.257658362 -0.852145851 0.45547837 0.257656276 -0.852145851 0.45547837 0.257656276 -0.852145851 0.45547837 0.257656276 -0.852143705 0.455482751 0.257655561 -0.92463237 0.280482113 0.257652462 -0.92463237 0.280482113 0.257652462 -0.92463237 0.280482113 0.257652462 -0.924630642 0.280483782 0.257657051 -0.961583734 0.0947066471 0.257657439 -0.961583734 0.0947066471 0.257657439 -0.961583734 0.0947066471 0.257657439 -0.96158427 0.0947081223 0.257654965 -0.0694780722 0.705397427 0.705398619 -0.205757812 0.678287745 0.705400288 -0.205757812 0.678287745 0.705400288 -0.205757812 0.678287745 0.705400288 -0.205753133 0.67829442 0.705395281 -0.334133387 0.625114262 0.7053985 -0.334133387 0.625114262 0.7053985 -0.334133387 0.625114262 0.7053985 -0.334134012 0.625113189 0.705399156 -0.449666768 0.547919273 0.705396533 -0.449666768 0.547919273 0.705396533 -0.449666768 0.547919273 0.705396533 -0.449661255 0.547916174 0.705402374 -0.547918379 0.449665695 0.705397964 -0.547918379 0.449665695 0.705397964 -0.547918379 0.449665695 0.705397964 -0.547919989 0.449666232 0.705396414 -0.625118315 0.334136635 0.705393314 -0.625118315 0.334136635 0.705393314 -0.625118315 0.334136635 0.705393314 -0.625112951 0.3341268 0.705402792 -0.625112951 0.3341268 0.705402792 -0.625112951 0.3341268 0.705402792 -0.678291976 0.205756664 0.705396414 -0.678291976 0.205756664 0.705396414 -0.678291976 0.205756664 0.705396414 -0.678290009 0.205758482 0.705397904 -0.705397964 0.0694748759 0.7053985 -0.705397964 0.0694748759 0.7053985 -0.705397964 0.0694748759 0.7053985 -0.705400586 0.0694733262 0.705395997 -0.0254799798 0.258736759 0.965611756 -0.0754735023 0.248792216 0.965611875 -0.0754735023 0.248792216 0.965611875 -0.0754735023 0.248792216 0.965611875 -0.0754657388 0.248792931 0.965612292 -0.122561425 0.229288697 0.965611458 -0.122561425 0.229288697 0.965611458 -0.122561425 0.229288697 0.965611458 -0.122559026 0.229288235 0.965611875 -0.164936453 0.200972065 0.965611815 -0.164936453 0.200972065 0.965611815 -0.164936453 0.200972065 0.965611815 -0.16492857 0.200974822 0.96561259 -0.200975284 0.164933741 0.965611577 -0.200975284 0.164933741 0.965611577 -0.200975284 0.164933741 0.965611577 -0.200969309 0.164934784 0.96561259 -0.229292139 0.122557342 0.9656111 -0.229292139 0.122557342 0.9656111 -0.229292139 0.122557342 0.9656111 -0.229286894 0.122557648 0.965612292 -0.248796597 0.0754703283 0.965610921 -0.248796597 0.0754703283 0.965610921 -0.248796597 0.0754703283 0.965610921 -0.248790115 0.0754700899 0.96561259 -0.25873816 0.02548315 0.965611219 -0.25873816 0.02548315 0.965611219 -0.25873816 0.02548315 0.965611219 -0.258733958 0.0254812874 0.965612471 0 -0.965926766 0.258815974 0 -0.965926766 0.258815974 0 -0.965926766 0.258815974 0 -0.965926588 0.258815974 0 -0.707107067 0.70710659 0 -0.707107067 0.70710659 0 -0.707107067 0.70710659 0 -0.707103133 0.707110465 0 -0.258820117 0.965925455 0 -0.258820117 0.965925455 0 -0.258820117 0.965925455 0 -0.258822083 0.965924978 0 0.965926588 0.258815974 0 0.965926588 0.258815974 0 0.965926588 0.258815974 0 0.965926766 0.258815974 0 0.707107067 0.70710659 0 0.707107067 0.70710659 0 0.707107067 0.70710659 0 0.707107067 0.70710659 0 0.258818179 0.965926111 0 0.258818179 0.965926111 0 0.258818179 0.965926111 0 0.258820117 0.965925455 0.0254838858 -0.258737475 0.965611458 0.0254838858 -0.258737475 0.965611458 0.0254838858 -0.258737475 0.965611458 0.0694798902 -0.70539397 0.705402017 0.0694798902 -0.70539397 0.705402017 0.0694798902 -0.70539397 0.705402017 0.0947100371 -0.96158421 0.25765422 0.0947100371 -0.96158421 0.25765422 0.0947100371 -0.96158421 0.25765422 0.0947106555 -0.961585641 0.257648885 0.280482352 -0.924631774 0.257654399 0.280482352 -0.924631774 0.257654399 0.280482352 -0.924631774 0.257654399 0.280481428 -0.924634099 0.257646859 0.455483347 -0.852144182 0.257653087 0.455483347 -0.852144182 0.257653087 0.455483347 -0.852144182 0.257653087 0.455482632 -0.852145851 0.257649064 0.612975121 -0.746908545 0.257660717 0.612975121 -0.746908545 0.257660717 0.612975121 -0.746908545 0.257660717 0.612971306 -0.746915638 0.257649183 0.612971306 -0.746915638 0.257649183 0.612971306 -0.746915638 0.257649183 0.74691242 -0.61297518 0.257649273 0.74691242 -0.61297518 0.257649273 0.74691242 -0.61297518 0.257649273 0.746913254 -0.61296916 0.257661492 0.746913254 -0.61296916 0.257661492 0.746913254 -0.61296916 0.257661492 0.852141917 -0.455482006 0.257662743 0.852141917 -0.455482006 0.257662743 0.852141917 -0.455482006 0.257662743 0.852146864 -0.455482304 0.257646292 0.852146864 -0.455482304 0.257646292 0.852146864 -0.455482304 0.257646292 0.924630821 -0.280489296 0.257650107 0.924630821 -0.280489296 0.257650107 0.924630821 -0.280489296 0.257650107 0.924633384 -0.2804766 0.257654786 0.924633384 -0.2804766 0.257654786 0.924633384 -0.2804766 0.257654786 0.961584687 -0.0947086513 0.257653385 0.961584687 -0.0947086513 0.257653385 0.961584687 -0.0947086513 0.257653385 0.961586475 -0.0947063416 0.257647544 0.0694738925 -0.705401719 0.705394804 0.0694738925 -0.705401719 0.705394804 0.0694738925 -0.705401719 0.705394804 0.205754146 -0.678286314 0.705402672 0.205754146 -0.678286314 0.705402672 0.205754146 -0.678286314 0.705402672 0.205757201 -0.678295016 0.705393493 0.205757201 -0.678295016 0.705393493 0.205757201 -0.678295016 0.705393493 0.334132969 -0.625114977 0.705398023 0.334132969 -0.625114977 0.705398023 0.334132969 -0.625114977 0.705398023 0.334131479 -0.625115335 0.705398381 0.449671179 -0.547909737 0.705401182 0.449671179 -0.547909737 0.705401182 0.449671179 -0.547909737 0.705401182 0.449664742 -0.547925532 0.705393076 0.449664742 -0.547925532 0.705393076 0.449664742 -0.547925532 0.705393076 0.547919095 -0.44966498 0.705397725 0.547919095 -0.44966498 0.705397725 0.547919095 -0.44966498 0.705397725 0.5479213 -0.449671507 0.705391884 0.62511456 -0.334128439 0.705400586 0.62511456 -0.334128439 0.705400586 0.62511456 -0.334128439 0.705400586 0.625114024 -0.334131986 0.705399454 0.678291619 -0.205752537 0.705398023 0.678291619 -0.205752537 0.705398023 0.678291619 -0.205752537 0.705398023 0.678290009 -0.205758482 0.705397904 0.705397904 -0.0694808811 0.705397904 0.705397904 -0.0694808811 0.705397904 0.705397904 -0.0694808811 0.705397904 0.705396175 -0.0694682971 0.705400825 0.705396175 -0.0694682971 0.705400825 0.705396175 -0.0694682971 0.705400825 0.0254859664 -0.258731812 0.965613008 0.0754714832 -0.248796597 0.965610921 0.0754714832 -0.248796597 0.965610921 0.0754714832 -0.248796597 0.965610921 0.0754701793 -0.248790011 0.96561271 0.12256033 -0.229286641 0.965611994 0.12256033 -0.229286641 0.965611994 0.12256033 -0.229286641 0.965611994 0.122555442 -0.229290858 0.965611696 0.164938077 -0.200969443 0.965612113 0.164938077 -0.200969443 0.965612113 0.164938077 -0.200969443 0.965612113 0.164927498 -0.200977832 0.965612113 0.164927498 -0.200977832 0.965612113 0.164927498 -0.200977832 0.965612113 0.200975254 -0.164934859 0.965611398 0.200975254 -0.164934859 0.965611398 0.200975254 -0.164934859 0.965611398 0.200968057 -0.164938077 0.965612352 0.22929661 -0.12255381 0.965610564 0.22929661 -0.12255381 0.965610564 0.22929661 -0.12255381 0.965610564 0.22928822 -0.12255691 0.965612113 0.24879773 -0.0754695237 0.965610683 0.24879773 -0.0754695237 0.965610683 0.24879773 -0.0754695237 0.965610683 0.248788744 -0.0754682273 0.965613067 0.258737147 -0.0254865065 0.965611458 0.258737147 -0.0254865065 0.965611458 0.258737147 -0.0254865065 0.965611458 0.258735389 -0.0254857484 0.965611935 0.258740455 0.0254868343 0.965610564 0.258740455 0.0254868343 0.965610564 0.258740455 0.0254868343 0.965610564 0.705395341 0.069472611 0.705401361 0.705395341 0.069472611 0.705401361 0.705395341 0.069472611 0.705401361 0.961586833 0.0947004557 0.25764811 0.961586833 0.0947004557 0.25764811 0.961586833 0.0947004557 0.25764811 0.961583793 0.0947145522 0.257654101 0.961583793 0.0947145522 0.257654101 0.961583793 0.0947145522 0.257654101 0.924629748 0.28049013 0.257652789 0.924629748 0.28049013 0.257652789 0.924629748 0.28049013 0.257652789 0.924634039 0.280475676 0.257652938 0.924634039 0.280475676 0.257652938 0.924634039 0.280475676 0.257652938 0.852148592 0.455475867 0.257652104 0.852148592 0.455475867 0.257652104 0.852148592 0.455475867 0.257652104 0.852138579 0.455489904 0.257660061 0.852138579 0.455489904 0.257660061 0.852138579 0.455489904 0.257660061 0.746910274 0.612973452 0.257660002 0.746910274 0.612973452 0.257660002 0.746910274 0.612973452 0.257660002 0.746917367 0.612965941 0.25765714 0.746917367 0.612965941 0.25765714 0.746917367 0.612965941 0.25765714 0.612972856 0.746913433 0.257652104 0.612972856 0.746913433 0.257652104 0.612972856 0.746913433 0.257652104 0.612974346 0.746912599 0.257650882 0.455482483 0.852142572 0.25766027 0.455482483 0.852142572 0.25766027 0.455482483 0.852142572 0.25766027 0.455484033 0.852144718 0.257650197 0.455484033 0.852144718 0.257650197 0.455484033 0.852144718 0.257650197 0.280484229 0.924634337 0.257643223 0.280484229 0.924634337 0.257643223 0.280484229 0.924634337 0.257643223 0.280485332 0.924627662 0.257665783 0.280485332 0.924627662 0.257665783 0.280485332 0.924627662 0.257665783 0.0947047994 0.961587191 0.257645309 0.0947047994 0.961587191 0.257645309 0.0947047994 0.961587191 0.257645309 0.0947063416 0.961584628 0.25765425 0.705400407 0.0694779083 0.705395758 0.678289473 0.205753103 0.70539993 0.678289473 0.205753103 0.70539993 0.678289473 0.205753103 0.70539993 0.678288996 0.205757499 0.705399036 0.625113904 0.334130228 0.705400288 0.625113904 0.334130228 0.705400288 0.625113904 0.334130228 0.705400288 0.625118077 0.334134132 0.705394804 0.547917902 0.449667275 0.705397367 0.547917902 0.449667275 0.705397367 0.547917902 0.449667275 0.705397367 0.54791671 0.449665874 0.705399156 0.449665993 0.547916353 0.705399334 0.449665993 0.547916353 0.705399334 0.449665993 0.547916353 0.705399334 0.449665546 0.547917306 0.705398917 0.334135562 0.625112355 0.705399096 0.334135562 0.625112355 0.705399096 0.334135562 0.625112355 0.705399096 0.334130943 0.625114381 0.705399513 0.205751121 0.678290963 0.705399156 0.205751121 0.678290963 0.705399156 0.205751121 0.678290963 0.705399156 0.205758303 0.678289413 0.705398381 0.069473289 0.705398262 0.705398262 0.069473289 0.705398262 0.705398262 0.069473289 0.705398262 0.705398262 0.0694781244 0.705398023 0.705398023 0.258729696 0.0254853312 0.965613484 0.258729696 0.0254853312 0.965613484 0.258729696 0.0254853312 0.965613484 0.248796627 0.0754691884 0.965610981 0.248796627 0.0754691884 0.965610981 0.248796627 0.0754691884 0.965610981 0.248788804 0.0754686818 0.965613067 0.229296535 0.122556083 0.965610266 0.229296535 0.122556083 0.965610266 0.229296535 0.122556083 0.965610266 0.229285553 0.122554146 0.965613008 0.229285553 0.122554146 0.965613008 0.229285553 0.122554146 0.965613008 0.200970754 0.164937258 0.965611994 0.200970754 0.164937258 0.965611994 0.200970754 0.164937258 0.965611994 0.200974792 0.164936006 0.965611339 0.164939538 0.200971231 0.965611517 0.164939538 0.200971231 0.965611517 0.164939538 0.200971231 0.965611517 0.164931267 0.200975403 0.965611935 0.122560874 0.229287654 0.965611696 0.122560874 0.229287654 0.965611696 0.122560874 0.229287654 0.965611696 0.122553378 0.229287013 0.965612769 0.0754727572 0.248793215 0.965611577 0.0754727572 0.248793215 0.965611577 0.0754727572 0.248793215 0.965611577 0.0754656047 0.248793915 0.965611994 0.0254823025 0.258734345 0.965612411 0.0254823025 0.258734345 0.965612411 0.0254823025 0.258734345 0.965612411 0.025479991 0.258735418 0.965612113 0.96592772 0 0.25881198 0.96592772 0 0.25881198 0.96592772 0 0.25881198 0.96592772 0 0.25881198 0.707103789 0 0.707109869 0.707103789 0 0.707109869 0.707103789 0 0.707109869 0.707103789 0 0.707109809 0.258824557 0 0.965924323 0.258824557 0 0.965924323 0.258824557 0 0.965924323 0.258817673 0 0.96592629 0 1 0 0 1 0 0 1 0 0 1 0 0 1 0 0 1 0 0 1 0 0 1 0 0 1 0 0 1 8.25405186e-06 0 1 0 0 1 0 0 1 -3.50124424e-06 0 1 -2.24841756e-06 0 1 0 0 1 0 0 1 1.59010642e-06 0 1 -2.18545347e-06 0 1 0 0 0.99999994 1.33925278e-06 0 1 0 0 1 -2.41439602e-06 0 1 0 0 1 1.85243846e-06 0 1 -2.06856612e-06 0 1 -2.06856612e-06 0 1 0 0 1 0 0 1 0 0 1 0 0 0.99999994 -4.29870852e-06 0 1 2.57558168e-06 0 1 0 0 1 0 0 1 4.05860646e-06 0 1 0 0 1 1.38788221e-06 0 1 -7.56020199e-07 0 1 0 0 1 6.14466501e-07 0 1 0 0 0.99999994 0 0 0.99999994 -9.9200879e-06 0 1 6.45422597e-06 0 1 2.18546757e-06 0 1 0 0 1 0 0 0.99999994 0 0 0.99999994 0 0 1 5.66321569e-06 0 1 0 0 0.99999994 2.63788115e-06 0 1 -2.59226317e-06 0 0.99999994 0 0 1 1.85639583e-05 0 1 1.85639583e-05 0 1 1.85639583e-05 0 0.99999994 4.36664232e-06 0 1 0 0 1 0 0 1 0 0 1 -2.18546757e-06 0 1 1.59017088e-06 0 0.99999994 0 0 1 4.47285998e-07 0 1 4.47285998e-07 0 1 4.47285998e-07 0 0.99999994 0 0 0.99999994 0 0 0.99999994 0 0 1 -5.66321569e-06 0 1 6.59158513e-06 0 1 6.59158513e-06 0 1 -8.52010089e-06 0 1 -8.52010089e-06 0 1 0 0 1 1.42551812e-06 0 1 -7.92738956e-06 0 1 6.82122572e-06 0 1 6.82122572e-06 0 0.99999994 0 0 0.99999994 0 0 1 -4.37040683e-07 0 1 0 0 1 0 0 1 -2.74996401e-05 0 1 -2.74996401e-05 0 1 -2.74996401e-05 0 1 1.06565471e-06 0 1 1.06565471e-06 0 1 4.10113807e-06 0 0.99999994 7.52234791e-06 0 0.99999994 0 0 1 2.25137205e-06 0 1 0 0.642787755 -0.766044319 0 0.642787755 -0.766044319 0 0.642787755 -0.766044319 0 0.642787397 -0.766044617 0 0.642796993 -0.76603657 -5.04635409e-06 0.642796993 -0.76603657 -5.04635409e-06 0.642796993 -0.76603657 -5.04635409e-06 0.642786384 -0.766045392 -1.81734913e-06 0.642786384 -0.766045392 -1.81734913e-06 0.642789602 -0.766042769 0 0.642787158 -0.766044855 0 0.642785013 -0.766046524 1.00924408e-05 0.642785013 -0.766046524 1.00924408e-05 0.642785013 -0.766046524 1.00924408e-05 0.106612898 0.0894583315 0.990268052 0.106612898 0.0894583315 0.990268052 0.106612898 0.0894583315 0.990268052 0.106613442 0.0894578472 0.990268052 0.2828269 0.237321049 0.929347932 0.2828269 0.237321049 0.929347932 0.2828269 0.237321049 0.929347932 0.282829046 0.23731941 0.929347694 0.578139484 0.485120445 0.65605855 0.578139484 0.485120445 0.65605855 0.578139484 0.485120445 0.65605855 0.578139961 0.485120773 0.656057894 0.744355559 0.624588728 0.236270472 0.744355559 0.624588728 0.236270472 0.744355559 0.624588728 0.236270472 0.744355261 0.624588609 0.23627153 0.76604712 0.642784417 0 0.76604712 0.642784417 0 0.76604712 0.642784417 0 0.766043246 0.642789066 0 0.744360209 0.6245839 -0.236268669 0.744360209 0.6245839 -0.236268669 0.744360209 0.6245839 -0.236268669 0.744350851 0.624593675 -0.23627232 0.744350851 0.624593675 -0.23627232 0.744350851 0.624593675 -0.23627232 0.578140736 0.485120982 -0.65605706 0.578140736 0.485120982 -0.65605706 0.578140736 0.485120982 -0.65605706 0.578139544 0.485120922 -0.656058133 0.282826453 0.237321585 -0.929347873 0.282826453 0.237321585 -0.929347873 0.282826453 0.237321585 -0.929347873 0.282829493 0.237318859 -0.929347813 0.106612593 0.0894595608 -0.990267992 0.106612593 0.0894595608 -0.990267992 0.106612593 0.0894595608 -0.990267992 0.106613807 0.0894566625 -0.990268171 -0.642787278 0.766044557 0 -0.642787278 0.766044557 0 -0.642787278 0.766044557 0 -0.642787576 0.766044378 0 -0.642798483 0.766035318 5.0463459e-06 -0.642798483 0.766035318 5.0463459e-06 -0.642798483 0.766035318 5.0463459e-06 -0.642786324 0.766045451 -1.817358e-06 -0.642786324 0.766045451 -1.817358e-06 -0.642789304 0.766043067 0 -0.642786622 0.766045213 0 -0.642787814 0.766044259 0 0.508592188 -0.694739521 0.508597076 0.508592188 -0.694739521 0.508597076 0.508592188 -0.694739521 0.508597076 0.508587956 -0.694752038 0.508584261 0.508587956 -0.694752038 0.508584261 0.508587956 -0.694752038 0.508584261 0.186159298 -0.694763243 0.694729269 0.186159298 -0.694763243 0.694729269 0.186159298 -0.694763243 0.694729269 0.18615447 -0.694743216 0.694750607 0.18615447 -0.694743216 0.694750607 0.18615447 -0.694743216 0.694750607 -0.186155081 -0.694741964 0.69475168 -0.186155081 -0.694741964 0.69475168 -0.186155081 -0.694741964 0.69475168 -0.186155304 -0.694746792 0.694746792 -0.508596897 -0.694736242 0.508596897 -0.508596897 -0.694736242 0.508596897 -0.508596897 -0.694736242 0.508596897 -0.508591235 -0.694741726 0.50859493 -0.694755971 -0.69473654 0.186158821 -0.694755971 -0.69473654 0.186158821 -0.694755971 -0.69473654 0.186158821 -0.694750607 -0.694743216 0.186154604 -0.694737971 -0.694757402 -0.186149135 -0.694737971 -0.694757402 -0.186149135 -0.694737971 -0.694757402 -0.186149135 -0.694750547 -0.694742262 -0.186158046 -0.694750547 -0.694742262 -0.186158046 -0.694750547 -0.694742262 -0.186158046 -0.508581936 -0.694754601 -0.508586764 -0.508581936 -0.694754601 -0.508586764 -0.508581936 -0.694754601 -0.508586764 -0.50859648 -0.694734156 -0.508600175 -0.50859648 -0.694734156 -0.508600175 -0.50859648 -0.694734156 -0.508600175 -0.186158672 -0.694746375 -0.694746375 -0.186158672 -0.694746375 -0.694746375 -0.186158672 -0.694746375 -0.694746375 -0.186155379 -0.694743156 -0.694750488 0.186160028 -0.694736481 -0.694755912 0.186160028 -0.694736481 -0.694755912 0.186160028 -0.694736481 -0.694755912 0.186154351 -0.694750607 -0.694743216 0.186154351 -0.694750607 -0.694743216 0.186154351 -0.694750607 -0.694743216 0.508582294 -0.694756746 -0.508583486 0.508582294 -0.694756746 -0.508583486 0.508582294 -0.694756746 -0.508583486 0.50859195 -0.694741428 -0.508594692 0.50859195 -0.694741428 -0.508594692 0.50859195 -0.694741428 -0.508594692 0.694757938 -0.694734871 -0.186158374 0.694757938 -0.694734871 -0.186158374 0.694757938 -0.694734871 -0.186158374 0.694742501 -0.69475168 -0.186152935 0.694742501 -0.69475168 -0.186152935 0.694742501 -0.69475168 -0.186152935 0.694767237 -0.69472599 0.186156332 0.694767237 -0.69472599 0.186156332 0.694767237 -0.69472599 0.186156332 0.694734931 -0.694758892 0.186154589 0.694734931 -0.694758892 0.186154589 0.694734931 -0.694758892 0.186154589 0.50857842 -0.694759548 0.508583307 0.50857842 -0.694759548 0.508583307 0.50857842 -0.694759548 0.508583307 0.508591235 -0.694741726 0.50859493 0.508591235 -0.694741726 0.50859493 0.508591235 -0.694741726 0.50859493 0.186158046 -0.694748878 0.694743991 0.186158046 -0.694748878 0.694743991 0.186158046 -0.694748878 0.694743991 0.18615447 -0.694743216 0.694750607 -0.186158836 -0.6947366 0.694756031 -0.186158836 -0.6947366 0.694756031 -0.186158836 -0.6947366 0.694756031 -0.186154351 -0.694750607 0.694743216 -0.186154351 -0.694750607 0.694743216 -0.186154351 -0.694750607 0.694743216 -0.508596897 -0.694736242 0.508596897 -0.508596897 -0.694736242 0.508596897 -0.508596897 -0.694736242 0.508596897 -0.508589864 -0.694754601 0.508578777 -0.508589864 -0.694754601 0.508578777 -0.508589864 -0.694754601 0.508578777 -0.694755971 -0.69473654 0.186158821 -0.694755971 -0.69473654 0.186158821 -0.694755971 -0.69473654 0.186158821 -0.694749117 -0.694741726 0.186165273 -0.694749117 -0.694741726 0.186165273 -0.694749117 -0.694741726 0.186165273 -0.694747329 -0.694747329 -0.186151654 -0.694747329 -0.694747329 -0.186151654 -0.694747329 -0.694747329 -0.186151654 -0.694749117 -0.694740832 -0.186168715 -0.694749117 -0.694740832 -0.186168715 -0.694749117 -0.694740832 -0.186168715 -0.508593798 -0.694751441 -0.508579254 -0.508593798 -0.694751441 -0.508579254 -0.508593798 -0.694751441 -0.508579254 -0.508593142 -0.694744408 -0.508589506 -0.508593142 -0.694744408 -0.508589506 -0.508593142 -0.694744408 -0.508589506 -0.186160579 -0.694758296 -0.694734037 -0.186160579 -0.694758296 -0.694734037 -0.186160579 -0.694758296 -0.694734037 -0.186155379 -0.694743156 -0.694750488 -0.186155379 -0.694743156 -0.694750488 -0.186155379 -0.694743156 -0.694750488 0.186156243 -0.694741786 -0.694751501 0.186156243 -0.694741786 -0.694751501 0.186156243 -0.694741786 -0.694751501 0.186157197 -0.694739163 -0.694753885 0.508584738 -0.694760084 -0.508576274 0.508584738 -0.694760084 -0.508576274 0.508584738 -0.694760084 -0.508576274 0.508589983 -0.694738805 -0.508600116 0.508589983 -0.694738805 -0.508600116 0.508589983 -0.694738805 -0.508600116 0.694739759 -0.694755554 -0.186148658 0.694739759 -0.694755554 -0.186148658 0.694739759 -0.694755554 -0.186148658 0.694735348 -0.694759309 -0.186151028 0.694748521 -0.694746077 0.186151326 0.694748521 -0.694746077 0.186151326 0.694748521 -0.694746077 0.186151326 0.694749653 -0.69474411 0.186154842 0.508588791 -0.694744587 0.508593678 0.508588791 -0.694744587 0.508593678 0.508588791 -0.694744587 0.508593678 0.508593142 -0.694744408 0.508589506 0.186159298 -0.694763243 0.694729269 0.186159298 -0.694763243 0.694729269 0.186159298 -0.694763243 0.694729269 0.186156332 -0.694739282 0.694754064 0.186156332 -0.694739282 0.694754064 0.186156332 -0.694739282 0.694754064 -0.186153725 -0.694751859 0.694742143 -0.186153725 -0.694751859 0.694742143 -0.186153725 -0.694751859 0.694742143 -0.186157197 -0.694739163 0.694753885 -0.186157197 -0.694739163 0.694753885 -0.186157197 -0.694739163 0.694753885 -0.508589149 -0.694746673 0.508590341 -0.508589149 -0.694746673 0.508590341 -0.508589149 -0.694746673 0.508590341 -0.50859195 -0.694741428 0.508594692 -0.694757938 -0.694734871 0.186158374 -0.694757938 -0.694734871 0.186158374 -0.694757938 -0.694734871 0.186158374 -0.694735348 -0.694759309 0.186151028 -0.694735348 -0.694759309 0.186151028 -0.694735348 -0.694759309 0.186151028 -0.694739163 -0.69475615 -0.186148807 -0.694739163 -0.69475615 -0.186148807 -0.694739163 -0.69475615 -0.186148807 -0.694763422 -0.694728374 -0.186162218 -0.694763422 -0.694728374 -0.186162218 -0.694763422 -0.694728374 -0.186162218 -0.508588791 -0.694744587 -0.508593678 -0.508588791 -0.694744587 -0.508593678 -0.508588791 -0.694744587 -0.508593678 -0.50859648 -0.694734156 -0.508600175 -0.50859648 -0.694734156 -0.508600175 -0.50859648 -0.694734156 -0.508600175 -0.186158046 -0.694748878 -0.694743991 -0.186158046 -0.694748878 -0.694743991 -0.186158046 -0.694748878 -0.694743991 -0.18615447 -0.694743216 -0.694750607 0.186156332 -0.694746673 -0.694746673 0.186156332 -0.694746673 -0.694746673 0.186156332 -0.694746673 -0.694746673 0.186154351 -0.694750607 -0.694743216 0.508583128 -0.694756269 -0.508583128 0.508583128 -0.694756269 -0.508583128 0.508583128 -0.694756269 -0.508583128 0.508591235 -0.694741726 -0.50859493 0.508591235 -0.694741726 -0.50859493 0.508591235 -0.694741726 -0.50859493 0.694755971 -0.69473654 -0.186158821 0.694755971 -0.69473654 -0.186158821 0.694755971 -0.69473654 -0.186158821 0.694750607 -0.694743216 -0.186154604 0.694756627 -0.694737196 0.186154142 0.694756627 -0.694737196 0.186154142 0.694756627 -0.694737196 0.186154142 0.694743395 -0.694749832 0.186156124 0.694743395 -0.694749832 0.186156124 0.694743395 -0.694749832 0.186156124 0.508581936 -0.694754601 0.508586764 0.508581936 -0.694754601 0.508586764 0.508581936 -0.694754601 0.508586764 0.508591235 -0.694741726 0.50859493 0.508591235 -0.694741726 0.50859493 0.508591235 -0.694741726 0.50859493 0.186159298 -0.694743812 0.6947487 0.186159298 -0.694743812 0.6947487 0.186159298 -0.694743812 0.6947487 0.186156332 -0.694739282 0.694754064 -0.186157495 -0.694746494 0.694746494 -0.186157495 -0.694746494 0.694746494 -0.186157495 -0.694746494 0.694746494 -0.186155304 -0.694746792 0.694746792 -0.508582294 -0.694756746 0.508583486 -0.508582294 -0.694756746 0.508583486 -0.508582294 -0.694756746 0.508583486 -0.508595705 -0.694746614 0.508583724 -0.508595705 -0.694746614 0.508583724 -0.508595705 -0.694746614 0.508583724 -0.694757938 -0.694734871 0.186158374 -0.694757938 -0.694734871 0.186158374 -0.694757938 -0.694734871 0.186158374 -0.694748163 -0.69474268 0.186165512 -0.694748163 -0.69474268 0.186165512 -0.694748163 -0.69474268 0.186165512 -0.694748521 -0.694746077 -0.186151326 -0.694748521 -0.694746077 -0.186151326 -0.694748521 -0.694746077 -0.186151326 -0.694747686 -0.694742203 -0.186169073 -0.694747686 -0.694742203 -0.186169073 -0.694747686 -0.694742203 -0.186169073 -0.508597195 -0.694746315 -0.508582652 -0.508597195 -0.694746315 -0.508582652 -0.508597195 -0.694746315 -0.508582652 -0.508587956 -0.694752038 -0.508584261 -0.508587956 -0.694752038 -0.508584261 -0.508587956 -0.694752038 -0.508584261 -0.186160579 -0.694758296 -0.694734037 -0.186160579 -0.694758296 -0.694734037 -0.186160579 -0.694758296 -0.694734037 -0.18615447 -0.694743216 -0.694750607 -0.18615447 -0.694743216 -0.694750607 -0.18615447 -0.694743216 -0.694750607 0.186155081 -0.694741964 -0.69475168 0.186155081 -0.694741964 -0.69475168 0.186155081 -0.694741964 -0.69475168 0.186156258 -0.694742978 -0.694750369 0.508585691 -0.694759727 -0.508575976 0.508585691 -0.694759727 -0.508575976 0.508585691 -0.694759727 -0.508575976 0.508589387 -0.694739223 -0.508600414 0.508589387 -0.694739223 -0.508600414 0.508589387 -0.694739223 -0.508600414 0.694756627 -0.694737196 -0.186154142 0.694756627 -0.694737196 -0.186154142 0.694756627 -0.694737196 -0.186154142 0.694736362 -0.694758475 -0.186150789 0.694736362 -0.694758475 -0.186150789 0.694736362 -0.694758475 -0.186150789 0.694747329 -0.694747329 0.186151654 0.694747329 -0.694747329 0.186151654 0.694747329 -0.694747329 0.186151654 0.694736779 -0.694757938 0.186150655 0.694736779 -0.694757938 0.186150655 0.694736779 -0.694757938 0.186150655 0.96592617 0 0.258817762 0.96592617 0 0.258817762 0.96592617 0 0.258817762 0.965926528 0 0.258816361 0.707109809 0 0.707103848 0.707109809 0 0.707103848 0.707109809 0 0.707103848 0.707108259 0 0.707105279 0.258817255 0 0.96592629 0.258817255 0 0.96592629 0.258817255 0 0.96592629 0.258818001 0 0.965926051 1 0 0 1 0 0 1 0 0 1 0 0 -1 0 0 -1 0 0 -1 0 0 -1 0 0 -1 0 0 -1 0 0 1 0 0 1 0 0 1 0 0 1 0 0 0.258817255 0 -0.96592629 0.258817255 0 -0.96592629 0.258817255 0 -0.96592629 0.258818001 0 -0.965926051 0.707108259 0 -0.707105279 0.707108259 0 -0.707105279 0.707108259 0 -0.707105279 0.707109809 0 -0.707103848 0.96592617 0 -0.258817762 0.96592617 0 -0.258817762 0.96592617 0 -0.258817762 0.965926528 0 -0.258816361 0.96592623 0 0.258817852 0.96592623 0 0.258817852 0.96592623 0 0.258817852 0.965926647 0 0.258816063 0.707111478 0 0.70710212 0.707111478 0 0.70710212 0.707111478 0 0.70710212 0.707115173 0 0.707098365 0.258816808 0 0.965926468 0.258816808 0 0.965926468 0.258816808 0 0.965926468 0.258816928 0 0.965926468 -0.258817852 0 0.96592623 -0.258817852 0 0.96592623 -0.258817852 0 0.96592623 -0.258821458 0 0.965925157 -0.707105815 0 0.707107723 -0.707105815 0 0.707107723 -0.707105815 0 0.707107723 -0.707107723 0 0.707105875 -0.965926468 0 0.258816928 -0.965926468 0 0.258816928 -0.965926468 0 0.258816928 -0.965926468 0 0.258816987 -0.965926051 0 -0.258818328 -0.965926051 0 -0.258818328 -0.965926051 0 -0.258818328 -0.96592629 0 -0.258817464 -0.707104921 0 -0.707108676 -0.707104921 0 -0.707108676 -0.707104921 0 -0.707108676 -0.707106769 0 -0.707106769 -0.25881958 0 -0.965925634 -0.25881958 0 -0.965925634 -0.25881958 0 -0.965925634 -0.258824944 0 -0.965924263 0.258820266 0 -0.965925455 0.258820266 0 -0.965925455 0.258820266 0 -0.965925455 0.258818656 0 -0.965925872 0.707110465 0 -0.707103014 0.707110465 0 -0.707103014 0.707110465 0 -0.707103014 0.70711422 0 -0.707099259 0.965926051 0 -0.258818328 0.965926051 0 -0.258818328 0.965926051 0 -0.258818328 0.96592629 0 -0.258817464 0.96592623 0 0.258817852 0.96592623 0 0.258817852 0.96592623 0 0.258817852 0.965926647 0 0.258816063 0.707103968 0 0.707109571 0.707103968 0 0.707109571 0.707103968 0 0.707109571 0.707109571 0 0.707103968 0.25881958 0 0.965925634 0.25881958 0 0.965925634 0.25881958 0 0.965925634 0.258819699 0 0.965925634 -0.25881505 0 0.965926945 -0.25881505 0 0.965926945 -0.25881505 0 0.965926945 -0.258818656 0 0.965925872 -0.707105815 0 0.707107723 -0.707105815 0 0.707107723 -0.707105815 0 0.707107723 -0.707107723 0 0.707105875 -0.965926468 0 0.258816928 -0.965926468 0 0.258816928 -0.965926468 0 0.258816928 -0.965926468 0 0.258816987 -0.965926051 0 -0.258818328 -0.965926051 0 -0.258818328 -0.965926051 0 -0.258818328 -0.96592629 0 -0.258817464 -0.707104921 0 -0.707108676 -0.707104921 0 -0.707108676 -0.707104921 0 -0.707108676 -0.707106769 0 -0.707106769 -0.258816808 0 -0.965926468 -0.258816808 0 -0.965926468 -0.258816808 0 -0.965926468 -0.258822143 0 -0.965924978 0.258823067 0 -0.96592474 0.258823067 0 -0.96592474 0.258823067 0 -0.96592474 0.258821458 0 -0.965925157 0.707103074 0 -0.707110524 0.707103074 0 -0.707110524 0.707103074 0 -0.707110524 0.707108736 0 -0.707104981 0.965926051 0 -0.258818328 0.965926051 0 -0.258818328 0.965926051 0 -0.258818328 0.96592629 0 -0.258817464 0.965926051 0 0.258818328 0.965926051 0 0.258818328 0.965926051 0 0.258818328 0.96592629 0 0.258817464 0.707112432 0 0.707101226 0.707112432 0 0.707101226 0.707112432 0 0.707101226 0.707112372 0 0.707101166 0.258816808 0 0.965926468 0.258816808 0 0.965926468 0.258816808 0 0.965926468 0.258822143 0 0.965924978 -0.258823067 0 0.96592474 -0.258823067 0 0.96592474 -0.258823067 0 0.96592474 -0.258821458 0 0.965925157 -0.707103074 0 0.707110524 -0.707103074 0 0.707110524 -0.707103074 0 0.707110524 -0.707108736 0 0.707104981 -0.965926051 0 0.258818328 -0.965926051 0 0.258818328 -0.965926051 0 0.258818328 -0.96592629 0 0.258817464 -0.96592623 0 -0.258817852 -0.96592623 0 -0.258817852 -0.96592623 0 -0.258817852 -0.965926647 0 -0.258816063 -0.707103968 0 -0.707109571 -0.707103968 0 -0.707109571 -0.707103968 0 -0.707109571 -0.707109571 0 -0.707103968 -0.25881958 0 -0.965925634 -0.25881958 0 -0.965925634 -0.25881958 0 -0.965925634 -0.258819699 0 -0.965925634 0.25881505 0 -0.965926945 0.25881505 0 -0.965926945 0.25881505 0 -0.965926945 0.258818656 0 -0.965925872 0.707113266 0 -0.707100213 0.707113266 0 -0.707100213 0.707113266 0 -0.707100213 0.707113326 0 -0.707100272 0.965926468 0 -0.258816928 0.965926468 0 -0.258816928 0.965926468 0 -0.258816928 0.965926468 0 -0.258816987 0.965926051 0 0.258818328 0.965926051 0 0.258818328 0.965926051 0 0.258818328 0.96592629 0 0.258817464 0.707104921 0 0.707108676 0.707104921 0 0.707108676 0.707104921 0 0.707108676 0.707106769 0 0.707106769 0.25881958 0 0.965925634 0.25881958 0 0.965925634 0.25881958 0 0.965925634 0.258824944 0 0.965924263 -0.258820266 0 0.965925455 -0.258820266 0 0.965925455 -0.258820266 0 0.965925455 -0.258818656 0 0.965925872 -0.707103074 0 0.707110524 -0.707103074 0 0.707110524 -0.707103074 0 0.707110524 -0.707108736 0 0.707104981 -0.965926051 0 0.258818328 -0.965926051 0 0.258818328 -0.965926051 0 0.258818328 -0.96592629 0 0.258817464 -0.96592623 0 -0.258817852 -0.96592623 0 -0.258817852 -0.96592623 0 -0.258817852 -0.965926647 0 -0.258816063 -0.707103968 0 -0.707109571 -0.707103968 0 -0.707109571 -0.707103968 0 -0.707109571 -0.707109571 0 -0.707103968 -0.258816808 0 -0.965926468 -0.258816808 0 -0.965926468 -0.258816808 0 -0.965926468 -0.258816928 0 -0.965926468 0.258817852 0 -0.96592623 0.258817852 0 -0.96592623 0.258817852 0 -0.96592623 0.258821458 0 -0.965925157 0.707105815 0 -0.707107723 0.707105815 0 -0.707107723 0.707105815 0 -0.707107723 0.707107723 0 -0.707105875 0.965926468 0 -0.258816928 0.965926468 0 -0.258816928 0.965926468 0 -0.258816928 0.965926468 0 -0.258816987 -0.414478689 0 -0.910059035 -0.414478689 0 -0.910059035 -0.414478689 0 -0.910059035 -0.414476275 0 -0.910060108 -0.773749113 0 -0.633492231 -0.773749113 0 -0.633492231 -0.773749113 0 -0.633492231 -0.773748338 0 -0.633493245 -0.973966122 0 -0.226693779 -0.973966122 0 -0.226693779 -0.973966122 0 -0.226693779 -0.973965704 0 -0.226695403 -0.973966122 0 0.226693779 -0.973966122 0 0.226693779 -0.973966122 0 0.226693779 -0.973965704 0 0.226695403 -0.773749113 0 0.633492231 -0.773749113 0 0.633492231 -0.773749113 0 0.633492231 -0.773748338 0 0.633493245 -0.414478868 0 0.910058916 -0.414478868 0 0.910058916 -0.414478868 0 0.910058916 -0.414476126 0 0.910060227 -0.197377071 0 0.980327606 -0.197377071 0 0.980327606 -0.197377071 0 0.980327606 -0.197377056 0 0.980327606 0.0225010607 0 0.999746799 0.0225010607 0 0.999746799 0.0225010607 0 0.999746799 0.0225009006 0 0.999746859 0.448309243 0 0.893878639 0.448309243 0 0.893878639 0.448309243 0 0.893878639 0.448308498 0 0.893878877 0.787809253 0 0.615919352 0.787809253 0 0.615919352 0.787809253 0 0.615919352 0.787807703 0 0.615921319 0.975638032 0 0.219386771 0.975638032 0 0.219386771 0.975638032 0 0.219386771 0.975637734 0 0.2193878 1 0 0 1 0 0 1 0 0 1 0 0 0.975637853 0 -0.21938695 0.975637853 0 -0.21938695 0.975637853 0 -0.21938695 0.975637794 0 -0.219387621 0.787808597 0 -0.615920246 0.787808597 0 -0.615920246 0.787808597 0 -0.615920246 0.787808299 0 -0.615920424 0.448309928 0 -0.893878222 0.448309928 0 -0.893878222 0.448309928 0 -0.893878222 0.448307812 0 -0.893879294 0.0225010607 0 -0.999746799 0.0225010607 0 -0.999746799 0.0225010607 0 -0.999746799 0.0225009006 0 -0.999746859 -0.197377056 0 -0.980327606 -0.197377056 0 -0.980327606 -0.197377056 0 -0.980327606 -0.197377071 0 -0.980327606 0 0 -1 0 0 -1 0 0 -1 0 0 -1 0 -1 0 0 -1 0 0 -1 0 0 -1 -6.73237446e-06 0 -1 -6.73237446e-06 0 -1 -6.73237446e-06 0 -1 0 0 -1 0 0 -1 0 0 -1 0 0 -0.99999994 5.11802136e-06 0 -0.99999994 5.11802136e-06 0 -1 -4.87977218e-07 0 -1 1.69157659e-06 0 -1 0 0 -1 0 0 -1 0 0 -1 6.43271733e-06 0 -1 -5.86809711e-06 0 -1 0 0 -0.99999994 0 0 -0.99999994 0 0 -1 0 0 -1 0 0 -0.99999994 4.68541703e-06 0 -1 5.65429355e-06 0 -0.99999994 1.24320377e-05 0 -1 9.75368039e-07 0 -1 3.68503288e-06 0 -1 3.68503288e-06 0 -0.99999994 0 0 -0.99999994 -5.11802136e-06 0 -1 0 0 -1 0 0 -1 -1.44583964e-06 0 -1 -1.21261587e-06 0 -1 1.86759121e-06 0 -1 0 0 -1 0 0 -0.99999994 0 0 -1 0 0 -1 0 0 -1 -1.56891076e-06 0 -1 0 0 -1 0 0 -1 0 0 -1 3.66754443e-06 0 -1 0 0 -1 0 0 -1 0 0 -1 2.58058981e-06 0 -1 0 0 -1 3.37011465e-06 0 -1 0 0 -1 0 0 -1 0 0 -1 -5.35899926e-06 0 -1 4.32473939e-07 0 -0.99999994 0 0 -1 2.0728462e-06 0 -1 2.0728462e-06 0 -1 0 0 -1 0 0 -1 0 0 -1 0 0 -1 0 0 -1 4.25213466e-06 0 -0.99999994 -3.31966726e-06 0 -1 2.25347048e-06 0 -1 0 0 -1 -2.8789018e-06 0 -1 0 0 -1 -1.74153902e-05 0 -1 -1.74153902e-05 0 -1 -1.74153902e-05 0 -1 0 0 -1 8.58067779e-07 0 -0.99999994 0 0 -0.99999994 -1.65585061e-06 0 -0.99999994 -1.44581099e-06 0 -1 0 0 -1 0 0 -1 -2.71027687e-07 0 -1 9.05260003e-06 0 -1 0 0 -1 0 0 -1 1.24320632e-05 0 -1 1.24320632e-05 0 -1 0 0 -1 -1.5327425e-05 0 -1 -1.5327425e-05 0 -1 2.98656005e-07 0 -1 -4.25213466e-06 0 -1 -4.25213466e-06 0 -1 -4.8797483e-07 0 -1 4.84884549e-06 0 0 1 0 0 1 0 0 1 0 0 1 0.286673844 0 0.958028257 0.286673844 0 0.958028257 0.286673844 0 0.958028257 0.0700759739 0.0255054776 0.997215509 0.0700759739 0.0255054776 0.997215509 0.0700759739 0.0255054776 0.997215509 0.269289553 0.0980128348 0.958058715 0.269289553 0.0980128348 0.958058715 0.269289553 0.0980128348 0.958058715 0.0571451709 0.0479507186 0.997213721 0.0571451709 0.0479507186 0.997213721 0.0571451709 0.0479507186 0.997213721 0.219599515 0.184270382 -0.958029389 0.219599515 0.184270382 -0.958029389 0.219599515 0.184270382 -0.958029389 0.0700750649 0.0255046822 -0.997215688 0.0700750649 0.0255046822 -0.997215688 0.0700750649 0.0255046822 -0.997215688 0.269291759 0.0980158076 -0.958057821 0.269291759 0.0980158076 -0.958057821 0.269291759 0.0980158076 -0.958057821 0.0746009126 0 -0.997213423 0.0746009126 0 -0.997213423 0.0746009126 0 -0.997213423 -0.174690202 0.984623492 0 -0.174690202 0.984623492 0 -0.174690202 0.984623492 0 -0.499100864 0.866543829 0 -0.499100864 0.866543829 0 -0.499100864 0.866543829 0 -0.499073684 0.866559625 0 -0.499073684 0.866559625 0 -0.499073684 0.866559625 0 -0.174688473 0.98462373 0 -0.17469728 0.98462218 0 0.174668893 -0.984627247 0 0.174668893 -0.984627247 0 0.174668893 -0.984627247 0 0.174671337 -0.98462677 0 0.174671337 -0.98462677 0 0.499103159 -0.866542578 0 0.499103159 -0.866542578 0 0.499103159 -0.866542578 0 0.499097884 -0.866545618 0 1 0 0 0.99999994 0 0 1 0 0 1 0 0 1 4.96706234e-05 0 1 4.96706234e-05 0 1 4.96706234e-05 0 1 3.10439941e-06 0 1 3.10439941e-06 0 -1 0 0 -1 0 0 -1 0 0 -1 3.8804933e-07 0 -1 0 0 -1 0 0 0 0.965924561 0.258823842 0 0.965924561 0.258823842 0 0.965924561 0.258823842 0 0.25881654 0.965926528 0 0.25881654 0.965926528 0 0.25881654 0.965926528 0 0.25881657 0.965926528 0 0.707099617 0.707113981 0 0.707099617 0.707113981 0 0.707099617 0.707113981 0 0.707108974 0.707104564 0 0.707108974 0.707104564 0 0.707108974 0.707104564 0 0.965928376 0.258809417 0 0.965928376 0.258809417 0 0.965928376 0.258809417 0 0.965923548 0.258827329 0 0.965923548 0.258827329 0 -0.965926111 -0.258818209 0 -0.965926111 -0.258818209 0 -0.965926111 -0.258818209 0 -0.96592623 -0.258817375 0 -0.96592623 -0.258817375 0 -0.707108796 -0.707104862 0 -0.707108796 -0.707104862 0 -0.707108796 -0.707104862 0 -0.707106411 -0.707107127 0 -0.258819073 -0.965925753 0 -0.258819073 -0.965925753 0 -0.258819073 -0.965925753 0 -0.258816689 -0.965926409 -0.965925872 -0.258818746 0 -0.965925872 -0.258818746 0 -0.965925872 -0.258818746 0 -0.965927243 -0.258813888 0 -0.707105577 -0.707107902 0 -0.707105577 -0.707107902 0 -0.707105577 -0.707107902 0 -0.707107961 -0.707105637 0 -0.258819789 -0.965925634 0 -0.258819789 -0.965925634 0 -0.258819789 -0.965925634 0 -0.258819193 -0.965925753 0 0.258820385 -0.965925515 0 0.258820385 -0.965925515 0 0.258820385 -0.965925515 0 0.258820385 -0.965925515 0 0.707106769 -0.707106769 0 0.707106769 -0.707106769 0 0.707106769 -0.707106769 0 0.707106769 -0.707106769 0 0.965925336 -0.258820891 0 0.965925336 -0.258820891 0 0.965925336 -0.258820891 0 0.965925992 -0.25881815 0 0.965925872 0.258818746 0 0.965925872 0.258818746 0 0.965925872 0.258818746 0 0.965925515 0.258820325 0 0.707106769 0.707106769 0 0.707106769 0.707106769 0 0.707106769 0.707106769 0 0.707106769 0.707106769 0 0.258820385 0.965925515 0 0.258820385 0.965925515 0 0.258820385 0.965925515 0 0.258820385 0.965925515 0 -0.258819193 0.965925753 0 -0.258819193 0.965925753 0 -0.258819193 0.965925753 0 -0.258819789 0.965925634 0 -0.707107961 0.707105637 0 -0.707107961 0.707105637 0 -0.707107961 0.707105637 0 -0.707105577 0.707107902 0 -0.965927124 0.258814454 0 -0.965927124 0.258814454 0 -0.965927124 0.258814454 0 -0.965925992 0.25881815 0 -0.96592474 -0.258823067 0 -0.96592474 -0.258823067 0 -0.96592474 -0.258823067 0 -0.965924919 -0.258822501 0 -0.707107961 -0.707105637 0 -0.707107961 -0.707105637 0 -0.707107961 -0.707105637 0 -0.707107961 -0.707105637 0 -0.258822113 -0.965925038 0 -0.258822113 -0.965925038 0 -0.258822113 -0.965925038 0 -0.258817464 -0.96592617 0 0.258819789 -0.965925634 0 0.258819789 -0.965925634 0 0.258819789 -0.965925634 0 0.258819789 -0.965925634 0 0.707107961 -0.707105637 0 0.707107961 -0.707105637 0 0.707107961 -0.707105637 0 0.707107961 -0.707105637 0 0.96592474 -0.258823067 0 0.96592474 -0.258823067 0 0.96592474 -0.258823067 0 0.965927243 -0.258813888 0 0.965927124 0.258814454 0 0.965927124 0.258814454 0 0.965927124 0.258814454 0 0.965924919 0.258822501 0 0.707107961 0.707105637 0 0.707107961 0.707105637 0 0.707107961 0.707105637 0 0.707107961 0.707105637 0 0.258817106 0.965926349 0 0.258817106 0.965926349 0 0.258817106 0.965926349 0 0.25881815 0.965925992 0 -0.258814782 0.965926945 0 -0.258814782 0.965926945 0 -0.258814782 0.965926945 0 -0.258820474 0.965925455 0 -0.707107961 0.707105637 0 -0.707107961 0.707105637 0 -0.707107961 0.707105637 0 -0.707107961 0.707105637 0 -0.96592474 0.258823067 0 -0.96592474 0.258823067 0 -0.96592474 0.258823067 0 -0.965924919 0.258822501 0 -0.96592474 -0.258823067 0 -0.96592474 -0.258823067 0 -0.96592474 -0.258823067 0 -0.965924919 -0.258822501 0 -0.707107961 -0.707105637 0 -0.707107961 -0.707105637 0 -0.707107961 -0.707105637 0 -0.707107961 -0.707105637 0 -0.258822113 -0.965925038 0 -0.258822113 -0.965925038 0 -0.258822113 -0.965925038 0 -0.258819789 -0.965925634 0 0.258819789 -0.965925634 0 0.258819789 -0.965925634 0 0.258819789 -0.965925634 0 0.258819789 -0.965925634 0 0.707103312 -0.707110226 0 0.707103312 -0.707110226 0 0.707103312 -0.707110226 0 0.707112551 -0.707101047 0 0.707112551 -0.707101047 0 0.707112551 -0.707101047 0 0.96592474 -0.258823067 0 0.96592474 -0.258823067 0 0.96592474 -0.258823067 0 0.965924919 -0.258822501 0 0.96592474 0.258823067 0 0.96592474 0.258823067 0 0.96592474 0.258823067 0 0.965924919 0.258822501 0 0.707112551 0.707101047 0 0.707112551 0.707101047 0 0.707112551 0.707101047 0 0.707103312 0.707110226 0 0.707103312 0.707110226 0 0.707103312 0.707110226 0 0.258819789 0.965925634 0 0.258819789 0.965925634 0 0.258819789 0.965925634 0 0.258819789 0.965925634 0 -0.258819789 0.965925634 0 -0.258819789 0.965925634 0 -0.258819789 0.965925634 0 -0.258822113 0.965925038 0 -0.707107961 0.707105637 0 -0.707107961 0.707105637 0 -0.707107961 0.707105637 0 -0.707107961 0.707105637 0 -0.96592474 0.258823067 0 -0.96592474 0.258823067 0 -0.96592474 0.258823067 0 -0.965924919 0.258822501 0 -0.258818567 0.965925992 0 -0.258818567 0.965925992 0 -0.258818567 0.965925992 0 -0.258819073 0.965925872 0 -0.707105756 0.707107782 0 -0.707105756 0.707107782 0 -0.707105756 0.707107782 0 -0.707106829 0.707106829 0 -0.965925992 0.258818567 0 -0.965925992 0.258818567 0 -0.965925992 0.258818567 0 -0.96592617 0.25881806 0 0 1 0 0 1 0 0 1 0 0 1 0 -0.96592617 0.258817762 0 -0.96592617 0.258817762 0 -0.96592617 0.258817762 0 -0.965923071 0.258829325 0 -0.965923071 0.258829325 0 -0.965923071 0.258829325 0 -0.707109749 0.707103789 0 -0.707109749 0.707103789 0 -0.707109749 0.707103789 0 -0.707103074 0.707110584 0 -0.258821517 0.965925157 0 -0.258821517 0.965925157 0 -0.258821517 0.965925157 0 -0.258823842 0.965924621 0 -1 0 0 -1 0 0 -1 0 0 -1 0 0 -0.258818567 0.965925992 0 -0.258818567 0.965925992 0 -0.258818567 0.965925992 0 -0.258817554 0.96592617 0 -0.707105279 0.707108259 0 -0.707105279 0.707108259 0 -0.707105279 0.707108259 0 -0.707110286 0.707103252 0 -0.965924978 0.258821845 0 -0.965924978 0.258821845 0 -0.965924978 0.258821845 0 -0.965926349 0.258817136 0 0 1 0 0 1 0 0 1 0 0 1 0 0.478882849 0.877878785 0 0.478882849 0.877878785 0 0.478882849 0.877878785 0 0.478883475 0.877878487 0 0.165691614 0.986177623 0 0.165691614 0.986177623 0 0.165691614 0.986177623 0 0.165692374 0.986177444 0 0.617722273 0.786396265 0 0.617722273 0.786396265 0 0.617722273 0.786396265 0 0.61772126 0.786397099 0 0.253617138 0.967304707 0 0.253617138 0.967304707 0 0.253617138 0.967304707 0 0.253616244 0.967304945 0 0.407933652 0.913011551 0 0.407933652 0.913011551 0 0.407933652 0.913011551 0 0.407932252 0.913012147 0 0.551330626 0.834286928 0 0.551330626 0.834286928 0 0.551330626 0.834286928 0 0.551329076 0.834287941 0 0.173648477 0.984807789 0 0.173648477 0.984807789 0 0.173648477 0.984807789 0 0.173647761 0.984807849 0 0.973043799 0.23062031 0 0.973043799 0.23062031 0 0.973043799 0.23062031 0 0.973043919 0.230619922 0 0.766047359 0.642784238 0 0.766047359 0.642784238 0 0.766047359 0.642784238 0 0.766042113 0.642790437 0 0.396078587 0.918216646 0 0.396078587 0.918216646 0 0.396078587 0.918216646 0 0.396084189 0.918214202 0 -7.02815782e-07 0 1 -7.02815782e-07 0 1 -7.02815782e-07 0 1 0 0 1 1.55038765e-06 0 1 1.55038765e-06 0 1 1.55038765e-06 0 1 -2.38746907e-07 0 1 -2.18459192e-07 0 1 -3.77560809e-07 0 1 -3.77560809e-07 0 1 -3.77560809e-07 0 1 0 0 1 0 0 1 0 0 1 0 0 1 0 0 1 2.79760388e-06 0 1 0 0 1 2.3056482e-06 0 1 0 0 1 0 0 1 0 0 1 0 0 1 0 0 1 -2.24884866e-06 0 1 0 0 0.99999994 -4.95524432e-07 0 1 0 0 1 0 0 1 0 0 1 -4.19639122e-07 0 1 0 0 1 4.6659855e-07 0 1 -1.19737535e-06 0 1 3.77724518e-07 0 1 0 0 1 0 0 1 5.49045126e-07 0 1 0 0 1 0 0 1 4.8906968e-06 0 1 0 0 1 0 0 1 -4.11368234e-07 0 1 5.85289058e-07 0 1 0 0 1 0 0 1 -3.30438354e-07 0 1 0 0 0.99999994 2.78375774e-06 0 1 1.09652177e-07 0 1 -1.21934863e-05 0 1 -1.21934863e-05 0 1 -1.21934863e-05 0 1 1.09365635e-06 0 1 1.09365635e-06 0 1 1.09365635e-06 0 1 -2.76879462e-07 0 1 2.33330852e-07 0 1 0 0 0.99999994 7.94025752e-08 0 1 -2.8823722e-06 0 1 1 0 0 0.99999994 0 0 0 0 -0.99999994 0 0 -0.99999994 0 0 -0.99999994 1.52940657e-07 0 -1 2.74522336e-07 0 -1 2.0334511e-07 0 -1 2.0334511e-07 0 -1 2.0334511e-07 0 -1 4.89742831e-07 0 -1 4.89742831e-07 0 -1 4.89742831e-07 0 -1 0 0 -1 0 0 -1 0 0 -1 -5.64529228e-06 0 -1 -7.4490672e-06 0 -1 0 0 -0.99999994 1.39879705e-06 0 -1 0 0 -1 -2.30564569e-06 0 -1 9.99108806e-07 0 -1 0 0 -1 -8.3182357e-07 0 -1 -4.64585312e-08 0 -1 0 0 -0.99999994 0 0 -0.99999994 0 0 -1 -6.88849468e-07 0 -1 1.1940042e-06 0 -1 6.88849468e-07 0 -1 -3.44705086e-07 0 -1 0 0 -1 9.74495492e-07 0 -1 2.24884616e-06 0 -1 -4.75548495e-06 0 -1 -2.07071912e-06 0 -0.99999994 -2.07071912e-06 0 -0.99999994 -2.07071912e-06 0 -0.99999994 0 0 -1 2.41736825e-06 0 -1 0 0 -1 1.75353264e-07 0 -1 -2.36479067e-07 0 -1 0 0 -1 0 0 -1 0 0 -1 0 0 -1 0 0 -1 0 0 -1 -1.23230416e-06 0 -1 0 0 -1 -4.38608794e-07 0 -1 3.45145821e-07 0 -0.99999994 0 0 -1 0 0 -1 0 0 -1 0 0 -1 0 0 -1 -1.27952671e-06 0 -1 0 0 -1 1.21353037e-06 0 -1 -1 0 0 -1 0 0 -1 0 0 -0.99999994 0 0 -1 0 0 -1 -7.76099853e-07 0 -1 0 0 -1 3.88049926e-07 0 1 4.96706234e-05 0 1 4.96706234e-05 0 1 4.96706234e-05 0 1 3.10439464e-06 0 1 3.10439464e-06 0 1 3.10439464e-06 0 1 0 0 1 0 0 0 0.965923548 -0.258827329 0 0.965923548 -0.258827329 0 0.965923548 -0.258827329 0 0.965924561 -0.258823842 0 0.965924561 -0.258823842 0 0.965928376 -0.258809417 0 0.965928376 -0.258809417 0 0.965928376 -0.258809417 0 0.707108915 -0.707104623 0 0.707108915 -0.707104623 0 0.707108915 -0.707104623 0 0.707099617 -0.707113922 0 0.707099617 -0.707113922 0 0.707099617 -0.707113922 0 0.25881654 -0.965926528 0 0.25881654 -0.965926528 0 0.25881654 -0.965926528 0 0.25881657 -0.965926528 0 -0.96592623 0.258817375 0 -0.96592623 0.258817375 0 -0.96592623 0.258817375 0 -0.965926111 0.258818209 0 -0.965926111 0.258818209 0 -0.707108796 0.707104862 0 -0.707108796 0.707104862 0 -0.707108796 0.707104862 0 -0.707106411 0.707107127 0 -0.258819014 0.965925753 0 -0.258819014 0.965925753 0 -0.258819014 0.965925753 0 -0.258816719 0.965926409 -0.96592474 0.258823067 0 -0.96592474 0.258823067 0 -0.96592474 0.258823067 0 -0.965924919 0.258822501 0 -0.707107961 0.707105637 0 -0.707107961 0.707105637 0 -0.707107961 0.707105637 0 -0.707107961 0.707105637 0 -0.258822113 0.965925038 0 -0.258822113 0.965925038 0 -0.258822113 0.965925038 0 -0.258819789 0.965925634 0 0.258819789 0.965925634 0 0.258819789 0.965925634 0 0.258819789 0.965925634 0 0.258819789 0.965925634 0 0.707103312 0.707110226 0 0.707103312 0.707110226 0 0.707103312 0.707110226 0 0.707112551 0.707101047 0 0.707112551 0.707101047 0 0.707112551 0.707101047 0 0.96592474 0.258823067 0 0.96592474 0.258823067 0 0.96592474 0.258823067 0 0.965924919 0.258822501 0 0.96592474 -0.258823067 0 0.96592474 -0.258823067 0 0.96592474 -0.258823067 0 0.965924919 -0.258822501 0 0.707112551 -0.707101047 0 0.707112551 -0.707101047 0 0.707112551 -0.707101047 0 0.707103312 -0.707110226 0 0.707103312 -0.707110226 0 0.707103312 -0.707110226 0 0.258819789 -0.965925634 0 0.258819789 -0.965925634 0 0.258819789 -0.965925634 0 0.258819789 -0.965925634 0 -0.258819789 -0.965925634 0 -0.258819789 -0.965925634 0 -0.258819789 -0.965925634 0 -0.258822113 -0.965925038 0 -0.707107961 -0.707105637 0 -0.707107961 -0.707105637 0 -0.707107961 -0.707105637 0 -0.707107961 -0.707105637 0 -0.96592474 -0.258823067 0 -0.96592474 -0.258823067 0 -0.96592474 -0.258823067 0 -0.965924919 -0.258822501 0 -0.96592474 0.258823067 0 -0.96592474 0.258823067 0 -0.96592474 0.258823067 0 -0.965924919 0.258822501 0 -0.707107961 0.707105637 0 -0.707107961 0.707105637 0 -0.707107961 0.707105637 0 -0.707107961 0.707105637 0 -0.258819401 0.965925694 0 -0.258819401 0.965925694 0 -0.258819401 0.965925694 0 -0.258815855 0.965926647 0 0.258817106 0.965926349 0 0.258817106 0.965926349 0 0.258817106 0.965926349 0 0.25881815 0.965925992 0 0.707107961 0.707105637 0 0.707107961 0.707105637 0 0.707107961 0.707105637 0 0.707107961 0.707105637 0 0.96592474 0.258823067 0 0.96592474 0.258823067 0 0.96592474 0.258823067 0 0.965927243 0.258813888 0 0.965927124 -0.258814454 0 0.965927124 -0.258814454 0 0.965927124 -0.258814454 0 0.965924919 -0.258822501 0 0.707107961 -0.707105637 0 0.707107961 -0.707105637 0 0.707107961 -0.707105637 0 0.707107961 -0.707105637 0 0.258819789 -0.965925634 0 0.258819789 -0.965925634 0 0.258819789 -0.965925634 0 0.258819789 -0.965925634 0 -0.258817464 -0.96592617 0 -0.258817464 -0.96592617 0 -0.258817464 -0.96592617 0 -0.258822113 -0.965925038 0 -0.707107961 -0.707105637 0 -0.707107961 -0.707105637 0 -0.707107961 -0.707105637 0 -0.707107961 -0.707105637 0 -0.96592474 -0.258823067 0 -0.96592474 -0.258823067 0 -0.96592474 -0.258823067 0 -0.965924919 -0.258822501 0 -0.965925872 0.258818746 0 -0.965925872 0.258818746 0 -0.965925872 0.258818746 0 -0.965927243 0.258813888 0 -0.707105577 0.707107902 0 -0.707105577 0.707107902 0 -0.707105577 0.707107902 0 -0.707107961 0.707105637 0 -0.258819789 0.965925634 0 -0.258819789 0.965925634 0 -0.258819789 0.965925634 0 -0.258819193 0.965925753 0 0.258820385 0.965925515 0 0.258820385 0.965925515 0 0.258820385 0.965925515 0 0.258820385 0.965925515 0 0.707106769 0.707106769 0 0.707106769 0.707106769 0 0.707106769 0.707106769 0 0.707106769 0.707106769 0 0.965925336 0.258820891 0 0.965925336 0.258820891 0 0.965925336 0.258820891 0 0.965925992 0.25881815 0 0.965925872 -0.258818746 0 0.965925872 -0.258818746 0 0.965925872 -0.258818746 0 0.965925515 -0.258820325 0 0.707106769 -0.707106769 0 0.707106769 -0.707106769 0 0.707106769 -0.707106769 0 0.707106769 -0.707106769 0 0.258820385 -0.965925515 0 0.258820385 -0.965925515 0 0.258820385 -0.965925515 0 0.258820385 -0.965925515 0 -0.258819193 -0.965925753 0 -0.258819193 -0.965925753 0 -0.258819193 -0.965925753 0 -0.258819789 -0.965925634 0 -0.707107961 -0.707105637 0 -0.707107961 -0.707105637 0 -0.707107961 -0.707105637 0 -0.707105577 -0.707107902 0 -0.965927124 -0.258814454 0 -0.965927124 -0.258814454 0 -0.965927124 -0.258814454 0 -0.965925992 -0.25881815 0 0.396083534 0.91821456 0 0.396083534 0.91821456 0 0.396083534 0.91821456 0 0.396079272 0.918216228 0 0.766040623 0.642792046 0 0.766040623 0.642792046 0 0.766040623 0.642792046 0 0.766048729 0.642782569 0 0.766048729 0.642782569 0 0.766048729 0.642782569 0 0.973043799 0.23062031 0 0.973043799 0.23062031 0 0.973043799 0.23062031 0 0.973043919 0.230619922 0 0.173648477 0.984807789 0 0.173648477 0.984807789 0 0.173648477 0.984807789 0 0.173647761 0.984807849 0 0.551329672 0.834287405 0 0.551329672 0.834287405 0 0.551329672 0.834287405 0 0.551329911 0.834287286 0 0.407932252 0.913012147 0 0.407932252 0.913012147 0 0.407932252 0.913012147 0 0.407933652 0.913011551 0 0.253617138 0.967304707 0 0.253617138 0.967304707 0 0.253617138 0.967304707 0 0.253616244 0.967304945 0 0.617721856 0.786396682 0 0.617721856 0.786396682 0 0.617721856 0.786396682 0 0.617721736 0.786396742 0 0.165691614 0.986177623 0 0.165691614 0.986177623 0 0.165691614 0.986177623 0 0.165692374 0.986177444 0 0.478882849 0.877878785 0 0.478882849 0.877878785 0 0.478882849 0.877878785 0 0.478883475 0.877878487 0 0 1 0 0 1 0 0 1 0 0 1 0 -0.965926111 0.25881812 0 -0.965926111 0.25881812 0 -0.965926111 0.25881812 0 -0.965925276 0.258820832 0 -0.707109213 0.707104206 0 -0.707109213 0.707104206 0 -0.707109213 0.707104206 0 -0.707106292 0.707107306 0 -0.258817554 0.96592617 0 -0.258817554 0.96592617 0 -0.258817554 0.96592617 0 -0.258818567 0.965925992 0 -1 0 0 -1 0 0 -1 0 0 -1 0 0 -0.258824497 0.965924323 0 -0.258824497 0.965924323 0 -0.258824497 0.965924323 0 -0.258820802 0.965925336 0 -0.707103789 0.707109749 0 -0.707103789 0.707109749 0 -0.707103789 0.707109749 0 -0.707109034 0.707104504 0 -0.96592319 0.258828938 0 -0.96592319 0.258828938 0 -0.96592319 0.258828938 0 -0.965926051 0.25881812 0 -0.965926051 0.25881812 0 -0.965926051 0.25881812 0 0 1 0 0 1 0 0 1 0 0 1 0 -0.965925992 0.258818567 0 -0.965925992 0.258818567 0 -0.965925992 0.258818567 0 -0.96592617 0.25881806 0 -0.707105756 0.707107782 0 -0.707105756 0.707107782 0 -0.707105756 0.707107782 0 -0.707106829 0.707106829 0 -0.258819073 0.965925872 0 -0.258819073 0.965925872 0 -0.258819073 0.965925872 0 -0.258818567 0.965925992 0 -2.55905002e-06 0 -1 -2.55905002e-06 0 -1 -2.55905002e-06 0 -1 -4.25650001e-07 0 -1 0 0 -0.99999994 1.52940657e-07 0 -1 2.74522336e-07 0 -1 8.99593374e-07 0 -1 8.99593374e-07 0 -1 8.99593374e-07 0 -1 0 0 -1 -9.73368628e-07 0 -1 1.09652177e-07 0 -1 0 0 -1 1.6636485e-06 0 -1 1.6636485e-06 0 -1 1.6636485e-06 0 -1 -3.35927962e-06 0 -1 9.99108806e-07 0 -1 0 0 -1 1.21229755e-06 0 -1 0 0 -0.99999994 2.58700743e-06 0 -0.99999994 -1.86226589e-06 0 -1 0 0 -1 1.20575919e-06 0 -1 -1.37464417e-06 0 -1 0 0 -0.99999994 0 0 -0.99999994 0 0 -0.99999994 0 0 -1 0 0 -1 -6.88849468e-07 0 -1 0 0 -1 6.88849468e-07 0 -1 2.0682306e-07 0 -1 1.27277315e-06 0 -1 0 0 -1 0 0 -1 1.18887124e-06 0 -1 -7.98986264e-07 0 -1 3.2535138e-06 0 -1 -2.8823722e-06 0 -1 0 0 -1 1.80626969e-07 0 -1 1.80626969e-07 0 -1 1.80626969e-07 0 -1 0 0 -1 -8.38297183e-08 0 -1 0 0 -1 0 0 -1 -1.76323306e-06 0 -1 0 0 -1 -6.09666859e-06 0 -0.99999994 -6.09666859e-06 0 -0.99999994 0 0 -1 -4.59057475e-07 0 -1 0 0 -0.99999994 -4.19101639e-07 0 -1 2.41736825e-06 0 -1 -7.53788285e-08 0 -0.99999994 -1 0 0 -1 0 0 6.87057309e-06 0 1 6.87057309e-06 0 1 6.87057309e-06 0 1 5.49045126e-07 0 1 5.49045126e-07 0 1 5.49045126e-07 0 1 1.52940657e-07 0 1 0 0 1 0 0 1 -8.2123388e-06 0 1 0 0 1 0 0 1 0 0 1 0 0 1 -7.32879926e-06 0 1 -7.32879926e-06 0 1 -7.32879926e-06 0 1 3.51407635e-07 0 1 4.66662556e-07 0 1 0 0 1 0 0 1 -2.78706011e-07 0 1 0 0 1 1.1940042e-06 0 1 -5.09105348e-06 0 1 0 0 1 2.24884866e-06 0 1 1.9489928e-06 0 0.99999994 9.91048864e-07 0 1 3.19595006e-06 0 1 0 0 1 0 0 1 0 0 1 0 0 1 0 0 0.99999994 0 0 0.99999994 0 0 1 -3.28956531e-07 0 1 -7.02815782e-07 0 1 -4.66660936e-07 0 1 2.44870989e-07 0 1 -1.73334265e-05 0 1 -1.73334265e-05 0 1 -1.73334265e-05 0 1 2.06196637e-06 0 1 2.06196637e-06 0 1 0 0 1 1.42900626e-06 0 1 -5.64779668e-07 0 1 3.19932178e-06 0 1 0 0 1 2.79760388e-06 0 1 0 0 1 2.3056482e-06 0 1 0 0 1 0 0 1 0 0 1 0 0 1 -2.1873127e-06 0 1 -2.76879462e-07 0 1 0 0 1 6.79685343e-07 0 1 -1.51090262e-06 0 0.99999994 1.04770345e-06 0 1 0 0 1 0 0 1 0.99999994 0 0 0.99999994 0 0 1 0 0 0 -1 0 0 -1 0 0 -1 0 0 -1 1.34612341e-12 0 -1 0 0 -1 0 0 -1 0 0 -1 0 0 -1 0 0 -0.99999994 0 0 -1 0 0 -1 0 0 -1 0 0 -0.99999994 0 0 -1 0 0 -0.99999994 0 0 -0.99999994 0 0 -0.99999994 0 0 -0.99999994 0 0 -0.99999994 0 0 -1 0 0 -0.99999994 0 0 -1 0 0 -1 0 0 -0.99999994 0 0 -1 0 0 -1 0 0 -1 0 0 -1 0 0 0.997777641 0.0666325241 0 0.997777641 0.0666325241 0 0.997777641 0.0666325241 0 0.997777045 0.0666407496 0 0.997777343 0.0666358918 0 1 0 0 1 0 0 1 0 0 1 0 0 1 0 0 1 0 0 0.99999994 0 0 1 2.27910122e-14 0 1 0 0 1 0 0 1 0 0 0.99999994 0 0 0.99999994 0 0 0.99999994 0 0 1 0 0 1 0 0 1 0 0 1 0 0 1 0 0 0.99999994 0 0 1 0 0 1 0 0 1 0 0 0.99999994 0 0 1 0 0 0.99999994 0 0 1 0 0 1 0 0 1 0 0 0.997777343 -0.0666368902 0 0.997777343 -0.0666368902 0 0.997777343 -0.0666368902 0 0.997777581 -0.0666325167 0 0.997777343 -0.0666358918 1 0 0 1 0 0 1 0 0 1 -8.83915021e-08 0 1 -8.83915021e-08 0 1 -8.83915021e-08 0 0.99999994 0 0 0.99999994 0 0 0.99999994 0 0 1 -3.14833983e-07 0 1 -3.14833983e-07 0 1 -3.14833983e-07 0 1 1.93943379e-07 0 1 1.93943379e-07 0 1 1.93943379e-07 0 0.99999994 -7.62768707e-07 0 0.99999994 -7.62768707e-07 0 0.99999994 -7.62768707e-07 0 1 0 0 1 0 0 1 0 0 0.99999994 0 0 1 0 0 1 0 0 1 0 0 1 0 0 1 0 0 1 0 0 1 0 0 1 0 0 1 0 0 1 0 0 1 0 0 1 0 0 1 0 0 1 0 0 1 0 0 1 0 0 1 0 0 1 0 0 1 0 0 1 0 0 1 0 0 1 0 0 1 0 0 1 0 0 1 0 0 1 0 0 1 0 0 0.99999994 0 0 0.99999994 0 0 0.99999994 0 0 0.99999994 0 0 1 -2.41417602e-05 0 1 -2.41417602e-05 0 1 -2.41417602e-05 0 1 -7.23373375e-07 0 1 -7.23373375e-07 0 1 -7.23373375e-07 0 1 0 0 0.99999994 5.71709506e-06 0 1 1.81060329e-07 0 1 0 0 0.99999994 0 0 1 0 0 1 0 0 1 -8.90967016e-08 0 1 2.73211178e-08 0 1 2.73211178e-08 0 1 2.73211178e-08 0 1 0 0 1 -1.45699872e-07 0 1 0 0 1 -4.87815015e-08 0 1 0 0 1 0 0 1 0 0 1 0 0 1 0 0 1 -1.57631263e-07 0 0.99999994 0 0 1 0 0 0.99999994 0 0 0.99999994 0 0 0.99999994 0 0 1 0 0 1 0 0 1 8.01987881e-08 0 1 3.61686944e-07 0 1 3.61686944e-07 0 1 3.61686944e-07 0 1 -7.54460189e-07 0 1 0 0 1 0 0 1 0 0 1 0 0 1 -1.74837893e-07 0 0.99999994 0 0 0.99999994 0 0 0.99999994 0 0 1 0 0 1 -1.57631263e-07 0 1 0 0 1 0 0 1 0 0 1 0 0 1 0 0 1 0 0 0.99999994 0 0 1 0 0 1 0 0 1 0 0 1 0 0 1 0 0 1 0 0 1 0 0 1 -1.40905087e-07 0 1 0 0 1 0 0 1 0 0 1 0 0 0.99999994 0 0 0.99999994 0 0 0.99999994 0 0 0.99999994 0 0 0.99999994 0 0 0.99999994 0 0 0.99999994 0 0 1 7.14510293e-07 0 1 5.15271843e-08 0 0.99999994 0 0 1 7.98121818e-08 0 1 -8.67523724e-08 0 1 0 0 1 -3.99248762e-07 0 1 -3.99248762e-07 0 1 -3.99248762e-07 0 0.99999994 0 0 0.99999994 0 0 0.99999994 0 0 0.99999994 0 0 1 -2.39434939e-07 0 1 0 0 1 0 0 1 -1.65660779e-07 0 1 0 0 1 1.88297676e-07 0 1 4.67744343e-07 0 1 0 0 1 0 0 1 0 0 1 0 0 1 0 0 1 0 0 1 -8.48234151e-07 0 1 -8.48234151e-07 0 1 -8.48234151e-07 0 1 4.67746105e-07 0 1 4.67746105e-07 0 1 0 0 1 0 0 1 0 0 0.99999994 0 0 1 0 0 1 -1.71761812e-07 0 1 -1.71761812e-07 0 1 -1.71761812e-07 0 1 0 0 1 7.96962638e-07 0 1 7.96962638e-07 0 1 -1.95020121e-07 0 0.99999994 0 0 1 0 0 1 0 0 1 0 0 1 5.22336698e-08 0 1 0 0 1 0 0 1 0 0 1 2.5041092e-07 0 1 -2.43881658e-07 0 0.99999994 7.87031581e-07 0 0.99999994 4.77021658e-08 0 1 -9.39272269e-08 0 0.99999994 0 0 1 0 0 1 2.80426502e-06 0 1 0 0 1 0 0 1 0 0 0.99999994 9.40039016e-08 0 1 0 0 1 0 0 1 0 0 1 -5.79546864e-08 0 1 0 0 1 0 0 0.99999994 0 0 1 0 0 0.99999994 0 0 1 5.60476224e-07 0 1 -8.40286702e-07 0 1 -8.40286702e-07 0 1 0 0 1 0 0 1 0 0 1 0 0 1 0 0 1 0 0 1 0 0 1 0 0 1 0 0 1 0 0 1 -8.76126251e-07 0 0.99999994 0 0 1 0 0 1 -8.27889949e-07 0 1 -8.27889949e-07 0 1 -8.27889949e-07 0 0.99999994 2.59566036e-07 0 1 0 0 1 0 0 1 0 0 1 -8.90020203e-07 0 1 0 0 0.99999994 0 0 1 0 0 1 0 0 1 0 0 1 0 0 1 0 0 1 -4.54055083e-07 0 1 8.40286702e-07 0 1 8.40286702e-07 0 1 0 0 1 0 0 1 0 0 1 0 0 1 8.76126251e-07 0 1 8.76126251e-07 0 1 8.76126251e-07 0 1 -2.66295416e-07 0 1 0 0 1 0 0 1 0 0 1 0 0 0.99999994 -2.59566036e-07 0 0.99999994 -2.59566036e-07 0 0.99999994 -2.59566036e-07 0 1 0 0 1 0 0 1 0 0 1 0 0 1 0 0 0.99999994 0 0 0.99999994 0 0 1 0 0 1 1.78004007e-06 0 1 0 0 1 0 0 1 0 0 1 0 0 1 0 0 1 0 0 1 0 0 1 6.93901256e-08 0 1 0 0 1 -6.93901256e-08 0 1 0 0 1 0 0 1 -6.10004065e-08 0 1 0 0 0.99999994 6.62532784e-08 0 1 2.7756036e-07 0 1 0 0 1 2.08170263e-07 0 0.99999994 0 0 1 0 0 1 0 0 1 0 0 1 0 0 1 -6.93901256e-08 0 1 6.93901256e-08 0 1 -1.01598584e-06 0 1 -1.01598584e-06 0 1 -1.01598584e-06 0 1 -1.01598596e-06 0 1 1.6943406e-07 0 1 1.6943406e-07 0 1 0 0 1 1.69434031e-07 0 1 0 0 1 -1.28641545e-07 0 1 2.34760265e-07 0 0.99999994 0 0 1 2.34760265e-07 0 1 -1.28641545e-07 0 1 0 0 1 1.3019816e-07 0 1 -6.14698266e-08 0 1 0 0 1 0 0 1 -8.72247938e-07 0 1 -7.01410841e-07 0 1 0 0 1 -1.91479913e-07 0 1 0 0 1 0 0 1 0 0 1 8.6903178e-08 0 1 0 0 1 0 0 0.99999994 -2.4804433e-06 0 0.99999994 -2.4804433e-06 0 1 0 0 0.99999994 3.1187534e-07 0 1 2.662957e-07 0 1 0 0 0.99999994 0 0 1 0 0 1 0 0 1 0 0 1 0 0 0.99999994 0 0 1 0 0 1 0 0 1 0 0 1 0 0 1 0 0 1 -3.68447104e-08 0 1 -6.21851868e-08 0 1 0 0 1 0 0 1 0 0 1 0 0 1 1.70108763e-07 0 1 -1.75352952e-07 0 1 0 0 1 0 0 1 1.5708153e-07 0 1 0 0 1 0 0 1 0 0 0.99999994 -1.26997151e-07 0 0.99999994 -1.26997151e-07 0 1 0 0 0.99999994 1.26997151e-07 0 1 0 0 1 4.7056389e-07 0 1 -2.57429406e-07 0 1 2.57429406e-07 0 1 -4.7056389e-07 0 1 -1.22973717e-07 0 0.99999994 0 0 1 0 0 1 0 0 1 1.80128995e-06 0 1 1.80128995e-06 0 1 0 0 1 0 0 1 0 0 1 0 0 1 0 0 1 3.23349695e-07 0 1 3.23349695e-07 0 1 3.23349695e-07 0 1 0 0 1 0 0 1 0 0 1 0 0 1 0 0 1 0 0 1 0 0 1 -2.9929322e-07 0 1 0 0 1 -3.23349695e-07 0 1 7.73139774e-08 0 1 1.57485871e-07 0 1 -1.57485871e-07 0 1 0 0 1 0 0 1 0 0 1 0 0 1 0 0 1 0 0 1 0 0 1 -3.92848904e-07 0 1 -3.92848904e-07 0 1 2.51771468e-07 0 1 0 0 1 0 0 1 -1.83428625e-07 0 1 0 0 1 0 0 1 0 0 1 0 0 1 0 0 1 0 0 1 0 0 1 0 0 1 0 0 1 -2.08170263e-07 0 1 -2.08170263e-07 0 1 0 0 1 0 0 1 0 0 1 0 0 1 0 0 1 0 0 1 0 0 1 5.03541912e-07 0 1 5.03541912e-07 0 1 0 0 1 0 0 1 0 0 1 -9.66105176e-07 0 1 2.5387078e-07 0 1 0 0 1 0 0 0.99999994 0 0 0.99999994 -1.87576291e-07 0 1 0 0 1 -9.82120696e-08 0 1 1.71734442e-07 0 0.99999994 -2.08167833e-07 0 1 -1.91823304e-07 0 1 1.25406132e-07 0 1 0 0 1 0 0 1 0 0 1 3.97598257e-07 0 1 3.97598257e-07 0 1 -1.25989732e-06 0 1 -1.25989732e-06 0 1 -1.25989732e-06 0 1 0 0 1 2.42512129e-07 0 1 -2.24470142e-07 0 1 0 0 1 0 0 1 -2.24470142e-07 0 1 2.42512129e-07 0 0.99999994 0 0 1 2.0324542e-07 0 1 0 0 0.99999994 0 0 1 0 0 1 0 0 1 0 0 1 0 0 1 0 0 1 0 0 1 0 0 1 0 0 1 0 0 1 0 0 1 0 0 1 0 0 -1 0 0 -1 0 0 -1 0 0 -1 0 0 -1 0 0 -1 0 0 -1 0 0 -1 0 0 -1 0 0 -1 0 0 -1 0 0 -1 0 0 -1 0 0 -1 0 0 -1 0 0 -1 0 0 -1 0 0 -1 0 0 -1 0 0 -1 0 0 -1 0 0 -1 0 0 -1 0 0 -1 0 0 -1 0 0 -1 0 0 -1 0 0 -1 0 0 -1 0 0 -1 0 0 -1 0 0 -1 0 0 -1 0 0 -1 0 0 -1 0 -1.42444048e-15 -1 0 -1.42444048e-15 -1 0 -1.42444048e-15 -1 0 -1.42443678e-15 -1 0 0 -1 0 0 -1 0 0 -0.99999994 0 0 -0.99999994 0 0 -0.99999994 0 0 -1 0 0 -0.99999994 0 0 -1 0 0 -1 0 0 -1 0 0 -1 0 0 -1 0 0 -1 0 0 -1 0 0 -1 0 0 -1 0 0 -1 0 0 -1 0 0 -1 0 0 -1 0 0 -1 0 0 -1 0 0 -1 0 0 -1 0 0 -1 1.42442916e-15 -1.38028017e-14 -1 1.42442916e-15 -1.38028017e-14 -1 1.95479407e-15 -7.29537958e-15 -0.99999994 0 0 -0.99999994 0 0 -0.99999994 0 0 -1 0 0 -1 0 0 -0.99999994 0 0 -1 0 0 -1 0 0 -1 0 0 -1 0 0 -1 0 0 -1 0 0 -1 0 0 -1 0 0 -1 0 0 -1 0 0 -1 0 0 -1 0 0 -1 0 0 -1 0 0 -0.99999994 0 0 -1 0 0 -1 0 0 -1 0 0 -0.99999994 0 0 -1 0 0 -1 0 0 -1 0 0 -0.99999994 0 0 -1 0 0 -1 0 0 -0.99999994 -8.59002455e-15 -3.24943607e-15 -1 1.38028847e-14 -1.42443763e-15 -1 0 0 -1 0 0 -0.99999994 3.39369658e-15 -4.64178036e-15 -0.99999994 0 0 -0.99999994 0 0 -0.99999994 0 0 -1 0 0 -1 0 0 -0.99999994 0 0 -1 0 0 -1 0 0 -1 0 0 -1 0 0 -1 3.49561722e-14 -2.84887525e-15 -1 2.43890114e-15 -6.20464085e-15 -1 0 0 -1 0 0 -1 0 0 -1 4.7648894e-15 -4.76490168e-15 -1 4.71448247e-15 0 -1 7.72286631e-16 -2.88220833e-15 -0.99999994 -6.2953801e-15 1.68684706e-15 -0.99999994 -6.2953801e-15 1.68684706e-15 -0.99999994 -6.2953801e-15 1.68684706e-15 -1 2.21513155e-15 -4.9575733e-15 -1 0 0 -0.99999994 0 0 -1 0 0 -0.99999994 0 0 -0.99999994 0 0 -0.99999994 0 0 -1 0 0 -1 0 0 -1 9.97552904e-15 -8.22404448e-15 -1 9.97552904e-15 -8.22404448e-15 -1 9.97552904e-15 -8.22404448e-15 -1 0 0 -1 0 0 -0.99999994 0 0 -1 0 0 -1 0 0 -1 0 0 -1 0 0 -1 9.38054938e-15 -3.0376052e-15 -1 9.38054938e-15 -3.0376052e-15 -0.99999994 0 0 -1 0 0 -1 0 0 -1 0 0 -1 0 0 -1 0 0 -1 0 0 -0.99999994 0 0 -0.99999994 0 0 -1 0 0 -1 0 0 -1 0 0 -1 0 0 -1 0 0 -1 0 0 -1 0 0 -0.99999994 0 0 -0.99999994 0 0 -0.99999994 0 0 -1 0 0 -1 0 0 -1 0 0 -1 0 0 -1 0 0 -1 0 0 -1 0 0 -1 0 0 -1 0 0 -1 0 0 -1 0 0 -1 0 0 -1 0 0 -1 0 0 -1 0 0 -1 0 0 -0.99999994 0 0 -1 0 0 -1 0 0 -1 0 0 -0.99999994 6.99673313e-15 -5.86212974e-16 -0.99999994 6.99673313e-15 -5.86212974e-16 -0.99999994 6.99673313e-15 -5.86212974e-16 -1 0 0 -0.99999994 0 0 -1 0 0 -1 0 0 -1 0 0 -1 0 0 -1 0 0 -1 -1.46659964e-15 -5.4734367e-15 -1 -1.46659964e-15 -5.4734367e-15 -1 -1.46659964e-15 -5.4734367e-15 -1 4.93659441e-15 2.29346092e-15 -1 0 0 -1 0 0 -1 4.68381607e-15 -2.89915513e-15 -1 0 0 -1 0 0 -0.99999994 0 0 -1 0 0 -1 0 0 -1 0 0 -1 0 0 -1 0 0 -1 0 0 -1 0 0 -1 0 0 -1 0 0 -1 0 0 -1 0 0 -1 0 0 -1 0 0 -1 0 0 -1 0 0 -1 0 0 -1 0 0 -1 0 0 -1 0 0 -1 0 0 -1 0 0 -1 0 0 -1 0 0 -1 0 0 -0.99999994 0 0 -1 0 0 -1 0 0 -1 0 0 -0.99999994 0 0 -0.99999994 0 0 -1 0 0 -1 0 0 -1 0 0 -1 0 0 -1 0 0 -1 0 0 -1 0 0 -1 0 0 -1 0 0 -1 0 0 -1 0 0 -1 0 0 -1 0 0 -1 0 0 -1 0 0 -1 0 0 -1 0 0 -1 0 0 -1 0 0 -1 -3.46354716e-15 -4.21185693e-15 -1 2.82184198e-15 -1.424439e-15 -1 0 0 -1 0 0 -0.99999994 0 0 -1 0 0 -1 0 0 -1 0 0 -0.99999994 0 0 -1 0 0 -1 0 -3.04581846e-15 -1 -9.3464292e-15 -2.63555297e-15 -1 0 0 -1 0 0 -1 0 0 -1 0 0 -1 0 0 -1 0 0 -1 0 0 -1 0 0 -1 0 0 -1 0 0 -1 0 0 -1 0 0 -1 0 0 -1 0 0 -1 0 0 -1 0 0 -1 0 0 -1 0 0 -1 0 0 -1 0 0 -1 0 0 -1 0 0 -1 0 0 -1 0 0 -1 0 0 -1 3.04581698e-15 0 -1 3.04581698e-15 0 -1 3.64252162e-15 1.35940657e-14 -1 7.47585435e-15 0 -1 7.96579938e-15 9.44509711e-16 -1 0 0 -1 0 0 -1 0 0 -1 0 0 -1 1.05614378e-15 -3.94158269e-15 -1 1.05614378e-15 -3.94158269e-15 -1 1.05614378e-15 -3.94158269e-15 -1 0 0 -1 0 0 -1 0 0 -1 0 0 -1 0 0 -1 0 0 -0.99999994 0 0 -1 0 0 -1 0 0 -1 0 0 -1 0 0 -1 0 0 -1 0 0 -1 0 0 -1 0 0 -1 0 0 -1 0 0 -0.99999994 0 0 -1 0 0 -1 0 0 -1 0 0 -1 0 0 -1 0 0 -1 0 0 -1 0 0 -1 0 0 -1 0 0 -1 0 0 -1 0 0 -1 0 0 -1 0 0 -0.99999994 0 0 -1 0 0 -1 0 0 -1 0 0 -1 0 0 -0.99999994 0 0 -1 0 0 -1 0 0 -1 0 0 -1 0 0 -1 0 0 -1 0 0 -1 0 0 -1 0 0 -1 0 0 -1 0 0 -1 0 0 -1 0 0 -1 0 0 -1 0 0 -1 0 0 -1 0 0 -1 0 0 -0.99999994 0 0 -1 0 0 -1 0 0 -1 0 0 -0.99999994 0 0 -1 0 0 -1 0 0 -1 0 0 -0.99999994 0 0 -1 0 0 -1 0 0 -0.99999994 0 0 -1 0 0 -1 0 0 -1 0 0 -1 0 0 -0.99999994 0 0 -1 0 0 -1 0 0 -1 0 0 -1 0 0 -1 0 0 -1 0 0 -1 0 0 -1 0 0 -1 0 0 -1 0 0 -1 0 0 -1 0 0 -1 0 0 -1 0 0 -1 0 0 -1 0 0 -1 0 0 -1 0 0 -1 0 0 -1 0 0 -1 0 0 -1 0 0 -1 0 0 -1 0 0 -1 -5.9922088e-15 -5.33325571e-15 -1 5.99221007e-15 -5.33325698e-15 -1 0 0 -1 0 0 -1 0 0 -1 0 0 -1 0 0 -1 0 0 -1 0 0 -0.99999994 0 0 -1 0 0 -0.99999994 0 0 -1 0 0 -1 0 0 -1 0 0 -1 0 0 -1 0 0 -1 0 0 -1 0 0 -1 0 0 -1 0 0 -1 0 0 -1 0 0 -1 0 0 -0.99999994 0 0 -1 0 0 -1 0 0 -1 0 0 -1 0 0 -1 0 0 -1 0 0 -1 0 0 -1 0 0 -1 0 0 -1 1.42443858e-15 0 -1 1.05614294e-15 -3.94158396e-15 -1 1.05614294e-15 -3.94158396e-15 -1 1.05614294e-15 -3.94158396e-15 -1 1.05614262e-15 3.94158269e-15 -1 1.05614262e-15 3.94158269e-15 -1 7.55872297e-15 1.92000007e-15 -1 0 0 -1 0 0 -1 0 0 -1 0 0 -1 0 0 -1 0 0 -1 0 0 -1 0 0 -1 0 0 -1 0 0 -0.99999994 0 0 -1 0 0 -1 0 0 -1 0 0 -0.99999994 0 0 -1 1.21270618e-15 0 -1 1.21270554e-15 0 -1 0 -1.42443773e-15 -1 0 0 -1 0 0 -1 0 0 -1 0 0 -1 0 0 -1 0 0 -0.99999994 0 0 -0.99999994 0 0 -1 0 0 -1 0 0 -1 0 0 -0.99999994 0 0 -1 0 0 -1 0 0 -1 1.21270459e-15 0 0.0263393074 -0.706860542 0.70686245 0.0263393074 -0.706860542 0.70686245 0.0263393074 -0.706860542 0.70686245 0.0263392478 -0.706861734 0.706861138 0.000726957456 -0.584288478 0.811545789 0.000726957456 -0.584288478 0.811545789 0.000726957456 -0.584288478 0.811545789 0.000726266822 -0.811548233 0.584284842 0.000726266822 -0.811548233 0.584284842 0.000726266822 -0.811548233 0.584284842 0 -0.86371243 0.503984928 0 -0.86371243 0.503984928 0 -0.86371243 0.503984928 0 -0.965925634 0.258819908 0 -0.965925634 0.258819908 0 -0.965925634 0.258819908 0 -0.96592617 0.258817643 0 -0.96592617 -0.258817643 0 -0.96592617 -0.258817643 0 -0.96592617 -0.258817643 0 -0.965925634 -0.258819908 0 -0.707107723 -0.707105994 0 -0.707107723 -0.707105994 0 -0.707107723 -0.707105994 0 -0.707107723 -0.707105994 0 -0.258819103 -0.965925872 0 -0.258819103 -0.965925872 0 -0.258819103 -0.965925872 0 -0.258818477 -0.965925992 0 0.258818477 -0.965925992 0 0.258818477 -0.965925992 0 0.258818477 -0.965925992 0 0.258819669 -0.965925634 0 0.707106411 -0.707107127 0 0.707106411 -0.707107127 0 0.707106411 -0.707107127 0 0.707106411 -0.707107127 0 0.96592617 -0.258817643 0 0.96592617 -0.258817643 0 0.96592617 -0.258817643 0 0.965925634 -0.258819908 0 0.965925634 0.258819908 0 0.965925634 0.258819908 0 0.965925634 0.258819908 0 0.96592617 0.258817643 0 0.707105875 0.707107663 0 0.707105875 0.707107663 0 0.707105875 0.707107663 0 0.707105875 0.707107663 0 0.258819669 0.965925634 0 0.258819669 0.965925634 0 0.258819669 0.965925634 0 0.258818477 0.965925992 0 -0.258818477 0.965925992 0 -0.258818477 0.965925992 0 -0.258818477 0.965925992 0 -0.258819103 0.965925872 0 -0.50394088 0.86373806 0 -0.50394088 0.86373806 0 -0.50394088 0.86373806 0.00193051645 0.707105756 0.70710516 0.00193051645 0.707105756 0.70710516 0.00193051645 0.707105756 0.70710516 0.0405475795 0.767997563 0.639167905 0.0405475795 0.767997563 0.639167905 0.0405475795 0.767997563 0.639167905 0.000726957456 0.584288478 0.811545789 0.000726957456 0.584288478 0.811545789 0.000726957456 0.584288478 0.811545789 0 0.50394088 0.86373806 0 0.50394088 0.86373806 0 0.50394088 0.86373806 0 0.258819103 0.965925872 0 0.258819103 0.965925872 0 0.258819103 0.965925872 0 0.258818477 0.965925992 0 -0.258818477 0.965925992 0 -0.258818477 0.965925992 0 -0.258818477 0.965925992 0 -0.258819669 0.965925634 0 -0.707105875 0.707107663 0 -0.707105875 0.707107663 0 -0.707105875 0.707107663 0 -0.707105875 0.707107663 0 -0.96592617 0.258817643 0 -0.96592617 0.258817643 0 -0.96592617 0.258817643 0 -0.965925634 0.258819908 0 -0.965925634 -0.258819908 0 -0.965925634 -0.258819908 0 -0.965925634 -0.258819908 0 -0.96592617 -0.258817643 0 -0.707106411 -0.707107127 0 -0.707106411 -0.707107127 0 -0.707106411 -0.707107127 0 -0.707106411 -0.707107127 0 -0.258819669 -0.965925634 0 -0.258819669 -0.965925634 0 -0.258819669 -0.965925634 0 -0.258818477 -0.965925992 0 0.258818477 -0.965925992 0 0.258818477 -0.965925992 0 0.258818477 -0.965925992 0 0.258819103 -0.965925872 0 0.707107723 -0.707105994 0 0.707107723 -0.707105994 0 0.707107723 -0.707105994 0 0.707107723 -0.707105994 0 0.965925634 -0.258819908 0 0.965925634 -0.258819908 0 0.965925634 -0.258819908 0 0.96592617 -0.258817643 0 0.96592617 0.258817643 0 0.96592617 0.258817643 0 0.96592617 0.258817643 0 0.965925634 0.258819908 0 0.86371243 0.503984928 0 0.86371243 0.503984928 0 0.86371243 0.503984928 0 0.258818477 0.965925992 0 0.258818477 0.965925992 0 0.258818477 0.965925992 0 0.258819103 0.965925872 0 0.707107723 0.707105994 0 0.707107723 0.707105994 0 0.707107723 0.707105994 0 0.707107723 0.707105994 0 0.965925634 0.258819908 0 0.965925634 0.258819908 0 0.965925634 0.258819908 0 0.96592617 0.258817643 0 0.96592617 -0.258817643 0 0.96592617 -0.258817643 0 0.96592617 -0.258817643 0 0.965925634 -0.258819908 0 0.707107067 -0.707106471 0 0.707107067 -0.707106471 0 0.707107067 -0.707106471 0 0.707107067 -0.707106471 0 0.258819103 -0.965925872 0 0.258819103 -0.965925872 0 0.258819103 -0.965925872 0 0.258818477 -0.965925992 0 -0.258818477 -0.965925992 0 -0.258818477 -0.965925992 0 -0.258818477 -0.965925992 0 -0.258819669 -0.965925634 0 -0.707105875 -0.707107663 0 -0.707105875 -0.707107663 0 -0.707105875 -0.707107663 0 -0.707105875 -0.707107663 0 -0.96592617 -0.258817643 0 -0.96592617 -0.258817643 0 -0.96592617 -0.258817643 0 -0.965925634 -0.258819908 0 -0.965925634 0.258819908 0 -0.965925634 0.258819908 0 -0.965925634 0.258819908 0 -0.96592617 0.258817643 0 -0.707106411 0.707107127 0 -0.707106411 0.707107127 0 -0.707106411 0.707107127 0 -0.707106411 0.707107127 0 -0.258819669 0.965925634 0 -0.258819669 0.965925634 0 -0.258819669 0.965925634 0 -0.258818477 0.965925992 0.00072613376 -0.811548233 -0.584284842 0.00072613376 -0.811548233 -0.584284842 0.00072613376 -0.811548233 -0.584284842 0.0405480191 -0.639169037 -0.767996669 0.0405480191 -0.639169037 -0.767996669 0.0405480191 -0.639169037 -0.767996669 0.00193020725 -0.707105756 -0.70710516 0.00193020725 -0.707105756 -0.70710516 0.00193020725 -0.707105756 -0.70710516 0 -0.50394088 -0.86373806 0 -0.50394088 -0.86373806 0 -0.50394088 -0.86373806 0 -0.258819103 -0.965925872 0 -0.258819103 -0.965925872 0 -0.258819103 -0.965925872 0 -0.258818477 -0.965925992 0 0.258818477 -0.965925992 0 0.258818477 -0.965925992 0 0.258818477 -0.965925992 0 0.258819669 -0.965925634 0 0.707105875 -0.707107663 0 0.707105875 -0.707107663 0 0.707105875 -0.707107663 0 0.707105875 -0.707107663 0 0.96592617 -0.258817643 0 0.96592617 -0.258817643 0 0.96592617 -0.258817643 0 0.965925634 -0.258819908 0 0.965925634 0.258819908 0 0.965925634 0.258819908 0 0.965925634 0.258819908 0 0.96592617 0.258817643 0 0.707106411 0.707107127 0 0.707106411 0.707107127 0 0.707106411 0.707107127 0 0.707106411 0.707107127 0 0.258819669 0.965925634 0 0.258819669 0.965925634 0 0.258819669 0.965925634 0 0.258818477 0.965925992 0 -0.258818477 0.965925992 0 -0.258818477 0.965925992 0 -0.258818477 0.965925992 0 -0.258819103 0.965925872 0 -0.707107723 0.707105994 0 -0.707107723 0.707105994 0 -0.707107723 0.707105994 0 -0.707107723 0.707105994 0 -0.965925634 0.258819908 0 -0.965925634 0.258819908 0 -0.965925634 0.258819908 0 -0.96592617 0.258817643 0 -0.96592617 -0.258817643 0 -0.96592617 -0.258817643 0 -0.96592617 -0.258817643 0 -0.965925634 -0.258819908 0 -0.86371243 -0.503984928 0 -0.86371243 -0.503984928 0 -0.86371243 -0.503984928 0 0.258819103 0.965925872 0 0.258819103 0.965925872 0 0.258819103 0.965925872 0 0.258819103 0.965925872 0 0.707107067 0.707106531 0 0.707107067 0.707106531 0 0.707107067 0.707106531 0 0.707106411 0.707107127 0 0.965925872 0.258819073 0 0.965925872 0.258819073 0 0.965925872 0.258819073 0 0.965925872 0.258819073 0 0.965925872 -0.258818775 0 0.965925872 -0.258818775 0 0.965925872 -0.258818775 0 0.965925872 -0.258818775 0 0.707106411 -0.707107127 0 0.707106411 -0.707107127 0 0.707106411 -0.707107127 0 0.707107067 -0.707106531 0 0.258819103 -0.965925872 0 0.258819103 -0.965925872 0 0.258819103 -0.965925872 0 0.258819103 -0.965925872 0 -0.258818805 -0.965925932 0 -0.258818805 -0.965925932 0 -0.258818805 -0.965925932 0 -0.258819103 -0.965925872 0 -0.707107067 -0.707106531 0 -0.707107067 -0.707106531 0 -0.707107067 -0.707106531 0 -0.707106709 -0.707106769 0 -0.965925872 -0.258818775 0 -0.965925872 -0.258818775 0 -0.965925872 -0.258818775 0 -0.965925813 -0.258819342 0 -0.965925753 0.25881964 0 -0.965925753 0.25881964 0 -0.965925753 0.25881964 0 -0.965925872 0.258819073 0 -0.707106709 0.707106769 0 -0.707106709 0.707106769 0 -0.707106709 0.707106769 0 -0.707107067 0.707106531 0 -0.258819103 0.965925872 0 -0.258819103 0.965925872 0 -0.258819103 0.965925872 0 -0.258818805 0.965925932 0 0.258818477 0.965925992 0 0.258818477 0.965925992 0 0.258818477 0.965925992 0 0.258819103 0.965925872 0 0.707107723 0.707105994 0 0.707107723 0.707105994 0 0.707107723 0.707105994 0 0.707106411 0.707107127 0 0.965925574 0.258820027 0 0.965925574 0.258820027 0 0.965925574 0.258820027 0 0.965925574 0.258820027 0 0.965925574 -0.258819938 0 0.965925574 -0.258819938 0 0.965925574 -0.258819938 0 0.965925574 -0.258819938 0 0.707106292 -0.707107186 0 0.707106292 -0.707107186 0 0.707106292 -0.707107186 0 0.707107484 -0.707105994 0 0.258819342 -0.965925694 0 0.258819342 -0.965925694 0 0.258819342 -0.965925694 0 0.258818746 -0.965925872 0 -0.258819968 -0.965925574 0 -0.258819968 -0.965925574 0 -0.258819968 -0.965925574 0 -0.258819342 -0.965925694 0 -0.707106292 -0.707107186 0 -0.707106292 -0.707107186 0 -0.707106292 -0.707107186 0 -0.707106292 -0.707107186 0 -0.965926111 -0.258817703 0 -0.965926111 -0.258817703 0 -0.965926111 -0.258817703 0 -0.965925574 -0.258819938 0 -0.965925574 0.258820027 0 -0.965925574 0.258820027 0 -0.965925574 0.258820027 0 -0.965926111 0.258817762 0 -0.707106411 0.707107127 0 -0.707106411 0.707107127 0 -0.707106411 0.707107127 0 -0.707106411 0.707107127 0 -0.258819103 0.965925872 0 -0.258819103 0.965925872 0 -0.258819103 0.965925872 0 -0.258819669 0.965925634 0 0.258818805 0.965925932 0 0.258818805 0.965925932 0 0.258818805 0.965925932 0 0.258819103 0.965925872 0 0.707107067 0.707106531 0 0.707107067 0.707106531 0 0.707107067 0.707106531 0 0.707106709 0.707106769 0 0.965925872 0.258818775 0 0.965925872 0.258818775 0 0.965925872 0.258818775 0 0.965925813 0.258819342 0 0.965925753 -0.25881964 0 0.965925753 -0.25881964 0 0.965925753 -0.25881964 0 0.965925872 -0.258819073 0 0.707106709 -0.707106769 0 0.707106709 -0.707106769 0 0.707106709 -0.707106769 0 0.707107067 -0.707106531 0 0.258819103 -0.965925872 0 0.258819103 -0.965925872 0 0.258819103 -0.965925872 0 0.258818805 -0.965925932 0 -0.258819103 -0.965925872 0 -0.258819103 -0.965925872 0 -0.258819103 -0.965925872 0 -0.258819103 -0.965925872 0 -0.707107067 -0.707106531 0 -0.707107067 -0.707106531 0 -0.707107067 -0.707106531 0 -0.707106411 -0.707107127 0 -0.965925872 -0.258819073 0 -0.965925872 -0.258819073 0 -0.965925872 -0.258819073 0 -0.965925872 -0.258819073 0 -0.965925872 0.258818775 0 -0.965925872 0.258818775 0 -0.965925872 0.258818775 0 -0.965925872 0.258818775 0 -0.707106411 0.707107127 0 -0.707106411 0.707107127 0 -0.707106411 0.707107127 0 -0.707107067 0.707106531 0 -0.258819103 0.965925872 0 -0.258819103 0.965925872 0 -0.258819103 0.965925872 0 -0.258819103 0.965925872 0 0.258819968 0.965925574 0 0.258819968 0.965925574 0 0.258819968 0.965925574 0 0.258819342 0.965925694 0 0.707106292 0.707107186 0 0.707106292 0.707107186 0 0.707106292 0.707107186 0 0.707106292 0.707107186 0 0.965926111 0.258817703 0 0.965926111 0.258817703 0 0.965926111 0.258817703 0 0.965925574 0.258819938 0 0.965925574 -0.258820027 0 0.965925574 -0.258820027 0 0.965925574 -0.258820027 0 0.965926111 -0.258817762 0 0.707106411 -0.707107127 0 0.707106411 -0.707107127 0 0.707106411 -0.707107127 0 0.707106411 -0.707107127 0 0.258819103 -0.965925872 0 0.258819103 -0.965925872 0 0.258819103 -0.965925872 0 0.258819669 -0.965925634 0 -0.258818477 -0.965925992 0 -0.258818477 -0.965925992 0 -0.258818477 -0.965925992 0 -0.258819103 -0.965925872 0 -0.707107723 -0.707105994 0 -0.707107723 -0.707105994 0 -0.707107723 -0.707105994 0 -0.707106411 -0.707107127 0 -0.965925574 -0.258820027 0 -0.965925574 -0.258820027 0 -0.965925574 -0.258820027 0 -0.965925574 -0.258820027 0 -0.965925574 0.258819938 0 -0.965925574 0.258819938 0 -0.965925574 0.258819938 0 -0.965925574 0.258819938 0 -0.707106292 0.707107186 0 -0.707106292 0.707107186 0 -0.707106292 0.707107186 0 -0.707107484 0.707105994 0 -0.258819342 0.965925694 0 -0.258819342 0.965925694 0 -0.258819342 0.965925694 0 -0.258818746 0.965925872 0 0.258819163 0.965925753 0 0.258819163 0.965925753 0 0.258819163 0.965925753 0 0.25881955 0.965925753 0 0.707105458 0.70710814 0 0.707105458 0.70710814 0 0.707105458 0.70710814 0 0.707107663 0.707105935 0 0.965925515 0.258820385 0 0.965925515 0.258820385 0 0.965925515 0.258820385 0 0.96592623 0.258817583 0 0.96592617 -0.258817762 0 0.96592617 -0.258817762 0 0.96592617 -0.258817762 0 0.965925455 -0.258820564 0 0.707107246 -0.707106233 0 0.707107246 -0.707106233 0 0.707107246 -0.707106233 0 0.707105041 -0.707108498 0 0.25881955 -0.965925753 0 0.25881955 -0.965925753 0 0.25881955 -0.965925753 0 0.258819163 -0.965925753 0 -0.258819938 -0.965925634 0 -0.258819938 -0.965925634 0 -0.258819938 -0.965925634 0 -0.25881955 -0.965925753 0 -0.707105815 -0.707107782 0 -0.707105815 -0.707107782 0 -0.707105815 -0.707107782 0 -0.707107246 -0.707106233 0 -0.965925813 -0.258819163 0 -0.965925813 -0.258819163 0 -0.965925813 -0.258819163 0 -0.965925813 -0.258819163 0 -0.965925872 0.258818984 0 -0.965925872 0.258818984 0 -0.965925872 0.258818984 0 -0.965925872 0.258818984 0 -0.707107663 0.707105935 0 -0.707107663 0.707105935 0 -0.707107663 0.707105935 0 -0.707106113 0.707107365 0 -0.25881955 0.965925753 0 -0.25881955 0.965925753 0 -0.25881955 0.965925753 0 -0.258819938 0.965925634 0 0.25881812 0.965925992 0 0.25881812 0.965925992 0 0.25881812 0.965925992 0 0.25881812 0.965925992 0 0.707106173 0.707107365 0 0.707106173 0.707107365 0 0.707106173 0.707107365 0 0.707106054 0.707107425 0 0.965925872 0.258818984 0 0.965925872 0.258818984 0 0.965925872 0.258818984 0 0.965925753 0.258819342 0 0.965925813 -0.258818954 0 0.965925813 -0.258818954 0 0.965925813 -0.258818954 0 0.965925932 -0.258818597 0 0.707106054 -0.707107425 0 0.707106054 -0.707107425 0 0.707106054 -0.707107425 0 0.707106173 -0.707107365 0 0.258819461 -0.965925753 0 0.258819461 -0.965925753 0 0.258819461 -0.965925753 0 0.258819461 -0.965925753 0 -0.258819461 -0.965925753 0 -0.258819461 -0.965925753 0 -0.258819461 -0.965925753 0 -0.258819461 -0.965925753 0 -0.707106173 -0.707107365 0 -0.707106173 -0.707107365 0 -0.707106173 -0.707107365 0 -0.707106054 -0.707107425 0 -0.965925932 -0.258818597 0 -0.965925932 -0.258818597 0 -0.965925932 -0.258818597 0 -0.965925813 -0.258818954 0 -0.965925753 0.258819342 0 -0.965925753 0.258819342 0 -0.965925753 0.258819342 0 -0.965925872 0.258818984 0 -0.707106054 0.707107425 0 -0.707106054 0.707107425 0 -0.707106054 0.707107425 0 -0.707106173 0.707107365 0 -0.25881812 0.965925992 0 -0.25881812 0.965925992 0 -0.25881812 0.965925992 0 -0.25881812 0.965925992 0 0.258819938 0.965925634 0 0.258819938 0.965925634 0 0.258819938 0.965925634 0 0.25881955 0.965925753 0 0.707106113 0.707107365 0 0.707106113 0.707107365 0 0.707106113 0.707107365 0 0.707107663 0.707105935 0 0.965925872 0.258818984 0 0.965925872 0.258818984 0 0.965925872 0.258818984 0 0.965925872 0.258818984 0 0.965925813 -0.258819163 0 0.965925813 -0.258819163 0 0.965925813 -0.258819163 0 0.965925813 -0.258819163 0 0.707107246 -0.707106233 0 0.707107246 -0.707106233 0 0.707107246 -0.707106233 0 0.707105815 -0.707107782 0 0.25881955 -0.965925753 0 0.25881955 -0.965925753 0 0.25881955 -0.965925753 0 0.258819938 -0.965925634 0 -0.258819163 -0.965925753 0 -0.258819163 -0.965925753 0 -0.258819163 -0.965925753 0 -0.25881955 -0.965925753 0 -0.707105041 -0.707108498 0 -0.707105041 -0.707108498 0 -0.707105041 -0.707108498 0 -0.707107246 -0.707106233 0 -0.965925455 -0.258820564 0 -0.965925455 -0.258820564 0 -0.965925455 -0.258820564 0 -0.96592617 -0.258817762 0 -0.96592623 0.258817583 0 -0.96592623 0.258817583 0 -0.96592623 0.258817583 0 -0.965925515 0.258820385 0 -0.707107663 0.707105935 0 -0.707107663 0.707105935 0 -0.707107663 0.707105935 0 -0.707105458 0.70710814 0 -0.25881955 0.965925753 0 -0.25881955 0.965925753 0 -0.25881955 0.965925753 0 -0.258819163 0.965925753 0 0.25881809 0.965926051 0 0.25881809 0.965926051 0 0.25881809 0.965926051 0 0.258818835 0.965925872 0 0.707108378 0.707105219 0 0.707108378 0.707105219 0 0.707108378 0.707105219 0 0.707106829 0.70710665 0 0.965925336 0.258820444 0 0.965925336 0.258820444 0 0.965925336 0.258820444 0 0.96592623 0.258817703 0 0.96592623 -0.258817703 0 0.96592623 -0.258817703 0 0.96592623 -0.258817703 0 0.965925336 -0.258820444 0 0.707106829 -0.70710665 0 0.707106829 -0.70710665 0 0.707106829 -0.70710665 0 0.707108378 -0.707105219 0 0.258818835 -0.965925872 0 0.258818835 -0.965925872 0 0.258818835 -0.965925872 0 0.25881809 -0.965926051 0 -0.258818835 -0.965925872 0 -0.258818835 -0.965925872 0 -0.258818835 -0.965925872 0 -0.25881958 -0.965925694 0 -0.707106829 -0.70710665 0 -0.707106829 -0.70710665 0 -0.707106829 -0.70710665 0 -0.707108378 -0.707105219 0 -0.96592623 -0.258817703 0 -0.96592623 -0.258817703 0 -0.96592623 -0.258817703 0 -0.965925336 -0.258820444 0 -0.965925336 0.258820444 0 -0.965925336 0.258820444 0 -0.965925336 0.258820444 0 -0.96592623 0.258817703 0 -0.707108378 0.707105219 0 -0.707108378 0.707105219 0 -0.707108378 0.707105219 0 -0.707106829 0.70710665 0 -0.25881958 0.965925694 0 -0.25881958 0.965925694 0 -0.25881958 0.965925694 0 -0.258818835 0.965925872 0 0.258819938 0.965925634 0 0.258819938 0.965925634 0 0.258819938 0.965925634 0 0.25881955 0.965925753 0 0.707105815 0.707107782 0 0.707105815 0.707107782 0 0.707105815 0.707107782 0 0.707107246 0.707106233 0 0.965925813 0.258819163 0 0.965925813 0.258819163 0 0.965925813 0.258819163 0 0.965925813 0.258819163 0 0.965925872 -0.258818984 0 0.965925872 -0.258818984 0 0.965925872 -0.258818984 0 0.965925872 -0.258818984 0 0.707107663 -0.707105935 0 0.707107663 -0.707105935 0 0.707107663 -0.707105935 0 0.707106113 -0.707107365 0 0.25881955 -0.965925753 0 0.25881955 -0.965925753 0 0.25881955 -0.965925753 0 0.258819938 -0.965925634 0 -0.258819163 -0.965925753 0 -0.258819163 -0.965925753 0 -0.258819163 -0.965925753 0 -0.25881955 -0.965925753 0 -0.707105458 -0.70710814 0 -0.707105458 -0.70710814 0 -0.707105458 -0.70710814 0 -0.707107663 -0.707105935 0 -0.965925515 -0.258820385 0 -0.965925515 -0.258820385 0 -0.965925515 -0.258820385 0 -0.96592623 -0.258817583 0 -0.96592617 0.258817762 0 -0.96592617 0.258817762 0 -0.96592617 0.258817762 0 -0.965925455 0.258820564 0 -0.707107246 0.707106233 0 -0.707107246 0.707106233 0 -0.707107246 0.707106233 0 -0.707105041 0.707108498 0 -0.25881955 0.965925753 0 -0.25881955 0.965925753 0 -0.25881955 0.965925753 0 -0.258819163 0.965925753 0 0.258819461 0.965925753 0 0.258819461 0.965925753 0 0.258819461 0.965925753 0 0.258819461 0.965925753 0 0.707106173 0.707107365 0 0.707106173 0.707107365 0 0.707106173 0.707107365 0 0.707106054 0.707107425 0 0.965925932 0.258818597 0 0.965925932 0.258818597 0 0.965925932 0.258818597 0 0.965925813 0.258818954 0 0.965925753 -0.258819342 0 0.965925753 -0.258819342 0 0.965925753 -0.258819342 0 0.965925872 -0.258818984 0 0.707106054 -0.707107425 0 0.707106054 -0.707107425 0 0.707106054 -0.707107425 0 0.707106173 -0.707107365 0 0.25881812 -0.965925992 0 0.25881812 -0.965925992 0 0.25881812 -0.965925992 0 0.25881812 -0.965925992 0 -0.25881812 -0.965925992 0 -0.25881812 -0.965925992 0 -0.25881812 -0.965925992 0 -0.25881812 -0.965925992 0 -0.707106173 -0.707107365 0 -0.707106173 -0.707107365 0 -0.707106173 -0.707107365 0 -0.707106054 -0.707107425 0 -0.965925872 -0.258818984 0 -0.965925872 -0.258818984 0 -0.965925872 -0.258818984 0 -0.965925753 -0.258819342 0 -0.965925813 0.258818954 0 -0.965925813 0.258818954 0 -0.965925813 0.258818954 0 -0.965925932 0.258818597 0 -0.707106054 0.707107425 0 -0.707106054 0.707107425 0 -0.707106054 0.707107425 0 -0.707106173 0.707107365 0 -0.258819461 0.965925753 0 -0.258819461 0.965925753 0 -0.258819461 0.965925753 0 -0.258819461 0.965925753 0 0.258819163 0.965925753 0 0.258819163 0.965925753 0 0.258819163 0.965925753 0 0.25881955 0.965925753 0 0.707105041 0.707108498 0 0.707105041 0.707108498 0 0.707105041 0.707108498 0 0.707107246 0.707106233 0 0.965925455 0.258820564 0 0.965925455 0.258820564 0 0.965925455 0.258820564 0 0.96592617 0.258817762 0 0.96592623 -0.258817583 0 0.96592623 -0.258817583 0 0.96592623 -0.258817583 0 0.965925515 -0.258820385 0 0.707107663 -0.707105935 0 0.707107663 -0.707105935 0 0.707107663 -0.707105935 0 0.707105458 -0.70710814 0 0.25881955 -0.965925753 0 0.25881955 -0.965925753 0 0.25881955 -0.965925753 0 0.258819163 -0.965925753 0 -0.258819938 -0.965925634 0 -0.258819938 -0.965925634 0 -0.258819938 -0.965925634 0 -0.25881955 -0.965925753 0 -0.707106113 -0.707107365 0 -0.707106113 -0.707107365 0 -0.707106113 -0.707107365 0 -0.707107663 -0.707105935 0 -0.965925872 -0.258818984 0 -0.965925872 -0.258818984 0 -0.965925872 -0.258818984 0 -0.965925872 -0.258818984 0 -0.965925813 0.258819163 0 -0.965925813 0.258819163 0 -0.965925813 0.258819163 0 -0.965925813 0.258819163 0 -0.707107246 0.707106233 0 -0.707107246 0.707106233 0 -0.707107246 0.707106233 0 -0.707105815 0.707107782 0 -0.25881955 0.965925753 0 -0.25881955 0.965925753 0 -0.25881955 0.965925753 0 -0.258819938 0.965925634 0 0.258818835 0.965925872 0 0.258818835 0.965925872 0 0.258818835 0.965925872 0 0.25881958 0.965925694 0 0.707106829 0.70710665 0 0.707106829 0.70710665 0 0.707106829 0.70710665 0 0.707108378 0.707105219 0 0.96592623 0.258817703 0 0.96592623 0.258817703 0 0.96592623 0.258817703 0 0.965925336 0.258820444 0 0.965925336 -0.258820444 0 0.965925336 -0.258820444 0 0.965925336 -0.258820444 0 0.96592623 -0.258817703 0 0.707108378 -0.707105219 0 0.707108378 -0.707105219 0 0.707108378 -0.707105219 0 0.707106829 -0.70710665 0 0.25881958 -0.965925694 0 0.25881958 -0.965925694 0 0.25881958 -0.965925694 0 0.258818835 -0.965925872 0 -0.25881809 -0.965926051 0 -0.25881809 -0.965926051 0 -0.25881809 -0.965926051 0 -0.258818835 -0.965925872 0 -0.707108378 -0.707105219 0 -0.707108378 -0.707105219 0 -0.707108378 -0.707105219 0 -0.707106829 -0.70710665 0 -0.965925336 -0.258820444 0 -0.965925336 -0.258820444 0 -0.965925336 -0.258820444 0 -0.96592623 -0.258817703 0 -0.96592623 0.258817703 0 -0.96592623 0.258817703 0 -0.96592623 0.258817703 0 -0.965925336 0.258820444 0 -0.707106829 0.70710665 0 -0.707106829 0.70710665 0 -0.707106829 0.70710665 0 -0.707108378 0.707105219 0 -0.258818835 0.965925872 0 -0.258818835 0.965925872 0 -0.258818835 0.965925872 0 -0.25881809 0.965926051 0 0.258820325 0.965925455 0 0.258820325 0.965925455 0 0.258820325 0.965925455 0 0.258820266 0.965925455 0 0.707106411 0.707107067 0 0.707106411 0.707107067 0 0.707106411 0.707107067 0 0.707105994 0.707107663 0 0.965925753 0.258819401 0 0.965925753 0.258819401 0 0.965925753 0.258819401 0 0.965925694 0.258819431 0 0.965925872 -0.258818626 0 0.965925872 -0.258818626 0 0.965925872 -0.258818626 0 0.965925872 -0.258818746 0 0.707106709 -0.707106829 0 0.707106709 -0.707106829 0 0.707106709 -0.707106829 0 0.707107008 -0.707106471 0 0.258818984 -0.965925813 0 0.258818984 -0.965925813 0 0.258818984 -0.965925813 0 0.258818954 -0.965925813 0 -0.258819222 -0.965925753 0 -0.258819222 -0.965925753 0 -0.258819222 -0.965925753 0 -0.258818746 -0.965925932 0 -0.707106292 -0.707107306 0 -0.707106292 -0.707107306 0 -0.707106292 -0.707107306 0 -0.70710659 -0.707106948 0 -0.96592623 -0.258817792 0 -0.96592623 -0.258817792 0 -0.96592623 -0.258817792 0 -0.965925634 -0.25881961 0 -0.965925515 0.258820266 0 -0.965925515 0.258820266 0 -0.965925515 0.258820266 0 -0.965925932 0.258818567 0 -0.707105994 0.707107663 0 -0.707105994 0.707107663 0 -0.707105994 0.707107663 0 -0.707105458 0.70710808 0 -0.258820117 0.965925634 0 -0.258820117 0.965925634 0 -0.258820117 0.965925634 0 -0.258820504 0.965925395 -0.694746554 0.508589327 0.508590221 -0.694746554 0.508589327 0.508590221 -0.694746554 0.508589327 0.508590221 -0.694746971 0.508589447 0.508589685 -0.694746435 0.694746614 0.186157048 -0.694746435 0.694746614 0.186157048 -0.694746435 0.694746614 0.186157048 -0.694747031 0.694746315 0.18615666 -0.694745779 0.694747448 -0.18615669 -0.694745779 0.694747448 -0.18615669 -0.694745779 0.694747448 -0.18615669 -0.69474709 0.694746196 -0.186156437 -0.694746196 0.508590102 -0.508589983 -0.694746196 0.508590102 -0.508589983 -0.694746196 0.508590102 -0.508589983 -0.694746733 0.508589983 -0.508589447 -0.694746256 0.186156735 -0.694746912 -0.694746256 0.186156735 -0.694746912 -0.694746256 0.186156735 -0.694746912 -0.694745719 0.186156571 -0.694747567 -0.6947456 -0.186157197 -0.694747448 -0.6947456 -0.186157197 -0.694747448 -0.6947456 -0.186157197 -0.694747448 -0.694746256 -0.186156243 -0.69474715 -0.694746375 -0.508589387 -0.50859046 -0.694746375 -0.508589387 -0.50859046 -0.694746375 -0.508589387 -0.50859046 -0.694745779 -0.508590639 -0.508590102 -0.694746733 -0.694746673 -0.186155856 -0.694746733 -0.694746673 -0.186155856 -0.694746733 -0.694746673 -0.186155856 -0.694746614 -0.694746673 -0.186156556 -0.694746792 -0.694746435 0.186156362 -0.694746792 -0.694746435 0.186156362 -0.694746792 -0.694746435 0.186156362 -0.694746494 -0.694746733 0.18615678 -0.694746137 -0.508589029 0.508591175 -0.694746137 -0.508589029 0.508591175 -0.694746137 -0.508589029 0.508591175 -0.694746971 -0.508589387 0.508589685 -0.694746494 -0.186157823 0.694746494 -0.694746494 -0.186157823 0.694746494 -0.694746494 -0.186157823 0.694746494 -0.694747269 -0.186156794 0.694745898 -0.694747388 0.18615739 0.6947456 -0.694747388 0.18615739 0.6947456 -0.694747388 0.18615739 0.6947456 -0.694747567 0.186156869 0.694745719 0 0.258819342 0.965925694 0 0.258819342 0.965925694 0 0.258819342 0.965925694 0 0.258818358 0.965925992 0 0.707107425 0.707106173 0 0.707107425 0.707106173 0 0.707107425 0.707106173 0 0.707105517 0.707108021 0 0.965925574 0.258820027 0 0.965925574 0.258820027 0 0.965925574 0.258820027 0 0.965925992 0.258818299 0 0.965926051 -0.258818388 0 0.965926051 -0.258818388 0 0.965926051 -0.258818388 0 0.965925574 -0.258820146 0 0.707106054 -0.707107425 0 0.707106054 -0.707107425 0 0.707106054 -0.707107425 0 0.707107902 -0.707105577 0 0.25881806 -0.965926111 0 0.25881806 -0.965926111 0 0.25881806 -0.965926111 0 0.258818954 -0.965925813 0 -0.258818984 -0.965925813 0 -0.258818984 -0.965925813 0 -0.258818984 -0.965925813 0 -0.258819461 -0.965925753 0 -0.707107008 -0.707106531 0 -0.707107008 -0.707106531 0 -0.707107008 -0.707106531 0 -0.707108915 -0.707104743 0 -0.965925574 -0.258820117 0 -0.965925574 -0.258820117 0 -0.965925574 -0.258820117 0 -0.965925574 -0.258820146 0 -0.965925574 0.258820027 0 -0.965925574 0.258820027 0 -0.965925574 0.258820027 0 -0.965925515 0.258820027 0 -0.707108319 0.707105219 0 -0.707108319 0.707105219 0 -0.707108319 0.707105219 0 -0.707106471 0.707107008 0 -0.258819818 0.965925634 0 -0.258819818 0.965925634 0 -0.258819818 0.965925634 0 -0.258819282 0.965925694 -0.694747031 0.508590102 0.50858891 -0.694747031 0.508590102 0.50858891 -0.694747031 0.508590102 0.50858891 -0.694746971 0.508589447 0.508589685 -0.694746435 0.694746614 0.186157405 -0.694746435 0.694746614 0.186157405 -0.694746435 0.694746614 0.186157405 -0.694745779 0.694747329 0.186156839 -0.694745839 0.69474721 -0.186157644 -0.694745839 0.69474721 -0.186157644 -0.694745839 0.69474721 -0.186157644 -0.694746554 0.694746673 -0.18615666 -0.694746017 0.50859046 -0.508589864 -0.694746017 0.50859046 -0.508589864 -0.694746017 0.50859046 -0.508589864 -0.694746315 0.508590281 -0.508589625 -0.694745421 0.186156496 -0.694747865 -0.694745421 0.186156496 -0.694747865 -0.694745421 0.186156496 -0.694747865 -0.694746614 0.186156616 -0.694746614 -0.694746554 -0.186156824 -0.694746554 -0.694746554 -0.186156824 -0.694746554 -0.694746554 -0.186156824 -0.694746554 -0.6947456 -0.186157316 -0.694747448 -0.694746614 -0.508591354 -0.508588314 -0.694746614 -0.508591354 -0.508588314 -0.694746614 -0.508591354 -0.508588314 -0.694747448 -0.508589089 -0.508589327 -0.694747806 -0.694744945 -0.186158255 -0.694747806 -0.694744945 -0.186158255 -0.694747806 -0.694744945 -0.186158255 -0.694746614 -0.694746256 -0.18615748 -0.694746792 -0.694745958 0.186158463 -0.694746792 -0.694745958 0.186158463 -0.694746792 -0.694745958 0.186158463 -0.69474715 -0.694745898 0.186157376 -0.694747746 -0.508590162 0.508587837 -0.694747746 -0.508590162 0.508587837 -0.694747746 -0.508590162 0.508587837 -0.694746554 -0.508589745 0.508589983 -0.694746554 -0.186157033 0.694746554 -0.694746554 -0.186157033 0.694746554 -0.694746554 -0.186157033 0.694746554 -0.69474709 -0.186156809 0.694746196 -0.694747508 0.186156794 0.694745719 -0.694747508 0.186156794 0.694745719 -0.694747508 0.186156794 0.694745719 -0.694745243 0.186156303 0.694748044 0 0.258819222 0.965925753 0 0.258819222 0.965925753 0 0.258819222 0.965925753 0 0.258818746 0.965925932 0 0.707106292 0.707107306 0 0.707106292 0.707107306 0 0.707106292 0.707107306 0 0.70710659 0.707106948 0 0.96592623 0.258817792 0 0.96592623 0.258817792 0 0.96592623 0.258817792 0 0.965925634 0.25881961 0 0.965925515 -0.258820266 0 0.965925515 -0.258820266 0 0.965925515 -0.258820266 0 0.965925932 -0.258818567 0 0.707105994 -0.707107663 0 0.707105994 -0.707107663 0 0.707105994 -0.707107663 0 0.707105458 -0.70710808 0 0.258820117 -0.965925634 0 0.258820117 -0.965925634 0 0.258820117 -0.965925634 0 0.258820504 -0.965925395 0 -0.258820325 -0.965925455 0 -0.258820325 -0.965925455 0 -0.258820325 -0.965925455 0 -0.258820266 -0.965925455 0 -0.707106411 -0.707107067 0 -0.707106411 -0.707107067 0 -0.707106411 -0.707107067 0 -0.707105994 -0.707107663 0 -0.965925753 -0.258819401 0 -0.965925753 -0.258819401 0 -0.965925753 -0.258819401 0 -0.965925694 -0.258819431 0 -0.965925872 0.258818626 0 -0.965925872 0.258818626 0 -0.965925872 0.258818626 0 -0.965925872 0.258818746 0 -0.707106709 0.707106829 0 -0.707106709 0.707106829 0 -0.707106709 0.707106829 0 -0.707107008 0.707106471 0 -0.258818984 0.965925813 0 -0.258818984 0.965925813 0 -0.258818984 0.965925813 0 -0.258818954 0.965925813 -0.694746375 0.508589387 0.50859046 -0.694746375 0.508589387 0.50859046 -0.694746375 0.508589387 0.50859046 -0.694745779 0.508590639 0.508590102 -0.694746733 0.694746673 0.186155856 -0.694746733 0.694746673 0.186155856 -0.694746733 0.694746673 0.186155856 -0.694746614 0.694746673 0.186156556 -0.694746792 0.694746435 -0.186156362 -0.694746792 0.694746435 -0.186156362 -0.694746792 0.694746435 -0.186156362 -0.694746494 0.694746733 -0.18615678 -0.694746137 0.508589029 -0.508591175 -0.694746137 0.508589029 -0.508591175 -0.694746137 0.508589029 -0.508591175 -0.694746971 0.508589387 -0.508589685 -0.694746494 0.186157823 -0.694746494 -0.694746494 0.186157823 -0.694746494 -0.694746494 0.186157823 -0.694746494 -0.694747269 0.186156794 -0.694745898 -0.694747388 -0.18615739 -0.6947456 -0.694747388 -0.18615739 -0.6947456 -0.694747388 -0.18615739 -0.6947456 -0.694747567 -0.186156869 -0.694745719 -0.694746554 -0.508589327 -0.508590221 -0.694746554 -0.508589327 -0.508590221 -0.694746554 -0.508589327 -0.508590221 -0.694746971 -0.508589447 -0.508589685 -0.694746435 -0.694746614 -0.186157048 -0.694746435 -0.694746614 -0.186157048 -0.694746435 -0.694746614 -0.186157048 -0.694747031 -0.694746315 -0.18615666 -0.694745779 -0.694747448 0.18615669 -0.694745779 -0.694747448 0.18615669 -0.694745779 -0.694747448 0.18615669 -0.69474709 -0.694746196 0.186156437 -0.694746196 -0.508590102 0.508589983 -0.694746196 -0.508590102 0.508589983 -0.694746196 -0.508590102 0.508589983 -0.694746733 -0.508589983 0.508589447 -0.694746256 -0.186156735 0.694746912 -0.694746256 -0.186156735 0.694746912 -0.694746256 -0.186156735 0.694746912 -0.694745719 -0.186156571 0.694747567 -0.6947456 0.186157197 0.694747448 -0.6947456 0.186157197 0.694747448 -0.6947456 0.186157197 0.694747448 -0.694746256 0.186156243 0.69474715 0 0.258818984 0.965925813 0 0.258818984 0.965925813 0 0.258818984 0.965925813 0 0.258819461 0.965925753 0 0.707107008 0.707106531 0 0.707107008 0.707106531 0 0.707107008 0.707106531 0 0.707108915 0.707104743 0 0.965925574 0.258820117 0 0.965925574 0.258820117 0 0.965925574 0.258820117 0 0.965925574 0.258820146 0 0.965925574 -0.258820027 0 0.965925574 -0.258820027 0 0.965925574 -0.258820027 0 0.965925515 -0.258820027 0 0.707108319 -0.707105219 0 0.707108319 -0.707105219 0 0.707108319 -0.707105219 0 0.707106471 -0.707107008 0 0.258819818 -0.965925634 0 0.258819818 -0.965925634 0 0.258819818 -0.965925634 0 0.258819282 -0.965925694 0 -0.258819342 -0.965925694 0 -0.258819342 -0.965925694 0 -0.258819342 -0.965925694 0 -0.258818358 -0.965925992 0 -0.707107425 -0.707106173 0 -0.707107425 -0.707106173 0 -0.707107425 -0.707106173 0 -0.707105517 -0.707108021 0 -0.965925574 -0.258820027 0 -0.965925574 -0.258820027 0 -0.965925574 -0.258820027 0 -0.965925992 -0.258818299 0 -0.965926051 0.258818388 0 -0.965926051 0.258818388 0 -0.965926051 0.258818388 0 -0.965925574 0.258820146 0 -0.707106054 0.707107425 0 -0.707106054 0.707107425 0 -0.707106054 0.707107425 0 -0.707107902 0.707105577 0 -0.25881806 0.965926111 0 -0.25881806 0.965926111 0 -0.25881806 0.965926111 0 -0.258818954 0.965925813 -0.694746614 0.508591354 0.508588314 -0.694746614 0.508591354 0.508588314 -0.694746614 0.508591354 0.508588314 -0.694747448 0.508589089 0.508589327 -0.694747806 0.694744945 0.186158255 -0.694747806 0.694744945 0.186158255 -0.694747806 0.694744945 0.186158255 -0.694746614 0.694746256 0.18615748 -0.694746792 0.694745958 -0.186158463 -0.694746792 0.694745958 -0.186158463 -0.694746792 0.694745958 -0.186158463 -0.69474715 0.694745898 -0.186157376 -0.694747746 0.508590162 -0.508587837 -0.694747746 0.508590162 -0.508587837 -0.694747746 0.508590162 -0.508587837 -0.694746554 0.508589745 -0.508589983 -0.694746554 0.186157033 -0.694746554 -0.694746554 0.186157033 -0.694746554 -0.694746554 0.186157033 -0.694746554 -0.69474709 0.186156809 -0.694746196 -0.694747508 -0.186156794 -0.694745719 -0.694747508 -0.186156794 -0.694745719 -0.694747508 -0.186156794 -0.694745719 -0.694745243 -0.186156303 -0.694748044 -0.694747031 -0.508590102 -0.50858891 -0.694747031 -0.508590102 -0.50858891 -0.694747031 -0.508590102 -0.50858891 -0.694746971 -0.508589447 -0.508589685 -0.694746435 -0.694746614 -0.186157405 -0.694746435 -0.694746614 -0.186157405 -0.694746435 -0.694746614 -0.186157405 -0.694745779 -0.694747329 -0.186156839 -0.694745839 -0.69474721 0.186157644 -0.694745839 -0.69474721 0.186157644 -0.694745839 -0.69474721 0.186157644 -0.694746554 -0.694746673 0.18615666 -0.694746017 -0.50859046 0.508589864 -0.694746017 -0.50859046 0.508589864 -0.694746017 -0.50859046 0.508589864 -0.694746315 -0.508590281 0.508589625 -0.694745421 -0.186156496 0.694747865 -0.694745421 -0.186156496 0.694747865 -0.694745421 -0.186156496 0.694747865 -0.694746614 -0.186156616 0.694746614 -0.694746554 0.186156824 0.694746554 -0.694746554 0.186156824 0.694746554 -0.694746554 0.186156824 0.694746554 -0.6947456 0.186157316 0.694747448 0 0.156434566 0.987688303 0 0.156434566 0.987688303 0 0.156434566 0.987688303 0 0.156434566 0.987688303 0 0.453990489 0.89100647 0 0.453990489 0.89100647 0 0.453990489 0.89100647 0 0.453990489 0.89100647 0 0.707106769 0.707106769 0 0.707106769 0.707106769 0 0.707106769 0.707106769 0 0.707106829 0.707106709 0 0.89100647 0.453990668 0 0.89100647 0.453990668 0 0.89100647 0.453990668 0 0.891006589 0.45399034 0 0.987688303 0.156434968 0 0.987688303 0.156434968 0 0.987688303 0.156434968 0 0.987688363 0.156434268 0 0.987688363 -0.156434268 0 0.987688363 -0.156434268 0 0.987688363 -0.156434268 0 0.987688303 -0.156434968 0 0.891006589 -0.45399037 0 0.891006589 -0.45399037 0 0.891006589 -0.45399037 0 0.89100647 -0.453990608 0 0.707106769 -0.707106769 0 0.707106769 -0.707106769 0 0.707106769 -0.707106769 0 0.707106829 -0.707106709 0 0.453990489 -0.89100647 0 0.453990489 -0.89100647 0 0.453990489 -0.89100647 0 0.453990489 -0.89100647 0 0.156434566 -0.987688303 0 0.156434566 -0.987688303 0 0.156434566 -0.987688303 0 0.156434566 -0.987688303 0 -0.156434566 -0.987688303 0 -0.156434566 -0.987688303 0 -0.156434566 -0.987688303 0 -0.156434566 -0.987688303 0 -0.453990489 -0.89100647 0 -0.453990489 -0.89100647 0 -0.453990489 -0.89100647 0 -0.453990489 -0.89100647 0 -0.707106769 -0.707106769 0 -0.707106769 -0.707106769 0 -0.707106769 -0.707106769 0 -0.707106829 -0.707106709 0 -0.89100647 -0.453990668 0 -0.89100647 -0.453990668 0 -0.89100647 -0.453990668 0 -0.891006589 -0.45399034 0 -0.987688303 -0.156434968 0 -0.987688303 -0.156434968 0 -0.987688303 -0.156434968 0 -0.987688363 -0.156434268 0 -0.987688363 0.156434268 0 -0.987688363 0.156434268 0 -0.987688363 0.156434268 0 -0.987688303 0.156434968 0 -0.891006589 0.45399037 0 -0.891006589 0.45399037 0 -0.891006589 0.45399037 0 -0.89100647 0.453990608 0 -0.707106769 0.707106769 0 -0.707106769 0.707106769 0 -0.707106769 0.707106769 0 -0.707106829 0.707106709 0 -0.453990489 0.89100647 0 -0.453990489 0.89100647 0 -0.453990489 0.89100647 0 -0.453990489 0.89100647 0 -0.156434566 0.987688303 0 -0.156434566 0.987688303 0 -0.156434566 0.987688303 0 -0.156434566 0.987688303 -0.702710629 0.323003381 0.633929551 -0.702710629 0.323003381 0.633929551 -0.702710629 0.323003381 0.633929551 -0.702710271 0.323003352 0.633929849 -0.702710927 0.50308907 0.50308907 -0.702710927 0.50308907 0.50308907 -0.702710927 0.50308907 0.50308907 -0.702711165 0.503089011 0.503088951 -0.702710509 0.63392961 0.323003352 -0.702710509 0.63392961 0.323003352 -0.702710509 0.63392961 0.323003352 -0.702710271 0.633929789 0.323003531 -0.702710271 0.702716589 0.111299731 -0.702710271 0.702716589 0.111299731 -0.702710271 0.702716589 0.111299731 -0.702709496 0.702717423 0.111298904 -0.702709496 0.702717423 -0.111299872 -0.702709496 0.702717423 -0.111299872 -0.702709496 0.702717423 -0.111299872 -0.70271033 0.702716649 -0.111298785 -0.702710509 0.63392961 -0.323003352 -0.702710509 0.63392961 -0.323003352 -0.702710509 0.63392961 -0.323003352 -0.702710271 0.633929729 -0.323003531 -0.702710629 0.503089488 -0.503089249 -0.702710629 0.503089488 -0.503089249 -0.702710629 0.503089488 -0.503089249 -0.702710986 0.503088951 -0.503089011 -0.702709675 0.32300368 -0.633930326 -0.702709675 0.32300368 -0.633930326 -0.702709675 0.32300368 -0.633930326 -0.702711165 0.323003054 -0.633929133 -0.702710509 0.11129941 -0.70271641 -0.702710509 0.11129941 -0.70271641 -0.702710509 0.11129941 -0.70271641 -0.702707887 0.111299567 -0.702718914 -0.702708006 -0.11129979 -0.702718854 -0.702708006 -0.11129979 -0.702718854 -0.702708006 -0.11129979 -0.702718854 -0.702711105 -0.111299075 -0.702715874 -0.702710629 -0.323003381 -0.633929551 -0.702710629 -0.323003381 -0.633929551 -0.702710629 -0.323003381 -0.633929551 -0.702710271 -0.323003352 -0.633929849 -0.702710927 -0.50308907 -0.50308907 -0.702710927 -0.50308907 -0.50308907 -0.702710927 -0.50308907 -0.50308907 -0.702711165 -0.503089011 -0.503088951 -0.702710509 -0.63392961 -0.323003352 -0.702710509 -0.63392961 -0.323003352 -0.702710509 -0.63392961 -0.323003352 -0.702710271 -0.633929789 -0.323003531 -0.702710271 -0.702716589 -0.111299731 -0.702710271 -0.702716589 -0.111299731 -0.702710271 -0.702716589 -0.111299731 -0.702709496 -0.702717423 -0.111298904 -0.702709496 -0.702717423 0.111299872 -0.702709496 -0.702717423 0.111299872 -0.702709496 -0.702717423 0.111299872 -0.70271033 -0.702716649 0.111298785 -0.702710509 -0.63392961 0.323003352 -0.702710509 -0.63392961 0.323003352 -0.702710509 -0.63392961 0.323003352 -0.702710271 -0.633929729 0.323003531 -0.702710629 -0.503089488 0.503089249 -0.702710629 -0.503089488 0.503089249 -0.702710629 -0.503089488 0.503089249 -0.702710986 -0.503088951 0.503089011 -0.702709675 -0.32300368 0.633930326 -0.702709675 -0.32300368 0.633930326 -0.702709675 -0.32300368 0.633930326 -0.702711165 -0.323003054 0.633929133 -0.702710509 -0.11129941 0.70271641 -0.702710509 -0.11129941 0.70271641 -0.702710509 -0.11129941 0.70271641 -0.702707887 -0.111299567 0.702718914 -0.702708006 0.11129979 0.702718854 -0.702708006 0.11129979 0.702718854 -0.702708006 0.11129979 0.702718854 -0.702711105 0.111299075 0.702715874 0 -0.99999994 8.11222617e-06 0 -0.99999994 8.11222617e-06 0 -1 1.26753298e-06 0 -1 0 0 -1 -1.01402588e-06 0 -1 0 0 -0.99999994 0 0 -1 -4.05611627e-06 0 -1 0 -0.32919392 0.944262326 0 -0.32919392 0.944262326 0 -0.32919392 0.944262326 0 -0.0818779841 0.97727412 0.195528686 -0.0818779841 0.97727412 0.195528686 -0.0818779841 0.97727412 0.195528686 -0.0822029561 0.97669822 0.198250234 -0.0822029561 0.97669822 0.198250234 -0.0822029561 0.97669822 0.198250234 -0.0514221638 0.943716884 0.326732665 -0.0514221638 0.943716884 0.326732665 -0.0514221638 0.943716884 0.326732665 -0.0418299288 0.976991713 0.209134877 -0.0418299288 0.976991713 0.209134877 -0.0418299288 0.976991713 0.209134877 0 0.944236875 0.329266846 0 0.944236875 0.329266846 0 0.944236875 0.329266846 -0.0818802938 0.977271497 0.195540622 -0.0818802938 0.977271497 0.195540622 -0.0818802938 0.977271497 0.195540622 -0.157750502 0.944747567 0.287344098 -0.157750502 0.944747567 0.287344098 -0.157750502 0.944747567 0.287344098 -0.117264166 0.977310836 0.176387876 -0.117264166 0.977310836 0.176387876 -0.117264166 0.977310836 0.176387876 -0.196198165 0.944670856 0.26287517 -0.196198165 0.944670856 0.26287517 -0.196198165 0.944670856 0.26287517 -0.148782179 0.977216303 0.151367307 -0.148782179 0.977216303 0.151367307 -0.148782179 0.977216303 0.151367307 -0.229446486 0.944914401 0.233432934 -0.229446486 0.944914401 0.233432934 -0.229446486 0.944914401 0.233432934 -0.150137305 0.977329612 0.149283722 -0.150137305 0.977329612 0.149283722 -0.150137305 0.977329612 0.149283722 -0.245919853 0.944662333 0.217109635 -0.245919853 0.944662333 0.217109635 -0.245919853 0.944662333 0.217109635 -0.176886827 0.977213919 0.117320403 -0.176886827 0.977213919 0.117320403 -0.176886827 0.977213919 0.117320403 -0.274540782 0.944260418 0.18165794 -0.274540782 0.944260418 0.18165794 -0.274540782 0.944260418 0.18165794 -0.196985826 0.977083087 0.0806538165 -0.196985826 0.977083087 0.0806538165 -0.196985826 0.977083087 0.0806538165 -0.305680722 0.944361329 0.121412352 -0.305680722 0.944361329 0.121412352 -0.305680722 0.944361329 0.121412352 -0.208824471 0.977086902 0.0411523655 -0.208824471 0.977086902 0.0411523655 -0.208824471 0.977086902 0.0411523655 -0.322530955 0.944137931 0.0676559135 -0.322530955 0.944137931 0.0676559135 -0.322530955 0.944137931 0.0676559135 -0.213066041 0.977037787 0 -0.213066041 0.977037787 0 -0.213066041 0.977037787 0 -0.644666433 0.753852904 0.126928866 -0.644666433 0.753852904 0.126928866 -0.644666433 0.753852904 0.126928866 -0.322983116 0.94426614 0.0635868683 -0.322983116 0.94426614 0.0635868683 -0.322983116 0.94426614 0.0635868683 -0.607656479 0.754221082 0.248805493 -0.607656479 0.754221082 0.248805493 -0.607656479 0.754221082 0.248805493 -0.297751963 0.944596827 0.138132676 -0.297751963 0.944596827 0.138132676 -0.297751963 0.944596827 0.138132676 -0.546769917 0.754666388 0.36265856 -0.546769917 0.754666388 0.36265856 -0.546769917 0.754666388 0.36265856 -0.274363548 0.944250882 0.181974977 -0.274363548 0.944250882 0.181974977 -0.274363548 0.944250882 0.181974977 -0.465974927 0.753798425 0.463309139 -0.465974927 0.753798425 0.463309139 -0.465974927 0.753798425 0.463309139 -0.232106403 0.944903255 0.230834529 -0.232106403 0.944903255 0.230834529 -0.232106403 0.944903255 0.230834529 -0.458907574 0.755919695 0.466893077 -0.458907574 0.755919695 0.466893077 -0.458907574 0.755919695 0.466893077 -0.230709329 0.944289327 0.234714568 -0.230709329 0.944289327 0.234714568 -0.230709329 0.944289327 0.234714568 -0.364493638 0.751970828 0.549257874 -0.364493638 0.751970828 0.549257874 -0.364493638 0.751970828 0.549257874 -0.214373857 0.942568898 0.256140023 -0.214373857 0.942568898 0.256140023 -0.214373857 0.942568898 0.256140023 -0.255115628 0.75086242 0.609197438 -0.255115628 0.75086242 0.609197438 -0.255115628 0.75086242 0.609197438 -0.127187759 0.944232702 0.303723425 -0.127187759 0.944232702 0.303723425 -0.127187759 0.944232702 0.303723425 -0.12942633 0.7527619 0.645444214 -0.12942633 0.7527619 0.645444214 -0.12942633 0.7527619 0.645444214 -0.0865841433 0.943345428 0.320316523 -0.0865841433 0.943345428 0.320316523 -0.0865841433 0.943345428 0.320316523 0 0.752070129 0.659083188 0 0.752070129 0.659083188 0 0.752070129 0.659083188 -0.463030189 0.000113280184 -0.886342466 -0.463030189 0.000113280184 -0.886342466 -0.463030189 0.000113280184 -0.886342466 -0.195086583 -0.000222364746 -0.980786026 -0.195086583 -0.000222364746 -0.980786026 -0.195086583 -0.000222364746 -0.980786026 -0.287605852 -0.00313857268 -0.957743704 -0.287605852 -0.00313857268 -0.957743704 -0.287605852 -0.00313857268 -0.957743704 -0.103122726 0 -0.994668603 -0.103122726 0 -0.994668603 -0.103122726 0 -0.994668603 -0.607910693 -0.00257037324 -0.794001222 -0.607910693 -0.00257037324 -0.794001222 -0.607910693 -0.00257037324 -0.794001222 -0.555569828 -0.000836223247 -0.831469476 -0.555569828 -0.000836223247 -0.831469476 -0.555569828 -0.000836223247 -0.831469476 -0.687988758 2.19349258e-05 -0.725721419 -0.687988758 2.19349258e-05 -0.725721419 -0.687988758 2.19349258e-05 -0.725721419 -0.831470311 -0.00127362856 -0.555567741 -0.831470311 -0.00127362856 -0.555567741 -0.831470311 -0.00127362856 -0.555567741 -0.840857804 -0.00167177897 -0.541253507 -0.840857804 -0.00167177897 -0.541253507 -0.840857804 -0.00167177897 -0.541253507 -0.759088516 -5.10116479e-05 -0.650987446 -0.759088516 -5.10116479e-05 -0.650987446 -0.759088516 -5.10116479e-05 -0.650987446 -0.974452794 -0.000942279003 -0.224590406 -0.974452794 -0.000942279003 -0.224590406 -0.974452794 -0.000942279003 -0.224590406 -0.941336393 0 -0.337469518 -0.941336393 0 -0.337469518 -0.941336393 0 -0.337469518 -0.901569366 0 -0.432634354 -0.901569366 0 -0.432634354 -0.901569366 0 -0.432634354 -0.980785251 0 -0.19509007 -0.980785251 0 -0.19509007 -0.980785251 0 -0.19509007 -0.980785191 0 -0.195090458 -0.980785847 0 -0.195087165 -0.980785549 0 -0.195088804 -0.98078531 0 -0.195090324 -0.980785489 0 -0.195089266 -0.980785251 0 -0.195090324 -0.996924937 0 -0.0783623233 -0.996924937 0 -0.0783623233 -0.996924937 0 -0.0783623233 -0.996925056 0 -0.0783616826 -0.996924996 0 -0.0783616528 -0.980784893 0 -0.195092633 -0.98078835 0 -0.195074707 -0.98078835 0 -0.195074707 -0.98078835 0 -0.195074707 -0.990255356 -0.00263029174 -0.139239207 -0.990255356 -0.00263029174 -0.139239207 -0.990255356 -0.00263029174 -0.139239207 -0.996925056 0 -0.078360714 -0.996925056 0 -0.078360714 0.991194606 0 0.132413417 0.991194606 0 0.132413417 0.991194606 0 0.132413417 0.991193771 0 0.132419407 0.991194546 0 0.132413849 0.991194367 0 0.132415071 0.980785668 0 0.195088357 0.980785668 0 0.195088357 0.980785668 0 0.195088357 0.980784416 0 0.195094973 0.980785131 0 0.19509092 0.980783761 0 0.195097744 0.980785429 0 0.195089072 0.980787039 0 0.195081413 0.980779707 0 0.195118099 0.980779707 0 0.195118099 0.980779707 0 0.195118099 0.980785072 0 0.195091322 0.980785072 0 0.195091322 0.991194963 0 0.132410139 0.987495303 0.000447195955 0.157647982 0.987495303 0.000447195955 0.157647982 0.987495303 0.000447195955 0.157647982 0.945688367 -5.06240394e-06 0.325074613 0.945688367 -5.06240394e-06 0.325074613 0.945688367 -5.06240394e-06 0.325074613 0.831464946 1.55204016e-05 0.555577159 0.831464946 1.55204016e-05 0.555577159 0.831464946 1.55204016e-05 0.555577159 0.631963253 5.86389888e-06 0.774998426 0.631963253 5.86389888e-06 0.774998426 0.631963253 5.86389888e-06 0.774998426 0.709198475 -2.51663039e-07 0.705008805 0.709198475 -2.51663039e-07 0.705008805 0.709198475 -2.51663039e-07 0.705008805 0.739320338 7.46317346e-06 0.673353791 0.739320338 7.46317346e-06 0.673353791 0.739320338 7.46317346e-06 0.673353791 0.853076041 0.000335489982 0.521786571 0.853076041 0.000335489982 0.521786571 0.853076041 0.000335489982 0.521786571 0.487683028 0.000714161841 0.87302047 0.487683028 0.000714161841 0.87302047 0.487683028 0.000714161841 0.87302047 0.555578351 0.00014890694 0.831464171 0.555578351 0.00014890694 0.831464171 0.555578351 0.00014890694 0.831464171 0.309413314 -8.44793394e-05 0.950927615 0.309413314 -8.44793394e-05 0.950927615 0.309413314 -8.44793394e-05 0.950927615 0.195087805 0.000390173809 0.980785787 0.195087805 0.000390173809 0.980785787 0.195087805 0.000390173809 0.980785787 0.0970156416 0 0.995282888 0.0970156416 0 0.995282888 0.0970156416 0 0.995282888 0 0 -1 0 0 -1 0 0 -1 0 0 -1 0 0 -1 0 0 -1 0 0 -0.99999994 0 0 -0.99999994 4.27407969e-07 0 -1 0 0 -1 -2.19568869e-06 0 -1 0 0 -1 -1.11306849e-06 0 -1 0 0 -1 0 0 -1 8.32928663e-07 0 -1 1.85126567e-06 0 -1 0 0 -1 -3.98852717e-06 0 -1 0 0 -0.99999994 -9.53455185e-07 0 -1 0 0 -1 9.35929563e-07 0 -1 9.35929563e-07 0 -1 0 0 -1 0 0 -1 2.98179239e-05 0 -1 2.98179239e-05 0 -1 2.98179239e-05 0 -1 -3.04635864e-06 0 -1 -3.04635864e-06 0 -1 -5.29460522e-06 0 -1 5.11716371e-06 0 -0.99999994 5.11716371e-06 0 -0.99999994 -3.1982272e-06 0 -0.99999994 1.90397486e-06 0 -0.99999994 0 0 -1 0 0 -1 0 0 -1 3.1982272e-06 0 -0.99999994 0 0 -0.99999994 -1.90397418e-06 0 -1 0 0 -1 0 0 -1 0 0 -1 0 0 -1 -1.80706513e-06 0 -1 8.33543538e-07 0 -0.99999994 0 0 -0.99999994 0 0 -0.99999994 4.45955038e-07 0 -1 -1.25909673e-06 0 -1 0 0 -0.99999994 0 0 -0.99999994 0 0 -0.99999994 -2.98178129e-05 0 -1 -2.98178129e-05 0 -1 -2.98178129e-05 0 -1 0 0 -1 6.18974173e-06 0 -1 -6.4570504e-06 0 -1 -6.4570504e-06 0 -1 4.11030705e-05 0 -0.99999994 4.11030705e-05 0 -0.99999994 4.11030705e-05 0 -0.99999994 -8.06504318e-07 0 -1 3.47078503e-06 0 -1 -4.05903438e-06 0 -0.99999994 0 0 -1 0 0 -1 0 0 -1 7.8887997e-06 0 -0.99999994 -3.18592333e-06 0 -1 -3.18592333e-06 0 -1 5.5107862e-06 0 -1 -7.58170972e-06 0 -1 0 0 -1 2.26380471e-05 0 -1 2.26380471e-05 0 -1 2.26380471e-05 0 -1 0 0 0.99999994 0 0 0.99999994 0 0 0.99999994 1.81226642e-06 0 1 1.81226642e-06 0 1 0 0 1 0 0 1 0 0 1 2.96818257e-06 0 1 0 0 1 0 0 1 0 0 1 2.10468488e-06 0 1 -3.70253133e-06 0 1 0 0 1 0 0 1 8.21111939e-07 0 0.99999994 -1.28222393e-06 0 1 -4.09762606e-06 0 1 -4.09762606e-06 0 1 -4.09762606e-06 0 1 1.91893514e-06 0 1 2.56101475e-06 0 1 2.42558303e-06 0 0.99999994 2.42558303e-06 0 0.99999994 2.42558303e-06 0 0.99999994 6.77237665e-07 0 1 0 0 1 0 0 1 3.93863593e-06 0 0.99999994 -3.04907735e-06 0 1 1.79943959e-06 0 1 0 0 1 -3.84082477e-06 0 1 -3.84082477e-06 0 1 -3.84082477e-06 0 1 6.89465935e-07 0 1 0 0 0.99999994 -3.12326847e-05 0 1 -3.12326847e-05 0 1 -3.12326847e-05 0 1 3.79061862e-06 0 1 3.79061862e-06 0 1 0 0 1 1.09301379e-06 0 1 -1.87185913e-06 0 1 1.39936276e-06 0 1 -4.09762606e-06 0 1 1.9189365e-06 0 0.99999994 0 0 0.99999994 2.56101634e-06 0 1 0 0 1 -9.06132811e-07 0 1 9.90240551e-06 0 1 9.90240551e-06 0 1 0 0 1 0 0 1 0 0 1 8.1556891e-07 0 1 0 0 1 4.1801826e-07 0 1 0 0 1 -1.78215043e-06 0 1 -2.11378137e-05 0 1 -2.11378137e-05 0 1 -2.11378137e-05 0 1 -1.25464589e-06 0 1 -1.25464589e-06 0 1 0 0 0.99999994 0 0 0.99999994 3.27202929e-06 0 1 -4.99892963e-07 0 1 0 -1 0 0 -1 0 -0.708024681 0.706187725 0 -0.708024681 0.706187725 0 -0.708024681 0.706187725 0 -0.708026648 0.706185758 0 -0.708024442 0.706187844 0 -0.766044438 0.642787635 0 -0.766044438 0.642787635 0 -0.766044438 0.642787635 0 -0.766044438 0.642787635 0 -0.608761013 0.793353558 0 -0.608761013 0.793353558 0 -0.608761013 0.793353558 0 -0.60875988 0.793354511 0 -0.216440469 0.976295829 0 -0.216440469 0.976295829 0 -0.216440469 0.976295829 0 -0.216440052 0.976295948 0 0 1 0 0 1 0 0 1 0 0 1 0 0.195090696 0.980785191 0 0.195090696 0.980785191 0 0.195090696 0.980785191 0 0.195089832 0.98078537 0 0.555570185 0.831469595 0 0.555570185 0.831469595 0 0.555570185 0.831469595 0 0.555571139 0.831469059 0 0.831469893 0.555569708 0 0.831469893 0.555569708 0 0.831469893 0.555569708 0 0.831468403 0.555572033 0 0.980785131 0.195090875 0 0.980785131 0.195090875 0 0.980785131 0.195090875 0 0.980785429 0.195089743 0 1 0 0 1 0 0 1 0 0 1 0 0 0.980785608 -0.195088983 0 0.980785608 -0.195088983 0 0.980785608 -0.195088983 0 0.980785072 -0.195091665 0 0.831469357 -0.555570662 0 0.831469357 -0.555570662 0 0.831469357 -0.555570662 0 0.831469893 -0.555569708 0 0.555570424 -0.831469536 0 0.555570424 -0.831469536 0 0.555570424 -0.831469536 0 0.555568814 -0.831470549 0 0.195091978 -0.980784953 0 0.195091978 -0.980784953 0 0.195091978 -0.980784953 0 0.195091888 -0.980784953 0 -0.258818746 0.965925992 0 -0.258818746 0.965925992 0 -0.258818746 0.965925992 0 -0.25881958 0.965925694 0 -0.707106769 0.707106769 0 -0.707106769 0.707106769 0 -0.707106769 0.707106769 0 -0.707106769 0.707106769 0 -0.965925992 0.25881815 0 -0.965925992 0.25881815 0 -0.965925992 0.25881815 0 -0.965925515 0.258820027 0 -0.965925217 -0.258821487 0 -0.965925217 -0.258821487 0 -0.965925217 -0.258821487 0 -0.965925872 -0.258818746 0 -0.707107306 -0.707106173 0 -0.707107306 -0.707106173 0 -0.707107306 -0.707106173 0 -0.707107306 -0.707106173 0 -0.25881958 -0.965925694 0 -0.25881958 -0.965925694 0 -0.25881958 -0.965925694 0 -0.258818746 -0.965925992 0 0.258819282 -0.965925813 0 0.258819282 -0.965925813 0 0.258819282 -0.965925813 0 0.258819282 -0.965925813 0 0.707106769 -0.707106769 0 0.707106769 -0.707106769 0 0.707106769 -0.707106769 0 0.707106769 -0.707106769 0 0.965925455 -0.258820415 0 0.965925455 -0.258820415 0 0.965925455 -0.258820415 0 0.965925872 -0.258818746 0 0.965925992 0.25881815 0 0.965925992 0.25881815 0 0.965925992 0.25881815 0 0.965925813 0.258818954 0 0.707106173 0.707107306 0 0.707106173 0.707107306 0 0.707106173 0.707107306 0 0.707106173 0.707107306 0 0.258819282 0.965925813 0 0.258819282 0.965925813 0 0.258819282 0.965925813 0 0.258819282 0.965925813 0 -0.258818746 0.965925992 0 -0.258818746 0.965925992 0 -0.258818746 0.965925992 0 -0.25881958 0.965925694 0 -0.707107306 0.707106173 0 -0.707107306 0.707106173 0 -0.707107306 0.707106173 0 -0.707107306 0.707106173 0 -0.965925753 0.258819342 0 -0.965925753 0.258819342 0 -0.965925753 0.258819342 0 -0.965925336 0.258820891 0 -0.965925515 -0.258820325 0 -0.965925515 -0.258820325 0 -0.965925515 -0.258820325 0 -0.96592617 -0.258817911 0 -0.707106769 -0.707106769 0 -0.707106769 -0.707106769 0 -0.707106769 -0.707106769 0 -0.707106769 -0.707106769 0 -0.25881958 -0.965925694 0 -0.25881958 -0.965925694 0 -0.25881958 -0.965925694 0 -0.258818746 -0.965925992 0 0.258819282 -0.965925813 0 0.258819282 -0.965925813 0 0.258819282 -0.965925813 0 0.258819282 -0.965925813 0 0.707106173 -0.707107306 0 0.707106173 -0.707107306 0 0.707106173 -0.707107306 0 0.707106173 -0.707107306 0 0.965925813 -0.258819252 0 0.965925813 -0.258819252 0 0.965925813 -0.258819252 0 0.96592617 -0.258817911 0 0.965925753 0.258819342 0 0.965925753 0.258819342 0 0.965925753 0.258819342 0 0.965925574 0.258819818 0 0.707106769 0.707106769 0 0.707106769 0.707106769 0 0.707106769 0.707106769 0 0.707106769 0.707106769 0 0.258819282 0.965925813 0 0.258819282 0.965925813 0 0.258819282 0.965925813 0 0.258819282 0.965925813 0 -0.258819789 0.965925634 0 -0.258819789 0.965925634 0 -0.258819789 0.965925634 0 -0.258820653 0.965925395 0 -0.707106769 0.707106769 0 -0.707106769 0.707106769 0 -0.707106769 0.707106769 0 -0.707106769 0.707106769 0 -0.965925872 0.258818746 0 -0.965925872 0.258818746 0 -0.965925872 0.258818746 0 -0.965925395 0.258820623 0 -0.965925336 -0.258820891 0 -0.965925336 -0.258820891 0 -0.965925336 -0.258820891 0 -0.965925992 -0.25881815 0 -0.707106769 -0.707106769 0 -0.707106769 -0.707106769 0 -0.707106769 -0.707106769 0 -0.707106769 -0.707106769 0 -0.258817971 -0.96592617 0 -0.258817971 -0.96592617 0 -0.258817971 -0.96592617 0 -0.25881815 -0.965925992 0 0.258817673 -0.96592617 0 0.258817673 -0.96592617 0 0.258817673 -0.96592617 0 0.258818746 -0.965925872 0 0.707106173 -0.707107306 0 0.707106173 -0.707107306 0 0.707106173 -0.707107306 0 0.707106173 -0.707107306 0 0.965925574 -0.258819818 0 0.965925574 -0.258819818 0 0.965925574 -0.258819818 0 0.965925992 -0.25881815 0 0.965925872 0.258818746 0 0.965925872 0.258818746 0 0.965925872 0.258818746 0 0.965925694 0.25881955 0 0.707106173 0.707107306 0 0.707106173 0.707107306 0 0.707106173 0.707107306 0 0.707106173 0.707107306 0 0.258820385 0.965925515 0 0.258820385 0.965925515 0 0.258820385 0.965925515 0 0.258820385 0.965925515 0 -0.258818746 0.965925992 0 -0.258818746 0.965925992 0 -0.258818746 0.965925992 0 -0.25881958 0.965925694 0 -0.707106769 0.707106769 0 -0.707106769 0.707106769 0 -0.707106769 0.707106769 0 -0.707106769 0.707106769 0 -0.965925872 0.258818746 0 -0.965925872 0.258818746 0 -0.965925872 0.258818746 0 -0.965925395 0.258820623 0 -0.965925336 -0.258820891 0 -0.965925336 -0.258820891 0 -0.965925336 -0.258820891 0 -0.965925872 -0.258818448 0 -0.707106769 -0.707106769 0 -0.707106769 -0.707106769 0 -0.707106769 -0.707106769 0 -0.707106769 -0.707106769 0 -0.258820117 -0.965925515 0 -0.258820117 -0.965925515 0 -0.258820117 -0.965925515 0 -0.258819252 -0.965925813 0 0.258819818 -0.965925574 0 0.258819818 -0.965925574 0 0.258819818 -0.965925574 0 0.258819818 -0.965925574 0 0.707106173 -0.707107306 0 0.707106173 -0.707107306 0 0.707106173 -0.707107306 0 0.707106173 -0.707107306 0 0.965925574 -0.258819818 0 0.965925574 -0.258819818 0 0.965925574 -0.258819818 0 0.965925872 -0.258818448 0 0.965925872 0.258818746 0 0.965925872 0.258818746 0 0.965925872 0.258818746 0 0.965925694 0.25881955 0 0.707106173 0.707107306 0 0.707106173 0.707107306 0 0.707106173 0.707107306 0 0.707106173 0.707107306 0 0.258819282 0.965925813 0 0.258819282 0.965925813 0 0.258819282 0.965925813 0 0.258819282 0.965925813 0 -0.0635896921 0.944265783 -0.322983563 -0.0635896921 0.944265783 -0.322983563 -0.0635896921 0.944265783 -0.322983563 -0.262879431 0.944671333 -0.196190208 -0.262879431 0.944671333 -0.196190208 -0.262879431 0.944671333 -0.196190208 -0.326729506 0.943718016 -0.0514222719 -0.326729506 0.943718016 -0.0514222719 -0.326729506 0.943718016 -0.0514222719 -0.209129408 0.976992846 -0.0418304615 -0.209129408 0.976992846 -0.0418304615 -0.209129408 0.976992846 -0.0418304615 -0.329272538 0.944234908 0 -0.329272538 0.944234908 0 -0.329272538 0.944234908 0 -0.195541605 0.977270663 -0.081886597 -0.195541605 0.977270663 -0.081886597 -0.195541605 0.977270663 -0.081886597 -0.195530266 0.977273345 -0.0818827152 -0.195530266 0.977273345 -0.0818827152 -0.195530266 0.977273345 -0.0818827152 -0.198251411 0.976698041 -0.0822028816 -0.198251411 0.976698041 -0.0822028816 -0.198251411 0.976698041 -0.0822028816 -0.151369005 0.977215827 -0.148783892 -0.151369005 0.977215827 -0.148783892 -0.151369005 0.977215827 -0.148783892 -0.233437955 0.944908977 -0.229464218 -0.233437955 0.944908977 -0.229464218 -0.233437955 0.944908977 -0.229464218 -0.149283811 0.977329612 -0.150136739 -0.149283811 0.977329612 -0.150136739 -0.149283811 0.977329612 -0.150136739 -0.217107937 0.944661915 -0.245922774 -0.217107937 0.944661915 -0.245922774 -0.217107937 0.944661915 -0.245922774 -0.117320612 0.977213979 -0.17688641 -0.117320612 0.977213979 -0.17688641 -0.117320612 0.977213979 -0.17688641 -0.181659177 0.944259822 -0.274541885 -0.181659177 0.944259822 -0.274541885 -0.181659177 0.944259822 -0.274541885 -0.0806486458 0.977084339 -0.196981832 -0.0806486458 0.977084339 -0.196981832 -0.0806486458 0.977084339 -0.196981832 -0.121415116 0.9443627 -0.305675536 -0.121415116 0.9443627 -0.305675536 -0.121415116 0.9443627 -0.305675536 -0.0411543399 0.977084517 -0.208835661 -0.0411543399 0.977084517 -0.208835661 -0.0411543399 0.977084517 -0.208835661 0 0.977038503 -0.213062882 0 0.977038503 -0.213062882 0 0.977038503 -0.213062882 -0.0676592514 0.944136322 -0.322535098 -0.0676592514 0.944136322 -0.322535098 -0.0676592514 0.944136322 -0.322535098 0 0.944262743 -0.329192728 0 0.944262743 -0.329192728 0 0.944262743 -0.329192728 -0.126923084 0.753855288 -0.644664824 -0.126923084 0.753855288 -0.644664824 -0.126923084 0.753855288 -0.644664824 -0.234719664 0.944288135 -0.230708912 -0.234719664 0.944288135 -0.230708912 -0.234719664 0.944288135 -0.230708912 -0.466882139 0.75589937 -0.458952248 -0.466882139 0.75589937 -0.458952248 -0.466882139 0.75589937 -0.458952248 -0.230788007 0.944912136 -0.232116356 -0.230788007 0.944912136 -0.232116356 -0.230788007 0.944912136 -0.232116356 -0.463304192 0.753804386 -0.465970218 -0.463304192 0.753804386 -0.465970218 -0.463304192 0.753804386 -0.465970218 -0.181978583 0.944247961 -0.274371326 -0.181978583 0.944247961 -0.274371326 -0.181978583 0.944247961 -0.274371326 -0.362016231 0.755691409 -0.54577899 -0.362016231 0.755691409 -0.54577899 -0.362016231 0.755691409 -0.54577899 -0.164051875 0.944675148 -0.284034878 -0.164051875 0.944675148 -0.284034878 -0.164051875 0.944675148 -0.284034878 -0.248707518 0.754462123 -0.607397258 -0.248707518 0.754462123 -0.607397258 -0.248707518 0.754462123 -0.607397258 -0.2488029 0.754224062 -0.607653856 -0.2488029 0.754224062 -0.607653856 -0.2488029 0.754224062 -0.607653856 -0.547814727 0.753052592 -0.364432365 -0.547814727 0.753052592 -0.364432365 -0.547814727 0.753052592 -0.364432365 -0.545700073 0.755376875 -0.362790883 -0.545700073 0.755376875 -0.362790883 -0.545700073 0.755376875 -0.362790883 -0.549221039 0.751990736 -0.364508152 -0.549221039 0.751990736 -0.364508152 -0.549221039 0.751990736 -0.364508152 -0.176377147 0.977312267 -0.117268011 -0.176377147 0.977312267 -0.117268011 -0.176377147 0.977312267 -0.117268011 -0.287345648 0.944747865 -0.157746598 -0.287345648 0.944747865 -0.157746598 -0.287345648 0.944747865 -0.157746598 -0.3035748 0.944289267 -0.127122432 -0.3035748 0.944289267 -0.127122432 -0.3035748 0.944289267 -0.127122432 -0.30371815 0.944234133 -0.127189532 -0.30371815 0.944234133 -0.127189532 -0.30371815 0.944234133 -0.127189532 -0.645433486 0.75277102 -0.12942712 -0.645433486 0.75277102 -0.12942712 -0.645433486 0.75277102 -0.12942712 -0.320322245 0.943343401 -0.0865844414 -0.320322245 0.943343401 -0.0865844414 -0.320322245 0.943343401 -0.0865844414 -0.659083784 0.752069414 0 -0.659083784 0.752069414 0 -0.659083784 0.752069414 0 0 -1 0 0 -1 0 0 -1 0 0 -1 -2.02805268e-06 0 -1 -4.49814297e-06 0 -1 0 0 -1 1.01994556e-06 -0.980785251 0 0.19509007 -0.980785251 0 0.19509007 -0.980785251 0 0.19509007 -0.994668007 0 0.10312964 -0.994668007 0 0.10312964 -0.994668007 0 0.10312964 -0.994668126 0 0.103128172 -0.994667828 0 0.103130445 -0.994668067 0 0.103127986 -0.994668126 0 0.10312815 -0.994667053 0 0.103138357 -0.994667053 0 0.103138357 -0.989212573 -0.00234331423 0.146468356 -0.989212573 -0.00234331423 0.146468356 -0.989212573 -0.00234331423 0.146468356 -0.980785131 0 0.195091024 -0.980785131 0 0.195091024 -0.980785131 0 0.195091069 -0.980785489 0 0.195089266 -0.98078531 0 0.195089802 -0.980785489 0 0.195089251 -0.980785847 0 0.195087165 -0.725727201 2.19471131e-05 0.687982619 -0.725727201 2.19471131e-05 0.687982619 -0.725727201 2.19471131e-05 0.687982619 -0.793588638 -0.000509802194 0.608454406 -0.793588638 -0.000509802194 0.608454406 -0.793588638 -0.000509802194 0.608454406 -0.831470072 -0.00158192404 0.555567205 -0.831470072 -0.00158192404 0.555567205 -0.831470072 -0.00158192404 0.555567205 -0.886370957 0.000114919945 0.462975591 -0.886370957 0.000114919945 0.462975591 -0.886370957 0.000114919945 0.462975591 -0.957546234 -0.000111448098 0.288279921 -0.957546234 -0.000111448098 0.288279921 -0.957546234 -0.000111448098 0.288279921 -0.650975943 -5.09959209e-05 0.759098351 -0.650975943 -5.09959209e-05 0.759098351 -0.650975943 -5.09959209e-05 0.759098351 -0.555567384 -0.00146267505 0.831470251 -0.555567384 -0.00146267505 0.831470251 -0.555567384 -0.00146267505 0.831470251 -0.540753424 -0.00110397418 0.841180444 -0.540753424 -0.00110397418 0.841180444 -0.540753424 -0.00110397418 0.841180444 -0.078360416 0 0.996925116 -0.078360416 0 0.996925116 -0.078360416 0 0.996925116 -0.22398591 -0.00186931412 0.9745906 -0.22398591 -0.00186931412 0.9745906 -0.22398591 -0.00186931412 0.9745906 -0.195090383 -0.00116188242 0.980784476 -0.195090383 -0.00116188242 0.980784476 -0.195090383 -0.00116188242 0.980784476 -0.337475687 0 0.941334248 -0.337475687 0 0.941334248 -0.337475687 0 0.941334248 -0.432620257 0 0.90157634 -0.432620257 0 0.90157634 -0.432620257 0 0.90157634 0.132406816 0 -0.99119544 0.132406816 0 -0.99119544 0.132406816 0 -0.99119544 0.2588211 0 -0.965925276 0.2588211 0 -0.965925276 0.2588211 0 -0.965925276 0.442413658 0.0020643333 -0.896808684 0.442413658 0.0020643333 -0.896808684 0.442413658 0.0020643333 -0.896808684 0.324203044 0.00105587766 -0.945986986 0.324203044 0.00105587766 -0.945986986 0.324203044 0.00105587766 -0.945986986 0.704528034 0.000680514728 -0.709675789 0.704528034 0.000680514728 -0.709675789 0.704528034 0.000680514728 -0.709675789 0.673074722 0.000456147012 -0.739574313 0.673074722 0.000456147012 -0.739574313 0.673074722 0.000456147012 -0.739574313 0.57463932 0 -0.81840682 0.57463932 0 -0.81840682 0.57463932 0 -0.81840682 0.950878084 0.000300690474 -0.309565455 0.950878084 0.000300690474 -0.309565455 0.950878084 0.000300690474 -0.309565455 0.887427807 0 -0.46094659 0.887427807 0 -0.46094659 0.887427807 0 -0.46094659 0.707101285 0 -0.707112372 0.707101285 0 -0.707112372 0.707101285 0 -0.707112372 0.848954916 0.00241900166 -0.528459668 0.848954916 0.00241900166 -0.528459668 0.848954916 0.00241900166 -0.528459668 0.774341226 0.00123304548 -0.632766962 0.774341226 0.00123304548 -0.632766962 0.774341226 0.00123304548 -0.632766962 0.995280385 0 -0.0970405936 0.995280385 0 -0.0970405936 0.995280385 0 -0.0970405936 0.965926468 0 -0.2588166 0.965926468 0 -0.2588166 0.965926468 0 -0.2588166 0.965935051 0 -0.258784473 0.965935051 0 -0.258784473 0.965935051 0 -0.258784473 0.969860733 0.000765385397 -0.243658528 0.969860733 0.000765385397 -0.243658528 0.969860733 0.000765385397 -0.243658528 0.99527818 0 -0.0970637724 0.99527818 0 -0.0970637724 0.99527818 0 -0.0970637724 0.995281816 0 -0.0970260799 0.995281816 0 -0.0970260799 0.995281816 0 -0.0970260799 0.995279908 0 -0.0970459059 0.995279908 0 -0.0970459059 0.995278299 0 -0.0970630795 0.995278299 0 -0.0970630795 0.995280564 0 -0.0970389023 0.995280564 0 -0.0970389023 0.995280683 0 -0.097038433 0.995280743 0 -0.0970372185 0.995280385 0 -0.0970419571 0.995280683 0 -0.0970375687 -1.11306849e-06 0 1 -1.11306849e-06 0 1 -1.11306849e-06 0 1 5.5107862e-06 0 1 5.5107862e-06 0 1 5.5107862e-06 0 1 -7.83564883e-06 0 1 -7.83564883e-06 0 1 -7.83564883e-06 0 1 7.8887997e-06 0 0.99999994 7.8887997e-06 0 0.99999994 -2.18963078e-06 0 1 -2.18963078e-06 0 1 0 0 1 -7.97705798e-06 0 1 -7.97705798e-06 0 1 -7.97705798e-06 0 1 0 0 1 3.70253133e-06 0 1 3.70253133e-06 0 1 0 0 1 0 0 1 0 0 1 0 0 1 0 0 1 9.84658527e-07 0 1 2.03271816e-06 0 1 0 0 1 -2.75005664e-06 0 1 0 0 1 0 0 1 0 0 1 -6.39645464e-07 0 0.99999994 0 0 0.99999994 3.8079483e-07 0 1 0 0 1 0 0 1 0 0 1 0 0 1 -1.05300096e-05 0 1 -1.05300096e-05 0 1 -1.05300096e-05 0 1 0 0 1 3.84082477e-06 0 1 -2.06839786e-06 0 1 0 0 0.99999994 0 0 1 -1.16356864e-06 0 1 0 0 1 -2.80779523e-06 0 1 0 0 1 1.84466114e-06 0 1 0 0 1 0 0 1 0 0 1 0 0 1 1.52845905e-06 0 1 5.85613361e-06 0 1 -5.42355838e-06 0 1 -5.42355838e-06 0 1 6.10706265e-05 0 1 6.10706265e-05 0 1 6.10706265e-05 0 1 0 0 1 0 0 1 -2.98177019e-05 0 1 -2.98177019e-05 0 1 -2.98177019e-05 0 1 3.04635864e-06 0 1 3.04635864e-06 0 1 5.29461886e-06 0 0.99999994 -5.11716371e-06 0 0.99999994 -5.11716371e-06 0 0.99999994 3.1982272e-06 0 0.99999994 -1.90397418e-06 0 1 -2.51595588e-06 0 1 0 0 1 -4.09763015e-06 0 1 1.90397418e-06 0 1 -4.2007045e-07 0 0.99999994 1.14238446e-06 0 -1 1.14238446e-06 0 -1 1.14238446e-06 0 -1 3.81382074e-06 0 -1 3.81382074e-06 0 -1 3.81382074e-06 0 -1 0 0 -1 0 0 -1 -4.75685465e-06 0 -0.99999994 -4.75685465e-06 0 -0.99999994 -4.75685465e-06 0 -0.99999994 5.04878972e-06 0 -1 -8.99329748e-08 0 -1 -8.99329748e-08 0 -1 -8.99329748e-08 0 -1 0 0 -1 -7.21983099e-07 0 -1 0 0 -1 3.80428759e-07 0 -1 -1.87185913e-06 0 -1 0 0 -1 0 0 -1 0 0 -1 -4.65318844e-05 0 -1 -4.65318844e-05 0 -1 -4.65318844e-05 0 -1 6.73246132e-06 0 -1 6.73246132e-06 0 -1 -8.28609154e-06 0 -0.99999994 -8.28609154e-06 0 -0.99999994 -8.28609154e-06 0 -0.99999994 4.83229906e-06 0 -1 4.83229906e-06 0 -1 4.45955038e-07 0 -1 7.55458075e-07 0 -1 -2.44988314e-07 0 -1 2.96818257e-06 0 -1 2.96818257e-06 0 -1 2.96818257e-06 0 -1 -6.55804342e-07 0 -1 0 0 -1 0 0 -1 -5.42781345e-06 0 -1 -5.42781345e-06 0 -1 -5.42781345e-06 0 -1 1.64532175e-05 0 -1 1.64532175e-05 0 -1 1.64532175e-05 0 -1 0 0 -1 0 0 -0.99999994 6.39645464e-07 0 -0.99999994 0 0 -0.99999994 3.58542275e-06 0 -1 -1.81226721e-06 0 -1 1.73539252e-06 0 -1 0 0 -0.99999994 0 0 -1 0 0 -1 0 0 -1 0 0 -1 0 0 -1 0 0 -1 -2.79873143e-06 0 -1 4.09762606e-06 0 -1 -1.91893514e-06 0 -1 0 0 -0.99999994 -2.56101475e-06 0 -1 0 0 -1 0 0 -1 0 0 -1 2.10468716e-06 0 -1 -1.85126476e-06 0 -1 -7.0108257e-07 0 -1 0 -1 0 0 -1 0 0.19509238 -0.980784953 0 0.19509238 -0.980784953 0 0.19509238 -0.980784953 0 0.195091516 -0.980785072 0 0.55556947 -0.831470072 0 0.55556947 -0.831470072 0 0.55556947 -0.831470072 0 0.555569708 -0.831469893 0 0.831470251 -0.555569232 0 0.831470251 -0.555569232 0 0.831470251 -0.555569232 0 0.831469059 -0.555571139 0 0.980785131 -0.195090875 0 0.980785131 -0.195090875 0 0.980785131 -0.195090875 0 0.980785429 -0.195089743 0 1 0 0 1 0 0 1 0 0 1 0 0 0.980785608 0.195088983 0 0.980785608 0.195088983 0 0.980785608 0.195088983 0 0.980785072 0.195091665 0 0.831469059 0.555571139 0 0.831469059 0.555571139 0 0.831469059 0.555571139 0 0.831469357 0.555570662 0 0.555571139 0.831469059 0 0.555571139 0.831469059 0 0.555571139 0.831469059 0 0.555570185 0.831469595 0 0.195090309 0.980785251 0 0.195090309 0.980785251 0 0.195090309 0.980785251 0 0.195090219 0.98078531 0 0 1 0 0 1 0 0 1 0 0 1 0 -0.216440469 0.976295829 0 -0.216440469 0.976295829 0 -0.216440469 0.976295829 0 -0.216440052 0.976295948 0 -0.608761013 0.793353558 0 -0.608761013 0.793353558 0 -0.608761013 0.793353558 0 -0.60875988 0.793354511 0 -0.766044438 0.642787635 0 -0.766044438 0.642787635 0 -0.766044438 0.642787635 0 -0.766044438 0.642787635 0 -0.708025873 0.706186473 0 -0.708025873 0.706186473 0 -0.708025873 0.706186473 0 -0.708026111 0.706186175 0 -0.708024442 0.706187844 0 -0.258818746 -0.965925992 0 -0.258818746 -0.965925992 0 -0.258818746 -0.965925992 0 -0.25881958 -0.965925694 0 -0.707107306 -0.707106173 0 -0.707107306 -0.707106173 0 -0.707107306 -0.707106173 0 -0.707107306 -0.707106173 0 -0.965925753 -0.258819342 0 -0.965925753 -0.258819342 0 -0.965925753 -0.258819342 0 -0.965925336 -0.258820891 0 -0.965925515 0.258820325 0 -0.965925515 0.258820325 0 -0.965925515 0.258820325 0 -0.96592617 0.258817911 0 -0.707106769 0.707106769 0 -0.707106769 0.707106769 0 -0.707106769 0.707106769 0 -0.707106769 0.707106769 0 -0.25881958 0.965925694 0 -0.25881958 0.965925694 0 -0.25881958 0.965925694 0 -0.258818746 0.965925992 0 0.258819282 0.965925813 0 0.258819282 0.965925813 0 0.258819282 0.965925813 0 0.258819282 0.965925813 0 0.707106173 0.707107306 0 0.707106173 0.707107306 0 0.707106173 0.707107306 0 0.707106173 0.707107306 0 0.965925813 0.258819252 0 0.965925813 0.258819252 0 0.965925813 0.258819252 0 0.96592617 0.258817911 0 0.965925753 -0.258819342 0 0.965925753 -0.258819342 0 0.965925753 -0.258819342 0 0.965925574 -0.258819818 0 0.707106769 -0.707106769 0 0.707106769 -0.707106769 0 0.707106769 -0.707106769 0 0.707106769 -0.707106769 0 0.258819282 -0.965925813 0 0.258819282 -0.965925813 0 0.258819282 -0.965925813 0 0.258819282 -0.965925813 0 -0.258818746 -0.965925992 0 -0.258818746 -0.965925992 0 -0.258818746 -0.965925992 0 -0.25881958 -0.965925694 0 -0.707106769 -0.707106769 0 -0.707106769 -0.707106769 0 -0.707106769 -0.707106769 0 -0.707106769 -0.707106769 0 -0.965925992 -0.25881815 0 -0.965925992 -0.25881815 0 -0.965925992 -0.25881815 0 -0.965925515 -0.258820027 0 -0.965925217 0.258821487 0 -0.965925217 0.258821487 0 -0.965925217 0.258821487 0 -0.965925872 0.258818746 0 -0.707107306 0.707106173 0 -0.707107306 0.707106173 0 -0.707107306 0.707106173 0 -0.707107306 0.707106173 0 -0.25881958 0.965925694 0 -0.25881958 0.965925694 0 -0.25881958 0.965925694 0 -0.258818746 0.965925992 0 0.258819282 0.965925813 0 0.258819282 0.965925813 0 0.258819282 0.965925813 0 0.258819282 0.965925813 0 0.707106769 0.707106769 0 0.707106769 0.707106769 0 0.707106769 0.707106769 0 0.707106769 0.707106769 0 0.965925455 0.258820415 0 0.965925455 0.258820415 0 0.965925455 0.258820415 0 0.965925872 0.258818746 0 0.965925992 -0.25881815 0 0.965925992 -0.25881815 0 0.965925992 -0.25881815 0 0.965925813 -0.258818954 0 0.707106173 -0.707107306 0 0.707106173 -0.707107306 0 0.707106173 -0.707107306 0 0.707106173 -0.707107306 0 0.258819282 -0.965925813 0 0.258819282 -0.965925813 0 0.258819282 -0.965925813 0 0.258819282 -0.965925813 0 -0.258817106 -0.965926349 0 -0.258817106 -0.965926349 0 -0.258817106 -0.965926349 0 -0.258819014 -0.965925753 0 -0.707106769 -0.707106769 0 -0.707106769 -0.707106769 0 -0.707106769 -0.707106769 0 -0.707106769 -0.707106769 0 -0.965925872 -0.258818746 0 -0.965925872 -0.258818746 0 -0.965925872 -0.258818746 0 -0.965925515 -0.258820325 0 -0.965925336 0.258820891 0 -0.965925336 0.258820891 0 -0.965925336 0.258820891 0 -0.965925872 0.258818448 0 -0.707106769 0.707106769 0 -0.707106769 0.707106769 0 -0.707106769 0.707106769 0 -0.707106769 0.707106769 0 -0.258820653 0.965925395 0 -0.258820653 0.965925395 0 -0.258820653 0.965925395 0 -0.258819789 0.965925634 0 0.258820385 0.965925515 0 0.258820385 0.965925515 0 0.258820385 0.965925515 0 0.258820385 0.965925515 0 0.707106173 0.707107306 0 0.707106173 0.707107306 0 0.707106173 0.707107306 0 0.707106173 0.707107306 0 0.965925574 0.258819818 0 0.965925574 0.258819818 0 0.965925574 0.258819818 0 0.965925872 0.258818448 0 0.965925872 -0.258818746 0 0.965925872 -0.258818746 0 0.965925872 -0.258818746 0 0.965925813 -0.258819252 0 0.707106173 -0.707107306 0 0.707106173 -0.707107306 0 0.707106173 -0.707107306 0 0.707106173 -0.707107306 0 0.258817673 -0.96592617 0 0.258817673 -0.96592617 0 0.258817673 -0.96592617 0 0.258818746 -0.965925872 0 -0.258819252 -0.965925813 0 -0.258819252 -0.965925813 0 -0.258819252 -0.965925813 0 -0.258820117 -0.965925515 0 -0.707106769 -0.707106769 0 -0.707106769 -0.707106769 0 -0.707106769 -0.707106769 0 -0.707106769 -0.707106769 0 -0.965925872 -0.258818746 0 -0.965925872 -0.258818746 0 -0.965925872 -0.258818746 0 -0.965925395 -0.258820623 0 -0.965925336 0.258820891 0 -0.965925336 0.258820891 0 -0.965925336 0.258820891 0 -0.965925872 0.258818448 0 -0.707106769 0.707106769 0 -0.707106769 0.707106769 0 -0.707106769 0.707106769 0 -0.707106769 0.707106769 0 -0.25881958 0.965925694 0 -0.25881958 0.965925694 0 -0.25881958 0.965925694 0 -0.258818746 0.965925992 0 0.258819282 0.965925813 0 0.258819282 0.965925813 0 0.258819282 0.965925813 0 0.258819282 0.965925813 0 0.707106173 0.707107306 0 0.707106173 0.707107306 0 0.707106173 0.707107306 0 0.707106173 0.707107306 0 0.965925574 0.258819818 0 0.965925574 0.258819818 0 0.965925574 0.258819818 0 0.965925872 0.258818448 0 0.965925872 -0.258818746 0 0.965925872 -0.258818746 0 0.965925872 -0.258818746 0 0.965925694 -0.25881955 0 0.707106173 -0.707107306 0 0.707106173 -0.707107306 0 0.707106173 -0.707107306 0 0.707106173 -0.707107306 0 0.258819818 -0.965925574 0 0.258819818 -0.965925574 0 0.258819818 -0.965925574 0 0.258819818 -0.965925574 0 </float_array>
          <technique_common>
            <accessor count="11154" offset="0" source="#mesh_0-normals-array" stride="3">
              <param name="X" type="float" />
              <param name="Y" type="float" />
              <param name="Z" type="float" />
            </accessor>
          </technique_common>
        </source>
        <vertices id="mesh_0-vertices">
          <input semantic="POSITION" source="#mesh_0-positions" />
        </vertices>
        <polylist count="7118" material="defaultMaterial">
          <input offset="0" semantic="VERTEX" source="#mesh_0-vertices" />
          <input offset="0" semantic="NORMAL" source="#mesh_0-normals" />
          <vcount>3 3 3 3 3 3 3 3 3 3 3 3 3 3 3 3 3 3 3 3 3 3 3 3 3 3 3 3 3 3 3 3 3 3 3 3 3 3 3 3 3 3 3 3 3 3 3 3 3 3 3 3 3 3 3 3 3 3 3 3 3 3 3 3 3 3 3 3 3 3 3 3 3 3 3 3 3 3 3 3 3 3 3 3 3 3 3 3 3 3 3 3 3 3 3 3 3 3 3 3 3 3 3 3 3 3 3 3 3 3 3 3 3 3 3 3 3 3 3 3 3 3 3 3 3 3 3 3 3 3 3 3 3 3 3 3 3 3 3 3 3 3 3 3 3 3 3 3 3 3 3 3 3 3 3 3 3 3 3 3 3 3 3 3 3 3 3 3 3 3 3 3 3 3 3 3 3 3 3 3 3 3 3 3 3 3 3 3 3 3 3 3 3 3 3 3 3 3 3 3 3 3 3 3 3 3 3 3 3 3 3 3 3 3 3 3 3 3 3 3 3 3 3 3 3 3 3 3 3 3 3 3 3 3 3 3 3 3 3 3 3 3 3 3 3 3 3 3 3 3 3 3 3 3 3 3 3 3 3 3 3 3 3 3 3 3 3 3 3 3 3 3 3 3 3 3 3 3 3 3 3 3 3 3 3 3 3 3 3 3 3 3 3 3 3 3 3 3 3 3 3 3 3 3 3 3 3 3 3 3 3 3 3 3 3 3 3 3 3 3 3 3 3 3 3 3 3 3 3 3 3 3 3 3 3 3 3 3 3 3 3 3 3 3 3 3 3 3 3 3 3 3 3 3 3 3 3 3 3 3 3 3 3 3 3 3 3 3 3 3 3 3 3 3 3 3 3 3 3 3 3 3 3 3 3 3 3 3 3 3 3 3 3 3 3 3 3 3 3 3 3 3 3 3 3 3 3 3 3 3 3 3 3 3 3 3 3 3 3 3 3 3 3 3 3 3 3 3 3 3 3 3 3 3 3 3 3 3 3 3 3 3 3 3 3 3 3 3 3 3 3 3 3 3 3 3 3 3 3 3 3 3 3 3 3 3 3 3 3 3 3 3 3 3 3 3 3 3 3 3 3 3 3 3 3 3 3 3 3 3 3 3 3 3 3 3 3 3 3 3 3 3 3 3 3 3 3 3 3 3 3 3 3 3 3 3 3 3 3 3 3 3 3 3 3 3 3 3 3 3 3 3 3 3 3 3 3 3 3 3 3 3 3 3 3 3 3 3 3 3 3 3 3 3 3 3 3 3 3 3 3 3 3 3 3 3 3 3 3 3 3 3 3 3 3 3 3 3 3 3 3 3 3 3 3 3 3 3 3 3 3 3 3 3 3 3 3 3 3 3 3 3 3 3 3 3 3 3 3 3 3 3 3 3 3 3 3 3 3 3 3 3 3 3 3 3 3 3 3 3 3 3 3 3 3 3 3 3 3 3 3 3 3 3 3 3 3 3 3 3 3 3 3 3 3 3 3 3 3 3 3 3 3 3 3 3 3 3 3 3 3 3 3 3 3 3 3 3 3 3 3 3 3 3 3 3 3 3 3 3 3 3 3 3 3 3 3 3 3 3 3 3 3 3 3 3 3 3 3 3 3 3 3 3 3 3 3 3 3 3 3 3 3 3 3 3 3 3 3 3 3 3 3 3 3 3 3 3 3 3 3 3 3 3 3 3 3 3 3 3 3 3 3 3 3 3 3 3 3 3 3 3 3 3 3 3 3 3 3 3 3 3 3 3 3 3 3 3 3 3 3 3 3 3 3 3 3 3 3 3 3 3 3 3 3 3 3 3 3 3 3 3 3 3 3 3 3 3 3 3 3 3 3 3 3 3 3 3 3 3 3 3 3 3 3 3 3 3 3 3 3 3 3 3 3 3 3 3 3 3 3 3 3 3 3 3 3 3 3 3 3 3 3 3 3 3 3 3 3 3 3 3 3 3 3 3 3 3 3 3 3 3 3 3 3 3 3 3 3 3 3 3 3 3 3 3 3 3 3 3 3 3 3 3 3 3 3 3 3 3 3 3 3 3 3 3 3 3 3 3 3 3 3 3 3 3 3 3 3 3 3 3 3 3 3 3 3 3 3 3 3 3 3 3 3 3 3 3 3 3 3 3 3 3 3 3 3 3 3 3 3 3 3 3 3 3 3 3 3 3 3 3 3 3 3 3 3 3 3 3 3 3 3 3 3 3 3 3 3 3 3 3 3 3 3 3 3 3 3 3 3 3 3 3 3 3 3 3 3 3 3 3 3 3 3 3 3 3 3 3 3 3 3 3 3 3 3 3 3 3 3 3 3 3 3 3 3 3 3 3 3 3 3 3 3 3 3 3 3 3 3 3 3 3 3 3 3 3 3 3 3 3 3 3 3 3 3 3 3 3 3 3 3 3 3 3 3 3 3 3 3 3 3 3 3 3 3 3 3 3 3 3 3 3 3 3 3 3 3 3 3 3 3 3 3 3 3 3 3 3 3 3 3 3 3 3 3 3 3 3 3 3 3 3 3 3 3 3 3 3 3 3 3 3 3 3 3 3 3 3 3 3 3 3 3 3 3 3 3 3 3 3 3 3 3 3 3 3 3 3 3 3 3 3 3 3 3 3 3 3 3 3 3 3 3 3 3 3 3 3 3 3 3 3 3 3 3 3 3 3 3 3 3 3 3 3 3 3 3 3 3 3 3 3 3 3 3 3 3 3 3 3 3 3 3 3 3 3 3 3 3 3 3 3 3 3 3 3 3 3 3 3 3 3 3 3 3 3 3 3 3 3 3 3 3 3 3 3 3 3 3 3 3 3 3 3 3 3 3 3 3 3 3 3 3 3 3 3 3 3 3 3 3 3 3 3 3 3 3 3 3 3 3 3 3 3 3 3 3 3 3 3 3 3 3 3 3 3 3 3 3 3 3 3 3 3 3 3 3 3 3 3 3 3 3 3 3 3 3 3 3 3 3 3 3 3 3 3 3 3 3 3 3 3 3 3 3 3 3 3 3 3 3 3 3 3 3 3 3 3 3 3 3 3 3 3 3 3 3 3 3 3 3 3 3 3 3 3 3 3 3 3 3 3 3 3 3 3 3 3 3 3 3 3 3 3 3 3 3 3 3 3 3 3 3 3 3 3 3 3 3 3 3 3 3 3 3 3 3 3 3 3 3 3 3 3 3 3 3 3 3 3 3 3 3 3 3 3 3 3 3 3 3 3 3 3 3 3 3 3 3 3 3 3 3 3 3 3 3 3 3 3 3 3 3 3 3 3 3 3 3 3 3 3 3 3 3 3 3 3 3 3 3 3 3 3 3 3 3 3 3 3 3 3 3 3 3 3 3 3 3 3 3 3 3 3 3 3 3 3 3 3 3 3 3 3 3 3 3 3 3 3 3 3 3 3 3 3 3 3 3 3 3 3 3 3 3 3 3 3 3 3 3 3 3 3 3 3 3 3 3 3 3 3 3 3 3 3 3 3 3 3 3 3 3 3 3 3 3 3 3 3 3 3 3 3 3 3 3 3 3 3 3 3 3 3 3 3 3 3 3 3 3 3 3 3 3 3 3 3 3 3 3 3 3 3 3 3 3 3 3 3 3 3 3 3 3 3 3 3 3 3 3 3 3 3 3 3 3 3 3 3 3 3 3 3 3 3 3 3 3 3 3 3 3 3 3 3 3 3 3 3 3 3 3 3 3 3 3 3 3 3 3 3 3 3 3 3 3 3 3 3 3 3 3 3 3 3 3 3 3 3 3 3 3 3 3 3 3 3 3 3 3 3 3 3 3 3 3 3 3 3 3 3 3 3 3 3 3 3 3 3 3 3 3 3 3 3 3 3 3 3 3 3 3 3 3 3 3 3 3 3 3 3 3 3 3 3 3 3 3 3 3 3 3 3 3 3 3 3 3 3 3 3 3 3 3 3 3 3 3 3 3 3 3 3 3 3 3 3 3 3 3 3 3 3 3 3 3 3 3 3 3 3 3 3 3 3 3 3 3 3 3 3 3 3 3 3 3 3 3 3 3 3 3 3 3 3 3 3 3 3 3 3 3 3 3 3 3 3 3 3 3 3 3 3 3 3 3 3 3 3 3 3 3 3 3 3 3 3 3 3 3 3 3 3 3 3 3 3 3 3 3 3 3 3 3 3 3 3 3 3 3 3 3 3 3 3 3 3 3 3 3 3 3 3 3 3 3 3 3 3 3 3 3 3 3 3 3 3 3 3 3 3 3 3 3 3 3 3 3 3 3 3 3 3 3 3 3 3 3 3 3 3 3 3 3 3 3 3 3 3 3 3 3 3 3 3 3 3 3 3 3 3 3 3 3 3 3 3 3 3 3 3 3 3 3 3 3 3 3 3 3 3 3 3 3 3 3 3 3 3 3 3 3 3 3 3 3 3 3 3 3 3 3 3 3 3 3 3 3 3 3 3 3 3 3 3 3 3 3 3 3 3 3 3 3 3 3 3 3 3 3 3 3 3 3 3 3 3 3 3 3 3 3 3 3 3 3 3 3 3 3 3 3 3 3 3 3 3 3 3 3 3 3 3 3 3 3 3 3 3 3 3 3 3 3 3 3 3 3 3 3 3 3 3 3 3 3 3 3 3 3 3 3 3 3 3 3 3 3 3 3 3 3 3 3 3 3 3 3 3 3 3 3 3 3 3 3 3 3 3 3 3 3 3 3 3 3 3 3 3 3 3 3 3 3 3 3 3 3 3 3 3 3 3 3 3 3 3 3 3 3 3 3 3 3 3 3 3 3 3 3 3 3 3 3 3 3 3 3 3 3 3 3 3 3 3 3 3 3 3 3 3 3 3 3 3 3 3 3 3 3 3 3 3 3 3 3 3 3 3 3 3 3 3 3 3 3 3 3 3 3 3 3 3 3 3 3 3 3 3 3 3 3 3 3 3 3 3 3 3 3 3 3 3 3 3 3 3 3 3 3 3 3 3 3 3 3 3 3 3 3 3 3 3 3 3 3 3 3 3 3 3 3 3 3 3 3 3 3 3 3 3 3 3 3 3 3 3 3 3 3 3 3 3 3 3 3 3 3 3 3 3 3 3 3 3 3 3 3 3 3 3 3 3 3 3 3 3 3 3 3 3 3 3 3 3 3 3 3 3 3 3 3 3 3 3 3 3 3 3 3 3 3 3 3 3 3 3 3 3 3 3 3 3 3 3 3 3 3 3 3 3 3 3 3 3 3 3 3 3 3 3 3 3 3 3 3 3 3 3 3 3 3 3 3 3 3 3 3 3 3 3 3 3 3 3 3 3 3 3 3 3 3 3 3 3 3 3 3 3 3 3 3 3 3 3 3 3 3 3 3 3 3 3 3 3 3 3 3 3 3 3 3 3 3 3 3 3 3 3 3 3 3 3 3 3 3 3 3 3 3 3 3 3 3 3 3 3 3 3 3 3 3 3 3 3 3 3 3 3 3 3 3 3 3 3 3 3 3 3 3 3 3 3 3 3 3 3 3 3 3 3 3 3 3 3 3 3 3 3 3 3 3 3 3 3 3 3 3 3 3 3 3 3 3 3 3 3 3 3 3 3 3 3 3 3 3 3 3 3 3 3 3 3 3 3 3 3 3 3 3 3 3 3 3 3 3 3 3 3 3 3 3 3 3 3 3 3 3 3 3 3 3 3 3 3 3 3 3 3 3 3 3 3 3 3 3 3 3 3 3 3 3 3 3 3 3 3 3 3 3 3 3 3 3 3 3 3 3 3 3 3 3 3 3 3 3 3 3 3 3 3 3 3 3 3 3 3 3 3 3 3 3 3 3 3 3 3 3 3 3 3 3 3 3 3 3 3 3 3 3 3 3 3 3 3 3 3 3 3 3 3 3 3 3 3 3 3 3 3 3 3 3 3 3 3 3 3 3 3 3 3 3 3 3 3 3 3 3 3 3 3 3 3 3 3 3 3 3 3 3 3 3 3 3 3 3 3 3 3 3 3 3 3 3 3 3 3 3 3 3 3 3 3 3 3 3 3 3 3 3 3 3 3 3 3 3 3 3 3 3 3 3 3 3 3 3 3 3 3 3 3 3 3 3 3 3 3 3 3 3 3 3 3 3 3 3 3 3 3 3 3 3 3 3 3 3 3 3 3 3 3 3 3 3 3 3 3 3 3 3 3 3 3 3 3 3 3 3 3 3 3 3 3 3 3 3 3 3 3 3 3 3 3 3 3 3 3 3 3 3 3 3 3 3 3 3 3 3 3 3 3 3 3 3 3 3 3 3 3 3 3 3 3 3 3 3 3 3 3 3 3 3 3 3 3 3 3 3 3 3 3 3 3 3 3 3 3 3 3 3 3 3 3 3 3 3 3 3 3 3 3 3 3 3 3 3 3 3 3 3 3 3 3 3 3 3 3 3 3 3 3 3 3 3 3 3 3 3 3 3 3 3 3 3 3 3 3 3 3 3 3 3 3 3 3 3 3 3 3 3 3 3 3 3 3 3 3 3 3 3 3 3 3 3 3 3 3 3 3 3 3 3 3 3 3 3 3 3 3 3 3 3 3 3 3 3 3 3 3 3 3 3 3 3 3 3 3 3 3 3 3 3 3 3 3 3 3 3 3 3 3 3 3 3 3 3 3 3 3 3 3 3 3 3 3 3 3 3 3 3 3 3 3 3 3 3 3 3 3 3 3 3 3 3 3 3 3 3 3 3 3 3 3 3 3 3 3 3 3 3 3 3 3 3 3 3 3 3 3 3 3 3 3 3 3 3 3 3 3 3 3 3 3 3 3 3 3 3 3 3 3 3 3 3 3 3 3 3 3 3 3 3 3 3 3 3 3 3 3 3 3 3 3 3 3 3 3 3 3 3 3 3 3 3 3 3 3 3 3 3 3 3 3 3 3 3 3 3 3 3 3 3 3 3 3 3 3 3 3 3 3 3 3 3 3 3 3 3 3 3 3 3 3 3 3 3 3 3 3 3 3 3 3 3 3 3 3 3 3 3 3 3 3 3 3 3 3 3 3 3 3 3 3 3 3 3 3 3 3 3 3 3 3 3 3 3 3 3 3 3 3 3 3 3 3 3 3 3 3 3 3 3 3 3 3 3 3 3 3 3 3 3 3 3 3 3 3 3 3 3 3 3 3 3 3 3 3 3 3 3 3 3 3 3 3 3 3 3 3 3 3 3 3 3 3 3 3 3 3 3 3 3 3 3 3 3 3 3 3 3 3 3 3 3 3 3 3 3 3 3 3 3 3 3 3 3 3 3 3 3 3 3 3 3 3 3 3 3 3 3 3 3 3 3 3 3 3 3 3 3 3 3 3 3 3 3 3 3 3 3 3 3 3 3 3 3 3 3 3 3 3 3 3 3 3 3 3 3 3 3 3 3 3 3 3 3 3 3 3 3 3 3 3 3 3 3 3 3 3 3 3 3 3 3 3 3 3 3 3 3 3 3 3 3 3 3 3 3 3 3 3 3 3 3 3 3 3 3 3 3 3 3 3 3 3 3 3 3 3 3 3 3 3 3 3 3 3 3 3 3 3 3 3 3 3 3 3 3 3 3 3 3 3 3 3 3 3 3 3 3 3 3 3 3 3 3 3 3 3 3 3 3 3 3 3 3 3 3 3 3 3 3 3 3 3 3 3 3 3 3 3 3 3 3 3 3 3 3 3 3 3 3 3 3 3 3 3 3 3 3 3 3 3 3 3 3 3 3 3 3 3 3 3 3 3 3 3 3 3 3 3 3 3 3 3 3 3 3 3 3 3 3 3 3 3 3 3 3 3 3 3 3 3 3 3 3 3 3 3 3 3 3 3 3 3 3 3 3 3 3 3 3 3 3 3 3 3 3 3 3 3 3 3 3 3 3 3 3 3 3 3 3 3 3 3 3 3 3 3 3 3 3 3 3 3 3 3 3 3 3 3 3 3 3 3 3 3 3 3 3 3 3 3 3 3 3 3 3 3 3 3 3 3 3 3 3 3 3 3 3 3 3 3 3 3 3 3 3 3 3 3 3 3 3 3 3 3 3 3 3 3 3 3 3 3 3 3 3 3 3 3 3 3 3 3 3 3 3 3 3 3 3 3 3 3 3 3 3 3 3 3 3 3 3 3 3 3 3 3 3 3 3 3 3 3 3 3 3 3 3 3 3 3 3 3 3 3 3 3 3 3 3 3 3 3 3 3 3 3 3 3 3 3 3 3 3 3 3 3 3 3 3 3 3 3 3 3 3 3 3 3 3 3 3 3 3 3 3 3 3 3 3 3 3 3 3 3 3 3 3 3 3 3 3 3 3 3 3 3 3 3 3 3 3 3 3 3 3 3 3 3 3 3 3 3 3 3 3 3 3 3 3 3 3 3 3 3 3 3 3 3 3 3 3 3 3 3 3 3 3 3 3 3 3 3 3 3 3 3 3 3 3 3 3 3 3 3 3 3 3 3 3 3 3 3 3 3 3 3 3 3 3 3 3 3 3 3 3 3 3 3 3 3 3 3 3 3 3 3 3 3 3 3 3 3 3 3 3 3 3 3 3 3 3 3 3 3 3 3 3 3 3 3 3 3 3 3 3 3 3 3 3 3 3 3 3 3 3 3 3 3 3 3 3 3 3 3 3 3 3 3 3 3 3 3 3 3 3 3 3 3 3 3 3 3 3 3 3 3 3 3 3 3 3 3 3 3 3 3 3 3 3 3 3 3 3 3 3 3 3 3 3 3 3 3 3 3 3 3 3 3 3 3 3 3 3 3 3 3 3 3 3 3 3 3 3 3 3 3 3 3 3 3 3 3 3 3 3 3 3 3 3 3 3 3 3 3 3 3 3 3 3 3 3 3 3 3 3 3 3 3 3 3 3 3 3 3 3 3 3 3 3 3 3 3 3 3 3 3 3 3 3 3 3 3 3 3 3 3 3 3 3 3 3 3 3 3 3 3 3 3 3 3 3 3 3 3 3 3 3 3 3 3 3 3 3 3 3 3 3 3 3 3 3 3 3 3 3 3 3 3 3 3 3 3 3 3 3 3 3 3 3 3 3 3 3 3 3 3 3 3 3 3 3 3 3 3 3 3 3 3 3 3 3 3 3 3 3 3 3 3 3 3 3 3 3 3 3 3 3 3 3 3 3 3 3 3 3 3 3 3 3 3 3 3 3 3 3 3 3 3 3 3 3 3 3 3 3 3 3 3 3 3 3 3 3 3 3 3 3 3 3 3 3 3 3 3 3 3 3 3 3 3 3 3 3 3 3 3 3 3 3 3 3 3 3 3 3 3 3 3 3 3 3 3 3 3 3 3 3 3 3 3 3 3 3 3 3 3 3 3 3 3 3 3 3 3 3 3 3 3 3 3 3 3 3 3 3 3 3 3 3 3 3 3 3 3 3 3 3 3 3 3 3 3 3 3 3 3 3 3 3 3 3 3 3 3 3 3 3 3 3 3 3 3 3 3 3 3 3 3 3 3 3 3 3 3 3 3 3 3 3 3 3 3 3 3 3 3 3 3 3 3 3 3 3 3 3 3 3 3 3 3 3 3 3 3 3 3 3 3 3 3 3 3 3 3 3 3 3 3 3 3 3 3 3 3 3 3 3 3 3 3 3 3 3 3 3 3 3 3 3 3 3 3 3 3 3 3 3 3 3 3 3 3 3 3 3 3 3 3 3 3 3 3 3 3 3 3 3 3 3 3 3 3 3 3 3 3 3 3 3 3 3 3 3 3 3 3 3 3 3 3 3 3 3 3 3 3 3 3 3 3 3 3 3 3 3 3 3 3 3 3 3 3 3 3 3 3 3 3 3 3 3 3 3 3 3 3 3 3 3 3 3 3 3 3 3 3 3 3 3 3 3 3 3 3 3 3 3 3 3 3 3 3 3 3 3 3 3 3 3 3 3 3 3 3 3 3 3 3 3 3 3 3 3 3 3 3 3 3 3 3 3 3 3 3 3 3 3 3 3 3 3 3 3 3 3 3 3 3 3 3 3 3 3 3 3 3 3 3 3 3 3 3 3 3 3 3 3 3 3 3 3 3 3 3 3 3 3 3 3 3 3 3 3 3 3 3 3 3 3 3 3 3 3 3 3 3 3 3 3 3 3 3 3 3 3 3 3 3 3 3 3 3 3 3 3 3 3 3 3 3 3 3 3 3 3 3 3 3 3 3 3 3 3 3 3 3 3 3 3 3 3 3 3 3 3 3 3 3 3 3 3 3 3 3 3 3 3 3 3 3 3 3 3 3 3 3 3 3 3 3 3 3 3 3 3 3 3 3 3 3 3 3 3 3 3 3 3 3 3 3 3 3 3 3 3 3 3 3 3 3 3 3 3 3 3 3 3 3 3 3 3 3 3 3 3 3 3 3 3 3 3 3 3 3 3 3 3 3 3 3 3 3 3 3 3 3 3 3 3 3 3 3 3 3 3 3 3 3 3 3 3 3 3 3 3 3 3 3 3 3 3 3 3 3 3 3 3 3 3 3 3 3 3 3 3 3 3 3 3 3 3 3 3 3 3 3 3 3 3 3 3 3 3 3 3 3 3 3 3 3 3 3 3 3 3 3 3 3 3 3 3 3 3 3 3 3 3 3 3 3 3 3 3 3 3 3 3 3 3 3 3 3 3 3 3 3 3 3 3 3 3 3 3 3 3 3 3 3 3 3 3 3 3 3 3 3 3 3 3 3 3 3 3 3 3 3 3 3 3 3 3 3 3 3 3 3 3 3 3 3 3 3 3 3 3 3 3 3 3 3 3 3 3 3 3 3 3 3 3 3 3 3 3 3 3 3 3 3 3 3 3 3 3 3 3 3 3 3 3 3 3 3 3 3 3 3 3 3 3 3 3 3 3 3 3 3 3 3 3 3 3 3 3 3 3 3 3 3 3 3 3 3 3 3 3 3 3 3 3 3 3 3 3 3 3 3 3 3 3 3 3 3 3 3 3 3 3 3 3 3 3 3 3 3 3 3 3 3 3 3 3 3 3 3 3 3 3 3 3 3 3 3 3 3 3 3 3 3 3 3 3 3 3 3 3 3 3 3 3 3 3 3 3 3 3 3 3 3 3 3 3 3 3 3 3 3 3 3 3 3 3 3 3 3 3 3 3 3 3 3 3 3 3 3 3 3 3 3 3 3 3 3 3 3 3 3 3 3 3 3 3 3 3 3 3 3 3 3 3 3 3 3 3 3 3 3 3 3 3 3 3 3 3 3 3 3 3 3 3 3 3 3 3 3 3 3 3 3 3 3 3 3 3 3 3 3 3 3 3 3 3 3 3 3 3 3 3 3 3 3 3 3 3 3 3 3 3 3 3 3 3 3 3 3 3 3 3 3 3 3 3 3 3 3 3 3 3 3 3 3 3 3 3 3 3 3 3 3 3 3 3 3 3 3 3 3 3 3 3 3 3 3 3 3 3 3 3 3 3 3 3 3 3 3 3 3 3 3 3 3 3 3 3 3 3 3 3 3 3 3 3 3 3 3 3 3 3 3 3 3 3 3 3 3 3 3 3 3 3 3 3 3 3 3 3 3 3 3 3 3 3 3 3 3 3 3 3 3 3 3 3 3 3 3 3 3 3 3 3 3 3 3 3 3 3 3 3 3 3 3 3 3 3 3 3 3 3 3 3 3 3 3 3 3 3 3 3 3 3 3 3 3 3 3 3 3 3 3 3 3 3 3 3 3 3 3 3 3 3 3 3 3 3 3 3 3 3 3 3 3 3 3 3 3 3 3 3 3 3 3 3 3 3 3 3 3 3 3 3 3 3 3 3 3 3 3 3 3 3 3 3 3 3 3 3 3 3 3 3 3 3 3 3 3 3 3 3 3 3 3 3 3 3 3 3 3 3 3 3 3 3 3 3 3 3 3 3 3 3 3 3 3 3 3 3 3 3 3 3 3 3 3 3 3 3 3 3 3 3 3 3 3 3 3 3 3 3 3 3 3 3 3 3 3 3 3 3 3 3 3 3 3 3 3 3 3 3 3 3 3 3 3 3 3 3 3 3 3 3 3 3 3 3 3 3 3 3 3 3 3 3 3 3 3 3 3 3 3 3 3 3 3 3 3 3 3 3 3 3 3 3 3 3 3 3 3 3 3 3 3 3 3 3 3 3 3 3 3 3 3 3 3 3 3 3 3 3 3 3 3 3 3 3 3 3 3 3 3 3 3 3 3 3 3 3 3 3 3 3 3 3 3 3 3 3 3 3 3 3 3 3 3 3 3 3 3 3 3 3 3 3 3 3 3 3 3 3 3 3 3 3 3 3 3 3 3 3 3 3 3 3 3 3 3 3 3 3 3 3 3 3 3 3 3 3 3 3 3 3 3 3 3 3 3 3 3 3 3 3 3 3 3 3 3 3 3 3 3 3 3 3 3 3 3 3 3 3 3 3 3 3 3 3 3 3 3 3 3 3 3 3 3 3 3 3 3 3 3 3 3 3 3 3 3 3 3 3 3 3 3 3 3 3 3 3 3 3 3 3 3 3 3 3 3 3 3 3 3 3 3 3 3 3 3 3 3 3 3 3 3 3 3 3 3 3 3 3 3 3 3 3 3 3 3 3 3 3 3 3 3 3 3 3 3 3 3 3 3 3 3 3 3 3 3 3 3 3 3 3 3 3 3 3 3 3 3 3 3 3 3 3 3 3 3 3 3 3 3 3 3 3 3 3 3 3 3 3 3 3 3 3 3 3 3 3 3 3 3 3 3 3 3 3 3 3 3 3 3 3 3 3 3 3 3 3 3 3 3 3 3 3 3 3 3 3 3 3 3 3 3 3 3 3 3 3 3 3 3 3 3 3 3 3 3 3 3 3 3 3 3 3 3 3 3 3 3 3 3 3 3 3 3 3 3 3 3 3 3 3 3 3 3 3 3 3 3 3 3 3 3 3 3 3 3 3 3 3 3 3 3 3 3 3 3 3 3 3 3 3 3 3 3 3 3 3 3 3 3 3 3 3 3 3 3 3 3 3 3 3 3 3 3 3 3 3 3 3 3 3 3 3 3 3 3 3 3 3 3 3 3 3 3 3 3 3 3 3 3 3 3 3 3 3 3 3 3 3 3 3 3 3 3 3 3 3 3 3 3 3 3 3 3 3 3 3 3 3 3 3 3 3 3 3 3 3 3 3 3 3 3 3 3 3 3 3 3 3 3 3 3 3 3 3 3 3 3 3 3 3 3 3 3 3 3 3 3 3 3 3 3 3 3 3 3 3 3 3 3 3 3 3 3 3 3 3 3 3 3 3 3 3 3 3 3 3 3 3 3 3 3 3 3 3 3 3 3 3 3 3 3 3 3 3 3 3 3 3 3 3 3 3 3 3 3 3 3 3 3 3 3 3 3 3 3 3 3 3 3 3 3 3 3 3 3 3 3 3 3 3 3 3 3 3 3 3 3 3 3 3 3 3 3 3 3 3 3 3 3 3 3 3 3 3 3 3 3 3 3 3 3 3 3 3 3 3 3 3 3 3 3 3 3 3 3 3 3 3 3 3 3 3 3 3 3 3 3 3 3 3 3 3 3 3 3 3 3 3 3 3 3 3 3 3 3 3 3 3 3 3 3 3 3 3 3 3 3 3 3 3 3 3 3 3 3 3 3 3 3 3 3 3 3 3 3 3 3 3 3 3 3 3 3 3 3 3 3 3 3 3 3 3 3 3 3 3 3 3 3 3 3 3 3 3 3 3 3 3 3 3 3 3 3 3 3 3 3 3 3 3 3 3 3 3 3 3 3 3 3 3 3 3 3 3 3 3 3 3 3 3 3 3 3 3 3 3 3 3 3 3 3 3 3 3 3 3 3 3 3 3 3 3 3 3 3 3 3 3 3 3 3 3 3 3 3 3 3 3 3 3 3 3 3 3 3 3 3 3 3 3 3 3 3 3 3 3 3 3 3 3 3 3 3 3 3 3 3 3 3 3 3 3 3 3 3 3 3 3 3 3 3 3 3 3 3 3 3 3 3 3 3 3 3 3 3 3 3 3 3 3 3 3 3 3 3 3 3 3 3 3 3 3 3 3 3 3 3 3 3 3 3 3 3 3 3 3 3 3 3 3 3 3 3 3 3 3 3 3 3 3 3 3 3 3 3 3 3 3 3 3 3 3 3 3 3 3 3 3 3 3 3 3 3 3 3 3 3 3 3 3 3 3 3 3 3 3 3 3 3 3 3 3 3 3 3 3 3 3 3 3 3 3 3 3 3 3 3 3 3 3 3 3 3 3 3 3 3 3 3 3 3 3 3 3 3 3 3 3 3 3 3 3 3 3 3 3 3 3 3 3 3 3 3 3 3 3 3 3 3 3 3 3 3 3 3 3 3 3 3 3 3 3 3 3 3 3 3 3 3 3 3 3 3 3 3 3 3 3 3 3 3 3 3 3 3 3 3 3 3 3 3 3 3 3 3 3 3 3 3 3 3 3 3 3 3 3 3 3 3 3 3 3 3 3 3 3 3 3 3 3 3 3 3 3 3 3 3 3 3 3 3 3 3 3 3 3 3 3 3 3 3 3 3 3 3 3 3 3 3 3 3 3 3 3 3 3 3 3 3 3 3 3 3 3 3 3 3 3 3 3 3 3 3 3 3 3 3 3 3 3 3 3 3 3 3 3 3 3 3 3 3 3 3 3 3 3 3 3 3 3 3 3 3 3 3 3 3 3 3 3 3 3 3 3 3 3 3 3 3 3 3 3 3 3 3 3 3 3 3 3 3 3 3 3 3 3 3 3 3 3 3 3 3 3 3 3 3 3 3 3 3 3 3 3 3 3 3 3 3 3 3 3 3 3 3 3 3 3 3 3 3 3 3 3 3 3 3 3 3 3 3 3 3 3 3 3 3 3 3 3 3 3 3 3 3 3 3 3 3 3 3 3 3 3 3 3 3 3 3 3 3 3 3 3 3 3 3 3 3 3 3 3 3 3 3 3 3 3 3 3 3 3 3 3 3 3 3 3 3 3 3 3 3 3 3 3 3 3 3 3 3 3 3 3 3 3 3 3 3 3 3 3 3 3 3 3 3 3 3 3 3 3 3 3 3 3 3 3 3 3 3 3 3 3 3 3 3 3 3 3 3 3 3 3 3 3 3 3 3 3 3 3 3 3 3 3 3 3 3 3 3 3 3 3 3 3 3 3 3 3 3 3 3 3 3 3 3 3 3 3 3 3 3 3 3 3 3 3 3 3 3 3 3 3 3 3 3 3 3 3 3 3 3 3 3 3 3 3 3 3 3 3 3 3 3 3 3 3 3 3 3 3 3 3 3 3 3 3 3 3 3 3 3 3 3 3 3 3 3 3 3 3 3 3 3 3 3 3 3 3 3 3 3 3 3 3 3 3 3 3 3 3 3 3 3 3 3 3 3 3 3 3 3 3 3 3 3 3 3 3 3 3 3 3 3 3 3 3 3 3 3 3 3 3 3 3 3 3 3 3 3 3 3 3 3 3 3 3 3 3 3 3 3 3 3 3 3 3 3 3 3 3 3 3 3 3 3 3 3 3 3 3 3 3 3 3 3 3 3 3 3 3 3 3 3 3 3 3 3 3 3 3 3 3 3 3 3 3 3 3 3 3 3 3 3 3 3 3 3 3 3 3 3 3 3 3 3 3 3 3 3 3 3 3 3 3 3 3 3 3 3 3 3 3 3 3 3 3 3 3 3 3 3 3 3 3 3 3 3 3 3 3 3 3 3 3 3 3 3 3 3 3 3 3 3 3 3 3 3 3 3 3 3 3 3 3 3 3 3 3 3 3 3 3 3 3 3 3 3 3 3 3 3 3 3 3 3 3 3 3 3 3 3 3 3 3 3 3 3 3 3 3 3 3 3 3 3 3 3 3 3 3 3 3 3 3 3 3 3 3 3 3 3 3 3 3 3 3 3 3 3 3 3 3 3 3 3 3 3 3 3 3 3 3 3 3 3 3 3 3 3 3 3 3 3 3 3 3 3 3 3 3 3 3 3 3 3 3 3 3 3 3 3 3 3 3 3 3 3 3 3 3 3 3 3 3 3 3 3 3 3 3 3 3 3 3 3 3 3 3 3 3 3 3 3 3 3 3 3 3 3 3 3 </vcount>
          <p>0 1 2 2 1 3 4 5 6 7 8 9 9 8 10 9 10 11 12 13 14 15 16 17 15 17 18 19 20 21 21 20 22 21 22 23 24 25 26 26 25 27 28 29 30 31 32 33 33 32 34 35 36 37 38 39 40 40 39 41 42 43 44 45 46 47 47 46 48 49 50 51 52 53 54 54 53 55 54 55 56 57 58 59 59 58 60 59 60 61 62 63 64 64 63 65 64 65 66 67 68 69 69 68 70 69 70 71 72 73 74 75 76 73 72 77 73 73 77 78 73 78 75 75 79 76 76 79 80 76 80 81 81 80 82 81 82 74 74 82 83 74 83 72 84 85 86 87 88 89 89 88 90 89 90 86 86 90 91 86 91 84 84 92 85 85 92 93 85 93 87 87 93 94 87 94 88 88 94 95 96 97 98 99 100 101 102 103 104 105 106 107 107 106 108 108 106 109 108 109 110 110 109 111 110 111 112 113 111 114 113 114 104 104 114 115 104 115 102 114 116 115 115 116 117 115 117 118 117 119 118 118 119 120 118 120 121 120 122 121 121 122 123 121 123 107 107 123 124 107 124 105 125 126 127 128 129 130 131 132 126 126 132 133 126 133 127 127 134 125 125 134 135 125 135 129 129 135 136 129 136 130 130 137 128 128 137 138 128 138 139 139 138 140 139 140 101 101 140 141 101 141 131 126 142 131 143 144 145 131 146 101 101 146 147 101 147 99 148 149 126 126 149 150 126 150 107 107 150 151 125 121 152 152 121 153 152 154 125 125 154 155 125 155 126 126 155 156 126 156 148 151 157 107 107 157 158 107 158 121 121 158 159 121 159 153 160 161 162 162 161 163 163 164 162 162 164 165 162 165 103 103 165 166 166 167 103 103 167 168 103 168 104 104 168 169 104 169 170 171 172 173 173 172 174 173 174 170 170 174 175 170 175 104 104 175 176 104 176 113 177 178 179 179 178 180 179 180 181 182 183 162 162 183 172 162 172 160 160 172 171 184 185 186 186 185 187 186 187 188 188 187 172 188 172 189 189 172 183 184 181 185 185 181 190 185 190 191 177 192 178 178 192 193 178 193 162 162 193 194 162 194 182 195 196 197 197 196 198 97 96 199 199 96 200 199 200 201 201 200 198 201 198 202 203 204 205 205 204 206 205 206 207 206 96 207 207 96 98 207 98 208 208 98 209 208 209 210 211 212 213 213 212 214 213 214 215 215 214 216 215 216 198 198 216 217 198 217 202 218 219 208 220 221 222 181 180 190 190 180 223 190 223 221 221 223 224 221 224 222 197 225 226 226 225 227 226 227 220 220 227 228 221 229 190 190 229 230 190 230 191 191 230 231 191 231 232 232 231 233 232 233 234 234 233 235 234 235 197 197 235 236 197 236 225 228 237 220 220 237 238 220 238 221 221 238 239 221 239 229 196 240 198 198 240 241 198 241 215 215 241 242 215 242 213 213 242 243 220 244 226 226 244 245 226 245 197 197 245 246 197 246 195 243 247 213 213 247 248 213 248 220 220 248 249 220 249 244 250 178 251 251 178 162 251 162 252 252 162 103 252 103 253 253 103 102 210 211 208 208 211 213 208 213 218 218 213 220 218 220 254 254 220 222 255 256 257 257 256 258 259 260 261 261 260 262 263 264 265 266 267 268 269 270 271 272 273 269 269 273 274 269 274 275 276 271 277 277 271 278 277 278 279 276 280 271 271 280 281 271 281 269 269 281 282 282 283 269 269 283 284 269 284 272 285 286 279 279 286 287 288 289 290 288 290 291 292 287 293 294 289 295 295 289 296 295 296 297 294 298 289 289 298 299 289 299 290 290 299 300 290 300 301 302 303 304 267 305 268 268 305 306 268 306 307 304 303 308 309 310 290 290 310 311 266 312 313 313 312 314 313 314 315 316 317 318 318 317 291 318 291 319 319 291 290 319 290 314 314 290 311 314 311 315 320 321 322 322 321 323 324 325 268 326 320 327 326 327 328 323 329 322 322 329 330 322 330 268 268 330 331 268 331 324 332 333 334 334 333 335 334 335 325 325 335 336 325 336 268 268 336 337 268 337 266 266 337 338 266 338 312 332 328 333 333 328 327 333 327 339 339 327 340 341 342 327 327 342 343 343 344 327 327 344 345 327 345 340 346 347 327 327 347 348 327 348 341 320 322 327 327 322 349 327 349 346 350 351 352 352 351 353 352 353 354 354 353 355 354 355 349 349 355 356 349 356 346 348 357 341 341 357 358 341 358 359 359 358 360 350 352 361 361 352 362 361 362 360 360 362 363 360 363 359 364 365 366 365 367 366 366 367 368 366 368 352 352 368 369 370 362 371 371 362 352 371 352 372 372 352 369 370 373 362 362 373 374 362 374 375 375 374 376 375 376 377 378 379 366 366 379 375 366 375 364 364 375 377 265 264 366 366 264 380 366 380 378 381 382 383 383 382 384 384 382 385 384 385 265 265 385 386 265 386 263 383 387 388 388 389 383 383 389 390 383 390 391 379 392 375 375 392 393 375 393 394 394 393 395 394 395 396 396 395 381 396 381 397 397 381 383 397 383 398 398 383 391 398 391 399 400 401 402 403 268 304 304 268 307 304 307 302 404 405 308 278 406 279 279 406 407 279 407 408 408 407 409 408 409 410 410 409 411 412 413 269 269 413 414 269 414 270 411 415 410 410 415 416 410 416 412 412 416 417 412 417 413 303 309 308 308 309 290 308 290 404 404 290 301 404 301 418 296 292 297 297 292 293 297 293 419 419 293 420 418 421 404 404 421 422 404 422 420 420 422 423 420 423 419 286 424 287 287 424 425 287 425 293 293 425 426 293 426 420 420 426 427 410 428 408 408 428 429 408 429 279 279 429 430 279 430 285 427 431 420 420 431 432 420 432 410 410 432 433 410 433 428 412 434 410 410 434 435 410 435 420 420 435 436 420 436 404 404 436 437 404 437 405 405 437 438 403 439 268 268 439 400 268 400 322 322 400 402 322 402 349 440 441 442 442 441 443 442 443 444 445 446 447 447 446 448 447 448 449 450 451 452 452 451 453 452 453 454 455 456 457 457 456 458 459 460 461 461 460 462 461 462 463 464 465 466 466 465 467 466 467 468 469 470 471 471 470 472 471 472 473 473 472 474 473 474 475 476 477 478 478 477 479 478 479 480 481 482 483 483 482 484 483 484 485 486 487 488 488 487 489 488 489 490 491 492 493 494 495 496 496 495 497 498 499 497 497 499 491 497 491 496 496 491 493 500 501 502 502 501 503 504 505 503 503 505 506 503 506 502 502 506 507 502 507 508 509 510 511 511 510 512 511 512 513 514 515 516 516 515 517 518 514 519 519 514 516 519 516 520 520 516 521 522 523 524 524 523 525 524 525 526 527 528 529 530 531 527 532 533 534 534 533 535 534 535 536 536 535 529 529 535 527 527 535 537 527 537 530 538 539 540 540 539 541 540 541 542 543 544 545 545 544 546 545 546 547 548 549 550 550 549 551 550 551 552 553 554 555 555 554 556 557 558 559 559 558 560 559 560 561 562 563 564 565 566 567 567 566 568 567 568 569 569 568 570 571 572 566 566 572 562 566 562 568 568 562 564 568 564 573 574 575 576 576 575 577 576 577 578 579 580 581 581 580 582 581 582 583 584 585 586 586 585 587 584 586 588 588 586 589 590 591 592 593 594 595 596 597 598 594 599 600 600 601 594 594 601 596 594 596 595 595 596 598 602 595 603 603 595 604 603 604 605 605 604 606 605 606 607 607 606 608 609 610 602 602 610 611 602 611 595 595 611 612 595 612 593 613 614 615 616 617 615 615 617 618 615 618 613 619 620 621 621 620 622 623 624 616 616 624 625 616 625 617 617 625 621 617 621 626 626 621 622 626 622 627 628 629 630 630 629 631 632 633 627 627 633 634 627 634 626 626 634 630 626 630 635 635 630 631 635 631 636 637 638 639 639 638 640 639 640 641 641 640 642 643 644 645 645 644 646 647 648 649 650 651 642 642 651 652 642 652 641 641 652 645 641 645 649 649 645 646 649 646 647 653 654 647 647 654 655 647 655 648 648 655 656 657 658 659 660 661 662 662 661 663 659 661 657 657 661 660 657 660 664 664 660 665 661 666 667 668 661 669 669 661 667 669 667 670 671 663 672 672 663 661 672 661 673 673 661 668 674 675 676 677 678 679 680 681 682 682 681 683 682 683 684 685 686 687 687 686 688 689 687 690 690 687 691 690 691 692 693 694 688 688 694 695 688 695 687 687 695 696 687 696 691 697 698 699 699 698 700 701 702 703 703 702 704 705 706 707 707 706 708 709 710 711 711 710 712 713 714 715 715 714 716 717 718 719 719 718 720 721 722 723 723 722 724 725 726 727 727 726 728 729 730 731 732 733 734 734 733 735 734 735 736 735 737 736 736 737 738 739 740 741 742 738 743 742 743 730 730 744 745 730 745 731 731 746 729 729 746 747 729 747 748 748 747 749 749 750 748 748 750 751 748 751 752 753 754 755 755 756 753 753 756 757 753 757 758 758 757 732 758 732 759 759 732 734 760 761 762 762 761 763 764 765 766 766 767 764 764 767 762 764 762 768 768 762 769 753 770 754 754 770 771 754 771 762 762 771 772 762 772 760 767 773 762 762 773 774 762 774 775 775 774 776 775 776 751 751 776 777 751 777 752 778 779 780 781 782 783 784 785 786 787 788 789 787 789 790 791 792 793 793 792 794 793 794 795 796 797 798 798 797 799 800 801 802 803 804 805 805 804 806 805 806 807 808 809 810 811 812 813 813 812 814 815 816 817 817 816 818 817 818 819 810 814 808 808 814 812 808 812 820 820 812 821 820 821 822 822 821 817 822 817 823 823 817 819 824 825 826 826 825 827 826 827 828 828 827 829 828 829 830 830 829 819 830 819 831 831 819 818 832 833 834 834 833 835 834 835 836 837 838 839 839 838 840 841 842 843 844 845 846 846 845 847 848 849 850 851 852 853 853 852 854 855 856 857 858 859 860 860 859 861 862 863 864 865 866 867 868 869 870 812 811 871 871 811 872 871 872 870 870 872 865 870 865 868 868 865 867 873 874 875 876 877 878 878 877 879 880 881 882 882 881 883 881 884 885 886 887 882 888 889 890 891 892 883 883 892 893 883 893 882 882 893 894 882 894 886 885 895 881 881 895 896 881 896 883 883 896 897 883 897 898 875 888 873 873 888 890 873 890 899 899 890 900 899 900 901 901 900 902 901 902 879 879 902 883 879 883 878 878 883 898 903 904 905 905 904 906 905 906 907 908 909 910 910 909 911 910 911 912 913 914 915 915 914 916 915 916 917 918 919 920 920 919 921 920 921 922 923 924 925 926 927 928 929 930 923 929 923 931 931 923 925 932 933 934 934 933 935 934 935 936 937 938 939 939 938 940 939 940 941 942 943 944 944 943 945 946 947 948 948 947 949 948 949 950 951 952 953 953 952 954 955 956 957 957 956 958 959 960 961 961 960 957 961 957 962 962 957 958 959 963 960 960 963 964 960 964 965 966 967 955 955 967 968 955 968 956 964 969 965 965 969 970 965 970 966 966 970 971 966 971 967 972 973 974 974 973 975 974 975 976 977 978 979 979 978 980 981 982 983 983 982 984 983 984 985 986 987 988 988 987 989 990 991 992 992 991 993 991 994 993 993 994 995 993 995 996 995 997 996 996 997 998 996 998 999 999 998 1000 1000 1001 999 999 1001 1002 999 1002 1003 1002 1004 1003 1003 1004 1005 1003 1005 992 992 1005 1006 992 1006 990 1007 1008 1009 1009 1008 1010 1009 1010 1011 1012 1013 1014 1014 1013 1015 1016 1017 1018 1018 1017 1019 1018 1019 1020 1020 1019 1021 1020 1021 1022 1023 1024 1025 1025 1024 1026 1027 1028 1029 1029 1028 1030 1029 1030 1031 1032 1033 1034 1035 1036 1037 1037 1036 1034 1037 1034 1038 1038 1034 1039 1040 1032 1041 1041 1032 1034 1041 1034 1042 1042 1034 1036 1043 1044 1045 1045 1044 1046 1045 1046 1047 1048 1049 1050 1050 1049 1051 1052 1053 1054 1054 1053 1050 1054 1050 1055 1055 1050 1051 1056 1057 1058 1059 1060 1061 1062 1063 1064 1065 1066 1067 1067 1066 1068 1067 1068 1069 1070 1071 1072 1072 1071 1073 1074 1075 1076 1076 1075 1077 1078 1079 1080 1081 1082 1083 1083 1082 1084 1083 1084 1085 1085 1084 1086 1085 1086 1087 1087 1086 1088 1089 1090 1077 1077 1090 1091 1077 1091 1076 1076 1091 1086 1076 1086 1080 1080 1086 1084 1080 1084 1078 1092 1093 1094 1094 1093 1079 1094 1079 1095 1095 1079 1078 1095 1078 1096 1096 1078 1097 1098 1099 1100 1101 1102 1103 1103 1102 1104 1105 1106 1100 1100 1106 1107 1100 1107 1098 1108 1109 1105 1105 1109 1110 1105 1110 1106 1106 1110 1103 1106 1103 1111 1111 1103 1104 1111 1104 1112 1113 1114 1115 1115 1114 1116 1117 1118 1112 1112 1118 1119 1112 1119 1111 1111 1119 1115 1111 1115 1120 1120 1115 1116 1120 1116 1121 1122 1123 1124 1124 1123 1125 1126 1127 1128 1129 1130 1131 1129 1131 1132 1133 1134 1135 1136 1137 1138 1139 1140 1141 1142 1143 1144 1144 1143 1145 1146 1147 1148 1148 1147 1149 1150 1151 1152 1153 1154 1155 1153 1155 1156 1152 1151 1157 1151 1158 1157 1157 1158 1159 1157 1159 1160 1155 1161 1156 1156 1161 1162 1156 1162 1152 1152 1162 1163 1152 1163 1150 1159 1164 1160 1160 1164 1165 1160 1165 1153 1153 1165 1166 1153 1166 1154 1167 1168 1169 1169 1168 1170 1170 1171 1169 1169 1171 1172 1169 1172 1173 1174 1175 1176 1176 1175 1177 1176 1178 1174 1174 1178 1179 1174 1179 1167 1167 1179 1180 1167 1180 1168 1172 1181 1173 1173 1181 1182 1173 1182 1175 1175 1182 1183 1175 1183 1177 1184 1185 1186 1186 1185 1187 1188 1189 1190 1184 1186 1191 1191 1186 1192 1191 1192 1193 1194 1195 1196 1197 1198 1199 1199 1198 1194 1199 1194 1200 1200 1194 1196 1201 1202 1203 1203 1202 1204 1203 1204 1205 1205 1204 1206 1207 1208 1209 1209 1208 1210 1211 1212 1213 1213 1212 1214 1215 1216 1217 1217 1216 1218 1219 1220 1214 1214 1220 1221 1214 1221 1213 1213 1221 1217 1213 1217 1222 1222 1217 1218 1222 1218 1223 1224 1225 1226 1226 1225 1227 1228 1229 1230 1231 1232 1223 1223 1232 1233 1223 1233 1222 1222 1233 1226 1222 1226 1230 1230 1226 1227 1230 1227 1228 1234 1235 1228 1228 1235 1236 1228 1236 1229 1229 1236 1237 1238 1239 1240 1241 1242 1243 1243 1242 1244 1243 1244 1245 1245 1244 1246 1247 1248 1249 1249 1248 1238 1250 1249 1251 1251 1249 1238 1251 1238 1252 1252 1238 1240 1253 1254 1255 1255 1254 1256 1257 1258 1239 1239 1258 1259 1260 1261 1262 1240 1259 1255 1240 1255 1245 1245 1255 1256 1245 1256 1243 1263 1264 1265 1265 1264 1266 1267 1268 1269 1269 1268 1270 1271 1272 1273 1273 1272 1274 1275 1276 1277 1277 1276 1278 1279 1280 1281 1281 1280 1282 1283 1284 1285 1285 1284 1286 1287 1288 1289 1289 1288 1290 1291 1292 1293 1293 1292 1294 1295 1296 1297 1295 1297 1298 1299 1300 1295 1295 1300 1301 1295 1301 1296 1297 1302 1298 1298 1302 1303 1298 1303 1304 1304 1303 1305 1305 1306 1304 1304 1306 1307 1304 1307 1308 1308 1307 1309 1308 1309 1310 1310 1309 1311 1310 1311 1299 1299 1311 1312 1299 1312 1300 1313 1314 1315 1315 1314 1316 1317 1318 1319 1317 1319 1320 1321 1322 1323 1323 1322 1320 1323 1320 1324 1324 1320 1319 1321 1325 1322 1322 1325 1326 1322 1326 1327 1326 1328 1327 1327 1328 1329 1327 1329 1330 1329 1331 1330 1330 1331 1332 1330 1332 1317 1317 1332 1333 1317 1333 1318 1334 1335 1336 1336 1335 1337 1338 1339 1340 1340 1339 1341 1342 1343 1344 1344 1343 1345 1344 1345 1346 1342 1347 1343 1343 1347 1348 1343 1348 1349 1348 1350 1349 1349 1350 1351 1349 1351 1352 1346 1345 1353 1353 1345 1354 1353 1354 1355 1351 1356 1352 1352 1356 1357 1352 1357 1354 1354 1357 1358 1354 1358 1355 1359 1360 1361 1361 1360 1362 1363 1364 1365 1365 1364 1366 1367 1368 1369 1369 1370 1367 1367 1370 1371 1367 1371 1372 1373 1374 1375 1375 1374 1376 1375 1376 1368 1368 1376 1377 1368 1377 1369 1378 1379 1380 1380 1379 1372 1380 1372 1381 1381 1372 1371 1378 1382 1379 1379 1382 1383 1379 1383 1373 1373 1383 1384 1373 1384 1374 1385 1386 1387 1387 1386 1388 1389 1390 1391 1392 1393 1394 1394 1393 1389 1394 1389 1395 1395 1389 1391 1392 1396 1393 1393 1396 1397 1393 1397 1398 1399 1400 1401 1401 1400 1398 1401 1398 1402 1402 1398 1397 1399 1403 1400 1400 1403 1404 1400 1404 1390 1390 1404 1405 1390 1405 1391 1406 1407 1408 1408 1407 1409 1410 1411 1412 1412 1411 1413 1414 1415 1416 1416 1415 1417 1416 1417 1418 1418 1417 1419 1419 1417 1420 1419 1420 1421 1414 1422 1415 1415 1422 1423 1415 1423 1424 1425 1426 1420 1420 1426 1427 1420 1427 1421 1423 1428 1424 1424 1428 1429 1424 1429 1425 1425 1429 1430 1425 1430 1426 1431 1432 1433 1433 1432 1434 1435 1436 1437 1437 1436 1438 1439 1440 1441 1442 1443 1444 1444 1443 1445 1441 1446 1439 1439 1446 1447 1439 1447 1448 1443 1449 1445 1445 1449 1450 1445 1450 1451 1451 1450 1452 1451 1452 1440 1440 1452 1453 1440 1453 1441 1447 1454 1448 1448 1454 1455 1448 1455 1444 1444 1455 1456 1444 1456 1442 1457 1458 1459 1459 1458 1460 1461 1462 1463 1463 1462 1464 1465 1466 1467 1468 1469 1470 1467 1466 1471 1468 1470 1472 1469 1468 1473 1473 1468 1474 1473 1474 1475 1470 1476 1472 1472 1476 1477 1472 1477 1467 1467 1477 1478 1467 1478 1465 1466 1479 1471 1471 1479 1480 1471 1480 1474 1474 1480 1481 1474 1481 1475 1482 1483 1484 1484 1483 1485 1486 1487 1488 1488 1487 1489 1490 1491 1492 1492 1491 1493 1492 1493 1494 1494 1493 1495 1495 1493 1496 1495 1496 1497 1490 1498 1491 1491 1498 1499 1491 1499 1500 1501 1502 1496 1496 1502 1503 1496 1503 1497 1499 1504 1500 1500 1504 1505 1500 1505 1501 1501 1505 1506 1501 1506 1502 1507 1508 1509 1509 1508 1510 1511 1512 1513 1513 1512 1514 1515 1516 1517 1515 1517 1518 1517 1519 1518 1518 1519 1520 1518 1520 1521 1521 1520 1522 1523 1524 1515 1515 1524 1525 1515 1525 1516 1522 1526 1521 1521 1526 1527 1521 1527 1528 1528 1527 1529 1528 1529 1530 1530 1529 1531 1530 1531 1523 1523 1531 1532 1523 1532 1524 1533 1534 1535 1535 1534 1536 1537 1538 1539 1539 1538 1540 1541 1542 1543 1541 1543 1544 1545 1546 1547 1543 1548 1544 1544 1548 1549 1544 1549 1550 1550 1549 1551 1551 1552 1550 1550 1552 1553 1550 1553 1546 1546 1553 1554 1546 1554 1547 1547 1555 1545 1545 1555 1556 1545 1556 1541 1541 1556 1557 1541 1557 1542 1558 1559 1560 1560 1559 1561 1562 1563 1564 1564 1563 1565 1566 1567 1568 1568 1567 1569 1568 1569 1570 1570 1569 1571 1571 1569 1572 1571 1572 1573 1566 1574 1567 1567 1574 1575 1567 1575 1576 1577 1578 1572 1572 1578 1579 1572 1579 1573 1575 1580 1576 1576 1580 1581 1576 1581 1577 1577 1581 1582 1577 1582 1578 1583 1584 1585 1585 1584 1586 1587 1588 1589 1589 1588 1590 1591 1592 1593 1593 1592 1594 1595 1596 1597 1597 1596 1598 1599 1600 1601 1601 1600 1602 1603 1604 1605 1605 1604 1606 1607 1608 1609 1609 1608 1610 1611 1612 1613 1613 1612 1614 1615 1616 1617 1618 1619 1620 1620 1619 1621 1620 1621 1622 1622 1621 1623 1622 1623 1624 1625 1626 1627 1628 1629 1630 1631 1632 780 1633 1634 1635 1636 1637 1638 1638 1637 1639 1640 1641 1642 1642 1641 1643 1644 1645 1646 1646 1645 1647 1648 1649 1650 1650 1649 1651 1652 1653 1654 1654 1653 1655 1656 1657 1658 1658 1657 1659 1660 1661 1662 1662 1661 1663 1664 1665 1666 1666 1665 1667 1668 1669 1670 1670 1669 1671 1672 1673 1674 1674 1673 1675 1676 1677 1678 1678 1677 1679 1680 1681 1682 1682 1681 1683 1684 1685 1686 1686 1685 1687 1688 1689 1690 1690 1689 1691 1692 1693 1694 1694 1693 1695 1696 1697 1698 1698 1697 1699 1700 1701 1702 1702 1701 1703 1704 1705 1706 1706 1705 1707 1708 1709 1710 1711 1712 1713 1713 1712 1714 1715 1716 1717 1717 1716 1718 1719 1720 1721 1721 1720 1722 1723 1724 1725 1725 1724 1726 1727 1728 1729 1729 1728 1730 1731 1732 1733 1733 1732 1734 1735 1736 1737 1737 1736 1738 1739 1740 1741 1742 1743 1744 1744 1743 1745 1746 1747 1748 1748 1747 1749 1750 1751 1752 1752 1751 1753 1754 1755 1756 1757 1758 1759 1759 1758 1760 1761 1762 1763 1763 1762 1764 1763 1764 1765 1766 1767 1768 1768 1767 1769 1770 1771 1772 1772 1771 1773 1774 1775 1776 1776 1775 1777 1778 1779 1780 1780 1779 1781 1782 1783 1784 1784 1783 1785 1786 1787 1788 1788 1787 1789 1790 1791 1792 1792 1791 1793 1794 1795 1796 1796 1795 1797 1798 1799 1800 1800 1799 1801 1802 1803 1804 1804 1803 1805 1806 1807 1808 1808 1807 1809 1810 1811 1812 1812 1811 1813 1814 1815 1816 1816 1815 1817 1818 1819 1820 1820 1819 1821 1822 1823 1824 1824 1823 1825 1824 1825 1826 1827 1828 1829 1829 1828 1830 1829 1830 1831 1831 1830 1832 1833 1834 1835 1833 1835 1836 1836 1835 1837 1836 1837 1838 1839 1840 1841 1842 1843 1844 1845 1846 1847 1841 1840 1848 1842 1849 1843 1843 1849 1850 1843 1850 1851 1851 1850 1847 1851 1847 1852 1852 1847 1846 1853 1854 1855 1856 1857 1847 1847 1857 1858 1847 1858 1845 1839 1841 1859 1860 1861 1862 1859 1863 1864 1864 1865 1859 1859 1865 1866 1860 1866 1867 1868 1869 1859 1860 1869 1870 1860 1870 1871 1871 1870 1872 1871 1872 1847 1847 1872 1873 1847 1873 1856 1840 1874 1848 1848 1874 1875 1848 1875 1876 1876 1875 1877 1876 1877 1878 1877 1879 1880 1853 1855 1881 1854 1853 1877 1877 1853 1882 1877 1882 1879 1880 1883 1877 1877 1883 1884 1877 1884 1878 1885 1886 1844 1844 1886 1887 1844 1887 1842 1855 1888 1881 1881 1888 1889 1881 1889 1890 1890 1889 1886 1885 1891 1886 1886 1891 1892 1886 1892 1893 1893 1894 1886 1886 1894 1895 1886 1895 1890 1896 1897 1898 1898 1897 1899 1900 1901 1902 1902 1901 1903 1904 1905 1906 1906 1905 1907 1908 1909 1910 1910 1909 1911 1912 1913 1914 1914 1913 1915 1916 1917 1918 1918 1917 1919 1920 1921 1922 1922 1921 1923 1924 1925 1926 1926 1925 1927 1928 1929 1930 1930 1929 1931 1932 1933 1934 1934 1933 1935 1936 1937 1938 1938 1937 1939 1938 1939 1940 1940 1939 1941 1940 1941 1942 1943 1944 1945 1945 1944 1946 1945 1946 1947 1947 1946 1948 1947 1948 1949 1949 1948 1950 1949 1950 1936 1936 1950 1951 1936 1951 1937 1952 1953 1954 1954 1953 1955 1954 1955 1956 1956 1955 1957 1956 1957 1958 1958 1957 1959 1958 1959 1943 1943 1959 1960 1943 1960 1944 1941 1961 1942 1942 1961 1962 1942 1962 1963 1963 1962 1964 1963 1964 1965 1965 1964 1966 1965 1966 1967 1967 1966 1968 1967 1968 1952 1952 1968 1969 1952 1969 1953 1970 1971 1972 1972 1971 1973 1974 1975 1976 1976 1975 1977 1978 1979 1980 1980 1979 1981 1982 1983 1984 1984 1983 1985 1986 1987 1988 1988 1987 1989 1990 1991 1992 1992 1991 1993 1994 1995 1996 1996 1995 1997 1998 1999 2000 2000 1999 2001 2002 2003 2004 2004 2003 2005 2006 2007 2008 2008 2007 2009 2010 2011 2012 2012 2011 2013 2014 2015 2016 2016 2015 2017 2018 2019 2020 2020 2019 2021 2022 2023 2024 2024 2023 2025 2026 2027 2028 2028 2027 2029 2030 2031 2032 2032 2031 2033 2034 2035 2036 2036 2035 2037 2038 2039 2040 2040 2039 2041 2042 2043 2044 2044 2043 2045 2046 2047 2048 2049 2050 2051 2049 2051 2052 2053 2054 2055 2053 2055 2056 2057 2058 2059 2057 2059 2060 2061 2062 2063 2061 2063 2064 2065 2066 2067 2065 2067 2068 2069 2070 2071 2069 2071 2072 2073 2074 2075 2073 2075 2076 2077 2078 2079 2077 2079 2080 2081 2082 2083 2081 2083 2084 2085 2086 2087 2085 2087 2088 2089 2090 2091 2089 2091 2092 2046 2093 2047 2094 2095 2096 2096 2095 2097 2096 2097 2098 2099 2100 2096 2096 2100 2101 2096 2101 2094 2102 2103 2096 2096 2103 2104 2096 2104 2099 2098 2105 2096 2096 2105 2106 2096 2106 2102 2107 2108 2109 2110 2111 2112 2110 2112 2113 2114 2115 2116 2114 2116 2117 2118 2119 2120 2118 2120 2121 2122 2123 2124 2122 2124 2125 2126 2127 2128 2126 2128 2129 2130 2131 2132 2130 2132 2133 2134 2135 2136 2134 2136 2137 2138 2139 2140 2138 2140 2141 2142 2143 2144 2142 2144 2145 2146 2147 2148 2146 2148 2149 2150 2151 2152 2150 2152 2153 2154 2155 2156 2154 2156 2157 2158 2159 2160 2158 2160 2161 2162 2163 2164 2162 2164 2165 2166 2167 2168 2166 2168 2169 2170 2171 2172 2170 2172 2173 2107 2174 2108 2175 2176 2177 2177 2176 2178 2177 2178 2179 2179 2178 2180 2179 2180 2181 2182 2183 2184 2184 2183 2185 2184 2185 2175 2175 2185 2186 2175 2186 2176 2187 2188 2189 2189 2188 2190 2189 2190 2182 2182 2190 2191 2182 2191 2183 2192 2193 2194 2194 2193 2195 2194 2195 2187 2187 2195 2196 2187 2196 2188 2197 2198 2199 2199 2198 2200 2199 2200 2192 2192 2200 2201 2192 2201 2193 2202 2203 2204 2204 2203 2205 2204 2205 2197 2197 2205 2206 2197 2206 2198 2207 2208 2209 2209 2208 2210 2209 2210 2202 2202 2210 2211 2202 2211 2203 2180 2212 2181 2181 2212 2213 2181 2213 2214 2214 2213 2215 2214 2215 2207 2207 2215 2216 2207 2216 2208 2217 2218 2219 2220 2221 2222 2220 2222 2223 2224 2225 2226 2224 2226 2227 2228 2229 2230 2228 2230 2231 2232 2233 2234 2232 2234 2235 2236 2237 2238 2236 2238 2239 2240 2241 2242 2240 2242 2243 2244 2245 2246 2244 2246 2247 2248 2249 2250 2248 2250 2251 2252 2253 2254 2252 2254 2255 2256 2257 2258 2256 2258 2259 2260 2261 2262 2260 2262 2263 2264 2265 2266 2264 2266 2267 2268 2269 2270 2268 2270 2271 2272 2273 2274 2272 2274 2275 2276 2277 2278 2276 2278 2279 2280 2281 2282 2280 2282 2283 2284 2285 2286 2284 2286 2287 2288 2289 2290 2288 2290 2291 2292 2293 2294 2292 2294 2295 2296 2297 2298 2296 2298 2299 2300 2301 2302 2300 2302 2303 2304 2305 2306 2304 2306 2307 2308 2309 2310 2308 2310 2311 2312 2313 2314 2312 2314 2315 2217 2316 2218 2317 2318 2319 2320 2321 2322 2322 2321 2323 2322 2323 2318 2318 2323 2324 2318 2324 2319 2325 2326 2327 2327 2326 2328 2327 2328 2329 2319 2330 2317 2317 2330 2331 2317 2331 2332 2332 2331 2333 2332 2333 2334 2335 2336 2320 2320 2336 2337 2320 2337 2321 2338 2339 2340 2340 2339 2341 2340 2341 2335 2335 2341 2342 2335 2342 2336 2343 2344 2345 2345 2344 2346 2345 2346 2347 2328 2348 2329 2329 2348 2349 2329 2349 2343 2343 2349 2350 2343 2350 2344 2333 2351 2334 2334 2351 2352 2334 2352 2325 2325 2352 2353 2325 2353 2326 2346 2354 2347 2347 2354 2355 2347 2355 2338 2338 2355 2356 2338 2356 2339 2357 2358 2359 2360 2361 2362 2360 2362 2363 2364 2365 2366 2364 2366 2367 2368 2369 2370 2368 2370 2371 2372 2373 2374 2372 2374 2375 2376 2377 2378 2376 2378 2379 2380 2381 2382 2380 2382 2383 2384 2385 2386 2384 2386 2387 2388 2389 2390 2388 2390 2391 2392 2393 2394 2392 2394 2395 2396 2397 2398 2396 2398 2399 2400 2401 2402 2400 2402 2403 2404 2405 2406 2404 2406 2407 2408 2409 2410 2408 2410 2411 2412 2413 2414 2412 2414 2415 2357 2416 2358 2417 2418 2419 2419 2418 2420 2419 2420 2421 2421 2420 2422 2421 2422 2423 2423 2422 2424 2423 2424 2425 2426 2427 2428 2428 2427 2429 2428 2429 2430 2430 2429 2431 2430 2431 2432 2432 2431 2433 2432 2433 2434 2434 2433 2435 2434 2435 2417 2417 2435 2436 2417 2436 2418 2424 2437 2425 2425 2437 2438 2425 2438 2439 2439 2438 2440 2439 2440 2441 2441 2440 2442 2441 2442 2426 2426 2442 2443 2426 2443 2427 2444 2445 2446 2447 2448 2449 2447 2449 2450 2451 2452 2453 2451 2453 2454 2455 2456 2457 2455 2457 2458 2459 2460 2461 2459 2461 2462 2463 2464 2465 2463 2465 2466 2467 2468 2469 2467 2469 2470 2471 2472 2473 2471 2473 2474 2475 2476 2477 2475 2477 2478 2479 2480 2481 2479 2481 2482 2483 2484 2485 2483 2485 2486 2487 2488 2489 2487 2489 2490 2491 2492 2493 2491 2493 2494 2495 2496 2497 2495 2497 2498 2499 2500 2501 2499 2501 2502 2444 2503 2445 2504 2505 2506 2506 2505 2507 2506 2507 2508 2508 2507 2509 2508 2509 2510 2510 2509 2511 2510 2511 2512 2512 2511 2513 2512 2513 2514 2514 2513 2515 2514 2515 2516 2516 2515 2517 2516 2517 2518 2518 2517 2519 2518 2519 2520 2520 2519 2521 2520 2521 2522 2522 2521 2523 2522 2523 2524 2524 2523 2525 2524 2525 2526 2526 2525 2527 2526 2527 2528 2528 2527 2504 2528 2504 2506 2529 2530 2531 2532 2533 2534 2532 2534 2535 2536 2537 2538 2536 2538 2539 2540 2541 2542 2540 2542 2543 2544 2545 2546 2544 2546 2547 2548 2549 2550 2548 2550 2551 2552 2553 2554 2552 2554 2555 2556 2557 2558 2556 2558 2559 2560 2561 2562 2560 2562 2563 2564 2565 2566 2564 2566 2567 2568 2569 2570 2568 2570 2571 2572 2573 2574 2572 2574 2575 2576 2577 2578 2576 2578 2579 2529 2580 2530 2581 2582 2583 2583 2582 2584 2583 2584 2585 2585 2584 2586 2585 2586 2587 2587 2586 2588 2587 2588 2589 2589 2588 2590 2589 2590 2591 2591 2590 2592 2591 2592 2593 2592 2594 2593 2593 2594 2595 2593 2595 2596 2596 2595 2597 2596 2597 2598 2598 2597 2599 2598 2599 2600 2600 2599 2601 2600 2601 2602 2602 2601 2603 2602 2603 2604 2604 2603 2605 2604 2605 2606 2606 2605 2607 2606 2607 2581 2581 2607 2608 2581 2608 2582 2609 2610 2611 2612 2613 2614 2615 2616 2617 2617 2616 2618 2619 2620 2621 2621 2620 2622 2623 2624 2625 2625 2624 2626 2627 2628 2629 2630 2631 2632 2633 2634 2635 2635 2634 2636 2637 2638 2639 2639 2638 2640 2641 2642 2643 2644 2645 2646 2647 2648 2649 2649 2648 2650 2651 2652 2653 2653 2652 2654 2655 2656 2657 2657 2656 2658 2659 2660 2661 2662 2663 2664 2665 2666 2667 2667 2666 2668 2669 2670 2671 2671 2670 2672 2673 2674 2675 2675 2674 2676 2677 2678 2679 2679 2678 2680 2681 2682 2683 2683 2682 2684 2685 2686 2687 2687 2686 2688 2689 2690 2691 2691 2690 2692 2693 2694 2695 2695 2694 2696 2697 2698 2699 2699 2698 2700 2701 2702 2703 2703 2702 2704 2705 2706 2707 2707 2706 2708 2709 2710 2711 2711 2710 2712 2713 2714 2715 2716 2717 2718 2719 2720 2721 2721 2720 2722 2723 2724 2725 2725 2724 2726 2727 2728 2729 2729 2728 2730 2731 2732 2733 2733 2732 2734 2735 2736 2737 2737 2736 2738 2739 2740 2741 2741 2740 2742 2743 2744 2745 2745 2744 2746 2747 2748 2749 2749 2748 2750 2751 2752 2753 2753 2752 2754 2755 2756 2757 2757 2756 2758 2759 2760 2761 2761 2760 2762 2763 2764 2765 2766 2767 2768 2769 2770 2771 2771 2770 2772 2773 2774 2775 2775 2774 2776 2777 2778 2779 2779 2778 2780 2781 2782 2783 2784 2785 2786 2787 2788 2789 2789 2788 2790 2791 2792 2793 2793 2792 2794 2795 2796 2797 2798 2799 2800 2801 2802 2803 2803 2802 2804 2805 2806 2807 2807 2806 2808 2809 2810 2811 2811 2810 2812 2813 2814 2815 2816 2817 2818 2819 2820 2821 2822 2823 2824 2825 2826 2827 2827 2826 2828 2829 2830 2831 2831 2830 2832 2833 2834 2835 2835 2834 2836 2837 2838 2839 2840 2841 2842 2843 2844 2845 2845 2844 2846 2847 2848 2849 2849 2848 2850 2851 2852 2853 2854 2855 2856 2857 2858 2859 2859 2858 2860 2861 2862 2863 2863 2862 2864 2865 2866 2867 2867 2866 2868 2869 2870 2871 2872 2873 2874 2875 2876 2877 2877 2876 2878 2879 2880 2881 2881 2880 2882 2883 2884 2885 2885 2884 2886 2887 2888 2889 2889 2888 2890 2891 2892 2893 2893 2892 2894 2895 2896 2897 2897 2896 2898 2899 2900 2901 2901 2900 2902 2903 2904 2905 2905 2904 2906 2907 2908 2909 2909 2908 2910 2911 2912 2913 2913 2912 2914 2915 2916 2917 2917 2916 2918 2919 2920 2921 2921 2920 2922 2923 2924 2925 2925 2924 2926 2927 2928 2929 2929 2928 2930 2931 2932 2933 2933 2932 2934 2935 2936 2937 2937 2936 2938 2939 2940 2941 2941 2940 2942 2943 2944 2945 2945 2944 2946 2947 2948 2949 2949 2948 2950 2951 2952 2953 2953 2952 2954 2955 2956 2957 2957 2956 2958 2959 2960 2961 2961 2960 2962 2963 2964 2965 2965 2964 2966 2967 2968 2969 2969 2968 2970 2971 2972 2973 2973 2972 2974 2975 2976 2977 2977 2976 2978 2979 2980 2981 2981 2980 2982 2983 2984 2985 2985 2984 2986 2987 2988 2989 2989 2988 2990 2991 2992 2993 2993 2992 2994 2995 2996 2997 2997 2996 2998 2999 3000 3001 3001 3000 3002 3003 3004 3005 3005 3004 3006 3007 3008 3009 3009 3008 3010 3011 3012 3013 3013 3012 3014 3015 3016 3017 3017 3016 3018 3019 3020 3021 3021 3020 3022 3023 3024 3025 3026 3027 3028 3029 3030 3031 3031 3030 3032 3033 3034 3035 3035 3034 3036 3037 3038 3039 3039 3038 3040 3041 3042 3043 3044 3045 3046 3047 3048 3049 3050 3051 3052 3053 3054 3055 3055 3054 3056 3057 3058 3059 3059 3058 3060 3061 3062 3063 3063 3062 3064 3065 3066 3067 3068 3069 3070 3071 3072 3073 3073 3072 3074 3075 3076 3077 3077 3076 3078 3079 3080 3081 3081 3080 3082 3083 3084 3085 3085 3084 3086 3087 3088 3089 3089 3088 3090 3091 3092 3093 3093 3092 3094 3095 3096 3097 3097 3096 3098 3099 3100 3101 3101 3100 3102 3103 3104 3105 3105 3104 3106 3107 3108 3109 3109 3108 3110 3111 3112 3113 3113 3112 3114 3115 3116 3117 3117 3116 3118 3119 3120 3121 3121 3120 3122 3123 3124 3125 3125 3124 3126 3127 3128 3129 3129 3128 3130 3131 3132 3133 3133 3132 3134 3135 3136 3137 3137 3136 3138 3139 3140 3141 3141 3140 3142 3143 3144 3145 3145 3144 3146 3147 3148 3149 3150 3151 3152 3153 3154 3155 3155 3154 3156 3157 3158 3159 3159 3158 3160 3161 3162 3163 3163 3162 3164 3165 3166 3167 3167 3166 3168 3169 3170 3171 3171 3170 3172 3173 3174 3175 3175 3174 3176 3177 3178 3179 3180 3181 3182 3183 3184 3185 3185 3184 3186 3187 3188 3189 3189 3188 3190 3191 3192 3193 3193 3192 3194 3195 3196 3197 3198 3199 3200 3201 3202 3203 3204 3205 3206 3207 3208 3209 3209 3208 3210 3211 3212 3213 3213 3212 3214 3215 3216 3217 3217 3216 3218 3219 3220 3221 3222 3223 3224 3225 3226 3227 3227 3226 3228 3229 3230 3231 3231 3230 3232 3233 3234 3235 3236 3237 3238 3239 3240 3241 3241 3240 3242 3243 3244 3245 3245 3244 3246 3247 3248 3249 3249 3248 3250 3251 3252 3253 3254 3255 3256 3257 3258 3259 3260 3261 3262 3263 3264 3265 3265 3264 3266 3267 3268 3269 3269 3268 3270 3271 3272 3273 3273 3272 3274 3275 3276 3277 3278 3279 3280 3281 3282 3283 3283 3282 3284 3285 3286 3287 3287 3286 3288 3289 3290 3291 3291 3290 3292 3293 3294 3295 3295 3294 3296 3297 3298 3299 3299 3298 3300 3301 3302 3303 3303 3302 3304 3305 3306 3307 3307 3306 3308 3309 3310 3311 3311 3310 3312 3313 3314 3315 3315 3314 3316 3317 3318 3319 3319 3318 3320 3321 3322 3323 3323 3322 3324 3325 3326 3327 3327 3326 3328 3329 3330 3331 3331 3330 3332 3333 3334 3335 3335 3334 3336 3337 3338 3339 3339 3338 3340 3341 3342 3343 3343 3342 3344 3345 3346 3347 3347 3346 3348 3349 3350 3351 3351 3350 3352 3353 3354 3355 3355 3354 3356 3357 3358 3359 3359 3358 3360 3361 3362 3363 3363 3362 3364 3365 3366 3367 3367 3366 3368 3369 3370 3371 3371 3370 3372 3373 3374 3375 3375 3374 3376 3377 3378 3379 3379 3378 3380 3381 3382 3383 3383 3382 3384 3385 3386 3387 3387 3386 3388 3389 3390 3391 3391 3390 3392 3393 3394 3395 3395 3394 3396 3397 3398 3399 3399 3398 3400 3401 3402 3403 3403 3402 3404 3405 3406 3407 3407 3406 3408 3409 3410 3411 3411 3410 3412 3413 3414 3415 3415 3414 3416 3417 3418 3419 3419 3418 3420 3421 3422 3423 3423 3422 3424 3425 3426 3427 3427 3426 3428 3429 3430 3431 3431 3430 3432 3431 3432 3433 3434 3435 3431 3431 3435 3436 3431 3436 3429 3437 3438 3431 3431 3438 3439 3431 3439 3434 3433 3440 3431 3431 3440 3441 3431 3441 3437 3442 3443 3444 3444 3443 3445 3446 3447 3448 3448 3447 3449 3450 3451 3452 3452 3451 3453 3454 3455 3456 3456 3455 3457 3458 3459 3460 3460 3459 3461 3462 3463 3464 3464 3463 3465 3466 3467 3468 3468 3467 3469 3470 3471 3472 3472 3471 3473 3474 3475 3476 3476 3475 3477 3478 3479 3480 3480 3479 3481 3482 3483 3484 3484 3483 3485 3486 3487 3488 3488 3487 3489 3490 3491 3492 3493 3494 3495 3496 3497 3498 3499 3500 3501 3502 3503 3504 3505 3506 3507 3508 3509 3510 3510 3509 3511 3512 3513 3514 3514 3513 3515 3516 3517 3518 3519 3520 3521 3522 3523 3524 3525 3526 3527 3528 3529 3530 3531 3532 3533 3534 3535 3536 3537 3538 3539 3540 3541 3542 3543 3544 3545 3546 3547 3548 3549 3550 3551 3552 3553 3554 3555 3556 3557 3558 3559 3560 3561 3562 3563 3564 3565 3566 3567 3568 3569 3570 3571 3572 3573 3574 3575 3576 3577 3578 3579 3580 3581 3582 3583 3584 3585 3586 3587 3588 3589 3590 3591 3592 3593 3594 3595 3596 3597 3598 3599 3600 3601 3602 3603 3604 3605 3606 3607 3608 3609 3610 3611 3612 3613 3614 3615 3616 3617 3618 3619 3620 3621 3622 3623 3624 3625 3626 3626 3625 3627 3628 3629 3630 3631 3632 3633 3634 3635 3636 3637 3638 3639 3640 3641 3642 3643 3644 3645 3645 3644 3646 3647 3648 3649 3650 3651 3652 3653 3654 3655 3656 3657 3658 3659 3615 3617 3660 3661 3662 3663 3664 3665 3666 3667 3668 3669 3670 3671 3672 3673 3674 3675 3676 3677 3677 3676 3678 3679 3680 3681 3681 3680 3682 3683 3684 3685 3686 3687 3688 3689 3690 3691 3648 3692 3649 3693 3694 3695 3696 3697 3698 3698 3697 3699 3700 3701 3702 3702 3701 3703 3704 3705 3706 3706 3705 3707 3708 3709 3710 3710 3709 3711 3712 3713 3714 3714 3713 3715 3716 3717 3718 3718 3717 3719 3720 3721 3722 3723 3724 3725 3726 3727 3728 3729 3730 3731 3732 3733 3734 3735 3736 3737 3738 3739 3740 3741 3742 3743 3744 3745 3746 3747 3748 3749 3750 3751 3752 3753 3754 3755 3756 3757 3758 3759 3760 3761 3762 3763 3764 3765 3766 3767 3767 3766 3768 3769 3770 3771 3772 3773 3774 3775 3776 3777 3778 3779 3780 3781 3782 3783 3784 3785 3786 3786 3785 3787 3788 3789 3790 3791 3792 3793 3794 3795 3796 3797 3798 3799 3800 3756 3758 3801 3802 3803 3804 3805 3806 3807 3808 3809 3810 3811 3812 3813 3814 3815 3816 3817 3818 3818 3817 3819 3820 3821 3822 3822 3821 3823 3824 3825 3826 3827 3828 3829 3830 3831 3832 3789 3833 3790 3834 3835 3836 3837 3838 3839 3839 3838 3840 3841 3842 3843 3843 3842 3844 3845 3846 3847 3847 3846 3848 3849 3850 3851 3851 3850 3852 3853 3854 3855 3856 3857 3858 3859 3860 3861 3861 3860 3862 3863 3864 3865 3866 3867 3868 3869 3870 3871 3872 3873 3874 3875 3876 3877 3878 3879 3880 3881 3882 3883 3884 3885 3886 3887 3888 3889 3890 3891 3892 3893 3894 3895 3896 3897 3898 3896 3898 3899 3900 3901 3902 3900 3902 3903 3904 3905 3906 3904 3906 3907 3908 3909 3910 3908 3910 3911 3912 3913 3914 3914 3913 3915 3916 3917 3918 3919 3920 3921 3922 3923 3924 3924 3923 3925 3926 3927 3928 3929 3930 3931 3932 3933 3934 3932 3934 3935 3936 3937 3938 3936 3938 3939 3940 3941 3942 3940 3942 3943 3944 3945 3946 3944 3946 3947 3948 3949 3950 3951 3952 3953 3954 3955 3956 3957 3958 3959 3960 3961 3962 3963 3964 3965 3963 3965 3966 3967 3968 3969 3967 3969 3970 3971 3972 3973 3971 3973 3974 3975 3976 3977 3975 3977 3978 3979 3980 3981 3982 3983 3984 3954 3956 3985 3986 3987 3988 3986 3988 3989 3990 3991 3992 3990 3992 3993 3994 3995 3996 3994 3996 3997 3998 3999 4000 3998 4000 4001 4002 4003 4004 4002 4004 4005 4006 4007 4008 4008 4007 4009 4010 4011 4012 4012 4011 4013 4014 4015 4016 4016 4015 4017 4018 4019 4020 4020 4019 4021 4022 4023 4024 4024 4023 4025 4026 4027 4028 4028 4027 4029 4030 4031 4032 4033 4034 4035 4036 4037 4038 4039 4040 4041 4042 4043 4044 4045 4046 4047 4048 4049 4050 4051 4052 4053 4054 4055 4056 4057 4058 4059 4060 4061 4062 4063 4064 4065 4066 4067 4068 4069 4070 4071 4072 4073 4074 4075 4076 4077 4077 4076 4078 4079 4080 4081 4082 4083 4084 4085 4086 4087 4088 4089 4090 4091 4092 4093 4094 4095 4096 4097 4098 4099 4100 4101 4102 4103 4104 4105 4106 4107 4108 4109 4110 4111 4112 4113 4114 4115 4116 4117 4118 4119 4120 4121 4122 4123 4124 4125 4126 4127 4128 4129 4130 4131 4132 4132 4131 4133 4134 4135 4136 4136 4135 4137 4138 4139 4140 4141 4142 4143 4144 4145 4146 4101 4147 4102 4148 4149 4150 4151 4152 4153 4153 4152 4154 4155 4156 4157 4158 4159 4160 4161 4162 4163 4163 4162 4164 4165 4166 4167 4167 4166 4168 4169 4170 4171 4171 4170 4172 4173 4174 4175 4175 4174 4176 4177 4178 4179 4180 4181 4182 4183 4184 4185 4186 4187 4188 4189 4190 4191 4192 4193 4194 4195 4196 4197 4198 4199 4200 4201 4202 4203 4204 4205 4206 4207 4208 4209 4210 4211 4212 4213 4214 4215 4216 4217 4218 4219 4220 4221 4222 4223 4224 4224 4223 4225 4226 4227 4228 4229 4230 4231 4232 4233 4234 4235 4236 4237 4238 4239 4240 4241 4242 4243 4243 4242 4244 4245 4246 4247 4248 4249 4250 4251 4252 4253 4254 4255 4256 4257 4258 4259 4260 4261 4262 4263 4264 4265 4266 4267 4268 4269 4270 4271 4272 4273 4274 4275 4276 4277 4277 4276 4278 4279 4280 4281 4281 4280 4282 4283 4284 4285 4286 4287 4288 4289 4290 4291 4292 4293 4294 4295 4296 4297 4298 4299 4300 4300 4299 4301 4302 4303 4304 4304 4303 4305 4306 4307 4308 4308 4307 4309 4310 4311 4312 4312 4311 4313 4314 4315 4316 4316 4315 4317 4318 4319 4320 4320 4319 4321 4322 4323 4324 4325 4326 4327 4328 4329 4330 4331 4332 4333 4334 4335 4336 4337 4338 4339 4340 4341 4342 4343 4344 4345 4346 4347 4348 4349 4350 4351 4352 4353 4354 4355 4356 4357 4355 4357 4358 4359 4360 4361 4359 4361 4362 4363 4364 4365 4363 4365 4366 4367 4368 4369 4367 4369 4370 4371 4372 4373 4373 4372 4374 4375 4376 4377 4378 4379 4380 4381 4382 4383 4383 4382 4384 4385 4386 4387 4388 4389 4390 4391 4392 4393 4391 4393 4394 4395 4396 4397 4395 4397 4398 4399 4400 4401 4399 4401 4402 4403 4404 4405 4403 4405 4406 4407 4408 4409 4410 4411 4412 4413 4414 4415 4416 4417 4418 4419 4420 4421 4422 4423 4424 4422 4424 4425 4426 4427 4428 4429 4430 4431 4432 4433 4434 4432 4434 4435 4436 4437 4438 4436 4438 4439 4440 4441 4442 4443 4444 4445 4413 4415 4446 4447 4448 4449 4447 4449 4450 4451 4452 4453 4454 4455 4456 4457 4458 4459 4460 4461 4462 4463 4464 4465 4463 4465 4466 4467 4468 4469 4467 4469 4470 4471 4472 4473 4473 4472 4474 4475 4476 4477 4477 4476 4478 4479 4480 4481 4481 4480 4482 4483 4484 4485 4485 4484 4486 4487 4488 4489 4489 4488 4490 4491 4492 4493 4493 4492 4494 4495 4496 4497 4498 4499 4500 4501 4502 4503 4504 4505 4506 4507 4508 4509 4510 4511 4512 4513 4514 4515 4516 4517 4518 4519 4520 4521 4522 4523 4524 4525 4526 4527 4528 4529 4530 4531 4532 4533 4534 4535 4536 4537 4538 4539 4540 4541 4542 4543 4544 4545 4546 4547 4548 4549 4550 4551 4552 4553 4554 4555 4556 4557 4558 4559 4560 4561 4562 4563 4564 4565 4566 4567 4568 4569 4570 4571 4572 4573 4574 4575 4576 4577 4578 4579 4580 4581 4581 4580 4582 4583 4584 4585 4586 4587 4588 4589 4590 4591 4592 4593 4594 4595 4596 4597 4598 4599 4600 4600 4599 4601 4602 4603 4604 4605 4606 4607 4608 4609 4610 4611 4612 4613 4614 4570 4572 4615 4616 4617 4618 4619 4620 4621 4622 4623 4624 4625 4626 4627 4628 4629 4630 4631 4632 4632 4631 4633 4634 4635 4636 4636 4635 4637 4638 4639 4640 4641 4642 4643 4644 4645 4646 4647 4648 4649 4650 4651 4652 4653 4654 4655 4656 4657 4658 4659 4660 4661 4662 4663 4664 4665 4666 4667 4668 4669 4670 4671 4672 4673 4674 4675 4676 4677 4678 4679 4679 4678 4680 4681 4682 4683 4683 4682 4684 4685 4686 4687 4687 4686 4688 4689 4690 4691 4691 4690 4692 4693 4694 4695 4695 4694 4696 4697 4698 4699 4699 4698 4700 4701 4702 4703 4704 4705 4706 4707 4708 4709 4710 4711 4712 4712 4711 4713 4714 4715 4716 4716 4715 4717 4718 4719 4720 4721 4722 4723 4724 4725 4726 4727 4728 4729 4730 4707 4709 4731 4732 4733 4733 4732 4734 4735 4736 4737 4737 4736 4738 4739 4740 4741 4741 4740 4742 4743 4744 4745 4746 4747 4748 4748 4747 4749 4750 4751 4752 4752 4751 4753 4754 4755 4756 4756 4755 4757 4758 4759 4760 4761 4762 4763 4764 4765 4766 4719 4767 4720 4768 4769 4770 4771 4772 4773 4774 4775 4776 4777 4778 4779 4780 4781 4782 4783 4784 4785 4786 4787 4788 4789 4790 4791 4792 4793 4794 4795 4796 4797 4798 4799 4772 4800 4801 4802 4803 4804 4805 4803 4805 4806 4807 4808 4809 4810 4811 4812 4813 4814 4815 4816 4817 4818 4819 4820 4821 4822 4823 4824 4825 4826 4827 4828 4829 4830 4831 4832 4833 4834 4835 4836 4837 4838 4839 4840 4841 4842 4843 4844 4845 4846 4847 4848 4849 4850 4851 4852 4853 4854 4855 4856 4857 4858 4859 4860 4861 4862 4863 4864 4865 4866 4864 4866 4867 4868 4858 4860 4869 4870 4871 4872 4873 4874 4875 4876 4877 4878 4879 4880 4861 4881 4862 4882 4883 4884 4885 4886 4887 4888 4889 4890 4891 4892 4893 4891 4893 4894 4895 4896 4897 4895 4897 4898 4899 4900 4901 4899 4901 4902 4903 4904 4905 4903 4905 4906 4907 4908 4909 4910 4911 4912 4910 4912 4913 4914 4915 4916 4914 4916 4917 4918 4919 4920 4918 4920 4921 4922 4923 4924 4922 4924 4925 4926 4927 4928 4929 4930 4931 4932 4933 4934 4935 4936 4937 4938 4939 4940 4941 4942 4943 4944 4945 4946 4947 4948 4949 4950 4951 4952 4953 4954 4955 4956 4957 4958 4959 4960 4961 4962 4963 4964 4965 4966 4967 4968 4969 4970 4971 4972 4973 4974 4975 4976 4977 4978 4979 4977 4979 4980 4981 4982 4983 4981 4983 4984 4985 4986 4987 4987 4986 4988 4989 4990 4991 4992 4993 4994 4995 4996 4997 4998 4999 5000 5001 5002 5003 5004 5005 5006 5007 5008 5009 5010 5011 5012 5013 5014 5015 5016 5017 5018 5019 5020 5021 5022 5023 5024 5025 5026 5027 5028 5029 5030 5031 5032 5033 4992 4994 5034 5035 5036 5037 5035 5037 5038 5039 5040 5041 5039 5041 5042 5043 5044 5045 5043 5045 5046 5047 5048 5049 5050 5051 5052 4991 4990 5053 5054 5055 5056 5054 5056 5057 5058 5059 5060 5058 5060 5061 5062 5063 5064 5062 5064 5065 5066 5067 5068 5069 5070 5071 5072 5073 5074 5075 5076 5077 5078 5079 5080 5081 5082 5083 5084 5085 5086 5087 5088 5089 5090 5091 5092 5093 5094 5095 5096 5097 5098 5099 5100 5101 5102 5103 5104 5105 5106 5107 5108 5109 5110 5111 5112 5113 5114 5115 5116 5117 5118 5119 5120 5121 5122 5123 5124 5125 5126 5127 5128 5129 5130 5131 5132 5133 5134 5135 5136 5137 5138 5139 5140 5141 5142 5143 5144 5145 5146 5147 5148 5149 5150 5151 5152 5153 5154 5155 5156 5157 5158 5159 5160 5161 5162 5163 5164 5165 5166 5167 5168 5169 5170 5171 5172 5173 5174 5175 5176 5177 5178 5179 5180 5181 5182 5183 5184 5185 5186 5187 5188 5189 5190 5191 5192 5193 5194 5195 5196 5197 5198 5199 5200 5201 5202 5203 5204 5205 5206 5207 5208 5209 5210 5211 5212 5213 5214 5215 5216 5217 5218 5219 5220 5221 5222 5223 5224 5225 5226 5227 5228 5229 5230 5231 5232 5233 5234 5235 5236 5237 5238 5239 5240 5241 5242 5243 5244 5245 5246 5247 5248 5249 5250 5251 5252 5253 5254 5255 5256 5257 5258 5259 5260 5261 5262 5263 5264 5265 5266 5266 5265 5267 5266 5267 5268 5268 5267 5269 5270 5271 5272 5272 5271 5273 5272 5273 5267 5267 5273 5274 5267 5274 5269 5275 5276 5277 5277 5276 5278 5279 5277 5280 5280 5277 5278 5280 5278 5281 5281 5278 5282 5283 5284 5285 5285 5284 5286 5286 5287 5285 5285 5287 5288 5285 5288 5289 5289 5288 5290 5289 5290 5291 5292 5293 5294 5294 5293 5295 5296 5297 5298 5298 5297 5294 5298 5294 5299 5300 5301 5302 5303 5304 5305 5305 5304 5306 5307 5308 5309 5309 5308 5310 5309 5310 5311 5311 5310 5303 5311 5303 5312 5313 5303 5305 5313 5305 5314 5314 5305 5315 5316 5317 5318 5318 5317 5319 5320 5321 5322 5323 5319 5324 5323 5324 5325 5325 5324 5326 5327 5271 5270 5328 5329 5330 5330 5329 5331 5327 5270 5332 5332 5270 5330 5332 5330 5333 5333 5330 5331 5334 5335 5336 5337 5338 5339 5339 5338 5340 5341 5342 5343 5344 5345 5339 5339 5345 5346 5339 5346 5347 5347 5346 5348 5347 5348 5349 5350 5351 5352 5350 5352 5353 5354 5355 5356 5354 5356 5357 5358 5359 5360 5358 5360 5361 5362 5363 5364 5365 5366 5367 5368 5369 5370 5368 5370 5371 5372 5373 5374 5372 5374 5375 5376 5377 5378 5376 5378 5379 5380 5381 5382 5380 5382 5383 5384 5385 5386 5384 5386 5387 5388 5389 5390 5388 5390 5391 5392 5393 5394 5395 5396 5397 5398 5399 5400 5398 5400 5401 5365 5367 5402 5403 5404 5405 5403 5405 5406 5407 5408 5409 5407 5409 5410 5411 5412 5413 5411 5413 5414 5415 5416 5417 5418 5419 5420 5421 5422 5423 5421 5423 5424 5425 5426 5427 5425 5427 5428 5429 5430 5431 5429 5431 5432 5362 5364 5433 5434 5435 5436 5434 5436 5437 5438 5439 5440 5438 5440 5441 5442 5443 5444 5442 5444 5445 5446 5447 5448 5446 5448 5449 5450 5451 5452 5450 5452 5453 5454 5455 5456 5454 5456 5457 5458 5459 5460 5458 5460 5461 5462 5463 5464 5465 5466 5467 5468 5469 5470 5468 5470 5471 5472 5473 5474 5472 5474 5475 5476 5477 5478 5476 5478 5479 5480 5481 5482 5480 5482 5483 5484 5485 5486 5484 5486 5487 5488 5489 5490 5488 5490 5491 5492 5493 5494 5492 5494 5495 5496 5497 5498 5496 5498 5499 5465 5467 5500 5501 5502 5503 5501 5503 5504 5505 5506 5507 5505 5507 5508 5509 5510 5511 5509 5511 5512 5513 5514 5515 5513 5515 5516 5517 5518 5519 5520 5521 5522 5523 5524 5525 5523 5525 5526 5527 5528 5529 5527 5529 5530 5462 5464 5531 5532 5533 5534 5532 5534 5535 5536 5537 5538 5536 5538 5539 5540 5541 5542 5540 5542 5543 5544 5545 5546 5544 5546 5547 5548 5549 5550 5548 5550 5551 5552 5553 5554 5552 5554 5555 5556 5557 5558 5556 5558 5559 5560 5561 5562 5560 5562 5563 5564 5565 5566 5564 5566 5567 5568 5569 5570 5568 5570 5571 5572 5573 5574 5572 5574 5575 5576 5577 5578 5576 5578 5579 5580 5581 5582 5580 5582 5583 5584 5585 5586 5587 5588 5589 5590 5591 5592 5590 5592 5593 5594 5595 5596 5594 5596 5597 5598 5599 5600 5598 5600 5601 5602 5603 5604 5605 5606 5607 5608 5609 5610 5611 5612 5613 5614 5615 5616 5617 5618 5619 5620 5621 5622 5623 5624 5625 5626 5627 5628 5626 5628 5629 5630 5631 5632 5633 5634 5635 5636 5637 5638 5639 5640 5641 5639 5641 5642 5643 5644 5645 5646 5647 5648 5649 5650 5651 5649 5651 5652 5653 5654 5655 5653 5655 5656 5657 5658 5659 5657 5659 5660 5661 5662 5663 5664 5665 5666 5584 5586 5667 5668 5669 5670 5668 5670 5671 5672 5673 5674 5672 5674 5675 5676 5677 5678 5679 5680 5681 5682 5683 5684 5682 5684 5685 5686 5687 5688 5686 5688 5689 5690 5691 5692 5690 5692 5693 5694 5695 5696 5694 5696 5697 5698 5699 5700 5701 5702 5703 5704 5705 5706 5707 5708 5709 5710 5711 5712 5713 5714 5715 5716 5717 5718 5719 5720 5721 5722 5723 5724 5725 5726 5727 5728 5729 5730 5728 5730 5731 5732 5733 5734 5735 5736 5737 5738 5739 5740 5741 5742 5743 5744 5745 5746 5744 5746 5747 5701 5703 5748 5749 5750 5751 5749 5751 5752 5753 5754 5755 5753 5755 5756 5757 5758 5759 5757 5759 5760 5761 5762 5763 5761 5763 5764 5765 5766 5767 5765 5767 5768 5769 5770 5771 5769 5771 5772 5773 5774 5775 5773 5775 5776 5777 5778 5779 5780 5781 5782 5780 5782 5783 5784 5785 5786 5787 5788 5789 5790 5791 5792 5790 5792 5793 5794 5795 5796 5794 5796 5797 5798 5799 5800 5798 5800 5801 5802 5803 5804 5802 5804 5805 5806 5807 5808 5806 5808 5809 5810 5811 5812 5810 5812 5813 5814 5815 5816 5814 5816 5817 5818 5819 5820 5818 5820 5821 5822 5823 5824 5825 5826 5827 5828 5829 5830 5830 5829 5831 5832 5833 5827 5827 5833 5834 5827 5834 5824 5824 5834 5835 5824 5835 5836 5836 5837 5824 5824 5837 5838 5824 5838 5828 5828 5838 5839 5828 5839 5829 5827 5840 5832 5832 5840 5841 5832 5841 5842 5842 5841 5843 5842 5843 5844 5844 5843 5845 5844 5845 5831 5846 5845 5847 5846 5847 5830 5848 5849 5824 5850 5827 5851 5851 5827 5826 5851 5826 5852 5852 5826 5853 5852 5853 5854 5854 5853 5855 5854 5855 5856 5856 5855 5857 5857 5855 5858 5857 5858 5859 5859 5858 5860 5859 5860 5861 5848 5824 5861 5849 5862 5824 5824 5862 5863 5824 5863 5827 5827 5863 5864 5827 5865 5825 5861 5824 5859 5859 5824 5823 5859 5823 5866 5866 5867 5859 5859 5867 5868 5859 5868 5869 5868 5870 5869 5869 5870 5871 5869 5871 5872 5872 5871 5873 5872 5873 5874 5874 5875 5872 5876 5877 5878 5872 5879 5824 5824 5879 5880 5824 5880 5822 5881 5882 5828 5828 5882 5883 5828 5883 5824 5824 5883 5884 5824 5884 5885 5886 5887 5888 5888 5887 5885 5889 5890 5891 5891 5890 5892 5891 5892 5828 5828 5893 5894 5828 5894 5881 5895 5896 5824 5887 5897 5885 5885 5897 5898 5885 5898 5824 5824 5898 5899 5824 5900 5901 5902 5903 5891 5891 5903 5904 5896 5905 5824 5824 5905 5906 5824 5906 5872 5907 5908 5909 5872 5910 5911 5886 5888 5904 5904 5888 5912 5904 5912 5891 5891 5912 5913 5891 5913 5889 5911 5914 5872 5872 5914 5915 5872 5915 5891 5891 5915 5916 5891 5916 5902 5917 5918 5919 5919 5918 5920 5921 5922 5923 5924 5925 5919 5924 5919 5926 5926 5919 5920 5926 5920 5927 5928 5929 5930 5931 5932 5933 5933 5932 5934 5935 5936 5937 5935 5937 5938 5939 5940 5941 5939 5941 5942 5943 5944 5945 5943 5945 5946 5947 5948 5949 5949 5948 5950 5951 5952 5953 5954 5955 5956 5957 5958 5959 5957 5959 5960 5961 5962 5963 5961 5963 5964 5965 5966 5967 5967 5966 5968 5969 5970 5971 5971 5970 5972 5973 5974 5975 5976 5977 5971 5976 5971 5978 5978 5971 5972 5978 5972 5979 5979 5972 5980 5981 5982 5983 5984 5985 5986 5987 5988 5989 5990 5991 5992 5993 5994 5995 5995 5994 5996 5997 5998 5999 5999 5998 6000 6001 6002 6003 6003 6002 6004 6005 6006 6007 6008 6009 6010 6011 6012 6013 6014 6015 6016 6017 6018 6019 6019 6018 6020 6021 6022 6023 6024 6025 6026 6027 6028 6029 6030 6031 6032 6033 6034 6035 6036 6037 6038 6039 6040 6041 6042 6043 6044 6045 6046 6047 6048 6049 6050 6051 6052 6053 6053 6052 6054 6055 6056 6057 6058 6059 6060 6061 6062 6063 6064 6065 6066 6067 6068 6069 6070 6071 6072 6073 6074 6075 6076 6077 6078 6079 6080 6081 6082 6083 6084 6085 6086 6087 6088 6089 6090 6091 6092 6093 6093 6092 6094 6095 6096 6097 6098 6099 6100 6101 6102 6103 6103 6102 6104 6105 6106 6107 6107 6106 6108 6109 6110 6111 6111 6110 6112 6113 6114 6115 6116 6117 6118 6119 6120 6121 6122 6123 6124 6125 6126 6127 6127 6126 6128 6129 6130 6131 6132 6133 6134 6135 6136 6137 6138 6139 6140 6141 6142 6143 6144 6145 6146 6147 6148 6149 6149 6148 6150 6151 6152 6153 6153 6152 6154 6155 6156 6157 6158 6159 6160 6161 6162 6163 6163 6162 6164 6165 6166 6167 6168 6169 6170 6171 6172 6173 6174 6175 6176 6177 6178 6179 6179 6178 6180 6181 6182 6183 6183 6182 6184 6185 6186 6187 6188 6189 6190 6191 6192 6193 6194 6195 6196 6197 6198 6199 6200 6201 6202 6203 6204 6205 6206 6207 6208 6209 6210 6211 6212 6213 6214 6215 6216 6217 6217 6216 6218 6219 6220 6221 6222 6223 6224 6225 6226 6227 6228 6229 6230 6231 6232 6233 6234 6235 6236 6237 6238 6239 6239 6238 6240 6241 6242 6243 6243 6242 6244 6245 6246 6247 6247 6246 6248 6249 6250 6251 6251 6250 6252 6253 6254 6255 6255 6254 6256 6255 6256 6257 6257 6256 6258 6259 6260 6261 6261 6260 6262 6263 6264 6265 6265 6264 6266 6267 6268 6269 6269 6268 6270 6271 6272 6273 6273 6272 6274 6275 6276 6277 6277 6276 6278 6279 6280 6281 6281 6280 6282 6283 6284 6285 6285 6284 6286 6287 6288 6289 6289 6288 6290 6291 6292 6293 6293 6292 6294 6295 6296 6297 6297 6296 6298 6299 6300 6301 6301 6300 6302 6303 6304 6305 6305 6304 6306 6307 6308 6309 6309 6308 6310 6311 6312 6313 6313 6312 6314 6315 6316 6317 6317 6316 6318 6319 6320 6321 6321 6320 6322 6323 6324 6325 6325 6324 6326 6327 6328 6329 6329 6328 6330 6331 6332 6333 6333 6332 6334 6335 6336 6337 6337 6336 6338 6339 6340 6341 6341 6340 6342 6343 6344 6345 6345 6344 6346 6347 6348 6349 6349 6348 6350 6351 6352 6353 6353 6352 6354 6355 6356 6357 6357 6356 6358 6359 6360 6361 6361 6360 6362 6363 6364 6365 6365 6364 6366 6367 6368 6369 6369 6368 6370 6371 6372 6373 6373 6372 6374 6375 6376 6377 6377 6376 6378 6379 6380 6381 6381 6380 6382 6383 6384 6385 6385 6384 6386 6387 6388 6389 6389 6388 6390 6391 6392 6393 6393 6392 6394 6395 6396 6397 6397 6396 6398 6399 6400 6401 6401 6400 6402 6403 6404 6405 6405 6404 6406 6407 6408 6409 6409 6408 6410 6411 6412 6413 6413 6412 6414 6415 6416 6417 6417 6416 6418 6419 6420 6421 6421 6420 6422 6423 6424 6425 6425 6424 6426 6427 6428 6429 6429 6428 6430 6431 6432 6433 6433 6432 6434 6435 6436 6437 6437 6436 6438 6439 6440 6441 6441 6440 6442 6443 6444 6445 6445 6444 6446 6447 6448 6449 6449 6448 6450 6451 6452 6453 6453 6452 6454 6455 6456 6457 6457 6456 6458 6459 6460 6461 6461 6460 6462 6463 6464 6465 6465 6464 6466 6467 6468 6469 6469 6468 6470 6471 6472 6473 6473 6472 6474 6475 6476 6477 6477 6476 6478 6479 6480 6481 6481 6480 6482 6483 6484 6485 6485 6484 6486 6487 6488 6489 6489 6488 6490 6491 6492 6493 6493 6492 6494 6495 6496 6497 6497 6496 6498 6499 6500 6501 6501 6500 6502 6503 6504 6505 6505 6504 6506 6507 6508 6509 6509 6508 6510 6511 6512 6513 6513 6512 6514 6515 6516 6517 6517 6516 6518 6519 6520 6521 6521 6520 6522 6523 6524 6525 6525 6524 6526 6527 6528 6529 6529 6528 6530 6531 6532 6533 6533 6532 6534 6535 6536 6537 6537 6536 6538 6539 6540 6541 6542 6543 6544 6544 6543 6545 6546 6547 6548 6549 6550 6545 6545 6550 6551 6545 6551 6547 6547 6551 6552 6547 6552 6548 6553 6554 6555 6555 6554 6556 6555 6557 6548 6548 6557 6558 6548 6558 6546 6559 6560 6553 6553 6560 6561 6553 6561 6554 6559 6562 6560 6560 6562 6563 6560 6563 6564 6564 6563 6565 6564 6566 6542 6567 6564 6568 6568 6564 6569 6568 6569 6570 6570 6569 6571 6567 6572 6564 6564 6572 6573 6564 6573 6560 6560 6573 6574 6560 6574 6575 6576 6571 6577 6577 6571 6578 6578 6571 6569 6578 6569 6579 6575 6580 6560 6560 6580 6581 6560 6581 6582 6575 6583 6580 6580 6583 6584 6580 6584 6577 6577 6584 6585 6577 6585 6576 6586 6587 6588 6588 6587 6589 6588 6589 6590 6590 6589 6591 6592 6593 6594 6591 6595 6590 6590 6595 6596 6590 6596 6597 6564 6598 6599 6597 6592 6590 6590 6592 6594 6590 6594 6600 6600 6594 6601 6602 6603 6541 6601 6594 6604 6604 6594 6569 6604 6569 6605 6593 6606 6594 6594 6606 6607 6594 6607 6541 6541 6607 6608 6541 6608 6602 6564 6599 6569 6569 6599 6609 6569 6609 6605 6603 6610 6541 6611 6612 6613 6541 6614 6564 6564 6614 6615 6564 6615 6586 6588 6616 6586 6586 6616 6617 6586 6617 6564 6564 6617 6618 6564 6618 6598 6541 6540 6619 6540 6620 6619 6619 6620 6621 6619 6621 6545 6545 6621 6622 6623 6624 6564 6564 6625 6626 6564 6627 6541 6611 6628 6629 6541 6630 6539 6631 6632 6545 6545 6632 6633 6545 6633 6564 6564 6633 6634 6564 6634 6623 6635 6636 6637 6637 6636 6638 6639 6640 6641 6642 6643 6644 6645 6646 6647 6648 6649 6650 6651 6652 6653 6654 6655 6656 6657 6658 6659 6660 6661 6662 6663 6664 6665 6666 6667 6668 6669 6670 6671 6665 6672 6663 6663 6672 6673 6674 6675 6676 6677 6678 6674 6674 6676 6677 6679 6680 6681 6679 6681 6682 6261 6262 6683 6683 6262 6684 6683 6684 6685 6685 6684 6686 6687 6688 6689 6690 6686 6691 6692 6693 6694 6694 6693 6695 6694 6695 6696 6696 6695 6697 6696 6697 6253 6253 6697 6254 6698 6699 6700 6701 6702 6703 6703 6702 6704 6705 6706 6707 6708 6709 6710 6711 6712 6713 6698 6714 6715 6716 6717 6718 6719 6720 6716 6716 6718 6719 6721 6722 6723 6721 6723 6724 6725 6726 6727 6725 6727 6728 6729 6730 6731 6731 6730 6732 6733 6734 6735 6735 6734 6736 6737 6738 6739 6739 6738 6740 6741 6742 6743 6743 6742 6744 6745 6746 6747 6747 6746 6748 6749 6750 6751 6751 6750 6752 6753 6754 6755 6755 6754 6756 6757 6758 6759 6759 6758 6760 6761 6762 6763 6763 6762 6764 6765 6766 6767 6767 6766 6768 6769 6770 6771 6771 6770 6772 6773 6774 6775 6775 6774 6776 6777 6778 6779 6779 6778 6780 6781 6782 6783 6783 6782 6784 6785 6786 6787 6787 6786 6788 6789 6790 6791 6791 6790 6792 6793 6794 6795 6795 6794 6796 6797 6798 6799 6799 6798 6800 6801 6802 6803 6803 6802 6804 6805 6806 6807 6807 6806 6808 6809 6810 6811 6811 6810 6812 6813 6814 6815 6815 6814 6816 6817 6818 6819 6819 6818 6820 6821 6822 6823 6823 6822 6824 6825 6826 6827 6827 6826 6828 6829 6830 6831 6831 6830 6832 6833 6834 6835 6835 6834 6836 6837 6838 6839 6839 6838 6840 6841 6842 6843 6844 6845 6846 6847 6848 6849 6849 6848 6850 6851 6852 6853 6853 6852 6854 6855 6856 6857 6858 6859 6860 6861 6862 6863 6863 6862 6864 6865 6866 6867 6867 6866 6868 6869 6870 6871 6871 6870 6872 6873 6874 6875 6875 6874 6876 6877 6878 6879 6877 6879 6880 6881 6882 6883 6881 6883 6884 6885 6886 6887 6885 6887 6888 6889 6890 6891 6891 6890 6892 6893 6894 6895 6896 6897 6898 6899 6900 6901 6901 6900 6902 6903 6904 6905 6905 6904 6906 6907 6908 6909 6909 6908 6910 6911 6912 6913 6911 6913 6914 6915 6916 6917 6915 6917 6918 6919 6920 6921 6919 6921 6922 6923 6924 6925 6925 6924 6926 6927 6928 6929 6927 6929 6930 6931 6932 6933 6931 6933 6934 6935 6936 6937 6937 6936 6938 6939 6940 6941 6941 6940 6942 6943 6944 6945 6945 6944 6946 6947 6948 6949 6949 6948 6950 6951 6952 6953 6953 6952 6954 6955 6956 6957 6955 6957 6958 6959 6960 6961 6959 6961 6962 6963 6964 6965 6963 6965 6966 6967 6968 6969 6969 6968 6970 6971 6972 6973 6973 6972 6974 6973 6974 6975 6976 6977 6978 6979 6980 6981 6981 6980 6982 6981 6982 6983 6983 6982 6984 6983 6984 6985 6985 6984 6986 6985 6986 6987 6968 6971 6970 6970 6971 6973 6970 6973 6988 6988 6973 6989 6988 6989 6990 6990 6989 6991 6990 6991 6992 6992 6991 6993 6992 6993 6994 6994 6993 6995 6994 6995 6996 6986 6997 6987 6987 6997 6998 6987 6998 6999 6999 6998 7000 6999 7000 7001 7001 7000 7002 7001 7002 7003 7003 7002 7004 6975 7005 6973 6973 7005 6977 6973 6977 7006 7006 6977 6976 6981 7007 6979 6979 7007 7008 6979 7008 7009 7009 7008 6976 7009 6976 7010 7010 6976 6978 7004 7002 7011 7011 7002 7012 7011 7012 7013 7013 7012 7014 7014 7012 7015 7014 7015 7009 7010 7016 7009 7009 7016 7017 7009 7017 7014 7014 7017 7018 7014 7018 6968 7019 7020 7021 7022 7023 7024 7022 7024 7014 7014 7024 7025 7014 7025 7013 6967 7026 6968 6968 7026 7027 6968 7027 7014 7014 7027 7028 7014 7028 6995 6995 7028 7029 6995 7029 6996 6691 7030 6690 6690 7030 7031 7032 7033 7034 7034 7033 7035 7034 7035 7036 7037 7038 7039 7040 7041 7042 7043 7044 7045 7045 7044 7046 7045 7046 7047 7047 7046 7048 7047 7048 7049 7049 7048 7050 7049 7050 7051 7051 7050 7052 7051 7052 7053 7053 7052 7054 7037 7039 7042 7042 7039 7055 7042 7055 7040 7056 7057 7036 7036 7057 7058 7036 7058 7034 7034 7058 7059 7034 7059 7060 7060 7059 7061 7060 7061 7062 7062 7061 7063 7062 7063 7064 7064 7063 7065 7064 7065 7037 7037 7065 7066 7037 7066 7038 7067 7068 7069 7069 7068 7070 7069 7070 7054 7054 7070 7071 7054 7071 7053 7067 7072 7068 7068 7072 7073 7068 7073 7074 7074 7073 7075 7075 7076 7074 7074 7076 7042 7074 7042 7077 7077 7042 7078 7079 7042 7080 7080 7042 7041 7080 7041 7081 7081 7041 7057 7081 7057 7082 7082 7057 7056 7079 7083 7042 7042 7083 7084 7042 7084 7085 7086 7087 7088 7043 7078 7044 7044 7078 7042 7044 7042 7089 7089 7042 7085 7089 7085 7032 7032 7085 7090 7032 7090 7033 7076 7091 7042 7042 7091 7086 7042 7086 7092 7092 7086 7088 6692 7093 6693 6693 7093 7094 6257 6258 7095 7095 6258 7096 7095 7096 7097 7097 7096 7098 7097 7098 7099 7099 7098 7100 7101 7102 7103 7104 7105 7106 7104 7106 7107 7107 7106 7108 7107 7108 6252 6252 7108 6251 7109 7110 7111 7112 7109 7113 7114 7115 7116 7117 7118 7119 7120 7121 7122 7123 7124 7125 7125 7124 7126 7127 7128 7129 7130 7131 7127 7127 7129 7130 7132 7133 7134 7132 7134 7135 7136 7137 7138 7136 7138 7139 7140 7141 7142 7142 7141 7143 7144 7145 7146 7146 7145 7147 7148 7149 7150 7150 7149 7151 7152 7153 7154 7154 7153 7155 7156 7157 7158 7159 7160 7161 7162 7163 7164 7164 7163 7165 7166 7167 7168 7168 7167 7169 7170 7171 7172 7173 7174 7175 7176 7177 7178 7178 7177 7179 7180 7181 7182 7182 7181 7183 7184 7185 7186 7186 7185 7187 7188 7189 7190 7190 7189 7191 7192 7193 7194 7194 7193 7195 7196 7197 7198 7198 7197 7199 7200 7201 7202 7202 7201 7203 7204 7205 7206 7206 7205 7207 7208 7209 7210 7210 7209 7211 7212 7213 7214 7214 7213 7215 7216 7217 7218 7218 7217 7219 7220 7221 7222 7222 7221 7223 7224 7225 7226 7226 7225 7227 7228 7229 7230 7230 7229 7231 7232 7233 7234 7234 7233 7235 7236 7237 7238 7238 7237 7239 7240 7241 7242 7242 7241 7243 7244 7245 7246 7246 7245 7247 7248 7249 7250 7250 7249 7251 7252 7253 7254 7254 7253 7255 7256 7257 7258 7258 7257 7259 7260 7261 7262 7262 7261 7263 7264 7265 7266 7266 7265 7267 7268 7269 7270 7270 7269 7271 7272 7273 7274 7274 7273 7275 7276 7277 7278 7278 7277 7279 7280 7281 7282 7282 7281 7283 7284 7285 7286 7286 7285 7287 7288 7289 7290 7288 7290 7291 7292 7293 7294 7295 7296 7297 7298 7299 7300 7298 7300 7301 7302 7303 7304 7304 7303 7305 7306 7307 7308 7308 7307 7309 7310 7311 7312 7312 7311 7313 7314 7315 7316 7316 7315 7317 7318 7319 7320 7320 7319 7321 7322 7323 7324 7322 7324 7325 7326 7327 7328 7326 7328 7329 7330 7331 7332 7332 7331 7333 7334 7335 7336 7334 7336 7337 7338 7339 7340 7338 7340 7341 7342 7343 7344 7342 7344 7345 7346 7347 7348 7348 7347 7349 7350 7351 7352 7352 7351 7353 7354 7355 7356 7356 7355 7357 7358 7359 7360 7361 7362 7363 7364 7365 7366 7366 7365 7367 7368 7369 7370 7368 7370 7371 7372 7373 7374 7372 7374 7375 7376 7377 7378 7376 7378 7379 7380 7381 7382 7382 7381 7383 7382 7383 7384 7384 7383 7385 7384 7385 7386 7387 7388 7389 7387 7389 7390 7389 7391 7390 7390 7391 7392 7390 7392 7393 7394 7395 7396 7396 7395 7397 7396 7397 7398 7398 7397 7399 7398 7399 7400 7400 7399 7401 7400 7401 7402 7402 7401 7403 7402 7403 7404 7404 7403 7405 7404 7405 7406 7407 7408 7409 7409 7408 7410 7409 7410 7386 7386 7410 7411 7386 7411 7384 7384 7411 7412 7384 7412 7413 7413 7412 7414 7413 7414 7415 7415 7414 7416 7415 7416 7417 7417 7416 7418 7417 7418 7387 7387 7418 7419 7387 7419 7420 7420 7421 7387 7387 7421 7422 7387 7422 7388 7388 7422 7407 7388 7407 7423 7423 7407 7409 7424 7425 7426 7425 7427 7426 7426 7427 7428 7426 7428 7429 7406 7430 7404 7404 7430 7431 7404 7431 7432 7433 7434 7429 7429 7434 7393 7429 7393 7426 7426 7393 7392 7430 7435 7431 7431 7435 7436 7431 7436 7437 7437 7436 7438 7437 7438 7394 7394 7438 7439 7394 7439 7395 7382 7432 7380 7380 7432 7431 7380 7431 7426 7426 7431 7440 7426 7440 7424 7100 7441 7099 7099 7441 7442 7443 7444 7445 7446 7447 7448 7448 7447 7449 7450 7451 7449 7449 7451 7452 7449 7452 7448 7453 7454 7455 7455 7454 7456 7457 7458 7459 7459 7458 7460 7459 7460 7461 7462 7463 7456 7456 7463 7464 7461 7446 7459 7459 7446 7448 7459 7448 7465 7465 7448 7466 7465 7466 7467 7467 7466 7468 7467 7468 7469 7469 7468 7470 7469 7470 7471 7471 7470 7454 7471 7454 7472 7472 7454 7453 7473 7474 7475 7475 7474 7462 7475 7462 7476 7476 7462 7456 7477 7478 7464 7464 7478 7479 7464 7479 7456 7456 7479 7480 7456 7480 7457 7445 7481 7457 7457 7481 7482 7457 7482 7456 7456 7482 7483 7456 7483 7455 7450 7477 7451 7451 7477 7464 7484 7485 7486 7487 7464 7488 7487 7488 7489 7489 7488 7490 7489 7490 7491 7491 7490 7492 7491 7492 7493 7493 7492 7494 7493 7494 7495 7495 7494 7496 7495 7496 7497 7498 7499 7500 7500 7499 7501 7500 7501 7456 7456 7501 7502 7456 7502 7476 7473 7503 7474 7474 7503 7504 7474 7504 7505 7505 7504 7506 7505 7506 7507 7507 7506 7497 7507 7497 7508 7508 7497 7496 7509 7510 7105 7105 7510 7511 7512 7513 7514 7514 7513 7515 7514 7515 7516 7516 7515 7517 7516 7517 7518 7518 7517 7519 7518 7519 7520 7520 7519 7521 7520 7521 7522 7522 7521 7523 7522 7523 7524 7524 7523 7525 7524 7525 7526 7526 7525 7527 7526 7527 7528 7529 7530 7531 7531 7530 7532 7531 7532 7533 7533 7532 7534 7533 7534 7535 7535 7534 7536 7535 7536 7537 7537 7536 7538 7537 7538 7539 7539 7538 7528 7539 7528 7540 7540 7528 7527 7541 7542 7543 7543 7542 7544 7543 7544 7545 7546 7547 7548 7548 7547 7549 7548 7549 7550 7550 7549 7551 7550 7551 7552 7552 7551 7553 7552 7553 7554 7554 7553 7555 7554 7555 7556 7557 7558 7559 7559 7558 7560 7559 7560 7561 7561 7560 7562 7561 7562 7563 7563 7562 7564 7563 7564 7565 7565 7564 7566 7565 7566 7567 7567 7566 7568 7567 7568 7569 7569 7568 7570 7569 7570 7571 7571 7570 7572 7571 7572 7573 7573 7572 7556 7573 7556 7574 7574 7556 7555 7575 7576 7577 7577 7576 7578 7577 7578 7579 7580 7581 7582 7583 7584 7585 7586 7587 7588 7589 7590 7591 7592 7593 7594 7595 7596 7597 7598 7599 7600 7599 7598 7601 7602 7603 7604 7605 7606 7607 7608 7609 7610 7605 7607 7611 7611 7607 7612 7611 7612 7613 7613 7612 7614 7613 7614 7615 7615 7614 7616 7615 7616 7617 7617 7616 7618 7617 7618 7619 7619 7618 7620 7619 7620 7621 7621 7620 7622 7621 7622 7623 7623 7622 7624 7623 7624 7625 7625 7624 7626 7625 7626 7627 7627 7626 7628 7627 7628 7629 7630 7631 7632 7633 7634 7635 7636 7637 7638 7638 7637 7639 7638 7639 7600 7600 7639 7640 7600 7640 7598 7638 7641 7636 7636 7641 7642 7636 7642 7643 7644 7645 7642 7642 7645 7646 7642 7646 7643 7647 7648 7649 7649 7648 7650 7649 7650 7651 7651 7650 7652 7651 7652 7644 7644 7652 7653 7644 7653 7645 7654 7655 7656 7656 7655 7657 7656 7657 7658 7654 7659 7655 7655 7659 7660 7655 7660 7661 7662 7663 7664 7664 7663 7606 7664 7606 7610 7610 7606 7605 7610 7605 7608 7665 7666 7664 7664 7666 7667 7664 7667 7662 7668 7669 7670 7596 7595 7668 7668 7595 7671 7668 7671 7669 7672 7673 7674 7674 7673 7675 7674 7675 7676 7677 7678 7679 7679 7678 7680 7679 7680 7681 7681 7680 7682 7681 7682 7672 7683 7684 7685 7685 7684 7686 7685 7686 7687 7687 7686 7688 7689 7690 7691 7691 7690 7692 7693 7694 7695 7695 7694 7696 7696 7694 7697 7696 7697 7698 7698 7697 7699 7698 7699 7700 7701 7702 7703 7704 7705 7706 7706 7705 7707 7706 7707 7701 7701 7707 7708 7701 7708 7702 7691 7709 7689 7689 7709 7710 7689 7710 7711 7711 7710 7712 7711 7712 7713 7714 7715 7716 7716 7715 7717 7718 7719 7720 7720 7719 7721 7722 7723 7718 7718 7723 7724 7718 7724 7719 7593 7592 7696 7696 7592 7725 7696 7725 7695 7695 7725 7726 7695 7726 7722 7722 7726 7727 7722 7727 7723 7728 7729 7679 7679 7729 7730 7679 7730 7677 7677 7730 7731 7622 7732 7733 7734 7735 7736 7737 7731 7738 7735 7739 7736 7736 7739 7740 7736 7740 7741 7741 7740 7742 7741 7742 7743 7744 7745 7746 7746 7745 7747 7748 7749 7668 7668 7749 7750 7668 7750 7751 7752 7748 7753 7753 7748 7668 7753 7668 7754 7754 7668 7670 7754 7670 7665 7665 7670 7755 7665 7755 7666 7756 7757 7758 7758 7757 7759 7758 7759 7760 7759 7761 7760 7760 7761 7762 7760 7762 7753 7753 7762 7763 7753 7763 7752 7590 7589 7764 7764 7589 7765 7764 7765 7766 7767 7768 7632 7631 7648 7632 7632 7648 7647 7632 7647 7767 7767 7647 7769 7767 7769 7770 7770 7769 7771 7771 7769 7772 7772 7769 7773 7772 7773 7774 7774 7773 7775 7774 7775 7776 7776 7775 7777 7776 7777 7778 7778 7777 7779 7778 7779 7780 7781 7782 7722 7722 7782 7783 7722 7783 7695 7695 7783 7784 7695 7784 7785 7587 7786 7787 7784 7788 7785 7785 7788 7789 7785 7789 7790 7790 7789 7791 7790 7791 7792 7792 7791 7793 7792 7793 7586 7794 7687 7677 7677 7687 7688 7677 7688 7678 7731 7737 7677 7677 7737 7795 7677 7795 7794 7796 7797 7798 7798 7797 7799 7798 7799 7800 7800 7799 7801 7800 7801 7737 7737 7801 7802 7737 7802 7795 7794 7803 7687 7687 7803 7804 7687 7804 7685 7685 7804 7805 7685 7805 7806 7806 7805 7807 7806 7807 7808 7809 7656 7810 7810 7656 7658 7810 7658 7811 7812 7813 7746 7746 7813 7814 7746 7814 7815 7815 7814 7816 7815 7816 7810 7810 7816 7817 7810 7817 7809 7818 7819 7820 7820 7819 7821 7820 7821 7822 7822 7821 7823 7822 7823 7824 7824 7823 7825 7826 7827 7828 7826 7828 7829 7830 7831 7832 7832 7831 7833 7832 7833 7834 7834 7833 7835 7834 7835 7836 7836 7835 7837 7838 7839 7798 7798 7839 7840 7798 7840 7841 7842 7843 7844 7844 7843 7845 7844 7845 7846 7846 7845 7847 7846 7847 7824 7828 7848 7842 7842 7848 7849 7842 7849 7843 7828 7850 7848 7848 7850 7851 7848 7851 7852 7852 7851 7853 7853 7851 7854 7853 7854 7855 7855 7854 7856 7856 7854 7787 7856 7787 7857 7857 7787 7858 7857 7858 7859 7840 7860 7841 7841 7860 7861 7841 7861 7859 7859 7861 7862 7859 7862 7857 7863 7864 7865 7865 7864 7777 7865 7777 7866 7867 7775 7868 7868 7775 7869 7868 7869 7870 7867 7871 7775 7775 7871 7872 7775 7872 7777 7777 7872 7873 7777 7873 7866 7863 7874 7864 7864 7874 7875 7864 7875 7869 7869 7875 7876 7869 7876 7870 7869 7877 7864 7864 7877 7878 7864 7878 7879 7879 7880 7864 7864 7880 7881 7864 7881 7882 7881 7883 7882 7882 7883 7884 7882 7884 7885 7886 7887 7888 7888 7887 7889 7888 7889 7869 7869 7889 7890 7869 7890 7877 7713 7704 7711 7711 7704 7706 7711 7706 7891 7891 7706 7882 7891 7882 7888 7888 7882 7885 7888 7885 7886 7892 7837 7893 7893 7837 7835 7893 7835 7632 7632 7835 7894 7632 7894 7895 7768 7591 7632 7632 7591 7590 7632 7590 7893 7893 7590 7764 7893 7764 7892 7892 7764 7896 7693 7695 7703 7703 7695 7785 7703 7785 7701 7701 7785 7790 7701 7790 7706 7706 7790 7792 7706 7792 7882 7882 7792 7897 7882 7897 7864 7864 7897 7898 7864 7898 7777 7777 7898 7766 7777 7766 7779 7779 7766 7765 7779 7765 7780 7586 7588 7792 7792 7588 7899 7792 7899 7897 7897 7899 7900 7897 7900 7898 7898 7900 7901 7898 7901 7766 7766 7901 7902 7766 7902 7764 7764 7902 7903 7764 7903 7896 7904 7582 7638 7638 7582 7905 7638 7905 7641 7587 7787 7588 7588 7787 7854 7588 7854 7899 7899 7854 7851 7899 7851 7900 7900 7851 7850 7900 7850 7901 7901 7850 7828 7901 7828 7902 7902 7828 7827 7902 7827 7903 7699 7691 7700 7700 7691 7692 7700 7692 7698 7698 7692 7906 7698 7906 7696 7696 7906 7907 7696 7907 7593 7593 7907 7715 7593 7715 7594 7594 7715 7714 7582 7581 7908 7908 7581 7909 7908 7909 7910 7911 7912 7913 7913 7914 7911 7911 7914 7915 7911 7915 7904 7904 7915 7916 7916 7917 7904 7904 7917 7918 7904 7918 7582 7582 7918 7919 7582 7919 7580 7920 7921 7922 7758 7923 7924 7758 7924 7925 7925 7924 7926 7925 7926 7927 7927 7920 7925 7925 7920 7922 7925 7922 7911 7911 7922 7908 7911 7908 7912 7912 7908 7910 7921 7928 7922 7922 7928 7929 7922 7929 7760 7760 7929 7930 7930 7931 7760 7760 7931 7932 7760 7932 7758 7758 7932 7933 7758 7933 7923 7601 7895 7599 7599 7895 7894 7599 7894 7600 7600 7894 7835 7600 7835 7638 7638 7835 7833 7638 7833 7904 7904 7833 7831 7904 7831 7911 7911 7831 7934 7911 7934 7925 7925 7934 7935 7925 7935 7758 7758 7935 7747 7758 7747 7756 7756 7747 7745 7936 7781 7937 7937 7781 7722 7937 7722 7938 7938 7722 7718 7938 7718 7939 7939 7718 7720 7939 7720 7940 7940 7720 7941 7940 7941 7942 7943 7944 7945 7946 7941 7947 7947 7941 7720 7947 7720 7948 7948 7720 7949 7950 7951 7721 7721 7951 7943 7721 7943 7720 7720 7943 7945 7720 7945 7949 7946 7952 7941 7941 7952 7953 7941 7953 7954 7954 7953 7955 7955 7956 7954 7954 7956 7957 7954 7957 7943 7943 7957 7958 7943 7958 7944 7830 7959 7831 7831 7959 7960 7831 7960 7934 7934 7960 7961 7934 7961 7935 7935 7961 7962 7935 7962 7747 7747 7962 7963 7747 7963 7746 7746 7963 7964 7746 7964 7812 7812 7964 7965 7959 7829 7960 7960 7829 7828 7960 7828 7961 7961 7828 7842 7961 7842 7962 7962 7842 7844 7962 7844 7963 7963 7844 7846 7963 7846 7964 7964 7846 7824 7964 7824 7965 7965 7824 7825 7786 7936 7787 7787 7936 7937 7787 7937 7858 7858 7937 7938 7858 7938 7859 7859 7938 7939 7859 7939 7841 7841 7939 7940 7841 7940 7798 7798 7940 7942 7798 7942 7796 7966 7806 7967 7967 7806 7968 7969 7970 7954 7971 7968 7941 7941 7968 7806 7941 7806 7942 7942 7806 7808 7942 7808 7796 7972 7973 7974 7954 7970 7941 7941 7970 7975 7941 7975 7971 7974 7976 7972 7972 7976 7977 7972 7977 7954 7954 7977 7978 7954 7978 7969 7966 7973 7806 7806 7973 7972 7806 7972 7685 7685 7972 7979 7685 7979 7683 7683 7979 7980 7750 7744 7751 7751 7744 7746 7751 7746 7668 7668 7746 7815 7668 7815 7596 7596 7815 7810 7596 7810 7597 7597 7810 7811 7981 7838 7982 7982 7838 7798 7982 7798 7983 7983 7798 7800 7983 7800 7736 7736 7800 7737 7736 7737 7734 7734 7737 7738 7950 7716 7951 7951 7716 7717 7951 7717 7943 7943 7717 7984 7943 7984 7954 7954 7984 7985 7954 7985 7972 7972 7985 7986 7972 7986 7979 7979 7986 7987 7979 7987 7980 7980 7987 7988 7809 7818 7656 7656 7818 7820 7656 7820 7654 7654 7820 7989 7990 7991 7820 7992 7993 7994 7994 7993 7989 7994 7989 7995 7992 7996 7993 7993 7996 7997 7993 7997 7998 7998 7997 7999 7998 7999 8000 7847 7583 7824 7824 7583 7585 7824 7585 7822 7822 7585 8001 7822 8001 7820 7820 8001 7998 7820 7998 7990 7990 7998 8000 7991 8002 7820 7820 8002 8003 7820 8003 7989 7989 8003 8004 7989 8004 7995 7584 8005 7585 7585 8005 8006 7585 8006 8001 8001 8006 8007 8001 8007 7998 7998 8007 8008 7998 8008 7993 7993 8008 8009 8008 8010 8011 8012 7741 8013 8013 7741 8009 8013 8009 8014 8012 8015 7741 7741 8015 8016 7741 8016 7736 7736 8016 8017 7736 8017 8018 8005 7981 8006 8006 7981 7982 8006 7982 8007 8007 7982 7983 8007 7983 8008 8008 7983 7736 8008 7736 8010 8010 7736 8018 8011 8019 8008 8008 8019 8020 8008 8020 8009 8009 8020 8021 8009 8021 8014 7732 7622 7743 7743 7622 7620 7743 7620 7741 7741 7620 7618 7741 7618 8009 8009 7618 7616 8009 7616 7993 7993 7616 7614 7993 7614 7989 7989 7614 7612 7989 7612 7654 7654 7612 7607 7654 7607 7659 7659 7607 7606 7659 7606 7660 7660 7606 7663 7660 7663 7661 7674 7628 7672 7672 7628 7626 7672 7626 7681 7681 7626 7624 7681 7624 7679 7679 7624 7622 7679 7622 7728 7728 7622 7733 7728 7733 7729 7603 7629 7604 7604 7629 7628 7604 7628 8022 8022 7628 7674 8022 7674 7988 7988 7674 7676 7988 7676 7980 7980 7676 8023 7980 8023 7683 7690 8024 7692 7692 8024 8025 7692 8025 7906 7906 8025 8026 7906 8026 7907 7907 8026 8027 7907 8027 7715 7715 8027 8028 7715 8028 7717 7717 8028 8029 7717 8029 7984 7984 8029 8030 7984 8030 7985 7985 8030 8031 7985 8031 7986 7986 8031 8032 7986 8032 7987 7987 8032 8033 7987 8033 7988 7988 8033 8034 7988 8034 8022 8022 8034 8035 8022 8035 7604 7604 8035 8036 7604 8036 7602 7602 8036 8037 8038 8039 8040 8041 8042 8043 8044 8045 8046 8047 8048 8049 8050 8051 8052 8053 8054 8055 8056 8057 8058 8059 8060 8061 8062 8063 8064 8065 8066 8067 8068 8069 8070 8068 8070 8071 8072 8073 8074 8074 8073 8075 8074 8075 8076 8076 8075 8077 8076 8077 8078 8078 8077 8079 8078 8079 8080 8080 8079 8081 8080 8081 8082 8082 8081 8039 8082 8039 8083 8083 8039 8038 8083 8038 8084 8085 8086 8087 8087 8086 8088 8087 8088 8089 8089 8088 8090 8089 8090 8091 8091 8090 8092 8091 8092 8093 8094 8095 8096 8097 8098 8099 8099 8098 8100 8101 8102 8098 8098 8102 8103 8098 8103 8100 8104 8105 8106 8106 8105 8107 8106 8107 8108 8108 8107 8109 8108 8109 8110 8110 8109 8111 8110 8111 8112 8112 8111 8113 8112 8113 8101 8101 8113 8114 8101 8114 8102 8064 8063 8115 8065 8067 8116 8116 8067 8117 8116 8117 8118 8118 8117 8119 8118 8119 8120 8120 8119 8121 8120 8121 8122 8062 8064 8123 8123 8064 8124 8123 8124 8125 8065 8126 8066 8066 8126 8127 8066 8127 8124 8124 8127 8128 8124 8128 8125 8129 8130 8131 8131 8130 8132 8131 8132 8133 8129 8134 8130 8130 8134 8135 8130 8135 8136 8133 8132 8137 8137 8132 8138 8137 8138 8139 8140 8141 8142 8142 8141 8143 8142 8143 8144 8144 8143 8145 8144 8145 8146 8147 8148 8149 8149 8148 8150 8149 8150 8151 8147 8152 8148 8148 8152 8153 8148 8153 8154 8151 8150 8155 8155 8150 8156 8155 8156 8157 8158 8159 8160 8160 8159 8161 8160 8161 8162 8162 8161 8163 8162 8163 8164 8164 8163 8157 8165 8166 8167 8167 8166 8168 8167 8168 8169 8170 8171 8172 8172 8171 8173 8172 8173 8174 8174 8173 8169 8175 8170 8160 8160 8170 8172 8160 8172 8158 8158 8172 8154 8158 8154 8176 8176 8154 8153 8177 8178 8179 8179 8178 8165 8177 8180 8181 8180 8182 8181 8181 8182 8183 8181 8183 8175 8175 8183 8184 8175 8184 8170 8185 8186 8187 8187 8186 8188 8189 8040 8190 8190 8191 8189 8189 8191 8192 8189 8192 8193 8194 8195 8081 8081 8195 8039 8039 8195 8196 8039 8196 8040 8040 8196 8197 8040 8197 8190 8198 8199 8200 8200 8199 8201 8200 8201 8202 8202 8201 8203 8198 8200 8204 8204 8200 8205 8204 8205 8206 8207 8208 8209 8209 8208 8210 8209 8210 8211 8212 8213 8214 8207 8215 8216 8216 8215 8217 8216 8217 8213 8218 8219 8220 8221 8222 8223 8219 8224 8220 8220 8224 8225 8220 8225 8226 8227 8228 8229 8229 8228 8230 8231 8232 8233 8233 8232 8234 8233 8234 8235 8225 8236 8226 8226 8236 8231 8226 8231 8106 8106 8231 8233 8106 8233 8104 8104 8233 8097 8104 8097 8237 8237 8097 8099 8175 8238 8056 8238 8175 8239 8239 8175 8160 8239 8160 8240 8240 8160 8162 8240 8162 8241 8053 8055 8057 8242 8243 8244 8245 8246 8247 8248 8249 8250 8060 8251 8061 8061 8251 8252 8061 8252 8250 8250 8252 8253 8250 8253 8248 8244 8243 8254 8254 8243 8255 8254 8255 8146 8146 8255 8256 8146 8256 8144 8256 8257 8144 8144 8257 8258 8144 8258 8142 8142 8258 8259 8142 8259 8251 8251 8259 8260 8251 8260 8252 8261 8262 8263 8263 8262 8264 8263 8264 8265 8265 8264 8266 8267 8268 8214 8214 8268 8202 8214 8202 8212 8212 8202 8203 8267 8214 8269 8269 8214 8121 8269 8121 8270 8270 8121 8119 8270 8119 8271 8271 8119 8272 8272 8119 8117 8272 8117 8273 8273 8117 8274 8273 8274 8275 8276 8277 8278 8278 8277 8050 8279 8226 8280 8280 8226 8106 8280 8106 8281 8281 8106 8108 8051 8282 8283 8283 8282 8284 8283 8284 8110 8110 8284 8285 8110 8285 8108 8108 8285 8286 8108 8286 8281 8287 8288 8289 8289 8288 8290 8289 8290 8291 8291 8290 8292 8291 8292 8293 8242 8244 8294 8294 8244 8295 8294 8295 8296 8146 8297 8254 8254 8297 8298 8254 8298 8244 8244 8298 8299 8244 8299 8295 8145 8139 8146 8146 8139 8138 8146 8138 8297 8297 8138 8300 8297 8300 8301 8301 8300 8302 8301 8302 8303 8304 8262 8274 8274 8262 8261 8274 8261 8275 8048 8047 8067 8067 8047 8305 8067 8305 8117 8117 8305 8306 8117 8306 8274 8274 8306 8307 8274 8307 8304 8308 8309 8310 8310 8309 8311 8051 8283 8052 8052 8283 8312 8052 8312 8313 8045 8044 8112 8112 8044 8314 8112 8314 8110 8110 8314 8315 8110 8315 8283 8283 8315 8316 8283 8316 8312 8317 8318 8046 8319 8320 8321 8321 8320 8322 8321 8322 8323 8312 8324 8325 8325 8324 8326 8156 8327 8328 8328 8327 8329 8329 8327 8330 8329 8330 8331 8332 8333 8334 8334 8333 8335 8336 8337 8338 8339 8340 8341 8342 8343 8344 8157 8156 8164 8164 8156 8328 8164 8328 8345 8345 8328 8346 8345 8346 8343 8343 8346 8347 8343 8347 8344 8348 8349 8350 8041 8351 8352 8352 8351 8353 8352 8353 8354 8354 8353 8278 8354 8278 8355 8355 8278 8356 8355 8356 8357 8358 8359 8357 8357 8359 8360 8357 8360 8355 8361 8362 8363 8363 8362 8364 8365 8366 8367 8367 8366 8361 8350 8368 8348 8348 8368 8369 8348 8369 8370 8370 8369 8371 8370 8371 8372 8372 8371 8373 8372 8373 8374 8374 8373 8375 8374 8375 8365 8124 8085 8066 8066 8085 8087 8066 8087 8067 8067 8087 8089 8067 8089 8048 8048 8089 8091 8048 8091 8049 8376 8377 8378 8378 8377 8311 8378 8311 8379 8379 8311 8309 8379 8309 8093 8093 8309 8308 8093 8308 8091 8091 8308 8380 8091 8380 8049 8073 8130 8075 8075 8130 8136 8075 8136 8077 8077 8136 8381 8077 8381 8079 8079 8381 8186 8079 8186 8081 8081 8186 8185 8081 8185 8194 8194 8185 8187 8382 8383 8379 8379 8383 8384 8092 8084 8093 8093 8084 8038 8093 8038 8379 8379 8038 8040 8379 8040 8382 8382 8040 8385 8386 8387 8388 8388 8387 8389 8388 8389 8390 8391 8392 8189 8189 8392 8393 8189 8393 8040 8040 8393 8394 8040 8394 8385 8135 8395 8136 8136 8395 8140 8136 8140 8381 8381 8140 8142 8381 8142 8186 8186 8142 8251 8186 8251 8188 8188 8251 8060 8213 8217 8214 8214 8217 8115 8214 8115 8121 8121 8115 8063 8121 8063 8122 8207 8209 8215 8215 8209 8396 8215 8396 8217 8217 8396 8397 8217 8397 8115 8115 8397 8398 8115 8398 8064 8064 8398 8399 8064 8399 8124 8124 8399 8094 8124 8094 8085 8085 8094 8096 8085 8096 8086 8376 8378 8304 8304 8378 8400 8304 8400 8262 8262 8400 8401 8262 8401 8264 8264 8401 8402 8264 8402 8266 8384 8386 8379 8379 8386 8388 8379 8388 8378 8378 8388 8403 8378 8403 8400 8400 8403 8404 8400 8404 8401 8401 8404 8363 8401 8363 8402 8402 8363 8364 8402 8364 8266 8266 8364 8405 8266 8405 8358 8358 8405 8406 8358 8406 8359 8361 8363 8367 8367 8363 8404 8367 8404 8407 8407 8404 8403 8407 8403 8408 8408 8403 8388 8408 8388 8189 8189 8388 8390 8189 8390 8391 8365 8367 8374 8374 8367 8407 8374 8407 8249 8249 8407 8408 8249 8408 8250 8250 8408 8189 8250 8189 8061 8061 8189 8193 8061 8193 8059 8303 8302 8409 8409 8302 8300 8409 8300 8410 8410 8300 8138 8410 8138 8411 8411 8138 8132 8411 8132 8412 8412 8132 8130 8412 8130 8413 8413 8130 8073 8413 8073 8414 8414 8073 8072 8414 8072 8071 8319 8415 8416 8417 8200 8418 8418 8200 8419 8418 8419 8420 8420 8419 8421 8326 8320 8325 8325 8320 8319 8325 8319 8419 8419 8319 8416 8419 8416 8421 8417 8422 8200 8200 8422 8423 8200 8423 8205 8205 8423 8424 8424 8425 8205 8205 8425 8426 8205 8426 8319 8319 8426 8427 8319 8427 8415 8428 8429 8289 8289 8429 8430 8289 8430 8431 8430 8432 8431 8431 8432 8433 8431 8433 8434 8428 8289 8435 8435 8289 8291 8435 8291 8436 8437 8438 8439 8439 8438 8440 8439 8440 8291 8291 8440 8441 8291 8441 8436 8318 8317 8323 8323 8317 8442 8323 8442 8321 8321 8442 8443 8321 8443 8319 8319 8443 8211 8319 8211 8205 8205 8211 8210 8205 8210 8206 8312 8325 8313 8313 8325 8419 8313 8419 8444 8444 8419 8200 8444 8200 8445 8445 8200 8202 8445 8202 8446 8446 8202 8268 8446 8268 8447 8177 8181 8178 8178 8181 8431 8178 8431 8439 8439 8431 8434 8439 8434 8437 8165 8178 8166 8166 8178 8439 8166 8439 8448 8448 8439 8291 8448 8291 8449 8449 8291 8293 8449 8293 8409 8409 8293 8450 8409 8450 8303 8050 8052 8278 8278 8052 8313 8278 8313 8356 8356 8313 8444 8356 8444 8357 8357 8444 8445 8357 8445 8358 8358 8445 8446 8358 8446 8266 8266 8446 8447 8266 8447 8265 8241 8162 8451 8451 8162 8164 8451 8164 8452 8452 8164 8345 8452 8345 8453 8453 8345 8343 8453 8343 8454 8454 8343 8342 8454 8342 8054 8054 8342 8349 8054 8349 8055 8055 8349 8348 8055 8348 8455 8455 8348 8370 8455 8370 8456 8456 8370 8372 8456 8372 8457 8457 8372 8374 8457 8374 8245 8245 8374 8249 8245 8249 8246 8246 8249 8248 8246 8248 8247 8057 8055 8058 8058 8055 8455 8058 8455 8458 8458 8455 8456 8458 8456 8459 8459 8456 8457 8459 8457 8296 8296 8457 8245 8296 8245 8294 8294 8245 8247 8294 8247 8242 8056 8058 8175 8175 8058 8458 8175 8458 8181 8181 8458 8459 8181 8459 8431 8431 8459 8296 8431 8296 8289 8289 8296 8295 8289 8295 8287 8351 8460 8353 8353 8460 8461 8353 8461 8278 8278 8461 8462 8278 8462 8276 8276 8462 8463 8340 8339 8344 8344 8339 8464 8344 8464 8342 8342 8464 8043 8342 8043 8349 8349 8043 8042 8349 8042 8350 8460 8465 8461 8461 8465 8220 8461 8220 8462 8462 8220 8226 8462 8226 8463 8463 8226 8279 8046 8045 8317 8317 8045 8112 8317 8112 8466 8466 8112 8101 8466 8101 8467 8467 8101 8098 8467 8098 8468 8469 8470 8471 8472 8473 8336 8336 8473 8339 8336 8339 8337 8337 8339 8341 8470 8474 8471 8471 8474 8475 8471 8475 8336 8336 8475 8476 8336 8476 8472 8473 8477 8339 8339 8477 8478 8339 8478 8479 8480 8481 8465 8041 8043 8351 8351 8043 8464 8351 8464 8460 8460 8464 8339 8460 8339 8465 8465 8339 8479 8465 8479 8480 8223 8218 8221 8221 8218 8220 8221 8220 8471 8471 8220 8465 8471 8465 8469 8469 8465 8481 8169 8168 8174 8174 8168 8482 8174 8482 8172 8172 8482 8483 8172 8483 8154 8154 8483 8484 8154 8484 8148 8234 8227 8235 8235 8227 8229 8235 8229 8233 8233 8229 8485 8233 8485 8097 8097 8485 8486 8097 8486 8098 8098 8486 8487 8098 8487 8468 8468 8487 8488 8338 8334 8336 8336 8334 8335 8336 8335 8471 8471 8335 8489 8471 8489 8221 8221 8489 8230 8221 8230 8222 8222 8230 8228 8484 8490 8148 8148 8490 8491 8148 8491 8150 8150 8491 8492 8150 8492 8156 8156 8492 8493 8156 8493 8327 8327 8493 8494 8327 8494 8330 8330 8494 8333 8330 8333 8331 8331 8333 8332 8071 8070 8414 8414 8070 8495 8414 8495 8413 8413 8495 8496 8413 8496 8412 8412 8496 8497 8412 8497 8411 8411 8497 8498 8411 8498 8410 8410 8498 8499 8410 8499 8409 8409 8499 8500 8409 8500 8449 8449 8500 8501 8449 8501 8448 8448 8501 8502 8448 8502 8166 8166 8502 8503 8166 8503 8168 8168 8503 8504 8168 8504 8482 8482 8504 8505 8482 8505 8483 8483 8505 8506 8483 8506 8484 8484 8506 8507 8484 8507 8490 8508 8509 8510 8510 8509 8511 8512 8513 8514 8515 8516 8517 8518 8519 8520 8521 8522 8523 8523 8522 8524 8525 8526 8527 8527 8526 8528 8529 8530 8531 8531 8530 8532 8533 8534 8535 8535 8534 8536 8537 8538 8539 8539 8538 8540 8541 8542 8543 8543 8542 8544 8545 8546 8547 8547 8546 8548 8549 8550 8551 8551 8550 8552 8553 8554 8555 8555 8554 8556 8557 8558 8559 8559 8558 8560 8561 8562 8563 8563 8562 8564 8565 8566 8567 8568 8569 8570 8571 8572 8573 8574 8575 8576 8577 8578 8579 8580 8581 8582 8582 8581 8583 8584 8585 8586 8586 8585 8587 8588 8589 8590 8590 8589 8591 8592 8593 8594 8594 8593 8595 8596 8597 8598 8598 8597 8599 8600 8601 8602 8602 8601 8603 8604 8605 8606 8606 8605 8607 8608 8609 8610 8610 8609 8611 8612 8613 8614 8614 8613 8615 8616 8617 8618 8618 8617 8619 8620 8621 8622 8622 8621 8623 8624 8625 8626 8627 8628 8629 8629 8628 8630 8631 8632 8633 8633 8632 8634 8635 8636 8637 8637 8636 8638 8639 8640 8641 8641 8640 8642 8643 8644 8645 8645 8644 8646 8647 8648 8649 8649 8648 8650 8651 8652 8653 8653 8652 8654 8655 8656 8657 8657 8656 8658 8659 8660 8661 8661 8660 8662 8663 8664 8665 8665 8664 8666 8667 8668 8669 8669 8668 8670 8671 8672 8673 8673 8672 8674 8675 8676 8677 8678 8679 8680 8681 8682 8683 8684 8685 8686 8687 8688 8689 8689 8688 8690 8691 8692 8693 8693 8692 8694 8695 8696 8697 8697 8696 8698 8699 8700 8701 8701 8700 8702 8703 8704 8705 8705 8704 8706 8707 8708 8709 8709 8708 8710 8711 8712 8713 8713 8712 8714 8715 8716 8717 8717 8716 8718 8719 8720 8721 8721 8720 8722 8723 8724 8725 8725 8724 8726 8727 8728 8729 8729 8728 8730 8731 8732 8733 8734 8735 8736 8736 8735 8737 8738 8739 8740 8740 8739 8741 8742 8743 8744 8744 8743 8745 8746 8747 8748 8748 8747 8749 8750 8751 8752 8752 8751 8753 8754 8755 8756 8756 8755 8757 8758 8759 8760 8760 8759 8761 8762 8763 8764 8764 8763 8765 8766 8767 8768 8768 8767 8769 8770 8771 8772 8772 8771 8773 8774 8775 8776 8776 8775 8777 8778 8779 8780 8780 8779 8781 8782 8783 8784 8784 8783 8785 8786 8787 8788 8788 8787 8789 8790 8791 8792 8792 8791 8793 8794 8795 8796 8796 8795 8797 8798 8799 8800 8800 8799 8801 8802 8803 8804 8804 8803 8805 8806 8807 8808 8808 8807 8809 8810 8811 8812 8812 8811 8813 8814 8815 8816 8816 8815 8817 8818 8819 8820 8820 8819 8821 8822 8823 8824 8824 8823 8825 8826 8827 8828 8828 8827 8829 8830 8831 8832 8832 8831 8833 8834 8835 8836 8836 8835 8837 8838 8839 8840 8840 8839 8841 8842 8843 8844 8844 8843 8845 8846 8847 8848 8848 8847 8849 8850 8851 8852 8852 8851 8853 8854 8855 8856 8856 8855 8857 8858 8859 8860 8860 8859 8861 8862 8863 8864 8864 8863 8865 8866 8867 8868 8868 8867 8869 8870 8871 8872 8872 8871 8873 8874 8875 8876 8876 8875 8877 8878 8879 8880 8880 8879 8881 8882 8883 8884 8884 8883 8885 8886 8887 8888 8888 8887 8889 8890 8891 8892 8892 8891 8893 8894 8895 8896 8896 8895 8897 8898 8899 8900 8900 8899 8901 8902 8903 8904 8904 8903 8905 8906 8907 8908 8908 8907 8909 8910 8911 8912 8912 8911 8913 8914 8915 8916 8916 8915 8917 8918 8919 8920 8920 8919 8921 8922 8923 8924 8924 8923 8925 8926 8927 8928 8928 8927 8929 8930 8931 8932 8932 8931 8933 8934 8935 8936 8936 8935 8937 8938 8939 8940 8940 8939 8941 8942 8943 8944 8944 8943 8945 8946 8947 8948 8948 8947 8949 8950 8951 8952 8952 8951 8953 8954 8955 8956 8956 8955 8957 8958 8959 8960 8960 8959 8961 8962 8963 8964 8964 8963 8965 8966 8967 8968 8968 8967 8969 8970 8971 8972 8972 8971 8973 8974 8975 8976 8976 8975 8977 8978 8979 8980 8980 8979 8981 8982 8983 8984 8984 8983 8985 8986 8987 8988 8988 8987 8989 8990 8991 8992 8992 8991 8993 8994 8995 8996 8996 8995 8997 8998 8999 9000 9000 8999 9001 9002 9003 9004 9004 9003 9005 9006 9007 9008 9008 9007 9009 9010 9011 9012 9012 9011 9013 9014 9015 9016 9016 9015 9017 9018 9019 9020 9020 9019 9021 9022 9023 9024 9024 9023 9025 9026 9027 9028 9028 9027 9029 9030 9031 9032 9032 9031 9033 9034 9035 9036 9036 9035 9037 9038 9039 9040 9040 9039 9041 9042 9043 9044 9044 9043 9045 9046 9047 9048 9048 9047 9049 9050 9051 9052 9052 9051 9053 9054 9055 9056 9056 9055 9057 9058 9059 9060 9060 9059 9061 9062 9063 9064 9064 9063 9065 9066 9067 9068 9068 9067 9069 9070 9071 9072 9072 9071 9073 9074 9075 9076 9076 9075 9077 9078 9079 9080 9080 9079 9081 9082 9083 9084 9084 9083 9085 9086 9087 9088 9088 9087 9089 9090 9091 9092 9092 9091 9093 9094 9095 9096 9096 9095 9097 9098 9099 9100 9100 9099 9101 9102 9103 9104 9104 9103 9105 9106 9107 9108 9108 9107 9109 9110 9111 9112 9112 9111 9113 9114 9115 9116 9116 9115 9117 9118 9119 9120 9120 9119 9121 9122 9123 9124 9124 9123 9125 9126 9127 9128 9128 9127 9129 9130 9131 9132 9132 9131 9133 9134 9135 9136 9136 9135 9137 9138 9139 9140 9140 9139 9141 9142 9143 9144 9144 9143 9145 9146 9147 9148 9148 9147 9149 9150 9151 9152 9152 9151 9153 9154 9155 9156 9156 9155 9157 9158 9159 9160 9160 9159 9161 9162 9163 9164 9164 9163 9165 9166 9167 9168 9168 9167 9169 9170 9171 9172 9172 9171 9173 9174 9175 9176 9176 9175 9177 9178 9179 9180 9180 9179 9181 9182 9183 9184 9184 9183 9185 9186 9187 9188 9188 9187 9189 9190 9191 9192 9192 9191 9193 9194 9195 9196 9196 9195 9197 9198 9199 9200 9200 9199 9201 9202 9203 9204 9204 9203 9205 9206 9207 9208 9208 9207 9209 9210 9211 9212 9212 9211 9213 9214 9215 9216 9216 9215 9217 9218 9219 9220 9220 9219 9221 9222 9223 9224 9224 9223 9225 9226 9227 9228 9228 9227 9229 9230 9231 9232 9232 9231 9233 9234 9235 9236 9236 9235 9237 9238 9239 9240 9240 9239 9241 9242 9243 9244 9244 9243 9245 9246 9247 9248 9248 9247 9249 9250 9251 9252 9252 9251 9253 9254 9255 9256 9256 9255 9257 9258 9259 9260 9260 9259 9261 9262 9263 9264 9264 9263 9265 9266 9267 9268 9268 9267 9269 9270 9271 9272 9272 9271 9273 9274 9275 9276 9276 9275 9277 9278 9279 9280 9280 9279 9281 9282 9283 9284 9284 9283 9285 9286 9287 9288 9288 9287 9289 9290 9291 9292 9292 9291 9293 9294 9295 9296 9296 9295 9297 9298 9299 9300 9300 9299 9301 9302 9303 9304 9304 9303 9305 9306 9307 9308 9308 9307 9309 9310 9311 9312 9312 9311 9313 9314 9315 9316 9316 9315 9317 9318 9319 9320 9320 9319 9321 9322 9323 9324 9324 9323 9325 9326 9327 9328 9328 9327 9329 9330 9331 9332 9332 9331 9333 9334 9335 9336 9336 9335 9337 9338 9339 9340 9340 9339 9341 9342 9343 9344 9344 9343 9345 9346 9347 9348 9348 9347 9349 9350 9351 9352 9352 9351 9353 9354 9355 9356 9356 9355 9357 9358 9359 9360 9360 9359 9361 9362 9363 9364 9364 9363 9365 9366 9367 9368 9368 9367 9369 9370 9371 9372 9372 9371 9373 9374 9375 9376 9376 9375 9377 9378 9379 9380 9380 9379 9381 9382 9383 9384 9384 9383 9385 9386 9387 9388 9388 9387 9389 9390 9391 9392 9392 9391 9393 9394 9395 9396 9396 9395 9397 9398 9399 9400 9400 9399 9401 9402 9403 9404 9404 9403 9405 9406 9407 9408 9408 9407 9409 9410 9411 9412 9412 9411 9413 9414 9415 9416 9416 9415 9417 9418 9419 9420 9420 9419 9421 9422 9423 9424 9424 9423 9425 9426 9427 9428 9428 9427 9429 9430 9431 9432 9432 9431 9433 9434 9435 9436 9436 9435 9437 9438 9439 9440 9440 9439 9441 9442 9443 9444 9444 9443 9445 9446 9447 9448 9448 9447 9449 9450 9451 9452 9452 9451 9453 9454 9455 9456 9456 9455 9457 9458 9459 9460 9460 9459 9461 9462 9463 9464 9464 9463 9465 9466 9467 9468 9468 9467 9469 9470 9471 9472 9472 9471 9473 9474 9475 9476 9476 9475 9477 9478 9479 9480 9480 9479 9481 9482 9483 9484 9484 9483 9485 9486 9487 9488 9488 9487 9489 9490 9491 9492 9492 9491 9493 9494 9495 9496 9496 9495 9497 9498 9499 9500 9500 9499 9501 9502 9503 9504 9504 9503 9505 9506 9507 9508 9508 9507 9509 9510 9511 9512 9512 9511 9513 9514 9515 9516 9516 9515 9517 9518 9519 9520 9520 9519 9521 9522 9523 9524 9524 9523 9525 9526 9527 9528 9528 9527 9529 9530 9531 9532 9532 9531 9533 9534 9535 9536 9536 9535 9537 9538 9539 9540 9540 9539 9541 9542 9543 9544 9544 9543 9545 9546 9547 9548 9548 9547 9549 9550 9551 9552 9552 9551 9553 9554 9555 9556 9556 9555 9557 9558 9559 9560 9560 9559 9561 9562 9563 9564 9564 9563 9565 9566 9567 9568 9568 9567 9569 9570 9571 9572 9572 9571 9573 9574 9575 9576 9576 9575 9577 9578 9579 9580 9580 9579 9581 9582 9583 9584 9584 9583 9585 9586 9587 9588 9588 9587 9589 9590 9591 9592 9592 9591 9593 9594 9595 9596 9596 9595 9597 9598 9599 9600 9600 9599 9601 9602 9603 9604 9604 9603 9605 9606 9607 9608 9608 9607 9609 9610 9611 9612 9612 9611 9613 9614 9615 9616 9616 9615 9617 9618 9619 9620 9620 9619 9621 9622 9623 9624 9624 9623 9625 9626 9627 9628 9628 9627 9629 9630 9631 9632 9632 9631 9633 9634 9635 9636 9636 9635 9637 9638 9639 9640 9640 9639 9641 9642 9643 9644 9644 9643 9645 9646 9647 9648 9648 9647 9649 9650 9651 9652 9652 9651 9653 9654 9655 9656 9656 9655 9657 9658 9659 9660 9660 9659 9661 9662 9663 9664 9664 9663 9665 9666 9667 9668 9668 9667 9669 9670 9671 9672 9672 9671 9673 9674 9675 9676 9676 9675 9677 9678 9679 9680 9680 9679 9681 9682 9683 9684 9684 9683 9685 9686 9687 9688 9688 9687 9689 9690 9691 9692 9692 9691 9693 9694 9695 9696 9696 9695 9697 9698 9699 9700 9700 9699 9701 9702 9703 9704 9704 9703 9705 9706 9707 9708 9708 9707 9709 9710 9711 9712 9712 9711 9713 9714 9715 9716 9716 9715 9717 9718 9719 9720 9720 9719 9721 9722 9723 9724 9724 9723 9725 9726 9727 9728 9728 9727 9729 9730 9731 9732 9732 9731 9733 9734 9735 9736 9736 9735 9737 9738 9739 9740 9740 9739 9741 9742 9743 9744 9744 9743 9745 9746 9747 9748 9748 9747 9749 9750 9751 9752 9752 9751 9753 9754 9755 9756 9756 9755 9757 9758 9759 9760 9760 9759 9761 9762 9763 9764 9764 9763 9765 9766 9767 9768 9768 9767 9769 9770 9771 9772 9772 9771 9773 9774 9775 9776 9776 9775 9777 9778 9779 9780 9780 9779 9781 9782 9783 9784 9784 9783 9785 9786 9787 9788 9788 9787 9789 9790 9791 9792 9792 9791 9793 9794 9795 9796 9796 9795 9797 9798 9799 9800 9800 9799 9801 9802 9803 9804 9804 9803 9805 9806 9807 9808 9808 9807 9809 9810 9811 9812 9812 9811 9813 9814 9815 9816 9816 9815 9817 9818 9819 9820 9820 9819 9821 9822 9823 9824 9824 9823 9825 9826 9827 9828 9828 9827 9829 9830 9831 9832 9832 9831 9833 9834 9835 9836 9836 9835 9837 9838 9839 9840 9840 9839 9841 9842 9843 9844 9844 9843 9845 9846 9847 9848 9848 9847 9849 9850 9851 9852 9852 9851 9853 7530 9854 9855 9855 9854 9856 9855 9856 9857 9857 9856 9858 9857 9858 9859 9859 9858 9860 9859 9860 9861 9861 9860 9862 9863 9864 9865 9866 9867 9868 9869 9870 9871 9872 9873 9874 9875 9876 9877 9878 9879 9880 9881 9882 9883 9884 9885 9886 9887 9888 9889 9890 9891 9892 9893 9894 9895 9896 9897 9898 9899 9900 9901 9902 9903 9904 9905 9906 9907 9908 9909 9910 9911 9912 9913 9914 9915 9916 9917 9918 9919 9920 9921 9922 9923 9924 9925 9926 9927 9928 9929 9930 9931 9932 9933 9934 9935 9936 9937 9938 9939 9940 9941 9942 9943 9944 9945 9946 9947 9948 9949 9950 9951 9952 9953 9954 9955 9956 9957 9958 9959 9960 9961 9962 9963 9964 9965 9966 9967 9968 9969 9970 9971 9972 9973 9974 9975 9976 9977 9978 9979 9980 9981 9982 9983 9984 9985 9986 9987 9988 9989 9990 9991 9992 9993 9994 9995 9996 9997 9998 9999 10000 10001 10002 10003 10004 10005 10006 10007 10008 10009 10010 10011 10012 10013 10014 10015 10016 10017 10018 10018 10019 10016 10016 10019 10020 10016 10020 10021 10021 10022 10016 10016 10022 10023 10016 10023 10024 10025 10026 10027 10027 10026 10028 10027 10028 10029 10024 10030 10016 10031 10032 10033 10034 10035 10036 10027 10037 10038 10027 10038 10025 10039 10040 10041 10041 10042 10039 10039 10042 10043 10039 10043 10044 10045 10046 10047 10047 10046 10048 10048 10049 10047 10047 10049 10050 10047 10050 10051 10051 10052 10047 10053 10054 10055 10047 10056 10057 10044 10058 10039 10059 10060 10061 10062 10063 10064 10065 10066 10067 10068 10069 10070 10071 10072 10073 10074 10075 10076 10077 10078 10079 10080 10081 10082 10083 10084 10085 10086 10087 10088 10089 10090 10091 10092 10093 10094 10095 10096 10097 10098 10099 10100 10101 10102 10099 10099 10102 10103 10099 10103 10104 10104 10103 10105 10104 10105 10106 10106 10105 10107 10106 10107 10108 10108 10107 10109 10109 10107 10110 10109 10110 10111 10111 10110 10112 10111 10112 10113 10097 10096 10114 10114 10096 10115 10114 10115 10116 10100 10117 10118 10101 10099 10119 10119 10099 10098 10119 10098 10120 10121 10122 10123 10120 10124 10125 10125 10124 10126 10125 10127 10128 10128 10127 10129 10128 10129 10113 10113 10129 10130 10113 10130 10111 10131 10132 10133 10133 10132 10134 10133 10134 10135 10135 10134 10136 10135 10136 10137 10138 10139 10111 10116 10115 10140 10140 10115 10141 10140 10141 10142 10142 10141 10137 10142 10137 10100 10100 10137 10136 10100 10136 10117 10143 10144 10118 10118 10144 10145 10118 10145 10100 10100 10145 10146 10100 10146 10098 10147 10148 10149 10150 10151 10152 10149 10131 10153 10153 10131 10133 10130 10154 10111 10111 10155 10156 10111 10156 10138 10139 10148 10111 10157 10158 10159 10111 10147 10160 10160 10147 10161 10160 10161 10162 10162 10161 10163 10162 10163 10164 10164 10163 10095 10164 10095 10165 10165 10095 10097 10143 10166 10144 10144 10167 10168 10144 10168 10169 10170 10168 10138 10170 10138 10171 10172 10173 10174 10175 10176 10177 10177 10178 10179 10180 10181 10182 10182 10181 10183 10178 10177 10184 10184 10177 10176 10184 10176 10185 10177 10186 10175 10175 10186 10187 10175 10187 10188 10188 10187 10183 10188 10183 10189 10189 10183 10181 10180 10182 10190 10190 10182 10191 10190 10191 10192 10193 10194 10195 10195 10194 10196 10195 10196 10179 10179 10196 10197 10179 10197 10177 10198 10199 10200 10200 10199 10201 10202 10203 10176 10192 10204 10190 10190 10204 10205 10190 10205 10206 10206 10205 10194 10206 10194 10207 10207 10194 10193 10208 10209 10210 10210 10209 10211 10210 10211 10201 10201 10211 10212 10201 10212 10200 10213 10214 10215 10206 10216 10217 10206 10217 10190 10217 10218 10190 10190 10218 10219 10190 10219 10200 10200 10219 10220 10200 10220 10198 10198 10220 10221 10198 10221 10222 10222 10221 10223 10222 10223 10224 10224 10223 10225 10224 10225 10226 10226 10225 10227 10226 10228 10229 10176 10230 10202 10202 10230 10231 10202 10231 10232 10232 10231 10233 10232 10233 10234 10234 10233 10235 10234 10235 10208 10208 10235 10236 10208 10236 10209 10203 10226 10176 10176 10226 10237 10176 10237 10185 10238 10239 10240 10185 10241 10242 10243 10244 10216 10216 10244 10245 10216 10245 10242 10242 10245 10246 10242 10246 10185 10247 10248 9862 9862 10248 9861 10249 10250 10251 10251 10250 10252 10251 10252 10253 10254 10255 10256 10256 10255 10257 10258 10259 10260 10258 10260 10261 10262 10263 10264 10262 10264 10265 10266 10267 10268 10268 10267 10269 10270 10271 10272 10270 10272 10273 10274 10275 10276 10274 10276 10277 10278 10279 10280 10278 10280 10281 10282 10283 10284 10282 10284 10285 10286 10287 10288 10288 10287 10289 10290 10291 10292 10290 10292 10293 10294 10295 10296 10294 10296 10297 10298 10299 10300 10298 10300 10301 10302 10303 10304 10302 10304 10305 10306 10307 10308 10308 10307 10309 10310 10311 10312 10312 10311 10313 10314 10315 10316 10316 10315 10317 10318 10319 10320 10320 10319 10321 10322 10323 10324 10324 10323 10325 10326 10327 10328 10328 10327 10329 10330 10331 10332 10332 10331 10333 10334 10335 10336 10336 10335 10337 10338 10339 10340 10340 10339 10341 10342 10343 10344 10344 10343 10345 10346 10347 10348 10348 10347 10349 10350 10351 10352 10352 10351 10353 10354 10355 10356 10356 10355 10357 10358 10359 10360 10360 10359 10361 10362 10363 10364 10364 10363 10365 10366 10367 10368 10368 10367 10369 10370 10371 10372 10372 10371 10373 10374 10375 10376 10376 10375 10377 10378 10379 10380 10380 10379 10381 10382 10383 10384 10384 10383 10385 10386 10387 10388 10388 10387 10389 10390 10391 10392 10392 10391 10393 10394 10395 10396 10396 10395 10397 10398 10399 10400 10400 10399 10401 10402 10403 10404 10404 10403 10405 10406 10407 10408 10408 10407 10409 10410 10411 10412 10412 10411 10413 10414 10415 10416 10416 10415 10417 10418 10419 10420 10420 10419 10421 10422 10423 10424 10424 10423 10425 10426 10427 10428 10428 10427 10429 10430 10431 10432 10432 10431 10433 10434 10435 10436 10436 10435 10437 10438 10439 10440 10440 10439 10441 10442 10443 10444 10444 10443 10445 10446 10447 10448 10448 10447 10449 10450 10451 10452 10452 10451 10453 10454 10455 10456 10456 10455 10457 10458 10459 10460 10460 10459 10461 10462 10463 10464 10464 10463 10465 10466 10467 10468 10468 10467 10469 10470 10471 10472 10472 10471 10473 10474 10475 10476 10476 10475 10477 10478 10479 10480 10480 10479 10481 10482 10483 10484 10484 10483 10485 10486 10487 10488 10488 10487 10489 10490 10491 10492 10492 10491 10493 10494 10495 10496 10496 10495 10497 10498 10499 10500 10501 10502 10503 10504 10505 10506 10507 10508 10509 10510 10511 10512 10513 10514 10515 10516 10517 10518 10519 10520 10521 10522 10523 10524 10525 10526 10527 10528 10529 10530 10531 10532 10533 10534 10535 10536 10537 10538 10539 10540 10541 10542 10543 10544 10545 10546 10547 10548 10549 10550 10551 10552 10553 10554 10555 10556 10557 10558 10559 10560 10561 10562 10563 10564 10565 10566 10567 10568 10569 10570 10571 10572 10573 10574 10575 10576 10577 10578 10579 10580 10581 10582 10583 10584 10585 10586 10587 10588 10589 10590 10591 10592 10593 10594 10595 10596 10597 10598 10599 10600 10601 10602 10603 10604 10605 10606 10607 10608 10609 10610 10611 10612 10613 10614 10615 10616 10617 10618 10619 10620 7513 7512 10621 10621 7512 10622 10621 10622 10623 10623 10622 10618 10623 10618 10624 10624 10618 10620 10625 10626 10627 10628 10629 10630 10630 10631 10628 10628 10631 10632 10628 10632 10633 10633 10634 10628 10628 10635 10636 10637 10638 10639 10627 10640 10641 10641 10642 10627 10627 10642 10643 10627 10643 10644 10644 10645 10627 10627 10645 10646 10627 10646 10625 10647 10648 10649 10650 10651 10652 10653 10654 10655 10656 10657 10658 10659 10660 10661 10662 10663 10664 10665 10666 10667 10668 10669 10670 10671 10672 10673 10674 10675 10676 10677 10678 10679 10680 10681 10682 10683 10684 10685 10686 10687 10688 10689 10690 10691 10692 10693 10694 10695 10696 10697 10698 10699 10700 10701 10702 10703 10704 10705 10706 10707 10708 10709 10710 10711 10712 10713 10714 10715 10716 10717 10718 10719 10720 10721 10722 10723 10724 10725 10726 10727 10728 10729 10730 10731 10732 10733 10734 10735 10736 10737 10738 10739 10724 10740 10741 10734 10742 10743 10744 10745 10724 10724 10745 10746 10724 10746 10747 10747 10748 10724 10724 10748 10749 10724 10749 10722 10750 10751 10752 10753 10754 10755 10756 10757 10758 10755 10759 10760 10761 10762 10752 10752 10762 10763 10752 10763 10750 10764 10765 10766 10766 10765 10767 10768 10767 10769 10769 10767 10751 10769 10751 10770 10770 10751 10750 10771 10772 10773 10761 10774 10762 10762 10774 10775 10762 10775 10776 10760 10759 10777 10777 10758 10778 10777 10778 10762 10779 10780 10781 10781 10780 10782 10781 10782 10783 10783 10782 10784 10783 10784 10785 10786 10787 10788 10789 10790 10791 10778 10792 10762 10762 10792 10785 10762 10785 10773 10773 10785 10784 10773 10784 10771 10788 10787 10793 10793 10787 10794 10793 10794 10772 10772 10794 10795 10772 10795 10773 10786 10788 10796 10796 10788 10797 10796 10797 10798 10798 10797 10799 10798 10799 10800 10800 10799 10801 10800 10801 10802 10803 10804 10805 10805 10804 10806 10805 10806 10753 10753 10806 10807 10808 10809 10757 10768 10804 10764 10810 10811 10812 10764 10813 10814 10815 10816 10817 10814 10818 10819 10819 10818 10820 10819 10821 10822 10822 10821 10823 10822 10823 10776 10776 10823 10824 10776 10824 10762 10762 10824 10825 10762 10825 10777 10802 10801 10804 10804 10801 10826 10804 10826 10779 10781 10827 10779 10779 10827 10828 10779 10828 10804 10804 10828 10829 10804 10829 10806 10830 10831 10832 10833 10834 10835 10835 10834 10836 10835 10836 10837 10838 10839 10840 10840 10839 10841 10842 10843 10844 10844 10843 10845 10844 10845 10833 10833 10845 10846 10833 10846 10834 10842 10830 10843 10843 10830 10832 10843 10832 10847 10847 10832 10848 10847 10848 10849 10850 10851 10852 10853 10854 10855 10841 10856 10857 10858 10859 10860 10861 10857 10862 10861 10862 10849 10849 10862 10863 10849 10863 10847 10847 10863 10864 10847 10864 10865 10866 10867 10868 10868 10867 10869 10868 10869 10870 10870 10869 10852 10870 10852 10871 10871 10852 10851 10872 10873 10874 10874 10873 10839 10875 10876 10877 10878 10839 10838 10830 10879 10831 10831 10879 10880 10831 10880 10881 10881 10880 10882 10881 10882 10872 10872 10882 10883 10872 10883 10873 10873 10883 10884 10873 10884 10885 10885 10884 10886 10885 10886 10887 10887 10886 10837 10887 10837 10888 10888 10837 10836 10889 10890 10891 10891 10890 10892 10891 10892 10893 10893 10892 10894 10893 10894 10895 10895 10894 10896 10895 10896 10897 10897 10896 10850 10897 10850 10865 10865 10850 10852 10865 10852 10847 10889 10839 10890 10890 10839 10873 10890 10873 10898 10898 10873 10899 10898 10899 10900 10900 10899 10901 10900 10901 10866 10866 10901 10902 10866 10902 10867 10903 10904 10619 10619 10904 10620 10905 10906 10907 10905 10907 10908 10909 10910 10911 10909 10911 10912 10913 10914 10915 10913 10915 10916 10917 10918 10919 10917 10919 10920 10921 10922 10923 10923 10922 10924 10925 10926 10927 10925 10927 10928 10929 10930 10931 10929 10931 10932 10933 10934 10935 10933 10935 10936 10937 10938 10939 10937 10939 10940 10941 10942 10943 10943 10942 10944 10945 10946 10947 10945 10947 10948 10949 10950 10951 10949 10951 10952 10953 10954 10955 10955 10954 10956 10957 10958 10959 10959 10958 10960 10959 10960 10961 10962 10963 10964 10964 10963 10965 10966 10967 10968 10968 10967 10969 10970 10971 10972 10972 10971 10973 10974 10975 10976 10976 10975 10977 10978 10979 10980 10980 10979 10981 10982 10983 10984 10984 10983 10985 10986 10987 10988 10988 10987 10989 10990 10991 10992 10992 10991 10993 10994 10995 10996 10996 10995 10997 10998 10999 11000 11000 10999 11001 11002 11003 11004 11004 11003 11005 11006 11007 11008 11008 11007 11009 11010 11011 11012 11012 11011 11013 11014 11015 11016 11016 11015 11017 11018 11019 11020 11020 11019 11021 11022 11023 11024 11024 11023 11025 11026 11027 11028 11028 11027 11029 11030 11031 11032 11032 11031 11033 11034 11035 11036 11036 11035 11037 11038 11039 11040 11040 11039 11041 11042 11043 11044 11044 11043 11045 11046 11047 11048 11048 11047 11049 11050 11051 11052 11052 11051 11053 11054 11055 11056 11056 11055 11057 11058 11059 11060 11060 11059 11061 11062 11063 11064 11064 11063 11065 11066 11067 11068 11068 11067 11069 11070 11071 11072 11072 11071 11073 11074 11075 11076 11076 11075 11077 11078 11079 11080 11080 11079 11081 11082 11083 11084 11084 11083 11085 11086 11087 11088 11088 11087 11089 11090 11091 11092 11092 11091 11093 11094 11095 11096 11096 11095 11097 11098 11099 11100 11100 11099 11101 11102 11103 11104 11104 11103 11105 11106 11107 11108 11108 11107 11109 11110 11111 11112 11112 11111 11113 11114 11115 11116 11116 11115 11117 11118 11119 11120 11120 11119 11121 11122 11123 11124 11124 11123 11125 11126 11127 11128 11128 11127 11129 11130 11131 11132 11132 11131 11133 11134 11135 11136 11136 11135 11137 11138 11139 11140 11140 11139 11141 11142 11143 11144 11144 11143 11145 11146 11147 11148 11148 11147 11149 11150 11151 11152 11152 11151 11153 </p>
        </polylist>
      </mesh>
    </geometry>
  </library_geometries>
  <library_controllers>
  </library_controllers>
  <library_visual_scenes>
    <visual_scene id="_ySTL_BINARY_" name="&lt;STL_BINARY&gt;">
      <node id="node" name="" type="NODE">
        <matrix sid="matrix">1 0 0 0 0 1 0 0 0 0 1 0 0 0 0 1</matrix>
        <instance_geometry url="#mesh_0">
          <bind_material>
            <technique_common>
              <instance_material symbol="defaultMaterial" target="#DefaultMaterial">
              </instance_material>
            </technique_common>
          </bind_material>
        </instance_geometry>
      </node>
    </visual_scene>
  </library_visual_scenes>
  <scene>
    <instance_visual_scene url="#_ySTL_BINARY_" />
  </scene>
</COLLADA>
